UPDATE `loan_address` SET `created_at` = '2022-01-02 03:39:29.252968', `updated_at` = '2022-01-02 21:26:11.242028', `province` = '新疆维吾尔自治区', `city` = '自治区直辖县级行政区划', `county` = '图木舒克市', `town` = '兵团四十一团', `detail` = '宝源路金色家园44号' WHERE `loan_address`.`id` = 8882;
INSERT INTO `loan_address` (`id`, `created_at`, `updated_at`, `province`, `city`, `county`, `town`, `detail`) VALUES (8882, '2022-01-02 03:39:29.252968', '2022-01-02 21:26:11.242028', '新疆维吾尔自治区', '自治区直辖县级行政区划', '图木舒克市', '兵团四十一团', '宝源路金色家园44号');
UPDATE `loan_company` SET `created_at` = '2022-01-02 03:39:29.252968', `updated_at` = '2022-01-02 03:39:29.252968', `name` = '念巧科技', `industry` = '生产制造', `phone_number` = '084-875585', `cellphone_number` = '10986558686', `address_id` = 8882 WHERE `loan_company`.`id` = 87;
INSERT INTO `loan_company` (`id`, `created_at`, `updated_at`, `name`, `industry`, `phone_number`, `cellphone_number`, `address_id`) VALUES (87, '2022-01-02 03:39:29.252968', '2022-01-02 03:39:29.252968', '念巧科技', '生产制造', '084-875585', '10986558686', 8882);
UPDATE `loan_job` SET `created_at` = '2022-01-02 18:03:51.949759', `updated_at` = '2022-01-02 23:58:30.580851', `company_id` = 87, `position` = '汽车美容' WHERE `loan_job`.`id` = 1819;
INSERT INTO `loan_job` (`id`, `created_at`, `updated_at`, `company_id`, `position`) VALUES (1819, '2022-01-02 18:03:51.949759', '2022-01-02 23:58:30.580851', 87, '汽车美容');
UPDATE `loan_job` SET `created_at` = '2022-01-02 20:11:36.710921', `updated_at` = '2022-01-02 20:51:15.935266', `company_id` = 87, `position` = '钻工' WHERE `loan_job`.`id` = 1820;
INSERT INTO `loan_job` (`id`, `created_at`, `updated_at`, `company_id`, `position`) VALUES (1820, '2022-01-02 20:11:36.710921', '2022-01-02 20:51:15.935266', 87, '钻工');
UPDATE `loan_job` SET `created_at` = '2022-01-02 03:39:29.252968', `updated_at` = '2022-01-02 03:39:29.252968', `company_id` = 87, `position` = '化工工程师' WHERE `loan_job`.`id` = 1821;
INSERT INTO `loan_job` (`id`, `created_at`, `updated_at`, `company_id`, `position`) VALUES (1821, '2022-01-02 03:39:29.252968', '2022-01-02 03:39:29.252968', 87, '化工工程师');
UPDATE `loan_job` SET `created_at` = '2022-01-02 03:39:29.252968', `updated_at` = '2022-01-02 03:39:29.252968', `company_id` = 87, `position` = '钣金工' WHERE `loan_job`.`id` = 1822;
INSERT INTO `loan_job` (`id`, `created_at`, `updated_at`, `company_id`, `position`) VALUES (1822, '2022-01-02 03:39:29.252968', '2022-01-02 03:39:29.252968', 87, '钣金工');
UPDATE `loan_job` SET `created_at` = '2022-01-02 03:39:29.252968', `updated_at` = '2022-01-02 03:39:29.252968', `company_id` = 87, `position` = '铸造/锻造工程师' WHERE `loan_job`.`id` = 1823;
INSERT INTO `loan_job` (`id`, `created_at`, `updated_at`, `company_id`, `position`) VALUES (1823, '2022-01-02 03:39:29.252968', '2022-01-02 03:39:29.252968', 87, '铸造/锻造工程师');
UPDATE `loan_job` SET `created_at` = '2022-01-02 12:50:45.877616', `updated_at` = '2022-01-02 12:50:45.877616', `company_id` = 87, `position` = '电梯工' WHERE `loan_job`.`id` = 1824;
INSERT INTO `loan_job` (`id`, `created_at`, `updated_at`, `company_id`, `position`) VALUES (1824, '2022-01-02 12:50:45.877616', '2022-01-02 12:50:45.877616', 87, '电梯工');
UPDATE `loan_job` SET `created_at` = '2022-01-02 09:16:08.721082', `updated_at` = '2022-01-02 09:16:08.721082', `company_id` = 87, `position` = '生产计划/物料控制' WHERE `loan_job`.`id` = 1825;
INSERT INTO `loan_job` (`id`, `created_at`, `updated_at`, `company_id`, `position`) VALUES (1825, '2022-01-02 09:16:08.721082', '2022-01-02 09:16:08.721082', 87, '生产计划/物料控制');
UPDATE `loan_job` SET `created_at` = '2022-01-02 08:10:53.493012', `updated_at` = '2022-01-02 09:23:55.091884', `company_id` = 87, `position` = '机械设备工程师' WHERE `loan_job`.`id` = 1826;
INSERT INTO `loan_job` (`id`, `created_at`, `updated_at`, `company_id`, `position`) VALUES (1826, '2022-01-02 08:10:53.493012', '2022-01-02 09:23:55.091884', 87, '机械设备工程师');
UPDATE `loan_job` SET `created_at` = '2022-01-02 03:39:29.252968', `updated_at` = '2022-01-02 03:39:29.252968', `company_id` = 87, `position` = '叉车司机' WHERE `loan_job`.`id` = 1827;
INSERT INTO `loan_job` (`id`, `created_at`, `updated_at`, `company_id`, `position`) VALUES (1827, '2022-01-02 03:39:29.252968', '2022-01-02 03:39:29.252968', 87, '叉车司机');
UPDATE `loan_job` SET `created_at` = '2022-01-02 03:39:29.252968', `updated_at` = '2022-01-02 11:30:04.986164', `company_id` = 87, `position` = '质检员' WHERE `loan_job`.`id` = 1828;
INSERT INTO `loan_job` (`id`, `created_at`, `updated_at`, `company_id`, `position`) VALUES (1828, '2022-01-02 03:39:29.252968', '2022-01-02 11:30:04.986164', 87, '质检员');
UPDATE `loan_job` SET `created_at` = '2022-01-02 03:39:29.252968', `updated_at` = '2022-01-02 03:39:29.252968', `company_id` = 87, `position` = '铲车司机' WHERE `loan_job`.`id` = 1829;
INSERT INTO `loan_job` (`id`, `created_at`, `updated_at`, `company_id`, `position`) VALUES (1829, '2022-01-02 03:39:29.252968', '2022-01-02 03:39:29.252968', 87, '铲车司机');
UPDATE `loan_job` SET `created_at` = '2022-01-02 03:39:29.252968', `updated_at` = '2022-01-02 15:25:36.769932', `company_id` = 87, `position` = '电机工程师' WHERE `loan_job`.`id` = 1830;
INSERT INTO `loan_job` (`id`, `created_at`, `updated_at`, `company_id`, `position`) VALUES (1830, '2022-01-02 03:39:29.252968', '2022-01-02 15:25:36.769932', 87, '电机工程师');
UPDATE `loan_job` SET `created_at` = '2022-01-02 06:42:07.652198', `updated_at` = '2022-01-02 06:42:07.652198', `company_id` = 87, `position` = '注塑工' WHERE `loan_job`.`id` = 1831;
INSERT INTO `loan_job` (`id`, `created_at`, `updated_at`, `company_id`, `position`) VALUES (1831, '2022-01-02 06:42:07.652198', '2022-01-02 06:42:07.652198', 87, '注塑工');
UPDATE `loan_job` SET `created_at` = '2022-01-02 03:39:29.252968', `updated_at` = '2022-01-02 10:07:30.750076', `company_id` = 87, `position` = '车身/造型设计' WHERE `loan_job`.`id` = 1832;
INSERT INTO `loan_job` (`id`, `created_at`, `updated_at`, `company_id`, `position`) VALUES (1832, '2022-01-02 03:39:29.252968', '2022-01-02 10:07:30.750076', 87, '车身/造型设计');
UPDATE `loan_job` SET `created_at` = '2022-01-02 03:39:29.252968', `updated_at` = '2022-01-02 16:41:17.275617', `company_id` = 87, `position` = '生产经理/车间主任' WHERE `loan_job`.`id` = 1833;
INSERT INTO `loan_job` (`id`, `created_at`, `updated_at`, `company_id`, `position`) VALUES (1833, '2022-01-02 03:39:29.252968', '2022-01-02 16:41:17.275617', 87, '生产经理/车间主任');
UPDATE `loan_job` SET `created_at` = '2022-01-02 06:57:18.212481', `updated_at` = '2022-01-02 19:27:39.649113', `company_id` = 87, `position` = '生产安全员' WHERE `loan_job`.`id` = 1834;
INSERT INTO `loan_job` (`id`, `created_at`, `updated_at`, `company_id`, `position`) VALUES (1834, '2022-01-02 06:57:18.212481', '2022-01-02 19:27:39.649113', 87, '生产安全员');
UPDATE `loan_job` SET `created_at` = '2022-01-02 17:17:08.500495', `updated_at` = '2022-01-02 17:17:08.500495', `company_id` = 87, `position` = '汽车零部件设计' WHERE `loan_job`.`id` = 1835;
INSERT INTO `loan_job` (`id`, `created_at`, `updated_at`, `company_id`, `position`) VALUES (1835, '2022-01-02 17:17:08.500495', '2022-01-02 17:17:08.500495', 87, '汽车零部件设计');
UPDATE `loan_job` SET `created_at` = '2022-01-02 03:39:29.252968', `updated_at` = '2022-01-02 09:48:56.313953', `company_id` = 87, `position` = '空调工' WHERE `loan_job`.`id` = 1836;
INSERT INTO `loan_job` (`id`, `created_at`, `updated_at`, `company_id`, `position`) VALUES (1836, '2022-01-02 03:39:29.252968', '2022-01-02 09:48:56.313953', 87, '空调工');
UPDATE `loan_job` SET `created_at` = '2022-01-02 03:39:29.252968', `updated_at` = '2022-01-02 03:39:29.252968', `company_id` = 87, `position` = '面料辅料开发' WHERE `loan_job`.`id` = 1837;
INSERT INTO `loan_job` (`id`, `created_at`, `updated_at`, `company_id`, `position`) VALUES (1837, '2022-01-02 03:39:29.252968', '2022-01-02 03:39:29.252968', 87, '面料辅料开发');
UPDATE `loan_job` SET `created_at` = '2022-01-02 13:58:07.915522', `updated_at` = '2022-01-02 13:58:07.915522', `company_id` = 87, `position` = '服装/纺织设计' WHERE `loan_job`.`id` = 1838;
INSERT INTO `loan_job` (`id`, `created_at`, `updated_at`, `company_id`, `position`) VALUES (1838, '2022-01-02 13:58:07.915522', '2022-01-02 13:58:07.915522', 87, '服装/纺织设计');
UPDATE `loan_job` SET `created_at` = '2022-01-02 03:39:29.252968', `updated_at` = '2022-01-02 03:39:29.252968', `company_id` = 87, `position` = '锅炉工' WHERE `loan_job`.`id` = 1839;
INSERT INTO `loan_job` (`id`, `created_at`, `updated_at`, `company_id`, `position`) VALUES (1839, '2022-01-02 03:39:29.252968', '2022-01-02 03:39:29.252968', 87, '锅炉工');
UPDATE `loan_job` SET `created_at` = '2022-01-02 03:39:29.252968', `updated_at` = '2022-01-02 03:39:29.252968', `company_id` = 87, `position` = '汽车配件销售' WHERE `loan_job`.`id` = 1840;
INSERT INTO `loan_job` (`id`, `created_at`, `updated_at`, `company_id`, `position`) VALUES (1840, '2022-01-02 03:39:29.252968', '2022-01-02 03:39:29.252968', 87, '汽车配件销售');
UPDATE `loan_job` SET `created_at` = '2022-01-02 03:39:29.252968', `updated_at` = '2022-01-02 03:39:29.252968', `company_id` = 87, `position` = '机修工' WHERE `loan_job`.`id` = 1841;
INSERT INTO `loan_job` (`id`, `created_at`, `updated_at`, `company_id`, `position`) VALUES (1841, '2022-01-02 03:39:29.252968', '2022-01-02 03:39:29.252968', 87, '机修工');
UPDATE `loan_job` SET `created_at` = '2022-01-02 03:39:29.252968', `updated_at` = '2022-01-02 03:39:29.252968', `company_id` = 87, `position` = 'CNC/数控' WHERE `loan_job`.`id` = 1842;
INSERT INTO `loan_job` (`id`, `created_at`, `updated_at`, `company_id`, `position`) VALUES (1842, '2022-01-02 03:39:29.252968', '2022-01-02 03:39:29.252968', 87, 'CNC/数控');
UPDATE `loan_job` SET `created_at` = '2022-01-02 03:39:29.252968', `updated_at` = '2022-01-02 17:11:28.439369', `company_id` = 87, `position` = '化工项目经理' WHERE `loan_job`.`id` = 1843;
INSERT INTO `loan_job` (`id`, `created_at`, `updated_at`, `company_id`, `position`) VALUES (1843, '2022-01-02 03:39:29.252968', '2022-01-02 17:11:28.439369', 87, '化工项目经理');
UPDATE `loan_job` SET `created_at` = '2022-01-02 03:39:29.252968', `updated_at` = '2022-01-02 03:39:29.252968', `company_id` = 87, `position` = '夹具工程师' WHERE `loan_job`.`id` = 1844;
INSERT INTO `loan_job` (`id`, `created_at`, `updated_at`, `company_id`, `position`) VALUES (1844, '2022-01-02 03:39:29.252968', '2022-01-02 03:39:29.252968', 87, '夹具工程师');
UPDATE `loan_job` SET `created_at` = '2022-01-02 03:39:29.252968', `updated_at` = '2022-01-02 03:39:29.252968', `company_id` = 87, `position` = '汽车质量工程师' WHERE `loan_job`.`id` = 1845;
INSERT INTO `loan_job` (`id`, `created_at`, `updated_at`, `company_id`, `position`) VALUES (1845, '2022-01-02 03:39:29.252968', '2022-01-02 03:39:29.252968', 87, '汽车质量工程师');
UPDATE `loan_job` SET `created_at` = '2022-01-02 03:39:29.252968', `updated_at` = '2022-01-02 17:22:12.611336', `company_id` = 87, `position` = '样衣工' WHERE `loan_job`.`id` = 1846;
INSERT INTO `loan_job` (`id`, `created_at`, `updated_at`, `company_id`, `position`) VALUES (1846, '2022-01-02 03:39:29.252968', '2022-01-02 17:22:12.611336', 87, '样衣工');
UPDATE `loan_job` SET `created_at` = '2022-01-02 03:39:29.252968', `updated_at` = '2022-01-02 03:39:29.252968', `company_id` = 87, `position` = '材料工程师' WHERE `loan_job`.`id` = 1847;
INSERT INTO `loan_job` (`id`, `created_at`, `updated_at`, `company_id`, `position`) VALUES (1847, '2022-01-02 03:39:29.252968', '2022-01-02 03:39:29.252968', 87, '材料工程师');
UPDATE `loan_job` SET `created_at` = '2022-01-02 03:39:29.252968', `updated_at` = '2022-01-02 03:39:29.252968', `company_id` = 87, `position` = '涂料研发' WHERE `loan_job`.`id` = 1848;
INSERT INTO `loan_job` (`id`, `created_at`, `updated_at`, `company_id`, `position`) VALUES (1848, '2022-01-02 03:39:29.252968', '2022-01-02 03:39:29.252968', 87, '涂料研发');
UPDATE `loan_job` SET `created_at` = '2022-01-02 03:39:29.252968', `updated_at` = '2022-01-02 14:47:06.616015', `company_id` = 87, `position` = '生产设备管理' WHERE `loan_job`.`id` = 1849;
INSERT INTO `loan_job` (`id`, `created_at`, `updated_at`, `company_id`, `position`) VALUES (1849, '2022-01-02 03:39:29.252968', '2022-01-02 14:47:06.616015', 87, '生产设备管理');
UPDATE `loan_job` SET `created_at` = '2022-01-02 23:38:42.733793', `updated_at` = '2022-01-02 23:38:42.733793', `company_id` = 87, `position` = '机械结构工程师' WHERE `loan_job`.`id` = 1850;
INSERT INTO `loan_job` (`id`, `created_at`, `updated_at`, `company_id`, `position`) VALUES (1850, '2022-01-02 23:38:42.733793', '2022-01-02 23:38:42.733793', 87, '机械结构工程师');
UPDATE `loan_job` SET `created_at` = '2022-01-02 03:39:29.252968', `updated_at` = '2022-01-02 05:58:04.305160', `company_id` = 87, `position` = '汽车设计' WHERE `loan_job`.`id` = 1851;
INSERT INTO `loan_job` (`id`, `created_at`, `updated_at`, `company_id`, `position`) VALUES (1851, '2022-01-02 03:39:29.252968', '2022-01-02 05:58:04.305160', 87, '汽车设计');
UPDATE `loan_job` SET `created_at` = '2022-01-02 03:39:29.252968', `updated_at` = '2022-01-02 03:39:29.252968', `company_id` = 87, `position` = '机械制图' WHERE `loan_job`.`id` = 1852;
INSERT INTO `loan_job` (`id`, `created_at`, `updated_at`, `company_id`, `position`) VALUES (1852, '2022-01-02 03:39:29.252968', '2022-01-02 03:39:29.252968', 87, '机械制图');
UPDATE `loan_job` SET `created_at` = '2022-01-02 03:39:29.252968', `updated_at` = '2022-01-02 03:39:29.252968', `company_id` = 87, `position` = '汽车服务顾问' WHERE `loan_job`.`id` = 1853;
INSERT INTO `loan_job` (`id`, `created_at`, `updated_at`, `company_id`, `position`) VALUES (1853, '2022-01-02 03:39:29.252968', '2022-01-02 03:39:29.252968', 87, '汽车服务顾问');
UPDATE `loan_job` SET `created_at` = '2022-01-02 03:39:29.252968', `updated_at` = '2022-01-02 13:18:54.349719', `company_id` = 87, `position` = '体系工程师' WHERE `loan_job`.`id` = 1854;
INSERT INTO `loan_job` (`id`, `created_at`, `updated_at`, `company_id`, `position`) VALUES (1854, '2022-01-02 03:39:29.252968', '2022-01-02 13:18:54.349719', 87, '体系工程师');
UPDATE `loan_job` SET `created_at` = '2022-01-02 03:39:29.252968', `updated_at` = '2022-01-02 03:39:29.252968', `company_id` = 87, `position` = '机械工程师' WHERE `loan_job`.`id` = 1855;
INSERT INTO `loan_job` (`id`, `created_at`, `updated_at`, `company_id`, `position`) VALUES (1855, '2022-01-02 03:39:29.252968', '2022-01-02 03:39:29.252968', 87, '机械工程师');
UPDATE `loan_job` SET `created_at` = '2022-01-02 03:39:29.252968', `updated_at` = '2022-01-02 03:39:29.252968', `company_id` = 87, `position` = '生产组长/拉长' WHERE `loan_job`.`id` = 1856;
INSERT INTO `loan_job` (`id`, `created_at`, `updated_at`, `company_id`, `position`) VALUES (1856, '2022-01-02 03:39:29.252968', '2022-01-02 03:39:29.252968', 87, '生产组长/拉长');
UPDATE `loan_job` SET `created_at` = '2022-01-02 03:39:29.252968', `updated_at` = '2022-01-02 20:58:29.498503', `company_id` = 87, `position` = '精益工程师' WHERE `loan_job`.`id` = 1857;
INSERT INTO `loan_job` (`id`, `created_at`, `updated_at`, `company_id`, `position`) VALUES (1857, '2022-01-02 03:39:29.252968', '2022-01-02 20:58:29.498503', 87, '精益工程师');
UPDATE `loan_job` SET `created_at` = '2022-01-02 23:26:54.878151', `updated_at` = '2022-01-02 23:26:54.878151', `company_id` = 87, `position` = '搬运工' WHERE `loan_job`.`id` = 1858;
INSERT INTO `loan_job` (`id`, `created_at`, `updated_at`, `company_id`, `position`) VALUES (1858, '2022-01-02 23:26:54.878151', '2022-01-02 23:26:54.878151', 87, '搬运工');
UPDATE `loan_job` SET `created_at` = '2022-01-02 03:39:29.252968', `updated_at` = '2022-01-02 03:39:29.252968', `company_id` = 87, `position` = '汽车定损理赔' WHERE `loan_job`.`id` = 1859;
INSERT INTO `loan_job` (`id`, `created_at`, `updated_at`, `company_id`, `position`) VALUES (1859, '2022-01-02 03:39:29.252968', '2022-01-02 03:39:29.252968', 87, '汽车定损理赔');
UPDATE `loan_job` SET `created_at` = '2022-01-02 23:23:48.288105', `updated_at` = '2022-01-02 23:23:48.288105', `company_id` = 87, `position` = '普工/操作工' WHERE `loan_job`.`id` = 1860;
INSERT INTO `loan_job` (`id`, `created_at`, `updated_at`, `company_id`, `position`) VALUES (1860, '2022-01-02 23:23:48.288105', '2022-01-02 23:23:48.288105', 87, '普工/操作工');
UPDATE `loan_job` SET `created_at` = '2022-01-02 03:39:29.252968', `updated_at` = '2022-01-02 03:39:29.252968', `company_id` = 87, `position` = '工艺/制程工程师' WHERE `loan_job`.`id` = 1861;
INSERT INTO `loan_job` (`id`, `created_at`, `updated_at`, `company_id`, `position`) VALUES (1861, '2022-01-02 03:39:29.252968', '2022-01-02 03:39:29.252968', 87, '工艺/制程工程师');
UPDATE `loan_job` SET `created_at` = '2022-01-02 03:39:29.252968', `updated_at` = '2022-01-02 03:39:29.252968', `company_id` = 87, `position` = '氩弧焊工' WHERE `loan_job`.`id` = 1862;
INSERT INTO `loan_job` (`id`, `created_at`, `updated_at`, `company_id`, `position`) VALUES (1862, '2022-01-02 03:39:29.252968', '2022-01-02 03:39:29.252968', 87, '氩弧焊工');
UPDATE `loan_job` SET `created_at` = '2022-01-02 03:39:29.252968', `updated_at` = '2022-01-02 03:39:29.252968', `company_id` = 87, `position` = '审核员' WHERE `loan_job`.`id` = 1863;
INSERT INTO `loan_job` (`id`, `created_at`, `updated_at`, `company_id`, `position`) VALUES (1863, '2022-01-02 03:39:29.252968', '2022-01-02 03:39:29.252968', 87, '审核员');
UPDATE `loan_job` SET `created_at` = '2022-01-02 06:01:50.618306', `updated_at` = '2022-01-02 06:01:50.618306', `company_id` = 87, `position` = '热设计工程师' WHERE `loan_job`.`id` = 1864;
INSERT INTO `loan_job` (`id`, `created_at`, `updated_at`, `company_id`, `position`) VALUES (1864, '2022-01-02 06:01:50.618306', '2022-01-02 06:01:50.618306', 87, '热设计工程师');
UPDATE `loan_job` SET `created_at` = '2022-01-02 03:39:29.252968', `updated_at` = '2022-01-02 03:39:29.252968', `company_id` = 87, `position` = '漆工' WHERE `loan_job`.`id` = 1865;
INSERT INTO `loan_job` (`id`, `created_at`, `updated_at`, `company_id`, `position`) VALUES (1865, '2022-01-02 03:39:29.252968', '2022-01-02 03:39:29.252968', 87, '漆工');
UPDATE `loan_job` SET `created_at` = '2022-01-02 03:39:29.252968', `updated_at` = '2022-01-02 03:39:29.252968', `company_id` = 87, `position` = '二手车评估师' WHERE `loan_job`.`id` = 1866;
INSERT INTO `loan_job` (`id`, `created_at`, `updated_at`, `company_id`, `position`) VALUES (1866, '2022-01-02 03:39:29.252968', '2022-01-02 03:39:29.252968', 87, '二手车评估师');
UPDATE `loan_job` SET `created_at` = '2022-01-02 07:15:00.045834', `updated_at` = '2022-01-02 07:15:00.045834', `company_id` = 87, `position` = '食品/饮料研发' WHERE `loan_job`.`id` = 1867;
INSERT INTO `loan_job` (`id`, `created_at`, `updated_at`, `company_id`, `position`) VALUES (1867, '2022-01-02 07:15:00.045834', '2022-01-02 07:15:00.045834', 87, '食品/饮料研发');
UPDATE `loan_job` SET `created_at` = '2022-01-02 03:39:29.252968', `updated_at` = '2022-01-02 03:39:29.252968', `company_id` = 87, `position` = '生产跟单' WHERE `loan_job`.`id` = 1868;
INSERT INTO `loan_job` (`id`, `created_at`, `updated_at`, `company_id`, `position`) VALUES (1868, '2022-01-02 03:39:29.252968', '2022-01-02 03:39:29.252968', 87, '生产跟单');
UPDATE `loan_job` SET `created_at` = '2022-01-02 03:39:29.252968', `updated_at` = '2022-01-02 03:39:29.252968', `company_id` = 87, `position` = '故障分析师' WHERE `loan_job`.`id` = 1869;
INSERT INTO `loan_job` (`id`, `created_at`, `updated_at`, `company_id`, `position`) VALUES (1869, '2022-01-02 03:39:29.252968', '2022-01-02 03:39:29.252968', 87, '故障分析师');
UPDATE `loan_job` SET `created_at` = '2022-01-02 03:39:29.252968', `updated_at` = '2022-01-02 09:55:09.002031', `company_id` = 87, `position` = '服装/纺织/皮革跟单' WHERE `loan_job`.`id` = 1870;
INSERT INTO `loan_job` (`id`, `created_at`, `updated_at`, `company_id`, `position`) VALUES (1870, '2022-01-02 03:39:29.252968', '2022-01-02 09:55:09.002031', 87, '服装/纺织/皮革跟单');
UPDATE `loan_job` SET `created_at` = '2022-01-02 03:39:29.252968', `updated_at` = '2022-01-02 03:39:29.252968', `company_id` = 87, `position` = '电镀工' WHERE `loan_job`.`id` = 1871;
INSERT INTO `loan_job` (`id`, `created_at`, `updated_at`, `company_id`, `position`) VALUES (1871, '2022-01-02 03:39:29.252968', '2022-01-02 03:39:29.252968', 87, '电镀工');
UPDATE `loan_job` SET `created_at` = '2022-01-02 19:52:50.685355', `updated_at` = '2022-01-02 23:31:59.121376', `company_id` = 87, `position` = '电工' WHERE `loan_job`.`id` = 1872;
INSERT INTO `loan_job` (`id`, `created_at`, `updated_at`, `company_id`, `position`) VALUES (1872, '2022-01-02 19:52:50.685355', '2022-01-02 23:31:59.121376', 87, '电工');
UPDATE `loan_job` SET `created_at` = '2022-01-02 03:39:29.252968', `updated_at` = '2022-01-02 03:39:29.252968', `company_id` = 87, `position` = '质量管理/测试' WHERE `loan_job`.`id` = 1873;
INSERT INTO `loan_job` (`id`, `created_at`, `updated_at`, `company_id`, `position`) VALUES (1873, '2022-01-02 03:39:29.252968', '2022-01-02 03:39:29.252968', 87, '质量管理/测试');
UPDATE `loan_job` SET `created_at` = '2022-01-02 03:39:29.252968', `updated_at` = '2022-01-02 03:39:29.252968', `company_id` = 87, `position` = '汽车项目管理' WHERE `loan_job`.`id` = 1874;
INSERT INTO `loan_job` (`id`, `created_at`, `updated_at`, `company_id`, `position`) VALUES (1874, '2022-01-02 03:39:29.252968', '2022-01-02 03:39:29.252968', 87, '汽车项目管理');
UPDATE `loan_job` SET `created_at` = '2022-01-02 03:39:29.252968', `updated_at` = '2022-01-02 03:39:29.252968', `company_id` = 87, `position` = '总装工程师' WHERE `loan_job`.`id` = 1875;
INSERT INTO `loan_job` (`id`, `created_at`, `updated_at`, `company_id`, `position`) VALUES (1875, '2022-01-02 03:39:29.252968', '2022-01-02 03:39:29.252968', 87, '总装工程师');
UPDATE `loan_job` SET `created_at` = '2022-01-02 03:39:29.252968', `updated_at` = '2022-01-02 12:34:29.768891', `company_id` = 87, `position` = '化学分析' WHERE `loan_job`.`id` = 1876;
INSERT INTO `loan_job` (`id`, `created_at`, `updated_at`, `company_id`, `position`) VALUES (1876, '2022-01-02 03:39:29.252968', '2022-01-02 12:34:29.768891', 87, '化学分析');
UPDATE `loan_job` SET `created_at` = '2022-01-02 03:39:29.252968', `updated_at` = '2022-01-02 13:28:18.770664', `company_id` = 87, `position` = '模具工程师' WHERE `loan_job`.`id` = 1877;
INSERT INTO `loan_job` (`id`, `created_at`, `updated_at`, `company_id`, `position`) VALUES (1877, '2022-01-02 03:39:29.252968', '2022-01-02 13:28:18.770664', 87, '模具工程师');
UPDATE `loan_job` SET `created_at` = '2022-01-02 03:39:29.252968', `updated_at` = '2022-01-02 09:30:41.613706', `company_id` = 87, `position` = '底盘工程师' WHERE `loan_job`.`id` = 1878;
INSERT INTO `loan_job` (`id`, `created_at`, `updated_at`, `company_id`, `position`) VALUES (1878, '2022-01-02 03:39:29.252968', '2022-01-02 09:30:41.613706', 87, '底盘工程师');
UPDATE `loan_job` SET `created_at` = '2022-01-02 03:39:29.252968', `updated_at` = '2022-01-02 03:39:29.252968', `company_id` = 87, `position` = '机电工程师' WHERE `loan_job`.`id` = 1879;
INSERT INTO `loan_job` (`id`, `created_at`, `updated_at`, `company_id`, `position`) VALUES (1879, '2022-01-02 03:39:29.252968', '2022-01-02 03:39:29.252968', 87, '机电工程师');
UPDATE `loan_job` SET `created_at` = '2022-01-02 04:03:17.684524', `updated_at` = '2022-01-02 04:03:17.684524', `company_id` = 87, `position` = '汽车销售' WHERE `loan_job`.`id` = 1880;
INSERT INTO `loan_job` (`id`, `created_at`, `updated_at`, `company_id`, `position`) VALUES (1880, '2022-01-02 04:03:17.684524', '2022-01-02 04:03:17.684524', 87, '汽车销售');
UPDATE `loan_job` SET `created_at` = '2022-01-02 03:39:29.252968', `updated_at` = '2022-01-02 05:46:40.209953', `company_id` = 87, `position` = '车工' WHERE `loan_job`.`id` = 1881;
INSERT INTO `loan_job` (`id`, `created_at`, `updated_at`, `company_id`, `position`) VALUES (1881, '2022-01-02 03:39:29.252968', '2022-01-02 05:46:40.209953', 87, '车工');
UPDATE `loan_job` SET `created_at` = '2022-01-02 07:13:31.593218', `updated_at` = '2022-01-02 07:13:31.593218', `company_id` = 87, `position` = '电池工程师' WHERE `loan_job`.`id` = 1882;
INSERT INTO `loan_job` (`id`, `created_at`, `updated_at`, `company_id`, `position`) VALUES (1882, '2022-01-02 07:13:31.593218', '2022-01-02 07:13:31.593218', 87, '电池工程师');
UPDATE `loan_job` SET `created_at` = '2022-01-02 17:31:29.570625', `updated_at` = '2022-01-02 17:31:29.570625', `company_id` = 87, `position` = '实验室技术员' WHERE `loan_job`.`id` = 1883;
INSERT INTO `loan_job` (`id`, `created_at`, `updated_at`, `company_id`, `position`) VALUES (1883, '2022-01-02 17:31:29.570625', '2022-01-02 17:31:29.570625', 87, '实验室技术员');
UPDATE `loan_job` SET `created_at` = '2022-01-02 03:39:29.252968', `updated_at` = '2022-01-02 03:39:29.252968', `company_id` = 87, `position` = '化妆品研发' WHERE `loan_job`.`id` = 1884;
INSERT INTO `loan_job` (`id`, `created_at`, `updated_at`, `company_id`, `position`) VALUES (1884, '2022-01-02 03:39:29.252968', '2022-01-02 03:39:29.252968', 87, '化妆品研发');
UPDATE `loan_job` SET `created_at` = '2022-01-02 05:56:10.955289', `updated_at` = '2022-01-02 05:56:10.955289', `company_id` = 87, `position` = '注塑工程师' WHERE `loan_job`.`id` = 1885;
INSERT INTO `loan_job` (`id`, `created_at`, `updated_at`, `company_id`, `position`) VALUES (1885, '2022-01-02 05:56:10.955289', '2022-01-02 05:56:10.955289', 87, '注塑工程师');
UPDATE `loan_job` SET `created_at` = '2022-01-02 03:39:29.252968', `updated_at` = '2022-01-02 19:17:05.565182', `company_id` = 87, `position` = '组装工' WHERE `loan_job`.`id` = 1886;
INSERT INTO `loan_job` (`id`, `created_at`, `updated_at`, `company_id`, `position`) VALUES (1886, '2022-01-02 03:39:29.252968', '2022-01-02 19:17:05.565182', 87, '组装工');
UPDATE `loan_job` SET `created_at` = '2022-01-02 03:39:29.252968', `updated_at` = '2022-01-02 03:39:29.252968', `company_id` = 87, `position` = '动力系统工程师' WHERE `loan_job`.`id` = 1887;
INSERT INTO `loan_job` (`id`, `created_at`, `updated_at`, `company_id`, `position`) VALUES (1887, '2022-01-02 03:39:29.252968', '2022-01-02 03:39:29.252968', 87, '动力系统工程师');
UPDATE `loan_job` SET `created_at` = '2022-01-02 03:39:29.252968', `updated_at` = '2022-01-02 03:39:29.252968', `company_id` = 87, `position` = '充电桩设计' WHERE `loan_job`.`id` = 1888;
INSERT INTO `loan_job` (`id`, `created_at`, `updated_at`, `company_id`, `position`) VALUES (1888, '2022-01-02 03:39:29.252968', '2022-01-02 03:39:29.252968', 87, '充电桩设计');
UPDATE `loan_job` SET `created_at` = '2022-01-02 07:23:55.525764', `updated_at` = '2022-01-02 08:59:16.913216', `company_id` = 87, `position` = '切割工' WHERE `loan_job`.`id` = 1889;
INSERT INTO `loan_job` (`id`, `created_at`, `updated_at`, `company_id`, `position`) VALUES (1889, '2022-01-02 07:23:55.525764', '2022-01-02 08:59:16.913216', 87, '切割工');
UPDATE `loan_job` SET `created_at` = '2022-01-02 10:24:25.223279', `updated_at` = '2022-01-02 11:24:28.716698', `company_id` = 87, `position` = '包装工' WHERE `loan_job`.`id` = 1890;
INSERT INTO `loan_job` (`id`, `created_at`, `updated_at`, `company_id`, `position`) VALUES (1890, '2022-01-02 10:24:25.223279', '2022-01-02 11:24:28.716698', 87, '包装工');
UPDATE `loan_job` SET `created_at` = '2022-01-02 14:47:12.720402', `updated_at` = '2022-01-02 14:47:12.720402', `company_id` = 87, `position` = '焊工' WHERE `loan_job`.`id` = 1891;
INSERT INTO `loan_job` (`id`, `created_at`, `updated_at`, `company_id`, `position`) VALUES (1891, '2022-01-02 14:47:12.720402', '2022-01-02 14:47:12.720402', 87, '焊工');
UPDATE `loan_job` SET `created_at` = '2022-01-02 03:39:29.252968', `updated_at` = '2022-01-02 12:19:11.198737', `company_id` = 87, `position` = '缝纫工' WHERE `loan_job`.`id` = 1892;
INSERT INTO `loan_job` (`id`, `created_at`, `updated_at`, `company_id`, `position`) VALUES (1892, '2022-01-02 03:39:29.252968', '2022-01-02 12:19:11.198737', 87, '缝纫工');
UPDATE `loan_job` SET `created_at` = '2022-01-02 20:35:00.712904', `updated_at` = '2022-01-02 20:35:00.712904', `company_id` = 87, `position` = '磨工' WHERE `loan_job`.`id` = 1893;
INSERT INTO `loan_job` (`id`, `created_at`, `updated_at`, `company_id`, `position`) VALUES (1893, '2022-01-02 20:35:00.712904', '2022-01-02 20:35:00.712904', 87, '磨工');
UPDATE `loan_job` SET `created_at` = '2022-01-02 03:39:29.252968', `updated_at` = '2022-01-02 03:39:29.252968', `company_id` = 87, `position` = '机械设计师' WHERE `loan_job`.`id` = 1894;
INSERT INTO `loan_job` (`id`, `created_at`, `updated_at`, `company_id`, `position`) VALUES (1894, '2022-01-02 03:39:29.252968', '2022-01-02 03:39:29.252968', 87, '机械设计师');
UPDATE `loan_address` SET `created_at` = '2022-01-02 12:24:57.647664', `updated_at` = '2022-01-02 12:24:57.647664', `province` = '云南省', `city` = '丽江市', `county` = '宁蒗彝族自治县', `town` = '烂泥箐乡', `detail` = '宝杨路76号' WHERE `loan_address`.`id` = 8883;
INSERT INTO `loan_address` (`id`, `created_at`, `updated_at`, `province`, `city`, `county`, `town`, `detail`) VALUES (8883, '2022-01-02 12:24:57.647664', '2022-01-02 12:24:57.647664', '云南省', '丽江市', '宁蒗彝族自治县', '烂泥箐乡', '宝杨路76号');
UPDATE `loan_customer` SET `created_at` = '2022-01-02 12:24:57.647664', `updated_at` = '2022-01-02 16:30:05.883315', `name` = '熊姝', `id_number` = '835278785993248094', `gender` = 'f', `birthday` = '1980-04-17', `address_id` = 8883, `job_id` = 1819, `salary` = 53000 WHERE `loan_customer`.`id` = 5507;
INSERT INTO `loan_customer` (`id`, `created_at`, `updated_at`, `name`, `id_number`, `gender`, `birthday`, `address_id`, `job_id`, `salary`) VALUES (5507, '2022-01-02 12:24:57.647664', '2022-01-02 16:30:05.883315', '熊姝', '835278785993248094', 'f', '1980-04-17', 8883, 1819, 53000);
UPDATE `loan_address` SET `created_at` = '2022-01-02 17:36:41.605573', `updated_at` = '2022-01-02 17:36:41.605573', `province` = '四川省', `city` = '广安市', `county` = '岳池县', `town` = '坪滩镇', `detail` = '安澜路菊园五街坊88号' WHERE `loan_address`.`id` = 8884;
INSERT INTO `loan_address` (`id`, `created_at`, `updated_at`, `province`, `city`, `county`, `town`, `detail`) VALUES (8884, '2022-01-02 17:36:41.605573', '2022-01-02 17:36:41.605573', '四川省', '广安市', '岳池县', '坪滩镇', '安澜路菊园五街坊88号');
UPDATE `loan_estate` SET `created_at` = '2022-01-02 17:36:41.605573', `updated_at` = '2022-01-02 17:36:41.605573', `customer_id` = 5507, `address_id` = 8884 WHERE `loan_estate`.`id` = 3290;
INSERT INTO `loan_estate` (`id`, `created_at`, `updated_at`, `customer_id`, `address_id`) VALUES (3290, '2022-01-02 17:36:41.605573', '2022-01-02 17:36:41.605573', 5507, 8884);
UPDATE `loan_address` SET `created_at` = '2022-01-02 16:53:24.299597', `updated_at` = '2022-01-02 16:53:24.299597', `province` = '云南省', `city` = '保山市', `county` = '施甸县', `town` = '摆榔彝族布朗族乡', `detail` = '宝昌路73号' WHERE `loan_address`.`id` = 8885;
INSERT INTO `loan_address` (`id`, `created_at`, `updated_at`, `province`, `city`, `county`, `town`, `detail`) VALUES (8885, '2022-01-02 16:53:24.299597', '2022-01-02 16:53:24.299597', '云南省', '保山市', '施甸县', '摆榔彝族布朗族乡', '宝昌路73号');
UPDATE `loan_estate` SET `created_at` = '2022-01-02 16:53:24.299597', `updated_at` = '2022-01-02 16:53:24.299597', `customer_id` = 5507, `address_id` = 8885 WHERE `loan_estate`.`id` = 3291;
INSERT INTO `loan_estate` (`id`, `created_at`, `updated_at`, `customer_id`, `address_id`) VALUES (3291, '2022-01-02 16:53:24.299597', '2022-01-02 16:53:24.299597', 5507, 8885);
UPDATE `loan_car` SET `created_at` = '2022-01-02 20:28:53.686055', `updated_at` = '2022-01-02 22:46:18.515357', `customer_id` = 5507, `model_id` = 160, `vin_number` = '244907786646130214', `date_produced` = '2017-10-28', `value_estimated` = 250000 WHERE `loan_car`.`id` = 4428;
INSERT INTO `loan_car` (`id`, `created_at`, `updated_at`, `customer_id`, `model_id`, `vin_number`, `date_produced`, `value_estimated`) VALUES (4428, '2022-01-02 20:28:53.686055', '2022-01-02 22:46:18.515357', 5507, 160, '244907786646130214', '2017-10-28', 250000);
UPDATE `loan_account` SET `created_at` = '2022-01-02 22:44:51.370821', `updated_at` = '2022-01-02 22:47:55.617751', `customer_id` = 5507, `number` = '391884667028264941', `balance` = 29774 WHERE `loan_account`.`id` = 5042;
INSERT INTO `loan_account` (`id`, `created_at`, `updated_at`, `customer_id`, `number`, `balance`) VALUES (5042, '2022-01-02 22:44:51.370821', '2022-01-02 22:47:55.617751', 5507, '391884667028264941', 29774);
UPDATE `loan_address` SET `created_at` = '2022-01-02 08:15:56.387577', `updated_at` = '2022-01-02 08:15:56.387577', `province` = '湖北省', `city` = '黄石市', `county` = '大冶市', `town` = '东岳路街道办事处', `detail` = '宝祁路75号' WHERE `loan_address`.`id` = 8886;
INSERT INTO `loan_address` (`id`, `created_at`, `updated_at`, `province`, `city`, `county`, `town`, `detail`) VALUES (8886, '2022-01-02 08:15:56.387577', '2022-01-02 08:15:56.387577', '湖北省', '黄石市', '大冶市', '东岳路街道办事处', '宝祁路75号');
UPDATE `loan_customer` SET `created_at` = '2022-01-02 08:15:56.387577', `updated_at` = '2022-01-02 18:32:55.208227', `name` = '胡虹颖', `id_number` = '264687733273357271', `gender` = 'f', `birthday` = '2004-01-01', `address_id` = 8886, `job_id` = 1819, `salary` = 42000 WHERE `loan_customer`.`id` = 5508;
INSERT INTO `loan_customer` (`id`, `created_at`, `updated_at`, `name`, `id_number`, `gender`, `birthday`, `address_id`, `job_id`, `salary`) VALUES (5508, '2022-01-02 08:15:56.387577', '2022-01-02 18:32:55.208227', '胡虹颖', '264687733273357271', 'f', '2004-01-01', 8886, 1819, 42000);
UPDATE `loan_address` SET `created_at` = '2022-01-02 16:53:17.092141', `updated_at` = '2022-01-02 16:53:17.092141', `province` = '山东省', `city` = '菏泽市', `county` = '单县', `town` = '谢集镇', `detail` = '百安路（方泰镇）17号' WHERE `loan_address`.`id` = 8887;
INSERT INTO `loan_address` (`id`, `created_at`, `updated_at`, `province`, `city`, `county`, `town`, `detail`) VALUES (8887, '2022-01-02 16:53:17.092141', '2022-01-02 16:53:17.092141', '山东省', '菏泽市', '单县', '谢集镇', '百安路（方泰镇）17号');
UPDATE `loan_estate` SET `created_at` = '2022-01-02 16:53:17.092141', `updated_at` = '2022-01-02 16:53:17.092141', `customer_id` = 5508, `address_id` = 8887 WHERE `loan_estate`.`id` = 3292;
INSERT INTO `loan_estate` (`id`, `created_at`, `updated_at`, `customer_id`, `address_id`) VALUES (3292, '2022-01-02 16:53:17.092141', '2022-01-02 16:53:17.092141', 5508, 8887);
UPDATE `loan_car` SET `created_at` = '2022-01-02 09:39:22.515612', `updated_at` = '2022-01-02 10:31:42.305840', `customer_id` = 5508, `model_id` = 219, `vin_number` = '594401680248828479', `date_produced` = '2021-06-25', `value_estimated` = 160000 WHERE `loan_car`.`id` = 4429;
INSERT INTO `loan_car` (`id`, `created_at`, `updated_at`, `customer_id`, `model_id`, `vin_number`, `date_produced`, `value_estimated`) VALUES (4429, '2022-01-02 09:39:22.515612', '2022-01-02 10:31:42.305840', 5508, 219, '594401680248828479', '2021-06-25', 160000);
UPDATE `loan_account` SET `created_at` = '2022-01-02 11:27:27.481545', `updated_at` = '2022-01-02 11:27:27.481545', `customer_id` = 5508, `number` = '811656097025293871', `balance` = 0 WHERE `loan_account`.`id` = 5043;
INSERT INTO `loan_account` (`id`, `created_at`, `updated_at`, `customer_id`, `number`, `balance`) VALUES (5043, '2022-01-02 11:27:27.481545', '2022-01-02 11:27:27.481545', 5508, '811656097025293871', 0);
UPDATE `loan_address` SET `created_at` = '2022-01-02 18:19:51.101253', `updated_at` = '2022-01-02 18:19:51.101253', `province` = '贵州省', `city` = '黔南布依族苗族自治州', `county` = '三都水族自治县', `town` = '中和镇', `detail` = '安业路溢盈河畔别墅32号' WHERE `loan_address`.`id` = 8888;
INSERT INTO `loan_address` (`id`, `created_at`, `updated_at`, `province`, `city`, `county`, `town`, `detail`) VALUES (8888, '2022-01-02 18:19:51.101253', '2022-01-02 18:19:51.101253', '贵州省', '黔南布依族苗族自治州', '三都水族自治县', '中和镇', '安业路溢盈河畔别墅32号');
UPDATE `loan_customer` SET `created_at` = '2022-01-02 18:19:51.101253', `updated_at` = '2022-01-02 22:47:04.449010', `name` = '龚备', `id_number` = '184854627551137970', `gender` = 'm', `birthday` = '1989-07-25', `address_id` = 8888, `job_id` = 1819, `salary` = 47000 WHERE `loan_customer`.`id` = 5509;
INSERT INTO `loan_customer` (`id`, `created_at`, `updated_at`, `name`, `id_number`, `gender`, `birthday`, `address_id`, `job_id`, `salary`) VALUES (5509, '2022-01-02 18:19:51.101253', '2022-01-02 22:47:04.449010', '龚备', '184854627551137970', 'm', '1989-07-25', 8888, 1819, 47000);
UPDATE `loan_chattel` SET `created_at` = '2022-01-02 19:55:58.870611', `updated_at` = '2022-01-02 22:19:27.009803', `customer_id` = 5509, `type` = 'fund', `description` = '一些信息', `value_amount` = 20000, `expired_at` = '2020-10-26' WHERE `loan_chattel`.`id` = 1616;
INSERT INTO `loan_chattel` (`id`, `created_at`, `updated_at`, `customer_id`, `type`, `description`, `value_amount`, `expired_at`) VALUES (1616, '2022-01-02 19:55:58.870611', '2022-01-02 22:19:27.009803', 5509, 'fund', '一些信息', 20000, '2020-10-26');
UPDATE `loan_address` SET `created_at` = '2022-01-02 20:29:22.414301', `updated_at` = '2022-01-02 20:29:22.414301', `province` = '湖北省', `city` = '黄冈市', `county` = '浠水县', `town` = '洗马镇', `detail` = '爱国路32号' WHERE `loan_address`.`id` = 8889;
INSERT INTO `loan_address` (`id`, `created_at`, `updated_at`, `province`, `city`, `county`, `town`, `detail`) VALUES (8889, '2022-01-02 20:29:22.414301', '2022-01-02 20:29:22.414301', '湖北省', '黄冈市', '浠水县', '洗马镇', '爱国路32号');
UPDATE `loan_estate` SET `created_at` = '2022-01-02 20:29:22.414301', `updated_at` = '2022-01-02 20:29:22.414301', `customer_id` = 5509, `address_id` = 8889 WHERE `loan_estate`.`id` = 3293;
INSERT INTO `loan_estate` (`id`, `created_at`, `updated_at`, `customer_id`, `address_id`) VALUES (3293, '2022-01-02 20:29:22.414301', '2022-01-02 20:29:22.414301', 5509, 8889);
UPDATE `loan_car` SET `created_at` = '2022-01-02 20:55:58.474068', `updated_at` = '2022-01-02 23:40:33.580433', `customer_id` = 5509, `model_id` = 233, `vin_number` = '934394529560484655', `date_produced` = '2014-08-27', `value_estimated` = 160000 WHERE `loan_car`.`id` = 4430;
INSERT INTO `loan_car` (`id`, `created_at`, `updated_at`, `customer_id`, `model_id`, `vin_number`, `date_produced`, `value_estimated`) VALUES (4430, '2022-01-02 20:55:58.474068', '2022-01-02 23:40:33.580433', 5509, 233, '934394529560484655', '2014-08-27', 160000);
UPDATE `loan_account` SET `created_at` = '2022-01-02 19:18:11.029165', `updated_at` = '2022-01-02 19:49:55.539232', `customer_id` = 5509, `number` = '970370109939330887', `balance` = 102964 WHERE `loan_account`.`id` = 5044;
INSERT INTO `loan_account` (`id`, `created_at`, `updated_at`, `customer_id`, `number`, `balance`) VALUES (5044, '2022-01-02 19:18:11.029165', '2022-01-02 19:49:55.539232', 5509, '970370109939330887', 102964);
UPDATE `loan_address` SET `created_at` = '2022-01-02 03:13:22.598228', `updated_at` = '2022-01-02 03:13:22.598228', `province` = '湖南省', `city` = '邵阳市', `county` = '双清区', `town` = '滨江街道', `detail` = '百花街26号' WHERE `loan_address`.`id` = 8890;
INSERT INTO `loan_address` (`id`, `created_at`, `updated_at`, `province`, `city`, `county`, `town`, `detail`) VALUES (8890, '2022-01-02 03:13:22.598228', '2022-01-02 03:13:22.598228', '湖南省', '邵阳市', '双清区', '滨江街道', '百花街26号');
UPDATE `loan_customer` SET `created_at` = '2022-01-02 03:13:22.598228', `updated_at` = '2022-01-02 05:19:59.111914', `name` = '谭绮丽', `id_number` = '446028122989370840', `gender` = 'm', `birthday` = '1986-04-21', `address_id` = 8890, `job_id` = 1819, `salary` = 6000 WHERE `loan_customer`.`id` = 5510;
INSERT INTO `loan_customer` (`id`, `created_at`, `updated_at`, `name`, `id_number`, `gender`, `birthday`, `address_id`, `job_id`, `salary`) VALUES (5510, '2022-01-02 03:13:22.598228', '2022-01-02 05:19:59.111914', '谭绮丽', '446028122989370840', 'm', '1986-04-21', 8890, 1819, 6000);
UPDATE `loan_address` SET `created_at` = '2022-01-02 13:02:45.280478', `updated_at` = '2022-01-02 13:02:45.280478', `province` = '云南省', `city` = '红河哈尼族彝族自治州', `county` = '元阳县', `town` = '俄扎乡', `detail` = '包头南路16号' WHERE `loan_address`.`id` = 8891;
INSERT INTO `loan_address` (`id`, `created_at`, `updated_at`, `province`, `city`, `county`, `town`, `detail`) VALUES (8891, '2022-01-02 13:02:45.280478', '2022-01-02 13:02:45.280478', '云南省', '红河哈尼族彝族自治州', '元阳县', '俄扎乡', '包头南路16号');
UPDATE `loan_estate` SET `created_at` = '2022-01-02 13:02:45.280478', `updated_at` = '2022-01-02 17:31:55.461486', `customer_id` = 5510, `address_id` = 8891 WHERE `loan_estate`.`id` = 3294;
INSERT INTO `loan_estate` (`id`, `created_at`, `updated_at`, `customer_id`, `address_id`) VALUES (3294, '2022-01-02 13:02:45.280478', '2022-01-02 17:31:55.461486', 5510, 8891);
UPDATE `loan_car` SET `created_at` = '2022-01-02 17:09:45.697805', `updated_at` = '2022-01-02 22:55:04.832712', `customer_id` = 5510, `model_id` = 45, `vin_number` = '880976021667205163', `date_produced` = '2016-09-02', `value_estimated` = 270000 WHERE `loan_car`.`id` = 4431;
INSERT INTO `loan_car` (`id`, `created_at`, `updated_at`, `customer_id`, `model_id`, `vin_number`, `date_produced`, `value_estimated`) VALUES (4431, '2022-01-02 17:09:45.697805', '2022-01-02 22:55:04.832712', 5510, 45, '880976021667205163', '2016-09-02', 270000);
UPDATE `loan_account` SET `created_at` = '2022-01-02 17:56:00.532318', `updated_at` = '2022-01-02 21:18:37.322905', `customer_id` = 5510, `number` = '315186093750626710', `balance` = 56190 WHERE `loan_account`.`id` = 5045;
INSERT INTO `loan_account` (`id`, `created_at`, `updated_at`, `customer_id`, `number`, `balance`) VALUES (5045, '2022-01-02 17:56:00.532318', '2022-01-02 21:18:37.322905', 5510, '315186093750626710', 56190);
UPDATE `loan_address` SET `created_at` = '2022-01-02 08:37:40.003295', `updated_at` = '2022-01-02 08:37:40.003295', `province` = '陕西省', `city` = '延安市', `county` = '延川县', `town` = '永坪镇', `detail` = '宝源路溢盈河畔别墅166号' WHERE `loan_address`.`id` = 8892;
INSERT INTO `loan_address` (`id`, `created_at`, `updated_at`, `province`, `city`, `county`, `town`, `detail`) VALUES (8892, '2022-01-02 08:37:40.003295', '2022-01-02 08:37:40.003295', '陕西省', '延安市', '延川县', '永坪镇', '宝源路溢盈河畔别墅166号');
UPDATE `loan_customer` SET `created_at` = '2022-01-02 08:37:40.003295', `updated_at` = '2022-01-02 19:57:38.409972', `name` = '马瑾琳', `id_number` = '178221736573656983', `gender` = 'f', `birthday` = '1997-06-04', `address_id` = 8892, `job_id` = 1819, `salary` = 7000 WHERE `loan_customer`.`id` = 5511;
INSERT INTO `loan_customer` (`id`, `created_at`, `updated_at`, `name`, `id_number`, `gender`, `birthday`, `address_id`, `job_id`, `salary`) VALUES (5511, '2022-01-02 08:37:40.003295', '2022-01-02 19:57:38.409972', '马瑾琳', '178221736573656983', 'f', '1997-06-04', 8892, 1819, 7000);
UPDATE `loan_address` SET `created_at` = '2022-01-02 19:32:02.404215', `updated_at` = '2022-01-02 19:32:02.404215', `province` = '河南省', `city` = '平顶山市', `county` = '叶县', `town` = '马庄回族乡', `detail` = '百花街住友嘉馨名园130号' WHERE `loan_address`.`id` = 8893;
INSERT INTO `loan_address` (`id`, `created_at`, `updated_at`, `province`, `city`, `county`, `town`, `detail`) VALUES (8893, '2022-01-02 19:32:02.404215', '2022-01-02 19:32:02.404215', '河南省', '平顶山市', '叶县', '马庄回族乡', '百花街住友嘉馨名园130号');
UPDATE `loan_estate` SET `created_at` = '2022-01-02 19:32:02.404215', `updated_at` = '2022-01-02 19:32:02.404215', `customer_id` = 5511, `address_id` = 8893 WHERE `loan_estate`.`id` = 3295;
INSERT INTO `loan_estate` (`id`, `created_at`, `updated_at`, `customer_id`, `address_id`) VALUES (3295, '2022-01-02 19:32:02.404215', '2022-01-02 19:32:02.404215', 5511, 8893);
UPDATE `loan_car` SET `created_at` = '2022-01-02 18:15:20.302450', `updated_at` = '2022-01-02 18:15:20.302450', `customer_id` = 5511, `model_id` = 67, `vin_number` = '197843021386018225', `date_produced` = '2011-03-09', `value_estimated` = 150000 WHERE `loan_car`.`id` = 4432;
INSERT INTO `loan_car` (`id`, `created_at`, `updated_at`, `customer_id`, `model_id`, `vin_number`, `date_produced`, `value_estimated`) VALUES (4432, '2022-01-02 18:15:20.302450', '2022-01-02 18:15:20.302450', 5511, 67, '197843021386018225', '2011-03-09', 150000);
UPDATE `loan_account` SET `created_at` = '2022-01-02 14:11:47.944190', `updated_at` = '2022-01-02 14:11:47.944190', `customer_id` = 5511, `number` = '795156075228666656', `balance` = 0 WHERE `loan_account`.`id` = 5046;
INSERT INTO `loan_account` (`id`, `created_at`, `updated_at`, `customer_id`, `number`, `balance`) VALUES (5046, '2022-01-02 14:11:47.944190', '2022-01-02 14:11:47.944190', 5511, '795156075228666656', 0);
UPDATE `loan_account` SET `created_at` = '2022-01-02 14:32:57.097793', `updated_at` = '2022-01-02 21:01:17.299336', `customer_id` = 5511, `number` = '059236204470568129', `balance` = 58066 WHERE `loan_account`.`id` = 5047;
INSERT INTO `loan_account` (`id`, `created_at`, `updated_at`, `customer_id`, `number`, `balance`) VALUES (5047, '2022-01-02 14:32:57.097793', '2022-01-02 21:01:17.299336', 5511, '059236204470568129', 58066);
UPDATE `loan_address` SET `created_at` = '2022-01-02 13:31:51.785737', `updated_at` = '2022-01-02 13:31:51.785737', `province` = '云南省', `city` = '昆明市', `county` = '嵩明县', `town` = '嵩明杨林经济技术开发区', `detail` = '鞍山支路39号' WHERE `loan_address`.`id` = 8894;
INSERT INTO `loan_address` (`id`, `created_at`, `updated_at`, `province`, `city`, `county`, `town`, `detail`) VALUES (8894, '2022-01-02 13:31:51.785737', '2022-01-02 13:31:51.785737', '云南省', '昆明市', '嵩明县', '嵩明杨林经济技术开发区', '鞍山支路39号');
UPDATE `loan_customer` SET `created_at` = '2022-01-02 13:31:51.785737', `updated_at` = '2022-01-02 15:09:57.462446', `name` = '袁高畅', `id_number` = '527467759341458949', `gender` = 'm', `birthday` = '2004-08-12', `address_id` = 8894, `job_id` = 1820, `salary` = 34000 WHERE `loan_customer`.`id` = 5512;
INSERT INTO `loan_customer` (`id`, `created_at`, `updated_at`, `name`, `id_number`, `gender`, `birthday`, `address_id`, `job_id`, `salary`) VALUES (5512, '2022-01-02 13:31:51.785737', '2022-01-02 15:09:57.462446', '袁高畅', '527467759341458949', 'm', '2004-08-12', 8894, 1820, 34000);
UPDATE `loan_chattel` SET `created_at` = '2022-01-02 17:14:57.153477', `updated_at` = '2022-01-02 18:38:21.693977', `customer_id` = 5512, `type` = 'receivable', `description` = '一些信息', `value_amount` = 260000, `expired_at` = '2026-09-24' WHERE `loan_chattel`.`id` = 1617;
INSERT INTO `loan_chattel` (`id`, `created_at`, `updated_at`, `customer_id`, `type`, `description`, `value_amount`, `expired_at`) VALUES (1617, '2022-01-02 17:14:57.153477', '2022-01-02 18:38:21.693977', 5512, 'receivable', '一些信息', 260000, '2026-09-24');
UPDATE `loan_car` SET `created_at` = '2022-01-02 16:13:47.213864', `updated_at` = '2022-01-02 16:27:43.300095', `customer_id` = 5512, `model_id` = 281, `vin_number` = '324026716516114410', `date_produced` = '2011-01-31', `value_estimated` = 100000 WHERE `loan_car`.`id` = 4433;
INSERT INTO `loan_car` (`id`, `created_at`, `updated_at`, `customer_id`, `model_id`, `vin_number`, `date_produced`, `value_estimated`) VALUES (4433, '2022-01-02 16:13:47.213864', '2022-01-02 16:27:43.300095', 5512, 281, '324026716516114410', '2011-01-31', 100000);
UPDATE `loan_account` SET `created_at` = '2022-01-02 23:36:01.842553', `updated_at` = '2022-01-02 23:41:14.554230', `customer_id` = 5512, `number` = '187317013296271455', `balance` = 70992 WHERE `loan_account`.`id` = 5048;
INSERT INTO `loan_account` (`id`, `created_at`, `updated_at`, `customer_id`, `number`, `balance`) VALUES (5048, '2022-01-02 23:36:01.842553', '2022-01-02 23:41:14.554230', 5512, '187317013296271455', 70992);
UPDATE `loan_address` SET `created_at` = '2022-01-02 04:04:16.068229', `updated_at` = '2022-01-02 04:04:16.068229', `province` = '广东省', `city` = '河源市', `county` = '连平县', `town` = '元善镇', `detail` = '保屯路真新六街坊123号' WHERE `loan_address`.`id` = 8895;
INSERT INTO `loan_address` (`id`, `created_at`, `updated_at`, `province`, `city`, `county`, `town`, `detail`) VALUES (8895, '2022-01-02 04:04:16.068229', '2022-01-02 04:04:16.068229', '广东省', '河源市', '连平县', '元善镇', '保屯路真新六街坊123号');
UPDATE `loan_customer` SET `created_at` = '2022-01-02 04:04:16.068229', `updated_at` = '2022-01-02 11:29:46.436884', `name` = '蒋贝莉', `id_number` = '704542445160986957', `gender` = 'f', `birthday` = '1984-10-08', `address_id` = 8895, `job_id` = 1820, `salary` = 30000 WHERE `loan_customer`.`id` = 5513;
INSERT INTO `loan_customer` (`id`, `created_at`, `updated_at`, `name`, `id_number`, `gender`, `birthday`, `address_id`, `job_id`, `salary`) VALUES (5513, '2022-01-02 04:04:16.068229', '2022-01-02 11:29:46.436884', '蒋贝莉', '704542445160986957', 'f', '1984-10-08', 8895, 1820, 30000);
UPDATE `loan_car` SET `created_at` = '2022-01-02 10:11:56.881938', `updated_at` = '2022-01-02 14:38:57.102307', `customer_id` = 5513, `model_id` = 105, `vin_number` = '920286872208356359', `date_produced` = '2013-05-10', `value_estimated` = 200000 WHERE `loan_car`.`id` = 4434;
INSERT INTO `loan_car` (`id`, `created_at`, `updated_at`, `customer_id`, `model_id`, `vin_number`, `date_produced`, `value_estimated`) VALUES (4434, '2022-01-02 10:11:56.881938', '2022-01-02 14:38:57.102307', 5513, 105, '920286872208356359', '2013-05-10', 200000);
UPDATE `loan_account` SET `created_at` = '2022-01-02 21:30:56.318361', `updated_at` = '2022-01-02 21:30:56.318361', `customer_id` = 5513, `number` = '915511611455896378', `balance` = 86574 WHERE `loan_account`.`id` = 5049;
INSERT INTO `loan_account` (`id`, `created_at`, `updated_at`, `customer_id`, `number`, `balance`) VALUES (5049, '2022-01-02 21:30:56.318361', '2022-01-02 21:30:56.318361', 5513, '915511611455896378', 86574);
UPDATE `loan_address` SET `created_at` = '2022-01-02 16:34:10.875539', `updated_at` = '2022-01-02 16:34:10.875539', `province` = '吉林省', `city` = '四平市', `county` = '公主岭市', `town` = '大岭镇', `detail` = '宝祁路爱里舍花园69号' WHERE `loan_address`.`id` = 8896;
INSERT INTO `loan_address` (`id`, `created_at`, `updated_at`, `province`, `city`, `county`, `town`, `detail`) VALUES (8896, '2022-01-02 16:34:10.875539', '2022-01-02 16:34:10.875539', '吉林省', '四平市', '公主岭市', '大岭镇', '宝祁路爱里舍花园69号');
UPDATE `loan_customer` SET `created_at` = '2022-01-02 16:34:10.875539', `updated_at` = '2022-01-02 16:34:10.875539', `name` = '杨修文', `id_number` = '260289012274105288', `gender` = 'f', `birthday` = '2002-01-14', `address_id` = 8896, `job_id` = 1821, `salary` = 49000 WHERE `loan_customer`.`id` = 5514;
INSERT INTO `loan_customer` (`id`, `created_at`, `updated_at`, `name`, `id_number`, `gender`, `birthday`, `address_id`, `job_id`, `salary`) VALUES (5514, '2022-01-02 16:34:10.875539', '2022-01-02 16:34:10.875539', '杨修文', '260289012274105288', 'f', '2002-01-14', 8896, 1821, 49000);
UPDATE `loan_account` SET `created_at` = '2022-01-02 22:49:23.566592', `updated_at` = '2022-01-02 23:13:17.704196', `customer_id` = 5514, `number` = '363330549225503725', `balance` = 0 WHERE `loan_account`.`id` = 5050;
INSERT INTO `loan_account` (`id`, `created_at`, `updated_at`, `customer_id`, `number`, `balance`) VALUES (5050, '2022-01-02 22:49:23.566592', '2022-01-02 23:13:17.704196', 5514, '363330549225503725', 0);
UPDATE `loan_address` SET `created_at` = '2022-01-02 09:27:46.759658', `updated_at` = '2022-01-02 09:27:46.759658', `province` = '河北省', `city` = '承德市', `county` = '承德县', `town` = '六沟镇', `detail` = '安福路耀江花园125号' WHERE `loan_address`.`id` = 8897;
INSERT INTO `loan_address` (`id`, `created_at`, `updated_at`, `province`, `city`, `county`, `town`, `detail`) VALUES (8897, '2022-01-02 09:27:46.759658', '2022-01-02 09:27:46.759658', '河北省', '承德市', '承德县', '六沟镇', '安福路耀江花园125号');
UPDATE `loan_customer` SET `created_at` = '2022-01-02 09:27:46.759658', `updated_at` = '2022-01-02 10:21:49.897436', `name` = '郭林', `id_number` = '967117351365505774', `gender` = 'f', `birthday` = '1985-02-11', `address_id` = 8897, `job_id` = 1821, `salary` = 13000 WHERE `loan_customer`.`id` = 5515;
INSERT INTO `loan_customer` (`id`, `created_at`, `updated_at`, `name`, `id_number`, `gender`, `birthday`, `address_id`, `job_id`, `salary`) VALUES (5515, '2022-01-02 09:27:46.759658', '2022-01-02 10:21:49.897436', '郭林', '967117351365505774', 'f', '1985-02-11', 8897, 1821, 13000);
UPDATE `loan_address` SET `created_at` = '2022-01-02 03:02:57.371708', `updated_at` = '2022-01-02 03:02:57.371708', `province` = '吉林省', `city` = '四平市', `county` = '公主岭市', `town` = '十屋种牛场', `detail` = '宝联路182号' WHERE `loan_address`.`id` = 8898;
INSERT INTO `loan_address` (`id`, `created_at`, `updated_at`, `province`, `city`, `county`, `town`, `detail`) VALUES (8898, '2022-01-02 03:02:57.371708', '2022-01-02 03:02:57.371708', '吉林省', '四平市', '公主岭市', '十屋种牛场', '宝联路182号');
UPDATE `loan_customer` SET `created_at` = '2022-01-02 03:02:57.371708', `updated_at` = '2022-01-02 03:02:57.371708', `name` = '万开济', `id_number` = '884300862093670232', `gender` = 'm', `birthday` = '2007-09-23', `address_id` = 8898, `job_id` = 1821, `salary` = 20000 WHERE `loan_customer`.`id` = 5516;
INSERT INTO `loan_customer` (`id`, `created_at`, `updated_at`, `name`, `id_number`, `gender`, `birthday`, `address_id`, `job_id`, `salary`) VALUES (5516, '2022-01-02 03:02:57.371708', '2022-01-02 03:02:57.371708', '万开济', '884300862093670232', 'm', '2007-09-23', 8898, 1821, 20000);
UPDATE `loan_car` SET `created_at` = '2022-01-02 12:21:23.191492', `updated_at` = '2022-01-02 12:21:23.191492', `customer_id` = 5516, `model_id` = 218, `vin_number` = '537900462012470949', `date_produced` = '2021-06-25', `value_estimated` = 20000 WHERE `loan_car`.`id` = 4435;
INSERT INTO `loan_car` (`id`, `created_at`, `updated_at`, `customer_id`, `model_id`, `vin_number`, `date_produced`, `value_estimated`) VALUES (4435, '2022-01-02 12:21:23.191492', '2022-01-02 12:21:23.191492', 5516, 218, '537900462012470949', '2021-06-25', 20000);
UPDATE `loan_address` SET `created_at` = '2022-01-02 08:53:18.859770', `updated_at` = '2022-01-02 08:53:18.859770', `province` = '四川省', `city` = '德阳市', `county` = '中江县', `town` = '永安镇', `detail` = '包头南路和亭佳苑182号' WHERE `loan_address`.`id` = 8899;
INSERT INTO `loan_address` (`id`, `created_at`, `updated_at`, `province`, `city`, `county`, `town`, `detail`) VALUES (8899, '2022-01-02 08:53:18.859770', '2022-01-02 08:53:18.859770', '四川省', '德阳市', '中江县', '永安镇', '包头南路和亭佳苑182号');
UPDATE `loan_customer` SET `created_at` = '2022-01-02 08:53:18.859770', `updated_at` = '2022-01-02 12:31:50.124079', `name` = '田涵意', `id_number` = '485081397015676865', `gender` = 'f', `birthday` = '1983-10-18', `address_id` = 8899, `job_id` = 1821, `salary` = 19000 WHERE `loan_customer`.`id` = 5517;
INSERT INTO `loan_customer` (`id`, `created_at`, `updated_at`, `name`, `id_number`, `gender`, `birthday`, `address_id`, `job_id`, `salary`) VALUES (5517, '2022-01-02 08:53:18.859770', '2022-01-02 12:31:50.124079', '田涵意', '485081397015676865', 'f', '1983-10-18', 8899, 1821, 19000);
UPDATE `loan_car` SET `created_at` = '2022-01-02 10:18:49.365058', `updated_at` = '2022-01-02 11:11:07.944114', `customer_id` = 5517, `model_id` = 142, `vin_number` = '239994722669986755', `date_produced` = '2017-05-20', `value_estimated` = 90000 WHERE `loan_car`.`id` = 4436;
INSERT INTO `loan_car` (`id`, `created_at`, `updated_at`, `customer_id`, `model_id`, `vin_number`, `date_produced`, `value_estimated`) VALUES (4436, '2022-01-02 10:18:49.365058', '2022-01-02 11:11:07.944114', 5517, 142, '239994722669986755', '2017-05-20', 90000);
UPDATE `loan_car` SET `created_at` = '2022-01-02 09:59:41.586610', `updated_at` = '2022-01-02 09:59:41.586610', `customer_id` = 5517, `model_id` = 10, `vin_number` = '318236432480576482', `date_produced` = '2017-11-24', `value_estimated` = 130000 WHERE `loan_car`.`id` = 4437;
INSERT INTO `loan_car` (`id`, `created_at`, `updated_at`, `customer_id`, `model_id`, `vin_number`, `date_produced`, `value_estimated`) VALUES (4437, '2022-01-02 09:59:41.586610', '2022-01-02 09:59:41.586610', 5517, 10, '318236432480576482', '2017-11-24', 130000);
UPDATE `loan_address` SET `created_at` = '2022-01-02 06:41:54.789515', `updated_at` = '2022-01-02 06:41:54.789515', `province` = '甘肃省', `city` = '张掖市', `county` = '肃南裕固族自治县', `town` = '张掖宝瓶河牧场', `detail` = '安德路41号' WHERE `loan_address`.`id` = 8900;
INSERT INTO `loan_address` (`id`, `created_at`, `updated_at`, `province`, `city`, `county`, `town`, `detail`) VALUES (8900, '2022-01-02 06:41:54.789515', '2022-01-02 06:41:54.789515', '甘肃省', '张掖市', '肃南裕固族自治县', '张掖宝瓶河牧场', '安德路41号');
UPDATE `loan_customer` SET `created_at` = '2022-01-02 06:41:54.789515', `updated_at` = '2022-01-02 06:41:54.789515', `name` = '郭明', `id_number` = '734974064980393570', `gender` = 'm', `birthday` = '1988-06-24', `address_id` = 8900, `job_id` = 1822, `salary` = 46000 WHERE `loan_customer`.`id` = 5518;
INSERT INTO `loan_customer` (`id`, `created_at`, `updated_at`, `name`, `id_number`, `gender`, `birthday`, `address_id`, `job_id`, `salary`) VALUES (5518, '2022-01-02 06:41:54.789515', '2022-01-02 06:41:54.789515', '郭明', '734974064980393570', 'm', '1988-06-24', 8900, 1822, 46000);
UPDATE `loan_car` SET `created_at` = '2022-01-02 10:32:49.891521', `updated_at` = '2022-01-02 17:10:43.933078', `customer_id` = 5518, `model_id` = 46, `vin_number` = '348569949366751363', `date_produced` = '2011-07-13', `value_estimated` = 70000 WHERE `loan_car`.`id` = 4438;
INSERT INTO `loan_car` (`id`, `created_at`, `updated_at`, `customer_id`, `model_id`, `vin_number`, `date_produced`, `value_estimated`) VALUES (4438, '2022-01-02 10:32:49.891521', '2022-01-02 17:10:43.933078', 5518, 46, '348569949366751363', '2011-07-13', 70000);
UPDATE `loan_account` SET `created_at` = '2022-01-02 19:23:20.807040', `updated_at` = '2022-01-02 23:44:41.472392', `customer_id` = 5518, `number` = '942070444794243582', `balance` = 51003 WHERE `loan_account`.`id` = 5051;
INSERT INTO `loan_account` (`id`, `created_at`, `updated_at`, `customer_id`, `number`, `balance`) VALUES (5051, '2022-01-02 19:23:20.807040', '2022-01-02 23:44:41.472392', 5518, '942070444794243582', 51003);
UPDATE `loan_address` SET `created_at` = '2022-01-02 03:11:31.518161', `updated_at` = '2022-01-02 03:11:31.518161', `province` = '河南省', `city` = '商丘市', `county` = '永城市', `town` = '薛湖镇', `detail` = '安龙路47号' WHERE `loan_address`.`id` = 8901;
INSERT INTO `loan_address` (`id`, `created_at`, `updated_at`, `province`, `city`, `county`, `town`, `detail`) VALUES (8901, '2022-01-02 03:11:31.518161', '2022-01-02 03:11:31.518161', '河南省', '商丘市', '永城市', '薛湖镇', '安龙路47号');
UPDATE `loan_customer` SET `created_at` = '2022-01-02 03:11:31.518161', `updated_at` = '2022-01-02 17:18:10.554625', `name` = '吴勤', `id_number` = '788898522258359995', `gender` = 'm', `birthday` = '1985-04-16', `address_id` = 8901, `job_id` = 1822, `salary` = 9000 WHERE `loan_customer`.`id` = 5519;
INSERT INTO `loan_customer` (`id`, `created_at`, `updated_at`, `name`, `id_number`, `gender`, `birthday`, `address_id`, `job_id`, `salary`) VALUES (5519, '2022-01-02 03:11:31.518161', '2022-01-02 17:18:10.554625', '吴勤', '788898522258359995', 'm', '1985-04-16', 8901, 1822, 9000);
UPDATE `loan_address` SET `created_at` = '2022-01-02 09:04:14.409054', `updated_at` = '2022-01-02 09:04:14.409054', `province` = '湖北省', `city` = '黄冈市', `county` = '浠水县', `town` = '洗马镇', `detail` = '安图路菊园五街坊52号' WHERE `loan_address`.`id` = 8902;
INSERT INTO `loan_address` (`id`, `created_at`, `updated_at`, `province`, `city`, `county`, `town`, `detail`) VALUES (8902, '2022-01-02 09:04:14.409054', '2022-01-02 09:04:14.409054', '湖北省', '黄冈市', '浠水县', '洗马镇', '安图路菊园五街坊52号');
UPDATE `loan_estate` SET `created_at` = '2022-01-02 09:04:14.409054', `updated_at` = '2022-01-02 09:04:14.409054', `customer_id` = 5519, `address_id` = 8902 WHERE `loan_estate`.`id` = 3296;
INSERT INTO `loan_estate` (`id`, `created_at`, `updated_at`, `customer_id`, `address_id`) VALUES (3296, '2022-01-02 09:04:14.409054', '2022-01-02 09:04:14.409054', 5519, 8902);
UPDATE `loan_car` SET `created_at` = '2022-01-02 21:24:12.594912', `updated_at` = '2022-01-02 21:24:12.594912', `customer_id` = 5519, `model_id` = 178, `vin_number` = '455967217997970000', `date_produced` = '2014-09-10', `value_estimated` = 880000 WHERE `loan_car`.`id` = 4439;
INSERT INTO `loan_car` (`id`, `created_at`, `updated_at`, `customer_id`, `model_id`, `vin_number`, `date_produced`, `value_estimated`) VALUES (4439, '2022-01-02 21:24:12.594912', '2022-01-02 21:24:12.594912', 5519, 178, '455967217997970000', '2014-09-10', 880000);
UPDATE `loan_account` SET `created_at` = '2022-01-02 22:28:00.244317', `updated_at` = '2022-01-02 22:41:08.982436', `customer_id` = 5519, `number` = '836906731595611134', `balance` = 65005 WHERE `loan_account`.`id` = 5052;
INSERT INTO `loan_account` (`id`, `created_at`, `updated_at`, `customer_id`, `number`, `balance`) VALUES (5052, '2022-01-02 22:28:00.244317', '2022-01-02 22:41:08.982436', 5519, '836906731595611134', 65005);
UPDATE `loan_address` SET `created_at` = '2022-01-02 11:55:33.671763', `updated_at` = '2022-01-02 11:55:33.671763', `province` = '广西壮族自治区', `city` = '桂林市', `county` = '阳朔县', `town` = '福利镇', `detail` = '白城南路129号' WHERE `loan_address`.`id` = 8903;
INSERT INTO `loan_address` (`id`, `created_at`, `updated_at`, `province`, `city`, `county`, `town`, `detail`) VALUES (8903, '2022-01-02 11:55:33.671763', '2022-01-02 11:55:33.671763', '广西壮族自治区', '桂林市', '阳朔县', '福利镇', '白城南路129号');
UPDATE `loan_customer` SET `created_at` = '2022-01-02 11:55:33.671763', `updated_at` = '2022-01-02 11:55:33.671763', `name` = '常旁', `id_number` = '710725505534653854', `gender` = 'f', `birthday` = '2004-11-21', `address_id` = 8903, `job_id` = 1823, `salary` = 35000 WHERE `loan_customer`.`id` = 5520;
INSERT INTO `loan_customer` (`id`, `created_at`, `updated_at`, `name`, `id_number`, `gender`, `birthday`, `address_id`, `job_id`, `salary`) VALUES (5520, '2022-01-02 11:55:33.671763', '2022-01-02 11:55:33.671763', '常旁', '710725505534653854', 'f', '2004-11-21', 8903, 1823, 35000);
UPDATE `loan_chattel` SET `created_at` = '2022-01-02 14:51:53.776844', `updated_at` = '2022-01-02 21:27:35.269181', `customer_id` = 5520, `type` = 'copyright', `description` = '一些信息', `value_amount` = 20000, `expired_at` = '2026-12-08' WHERE `loan_chattel`.`id` = 1618;
INSERT INTO `loan_chattel` (`id`, `created_at`, `updated_at`, `customer_id`, `type`, `description`, `value_amount`, `expired_at`) VALUES (1618, '2022-01-02 14:51:53.776844', '2022-01-02 21:27:35.269181', 5520, 'copyright', '一些信息', 20000, '2026-12-08');
UPDATE `loan_chattel` SET `created_at` = '2022-01-02 12:22:18.335963', `updated_at` = '2022-01-02 16:40:00.373888', `customer_id` = 5520, `type` = 'draft', `description` = '一些信息', `value_amount` = 20000, `expired_at` = '2021-02-14' WHERE `loan_chattel`.`id` = 1619;
INSERT INTO `loan_chattel` (`id`, `created_at`, `updated_at`, `customer_id`, `type`, `description`, `value_amount`, `expired_at`) VALUES (1619, '2022-01-02 12:22:18.335963', '2022-01-02 16:40:00.373888', 5520, 'draft', '一些信息', 20000, '2021-02-14');
UPDATE `loan_chattel` SET `created_at` = '2022-01-02 13:34:01.330476', `updated_at` = '2022-01-02 13:34:01.330476', `customer_id` = 5520, `type` = 'patent', `description` = '一些信息', `value_amount` = 510000, `expired_at` = '2024-06-13' WHERE `loan_chattel`.`id` = 1620;
INSERT INTO `loan_chattel` (`id`, `created_at`, `updated_at`, `customer_id`, `type`, `description`, `value_amount`, `expired_at`) VALUES (1620, '2022-01-02 13:34:01.330476', '2022-01-02 13:34:01.330476', 5520, 'patent', '一些信息', 510000, '2024-06-13');
UPDATE `loan_address` SET `created_at` = '2022-01-02 14:05:30.239951', `updated_at` = '2022-01-02 14:05:30.239951', `province` = '浙江省', `city` = '丽水市', `county` = '庆元县', `town` = '贤良镇', `detail` = '白兰路阳光翠竹苑84号' WHERE `loan_address`.`id` = 8904;
INSERT INTO `loan_address` (`id`, `created_at`, `updated_at`, `province`, `city`, `county`, `town`, `detail`) VALUES (8904, '2022-01-02 14:05:30.239951', '2022-01-02 14:05:30.239951', '浙江省', '丽水市', '庆元县', '贤良镇', '白兰路阳光翠竹苑84号');
UPDATE `loan_estate` SET `created_at` = '2022-01-02 14:05:30.239951', `updated_at` = '2022-01-02 14:05:30.239951', `customer_id` = 5520, `address_id` = 8904 WHERE `loan_estate`.`id` = 3297;
INSERT INTO `loan_estate` (`id`, `created_at`, `updated_at`, `customer_id`, `address_id`) VALUES (3297, '2022-01-02 14:05:30.239951', '2022-01-02 14:05:30.239951', 5520, 8904);
UPDATE `loan_car` SET `created_at` = '2022-01-02 13:38:31.597370', `updated_at` = '2022-01-02 13:38:31.597370', `customer_id` = 5520, `model_id` = 152, `vin_number` = '554677628011628755', `date_produced` = '2018-07-04', `value_estimated` = 830000 WHERE `loan_car`.`id` = 4440;
INSERT INTO `loan_car` (`id`, `created_at`, `updated_at`, `customer_id`, `model_id`, `vin_number`, `date_produced`, `value_estimated`) VALUES (4440, '2022-01-02 13:38:31.597370', '2022-01-02 13:38:31.597370', 5520, 152, '554677628011628755', '2018-07-04', 830000);
UPDATE `loan_account` SET `created_at` = '2022-01-02 21:03:19.150640', `updated_at` = '2022-01-02 21:03:19.150640', `customer_id` = 5520, `number` = '329080068048749700', `balance` = 69221 WHERE `loan_account`.`id` = 5053;
INSERT INTO `loan_account` (`id`, `created_at`, `updated_at`, `customer_id`, `number`, `balance`) VALUES (5053, '2022-01-02 21:03:19.150640', '2022-01-02 21:03:19.150640', 5520, '329080068048749700', 69221);
UPDATE `loan_address` SET `created_at` = '2022-01-02 07:08:51.761791', `updated_at` = '2022-01-02 07:08:51.761791', `province` = '河南省', `city` = '三门峡市', `county` = '陕州区', `town` = '西张村镇', `detail` = '宝林路148号' WHERE `loan_address`.`id` = 8905;
INSERT INTO `loan_address` (`id`, `created_at`, `updated_at`, `province`, `city`, `county`, `town`, `detail`) VALUES (8905, '2022-01-02 07:08:51.761791', '2022-01-02 07:08:51.761791', '河南省', '三门峡市', '陕州区', '西张村镇', '宝林路148号');
UPDATE `loan_customer` SET `created_at` = '2022-01-02 07:08:51.761791', `updated_at` = '2022-01-02 09:26:48.421355', `name` = '田欢', `id_number` = '654385275837943038', `gender` = 'f', `birthday` = '1988-10-20', `address_id` = 8905, `job_id` = 1824, `salary` = 30000 WHERE `loan_customer`.`id` = 5521;
INSERT INTO `loan_customer` (`id`, `created_at`, `updated_at`, `name`, `id_number`, `gender`, `birthday`, `address_id`, `job_id`, `salary`) VALUES (5521, '2022-01-02 07:08:51.761791', '2022-01-02 09:26:48.421355', '田欢', '654385275837943038', 'f', '1988-10-20', 8905, 1824, 30000);
UPDATE `loan_car` SET `created_at` = '2022-01-02 14:58:32.844284', `updated_at` = '2022-01-02 14:58:32.844284', `customer_id` = 5521, `model_id` = 108, `vin_number` = '850055092283713537', `date_produced` = '2016-09-14', `value_estimated` = 500000 WHERE `loan_car`.`id` = 4441;
INSERT INTO `loan_car` (`id`, `created_at`, `updated_at`, `customer_id`, `model_id`, `vin_number`, `date_produced`, `value_estimated`) VALUES (4441, '2022-01-02 14:58:32.844284', '2022-01-02 14:58:32.844284', 5521, 108, '850055092283713537', '2016-09-14', 500000);
UPDATE `loan_account` SET `created_at` = '2022-01-02 23:56:30.722086', `updated_at` = '2022-01-02 23:57:00.947281', `customer_id` = 5521, `number` = '215954590489164627', `balance` = 50019 WHERE `loan_account`.`id` = 5054;
INSERT INTO `loan_account` (`id`, `created_at`, `updated_at`, `customer_id`, `number`, `balance`) VALUES (5054, '2022-01-02 23:56:30.722086', '2022-01-02 23:57:00.947281', 5521, '215954590489164627', 50019);
UPDATE `loan_address` SET `created_at` = '2022-01-02 11:01:03.135665', `updated_at` = '2022-01-02 11:01:03.135665', `province` = '新疆维吾尔自治区', `city` = '自治区直辖县级行政区划', `county` = '图木舒克市', `town` = '兵团四十一团', `detail` = '白水路116号' WHERE `loan_address`.`id` = 8906;
INSERT INTO `loan_address` (`id`, `created_at`, `updated_at`, `province`, `city`, `county`, `town`, `detail`) VALUES (8906, '2022-01-02 11:01:03.135665', '2022-01-02 11:01:03.135665', '新疆维吾尔自治区', '自治区直辖县级行政区划', '图木舒克市', '兵团四十一团', '白水路116号');
UPDATE `loan_customer` SET `created_at` = '2022-01-02 11:01:03.135665', `updated_at` = '2022-01-02 14:07:38.718905', `name` = '朱煜', `id_number` = '907799683365008983', `gender` = 'm', `birthday` = '1985-03-08', `address_id` = 8906, `job_id` = 1824, `salary` = 21000 WHERE `loan_customer`.`id` = 5522;
INSERT INTO `loan_customer` (`id`, `created_at`, `updated_at`, `name`, `id_number`, `gender`, `birthday`, `address_id`, `job_id`, `salary`) VALUES (5522, '2022-01-02 11:01:03.135665', '2022-01-02 14:07:38.718905', '朱煜', '907799683365008983', 'm', '1985-03-08', 8906, 1824, 21000);
UPDATE `loan_chattel` SET `created_at` = '2022-01-02 19:09:11.348699', `updated_at` = '2022-01-02 19:09:11.348699', `customer_id` = 5522, `type` = 'fund', `description` = '一些信息', `value_amount` = 270000, `expired_at` = '2020-11-09' WHERE `loan_chattel`.`id` = 1621;
INSERT INTO `loan_chattel` (`id`, `created_at`, `updated_at`, `customer_id`, `type`, `description`, `value_amount`, `expired_at`) VALUES (1621, '2022-01-02 19:09:11.348699', '2022-01-02 19:09:11.348699', 5522, 'fund', '一些信息', 270000, '2020-11-09');
UPDATE `loan_car` SET `created_at` = '2022-01-02 23:02:35.007070', `updated_at` = '2022-01-02 23:02:35.007070', `customer_id` = 5522, `model_id` = 34, `vin_number` = '328183525690248454', `date_produced` = '2019-09-19', `value_estimated` = 510000 WHERE `loan_car`.`id` = 4442;
INSERT INTO `loan_car` (`id`, `created_at`, `updated_at`, `customer_id`, `model_id`, `vin_number`, `date_produced`, `value_estimated`) VALUES (4442, '2022-01-02 23:02:35.007070', '2022-01-02 23:02:35.007070', 5522, 34, '328183525690248454', '2019-09-19', 510000);
UPDATE `loan_account` SET `created_at` = '2022-01-02 16:09:57.870081', `updated_at` = '2022-01-02 19:37:57.451947', `customer_id` = 5522, `number` = '589856501664278299', `balance` = 80863 WHERE `loan_account`.`id` = 5055;
INSERT INTO `loan_account` (`id`, `created_at`, `updated_at`, `customer_id`, `number`, `balance`) VALUES (5055, '2022-01-02 16:09:57.870081', '2022-01-02 19:37:57.451947', 5522, '589856501664278299', 80863);
UPDATE `loan_address` SET `created_at` = '2022-01-02 08:11:37.443765', `updated_at` = '2022-01-02 08:11:37.443765', `province` = '北京市', `city` = '市辖区', `county` = '密云区', `town` = '石城镇', `detail` = '白玉路东新大厦76号' WHERE `loan_address`.`id` = 8907;
INSERT INTO `loan_address` (`id`, `created_at`, `updated_at`, `province`, `city`, `county`, `town`, `detail`) VALUES (8907, '2022-01-02 08:11:37.443765', '2022-01-02 08:11:37.443765', '北京市', '市辖区', '密云区', '石城镇', '白玉路东新大厦76号');
UPDATE `loan_customer` SET `created_at` = '2022-01-02 08:11:37.443765', `updated_at` = '2022-01-02 18:00:16.791874', `name` = '黎兴发', `id_number` = '130598512881629618', `gender` = 'f', `birthday` = '1989-03-21', `address_id` = 8907, `job_id` = 1824, `salary` = 20000 WHERE `loan_customer`.`id` = 5523;
INSERT INTO `loan_customer` (`id`, `created_at`, `updated_at`, `name`, `id_number`, `gender`, `birthday`, `address_id`, `job_id`, `salary`) VALUES (5523, '2022-01-02 08:11:37.443765', '2022-01-02 18:00:16.791874', '黎兴发', '130598512881629618', 'f', '1989-03-21', 8907, 1824, 20000);
UPDATE `loan_car` SET `created_at` = '2022-01-02 23:04:36.024310', `updated_at` = '2022-01-02 23:57:28.913673', `customer_id` = 5523, `model_id` = 242, `vin_number` = '898868690106270620', `date_produced` = '2011-02-06', `value_estimated` = 80000 WHERE `loan_car`.`id` = 4443;
INSERT INTO `loan_car` (`id`, `created_at`, `updated_at`, `customer_id`, `model_id`, `vin_number`, `date_produced`, `value_estimated`) VALUES (4443, '2022-01-02 23:04:36.024310', '2022-01-02 23:57:28.913673', 5523, 242, '898868690106270620', '2011-02-06', 80000);
UPDATE `loan_account` SET `created_at` = '2022-01-02 23:49:39.894852', `updated_at` = '2022-01-02 23:49:39.894852', `customer_id` = 5523, `number` = '906419215446405706', `balance` = 189085 WHERE `loan_account`.`id` = 5056;
INSERT INTO `loan_account` (`id`, `created_at`, `updated_at`, `customer_id`, `number`, `balance`) VALUES (5056, '2022-01-02 23:49:39.894852', '2022-01-02 23:49:39.894852', 5523, '906419215446405706', 189085);
UPDATE `loan_address` SET `created_at` = '2022-01-02 03:00:24.264487', `updated_at` = '2022-01-02 03:00:24.264487', `province` = '云南省', `city` = '昆明市', `county` = '嵩明县', `town` = '嵩明杨林经济技术开发区', `detail` = '宝祁路142号' WHERE `loan_address`.`id` = 8908;
INSERT INTO `loan_address` (`id`, `created_at`, `updated_at`, `province`, `city`, `county`, `town`, `detail`) VALUES (8908, '2022-01-02 03:00:24.264487', '2022-01-02 03:00:24.264487', '云南省', '昆明市', '嵩明县', '嵩明杨林经济技术开发区', '宝祁路142号');
UPDATE `loan_customer` SET `created_at` = '2022-01-02 03:00:24.264487', `updated_at` = '2022-01-02 03:00:24.264487', `name` = '苏平', `id_number` = '546955615796485215', `gender` = 'f', `birthday` = '1984-04-16', `address_id` = 8908, `job_id` = 1824, `salary` = 5000 WHERE `loan_customer`.`id` = 5524;
INSERT INTO `loan_customer` (`id`, `created_at`, `updated_at`, `name`, `id_number`, `gender`, `birthday`, `address_id`, `job_id`, `salary`) VALUES (5524, '2022-01-02 03:00:24.264487', '2022-01-02 03:00:24.264487', '苏平', '546955615796485215', 'f', '1984-04-16', 8908, 1824, 5000);
UPDATE `loan_address` SET `created_at` = '2022-01-02 19:27:10.109048', `updated_at` = '2022-01-02 19:27:10.109048', `province` = '新疆维吾尔自治区', `city` = '塔城地区', `county` = '额敏县', `town` = '也木勒牧场', `detail` = '鞍山路110号' WHERE `loan_address`.`id` = 8909;
INSERT INTO `loan_address` (`id`, `created_at`, `updated_at`, `province`, `city`, `county`, `town`, `detail`) VALUES (8909, '2022-01-02 19:27:10.109048', '2022-01-02 19:27:10.109048', '新疆维吾尔自治区', '塔城地区', '额敏县', '也木勒牧场', '鞍山路110号');
UPDATE `loan_estate` SET `created_at` = '2022-01-02 19:27:10.109048', `updated_at` = '2022-01-02 19:27:10.109048', `customer_id` = 5524, `address_id` = 8909 WHERE `loan_estate`.`id` = 3298;
INSERT INTO `loan_estate` (`id`, `created_at`, `updated_at`, `customer_id`, `address_id`) VALUES (3298, '2022-01-02 19:27:10.109048', '2022-01-02 19:27:10.109048', 5524, 8909);
UPDATE `loan_car` SET `created_at` = '2022-01-02 13:37:08.355083', `updated_at` = '2022-01-02 13:37:08.355083', `customer_id` = 5524, `model_id` = 167, `vin_number` = '342690166567421088', `date_produced` = '2012-03-16', `value_estimated` = 240000 WHERE `loan_car`.`id` = 4444;
INSERT INTO `loan_car` (`id`, `created_at`, `updated_at`, `customer_id`, `model_id`, `vin_number`, `date_produced`, `value_estimated`) VALUES (4444, '2022-01-02 13:37:08.355083', '2022-01-02 13:37:08.355083', 5524, 167, '342690166567421088', '2012-03-16', 240000);
UPDATE `loan_account` SET `created_at` = '2022-01-02 13:37:44.943534', `updated_at` = '2022-01-02 22:29:27.199262', `customer_id` = 5524, `number` = '010558317052010194', `balance` = 14318 WHERE `loan_account`.`id` = 5057;
INSERT INTO `loan_account` (`id`, `created_at`, `updated_at`, `customer_id`, `number`, `balance`) VALUES (5057, '2022-01-02 13:37:44.943534', '2022-01-02 22:29:27.199262', 5524, '010558317052010194', 14318);
UPDATE `loan_address` SET `created_at` = '2022-01-02 12:23:24.230908', `updated_at` = '2022-01-02 12:23:24.230908', `province` = '湖南省', `city` = '岳阳市', `county` = '平江县', `town` = '福寿山镇', `detail` = '鞍山路159号' WHERE `loan_address`.`id` = 8910;
INSERT INTO `loan_address` (`id`, `created_at`, `updated_at`, `province`, `city`, `county`, `town`, `detail`) VALUES (8910, '2022-01-02 12:23:24.230908', '2022-01-02 12:23:24.230908', '湖南省', '岳阳市', '平江县', '福寿山镇', '鞍山路159号');
UPDATE `loan_customer` SET `created_at` = '2022-01-02 12:23:24.230908', `updated_at` = '2022-01-02 12:23:24.230908', `name` = '朱雄', `id_number` = '076528728812424812', `gender` = 'f', `birthday` = '1995-07-23', `address_id` = 8910, `job_id` = 1825, `salary` = 33000 WHERE `loan_customer`.`id` = 5525;
INSERT INTO `loan_customer` (`id`, `created_at`, `updated_at`, `name`, `id_number`, `gender`, `birthday`, `address_id`, `job_id`, `salary`) VALUES (5525, '2022-01-02 12:23:24.230908', '2022-01-02 12:23:24.230908', '朱雄', '076528728812424812', 'f', '1995-07-23', 8910, 1825, 33000);
UPDATE `loan_car` SET `created_at` = '2022-01-02 15:14:57.374255', `updated_at` = '2022-01-02 19:56:49.676889', `customer_id` = 5525, `model_id` = 210, `vin_number` = '103655589956957977', `date_produced` = '2017-09-27', `value_estimated` = 280000 WHERE `loan_car`.`id` = 4445;
INSERT INTO `loan_car` (`id`, `created_at`, `updated_at`, `customer_id`, `model_id`, `vin_number`, `date_produced`, `value_estimated`) VALUES (4445, '2022-01-02 15:14:57.374255', '2022-01-02 19:56:49.676889', 5525, 210, '103655589956957977', '2017-09-27', 280000);
UPDATE `loan_account` SET `created_at` = '2022-01-02 18:54:14.344928', `updated_at` = '2022-01-02 18:54:14.344928', `customer_id` = 5525, `number` = '355514136839666649', `balance` = 78247 WHERE `loan_account`.`id` = 5058;
INSERT INTO `loan_account` (`id`, `created_at`, `updated_at`, `customer_id`, `number`, `balance`) VALUES (5058, '2022-01-02 18:54:14.344928', '2022-01-02 18:54:14.344928', 5525, '355514136839666649', 78247);
UPDATE `loan_address` SET `created_at` = '2022-01-02 23:39:40.348414', `updated_at` = '2022-01-02 23:39:40.348414', `province` = '云南省', `city` = '丽江市', `county` = '宁蒗彝族自治县', `town` = '烂泥箐乡', `detail` = '宝通路30号' WHERE `loan_address`.`id` = 8911;
INSERT INTO `loan_address` (`id`, `created_at`, `updated_at`, `province`, `city`, `county`, `town`, `detail`) VALUES (8911, '2022-01-02 23:39:40.348414', '2022-01-02 23:39:40.348414', '云南省', '丽江市', '宁蒗彝族自治县', '烂泥箐乡', '宝通路30号');
UPDATE `loan_customer` SET `created_at` = '2022-01-02 23:39:40.348414', `updated_at` = '2022-01-02 23:39:40.348414', `name` = '石鹏赋', `id_number` = '637714670075741198', `gender` = 'm', `birthday` = '1981-03-14', `address_id` = 8911, `job_id` = 1825, `salary` = 55000 WHERE `loan_customer`.`id` = 5526;
INSERT INTO `loan_customer` (`id`, `created_at`, `updated_at`, `name`, `id_number`, `gender`, `birthday`, `address_id`, `job_id`, `salary`) VALUES (5526, '2022-01-02 23:39:40.348414', '2022-01-02 23:39:40.348414', '石鹏赋', '637714670075741198', 'm', '1981-03-14', 8911, 1825, 55000);
UPDATE `loan_car` SET `created_at` = '2022-01-02 23:43:41.442450', `updated_at` = '2022-01-02 23:46:01.318034', `customer_id` = 5526, `model_id` = 193, `vin_number` = '729002903401366144', `date_produced` = '2012-01-28', `value_estimated` = 30000 WHERE `loan_car`.`id` = 4446;
INSERT INTO `loan_car` (`id`, `created_at`, `updated_at`, `customer_id`, `model_id`, `vin_number`, `date_produced`, `value_estimated`) VALUES (4446, '2022-01-02 23:43:41.442450', '2022-01-02 23:46:01.318034', 5526, 193, '729002903401366144', '2012-01-28', 30000);
UPDATE `loan_account` SET `created_at` = '2022-01-02 23:41:51.695037', `updated_at` = '2022-01-02 23:41:51.695037', `customer_id` = 5526, `number` = '584523163261779424', `balance` = 60813 WHERE `loan_account`.`id` = 5059;
INSERT INTO `loan_account` (`id`, `created_at`, `updated_at`, `customer_id`, `number`, `balance`) VALUES (5059, '2022-01-02 23:41:51.695037', '2022-01-02 23:41:51.695037', 5526, '584523163261779424', 60813);
UPDATE `loan_address` SET `created_at` = '2022-01-02 14:45:57.511796', `updated_at` = '2022-01-02 14:45:57.511796', `province` = '四川省', `city` = '眉山市', `county` = '仁寿县', `town` = '彰加镇', `detail` = '宝山路住友嘉馨名园66号' WHERE `loan_address`.`id` = 8912;
INSERT INTO `loan_address` (`id`, `created_at`, `updated_at`, `province`, `city`, `county`, `town`, `detail`) VALUES (8912, '2022-01-02 14:45:57.511796', '2022-01-02 14:45:57.511796', '四川省', '眉山市', '仁寿县', '彰加镇', '宝山路住友嘉馨名园66号');
UPDATE `loan_customer` SET `created_at` = '2022-01-02 14:45:57.511796', `updated_at` = '2022-01-02 14:45:57.511796', `name` = '魏仁', `id_number` = '367414226851906934', `gender` = 'f', `birthday` = '1980-08-20', `address_id` = 8912, `job_id` = 1825, `salary` = 27000 WHERE `loan_customer`.`id` = 5527;
INSERT INTO `loan_customer` (`id`, `created_at`, `updated_at`, `name`, `id_number`, `gender`, `birthday`, `address_id`, `job_id`, `salary`) VALUES (5527, '2022-01-02 14:45:57.511796', '2022-01-02 14:45:57.511796', '魏仁', '367414226851906934', 'f', '1980-08-20', 8912, 1825, 27000);
UPDATE `loan_car` SET `created_at` = '2022-01-02 23:47:47.701869', `updated_at` = '2022-01-02 23:50:45.043755', `customer_id` = 5527, `model_id` = 199, `vin_number` = '759032732077463547', `date_produced` = '2013-04-23', `value_estimated` = 220000 WHERE `loan_car`.`id` = 4447;
INSERT INTO `loan_car` (`id`, `created_at`, `updated_at`, `customer_id`, `model_id`, `vin_number`, `date_produced`, `value_estimated`) VALUES (4447, '2022-01-02 23:47:47.701869', '2022-01-02 23:50:45.043755', 5527, 199, '759032732077463547', '2013-04-23', 220000);
UPDATE `loan_account` SET `created_at` = '2022-01-02 16:12:55.245085', `updated_at` = '2022-01-02 16:12:55.245085', `customer_id` = 5527, `number` = '351343745542913284', `balance` = 83254 WHERE `loan_account`.`id` = 5060;
INSERT INTO `loan_account` (`id`, `created_at`, `updated_at`, `customer_id`, `number`, `balance`) VALUES (5060, '2022-01-02 16:12:55.245085', '2022-01-02 16:12:55.245085', 5527, '351343745542913284', 83254);
UPDATE `loan_address` SET `created_at` = '2022-01-02 02:20:29.316474', `updated_at` = '2022-01-02 02:20:29.316474', `province` = '河北省', `city` = '保定市', `county` = '涿州市', `town` = '义和庄镇', `detail` = '宝联路180号' WHERE `loan_address`.`id` = 8913;
INSERT INTO `loan_address` (`id`, `created_at`, `updated_at`, `province`, `city`, `county`, `town`, `detail`) VALUES (8913, '2022-01-02 02:20:29.316474', '2022-01-02 02:20:29.316474', '河北省', '保定市', '涿州市', '义和庄镇', '宝联路180号');
UPDATE `loan_customer` SET `created_at` = '2022-01-02 02:20:29.316474', `updated_at` = '2022-01-02 07:17:44.749477', `name` = '崔力言', `id_number` = '846015131500268905', `gender` = 'm', `birthday` = '1981-03-28', `address_id` = 8913, `job_id` = 1825, `salary` = 15000 WHERE `loan_customer`.`id` = 5528;
INSERT INTO `loan_customer` (`id`, `created_at`, `updated_at`, `name`, `id_number`, `gender`, `birthday`, `address_id`, `job_id`, `salary`) VALUES (5528, '2022-01-02 02:20:29.316474', '2022-01-02 07:17:44.749477', '崔力言', '846015131500268905', 'm', '1981-03-28', 8913, 1825, 15000);
UPDATE `loan_address` SET `created_at` = '2022-01-02 03:00:47.165468', `updated_at` = '2022-01-02 03:00:47.165468', `province` = '辽宁省', `city` = '沈阳市', `county` = '辽中区', `town` = '潘家堡镇', `detail` = '八一路菊园五街坊49号' WHERE `loan_address`.`id` = 8914;
INSERT INTO `loan_address` (`id`, `created_at`, `updated_at`, `province`, `city`, `county`, `town`, `detail`) VALUES (8914, '2022-01-02 03:00:47.165468', '2022-01-02 03:00:47.165468', '辽宁省', '沈阳市', '辽中区', '潘家堡镇', '八一路菊园五街坊49号');
UPDATE `loan_estate` SET `created_at` = '2022-01-02 03:00:47.165468', `updated_at` = '2022-01-02 03:00:47.165468', `customer_id` = 5528, `address_id` = 8914 WHERE `loan_estate`.`id` = 3299;
INSERT INTO `loan_estate` (`id`, `created_at`, `updated_at`, `customer_id`, `address_id`) VALUES (3299, '2022-01-02 03:00:47.165468', '2022-01-02 03:00:47.165468', 5528, 8914);
UPDATE `loan_car` SET `created_at` = '2022-01-02 13:15:29.247465', `updated_at` = '2022-01-02 15:38:18.707577', `customer_id` = 5528, `model_id` = 261, `vin_number` = '177937508980192640', `date_produced` = '2017-08-22', `value_estimated` = 660000 WHERE `loan_car`.`id` = 4448;
INSERT INTO `loan_car` (`id`, `created_at`, `updated_at`, `customer_id`, `model_id`, `vin_number`, `date_produced`, `value_estimated`) VALUES (4448, '2022-01-02 13:15:29.247465', '2022-01-02 15:38:18.707577', 5528, 261, '177937508980192640', '2017-08-22', 660000);
UPDATE `loan_address` SET `created_at` = '2022-01-02 18:21:38.317130', `updated_at` = '2022-01-02 18:21:38.317130', `province` = '青海省', `city` = '海东市', `county` = '化隆回族自治县', `town` = '雄先藏族乡', `detail` = '白渡桥真新六街坊158号' WHERE `loan_address`.`id` = 8915;
INSERT INTO `loan_address` (`id`, `created_at`, `updated_at`, `province`, `city`, `county`, `town`, `detail`) VALUES (8915, '2022-01-02 18:21:38.317130', '2022-01-02 18:21:38.317130', '青海省', '海东市', '化隆回族自治县', '雄先藏族乡', '白渡桥真新六街坊158号');
UPDATE `loan_customer` SET `created_at` = '2022-01-02 18:21:38.317130', `updated_at` = '2022-01-02 22:35:04.168686', `name` = '赖英', `id_number` = '475469175838004596', `gender` = 'f', `birthday` = '2005-10-22', `address_id` = 8915, `job_id` = 1825, `salary` = 20000 WHERE `loan_customer`.`id` = 5529;
INSERT INTO `loan_customer` (`id`, `created_at`, `updated_at`, `name`, `id_number`, `gender`, `birthday`, `address_id`, `job_id`, `salary`) VALUES (5529, '2022-01-02 18:21:38.317130', '2022-01-02 22:35:04.168686', '赖英', '475469175838004596', 'f', '2005-10-22', 8915, 1825, 20000);
UPDATE `loan_account` SET `created_at` = '2022-01-02 19:12:51.326697', `updated_at` = '2022-01-02 19:12:51.326697', `customer_id` = 5529, `number` = '595432920240918047', `balance` = 168148 WHERE `loan_account`.`id` = 5061;
INSERT INTO `loan_account` (`id`, `created_at`, `updated_at`, `customer_id`, `number`, `balance`) VALUES (5061, '2022-01-02 19:12:51.326697', '2022-01-02 19:12:51.326697', 5529, '595432920240918047', 168148);
UPDATE `loan_address` SET `created_at` = '2022-01-02 20:40:30.896804', `updated_at` = '2022-01-02 20:40:30.896804', `province` = '重庆市', `city` = '县', `county` = '秀山土家族苗族自治县', `town` = '溪口镇', `detail` = '宝昌路耀江花园84号' WHERE `loan_address`.`id` = 8916;
INSERT INTO `loan_address` (`id`, `created_at`, `updated_at`, `province`, `city`, `county`, `town`, `detail`) VALUES (8916, '2022-01-02 20:40:30.896804', '2022-01-02 20:40:30.896804', '重庆市', '县', '秀山土家族苗族自治县', '溪口镇', '宝昌路耀江花园84号');
UPDATE `loan_customer` SET `created_at` = '2022-01-02 20:40:30.896804', `updated_at` = '2022-01-02 21:39:11.168167', `name` = '方慧', `id_number` = '979383191801336448', `gender` = 'f', `birthday` = '1980-06-05', `address_id` = 8916, `job_id` = 1826, `salary` = 37000 WHERE `loan_customer`.`id` = 5530;
INSERT INTO `loan_customer` (`id`, `created_at`, `updated_at`, `name`, `id_number`, `gender`, `birthday`, `address_id`, `job_id`, `salary`) VALUES (5530, '2022-01-02 20:40:30.896804', '2022-01-02 21:39:11.168167', '方慧', '979383191801336448', 'f', '1980-06-05', 8916, 1826, 37000);
UPDATE `loan_car` SET `created_at` = '2022-01-02 23:02:49.359044', `updated_at` = '2022-01-02 23:02:49.359044', `customer_id` = 5530, `model_id` = 102, `vin_number` = '548207022385694433', `date_produced` = '2018-03-12', `value_estimated` = 20000 WHERE `loan_car`.`id` = 4449;
INSERT INTO `loan_car` (`id`, `created_at`, `updated_at`, `customer_id`, `model_id`, `vin_number`, `date_produced`, `value_estimated`) VALUES (4449, '2022-01-02 23:02:49.359044', '2022-01-02 23:02:49.359044', 5530, 102, '548207022385694433', '2018-03-12', 20000);
UPDATE `loan_account` SET `created_at` = '2022-01-02 23:24:43.573669', `updated_at` = '2022-01-02 23:28:44.715097', `customer_id` = 5530, `number` = '142061093092727204', `balance` = 43039 WHERE `loan_account`.`id` = 5062;
INSERT INTO `loan_account` (`id`, `created_at`, `updated_at`, `customer_id`, `number`, `balance`) VALUES (5062, '2022-01-02 23:24:43.573669', '2022-01-02 23:28:44.715097', 5530, '142061093092727204', 43039);
UPDATE `loan_address` SET `created_at` = '2022-01-02 17:54:58.801912', `updated_at` = '2022-01-02 17:54:58.801912', `province` = '陕西省', `city` = '延安市', `county` = '延川县', `town` = '永坪镇', `detail` = '巴林路真新六街坊70号' WHERE `loan_address`.`id` = 8917;
INSERT INTO `loan_address` (`id`, `created_at`, `updated_at`, `province`, `city`, `county`, `town`, `detail`) VALUES (8917, '2022-01-02 17:54:58.801912', '2022-01-02 17:54:58.801912', '陕西省', '延安市', '延川县', '永坪镇', '巴林路真新六街坊70号');
UPDATE `loan_customer` SET `created_at` = '2022-01-02 17:54:58.801912', `updated_at` = '2022-01-02 22:06:25.502529', `name` = '陆飞星', `id_number` = '476240935317270978', `gender` = 'f', `birthday` = '1984-06-15', `address_id` = 8917, `job_id` = 1826, `salary` = 13000 WHERE `loan_customer`.`id` = 5531;
INSERT INTO `loan_customer` (`id`, `created_at`, `updated_at`, `name`, `id_number`, `gender`, `birthday`, `address_id`, `job_id`, `salary`) VALUES (5531, '2022-01-02 17:54:58.801912', '2022-01-02 22:06:25.502529', '陆飞星', '476240935317270978', 'f', '1984-06-15', 8917, 1826, 13000);
UPDATE `loan_chattel` SET `created_at` = '2022-01-02 18:04:40.503848', `updated_at` = '2022-01-02 18:04:40.503848', `customer_id` = 5531, `type` = 'patent', `description` = '一些信息', `value_amount` = 710000, `expired_at` = '2020-08-31' WHERE `loan_chattel`.`id` = 1622;
INSERT INTO `loan_chattel` (`id`, `created_at`, `updated_at`, `customer_id`, `type`, `description`, `value_amount`, `expired_at`) VALUES (1622, '2022-01-02 18:04:40.503848', '2022-01-02 18:04:40.503848', 5531, 'patent', '一些信息', 710000, '2020-08-31');
UPDATE `loan_address` SET `created_at` = '2022-01-02 22:51:32.828944', `updated_at` = '2022-01-02 22:51:32.828944', `province` = '云南省', `city` = '玉溪市', `county` = '澄江县', `town` = '龙街街道办事处', `detail` = '巴林路协通公寓165号' WHERE `loan_address`.`id` = 8918;
INSERT INTO `loan_address` (`id`, `created_at`, `updated_at`, `province`, `city`, `county`, `town`, `detail`) VALUES (8918, '2022-01-02 22:51:32.828944', '2022-01-02 22:51:32.828944', '云南省', '玉溪市', '澄江县', '龙街街道办事处', '巴林路协通公寓165号');
UPDATE `loan_estate` SET `created_at` = '2022-01-02 22:51:32.828944', `updated_at` = '2022-01-02 22:51:32.828944', `customer_id` = 5531, `address_id` = 8918 WHERE `loan_estate`.`id` = 3300;
INSERT INTO `loan_estate` (`id`, `created_at`, `updated_at`, `customer_id`, `address_id`) VALUES (3300, '2022-01-02 22:51:32.828944', '2022-01-02 22:51:32.828944', 5531, 8918);
UPDATE `loan_account` SET `created_at` = '2022-01-02 21:31:51.986850', `updated_at` = '2022-01-02 22:13:57.834956', `customer_id` = 5531, `number` = '974660141278929525', `balance` = 17877 WHERE `loan_account`.`id` = 5063;
INSERT INTO `loan_account` (`id`, `created_at`, `updated_at`, `customer_id`, `number`, `balance`) VALUES (5063, '2022-01-02 21:31:51.986850', '2022-01-02 22:13:57.834956', 5531, '974660141278929525', 17877);
UPDATE `loan_address` SET `created_at` = '2022-01-02 06:01:26.145887', `updated_at` = '2022-01-02 06:01:26.145887', `province` = '河北省', `city` = '石家庄市', `county` = '藁城区', `town` = '南营镇', `detail` = '安澜路47号' WHERE `loan_address`.`id` = 8919;
INSERT INTO `loan_address` (`id`, `created_at`, `updated_at`, `province`, `city`, `county`, `town`, `detail`) VALUES (8919, '2022-01-02 06:01:26.145887', '2022-01-02 06:01:26.145887', '河北省', '石家庄市', '藁城区', '南营镇', '安澜路47号');
UPDATE `loan_customer` SET `created_at` = '2022-01-02 06:01:26.145887', `updated_at` = '2022-01-02 06:01:26.145887', `name` = '张晋鹏', `id_number` = '100637770844323613', `gender` = 'm', `birthday` = '1990-02-05', `address_id` = 8919, `job_id` = 1826, `salary` = 5000 WHERE `loan_customer`.`id` = 5532;
INSERT INTO `loan_customer` (`id`, `created_at`, `updated_at`, `name`, `id_number`, `gender`, `birthday`, `address_id`, `job_id`, `salary`) VALUES (5532, '2022-01-02 06:01:26.145887', '2022-01-02 06:01:26.145887', '张晋鹏', '100637770844323613', 'm', '1990-02-05', 8919, 1826, 5000);
UPDATE `loan_address` SET `created_at` = '2022-01-02 06:51:10.718925', `updated_at` = '2022-01-02 06:51:10.718925', `province` = '湖北省', `city` = '恩施土家族苗族自治州', `county` = '巴东县', `town` = '金果坪乡', `detail` = '八一路197号' WHERE `loan_address`.`id` = 8920;
INSERT INTO `loan_address` (`id`, `created_at`, `updated_at`, `province`, `city`, `county`, `town`, `detail`) VALUES (8920, '2022-01-02 06:51:10.718925', '2022-01-02 06:51:10.718925', '湖北省', '恩施土家族苗族自治州', '巴东县', '金果坪乡', '八一路197号');
UPDATE `loan_estate` SET `created_at` = '2022-01-02 06:51:10.718925', `updated_at` = '2022-01-02 06:51:10.718925', `customer_id` = 5532, `address_id` = 8920 WHERE `loan_estate`.`id` = 3301;
INSERT INTO `loan_estate` (`id`, `created_at`, `updated_at`, `customer_id`, `address_id`) VALUES (3301, '2022-01-02 06:51:10.718925', '2022-01-02 06:51:10.718925', 5532, 8920);
UPDATE `loan_car` SET `created_at` = '2022-01-02 17:37:21.688563', `updated_at` = '2022-01-02 18:46:02.900860', `customer_id` = 5532, `model_id` = 229, `vin_number` = '677061909684325829', `date_produced` = '2012-06-09', `value_estimated` = 620000 WHERE `loan_car`.`id` = 4450;
INSERT INTO `loan_car` (`id`, `created_at`, `updated_at`, `customer_id`, `model_id`, `vin_number`, `date_produced`, `value_estimated`) VALUES (4450, '2022-01-02 17:37:21.688563', '2022-01-02 18:46:02.900860', 5532, 229, '677061909684325829', '2012-06-09', 620000);
UPDATE `loan_address` SET `created_at` = '2022-01-02 00:47:31.384734', `updated_at` = '2022-01-02 00:47:31.384734', `province` = '黑龙江省', `city` = '双鸭山市', `county` = '饶河县', `town` = '饶河镇', `detail` = '宝源路123号' WHERE `loan_address`.`id` = 8921;
INSERT INTO `loan_address` (`id`, `created_at`, `updated_at`, `province`, `city`, `county`, `town`, `detail`) VALUES (8921, '2022-01-02 00:47:31.384734', '2022-01-02 00:47:31.384734', '黑龙江省', '双鸭山市', '饶河县', '饶河镇', '宝源路123号');
UPDATE `loan_customer` SET `created_at` = '2022-01-02 00:47:31.384734', `updated_at` = '2022-01-02 00:47:31.384734', `name` = '薛春荷', `id_number` = '506520807213074332', `gender` = 'm', `birthday` = '1997-05-29', `address_id` = 8921, `job_id` = 1826, `salary` = 11000 WHERE `loan_customer`.`id` = 5533;
INSERT INTO `loan_customer` (`id`, `created_at`, `updated_at`, `name`, `id_number`, `gender`, `birthday`, `address_id`, `job_id`, `salary`) VALUES (5533, '2022-01-02 00:47:31.384734', '2022-01-02 00:47:31.384734', '薛春荷', '506520807213074332', 'm', '1997-05-29', 8921, 1826, 11000);
UPDATE `loan_account` SET `created_at` = '2022-01-02 22:17:39.641818', `updated_at` = '2022-01-02 22:17:39.641818', `customer_id` = 5533, `number` = '403756989358367442', `balance` = 51479 WHERE `loan_account`.`id` = 5064;
INSERT INTO `loan_account` (`id`, `created_at`, `updated_at`, `customer_id`, `number`, `balance`) VALUES (5064, '2022-01-02 22:17:39.641818', '2022-01-02 22:17:39.641818', 5533, '403756989358367442', 51479);
UPDATE `loan_address` SET `created_at` = '2022-01-02 18:23:41.580421', `updated_at` = '2022-01-02 18:23:41.580421', `province` = '湖北省', `city` = '黄冈市', `county` = '浠水县', `town` = '洗马镇', `detail` = '百安路（方泰镇）复华城市花园191号' WHERE `loan_address`.`id` = 8922;
INSERT INTO `loan_address` (`id`, `created_at`, `updated_at`, `province`, `city`, `county`, `town`, `detail`) VALUES (8922, '2022-01-02 18:23:41.580421', '2022-01-02 18:23:41.580421', '湖北省', '黄冈市', '浠水县', '洗马镇', '百安路（方泰镇）复华城市花园191号');
UPDATE `loan_customer` SET `created_at` = '2022-01-02 18:23:41.580421', `updated_at` = '2022-01-02 18:23:41.580421', `name` = '郭喜', `id_number` = '806341066344028701', `gender` = 'f', `birthday` = '2007-05-29', `address_id` = 8922, `job_id` = 1827, `salary` = 44000 WHERE `loan_customer`.`id` = 5534;
INSERT INTO `loan_customer` (`id`, `created_at`, `updated_at`, `name`, `id_number`, `gender`, `birthday`, `address_id`, `job_id`, `salary`) VALUES (5534, '2022-01-02 18:23:41.580421', '2022-01-02 18:23:41.580421', '郭喜', '806341066344028701', 'f', '2007-05-29', 8922, 1827, 44000);
UPDATE `loan_car` SET `created_at` = '2022-01-02 22:07:56.640895', `updated_at` = '2022-01-02 23:29:38.110956', `customer_id` = 5534, `model_id` = 289, `vin_number` = '857472246643673635', `date_produced` = '2021-12-05', `value_estimated` = 20000 WHERE `loan_car`.`id` = 4451;
INSERT INTO `loan_car` (`id`, `created_at`, `updated_at`, `customer_id`, `model_id`, `vin_number`, `date_produced`, `value_estimated`) VALUES (4451, '2022-01-02 22:07:56.640895', '2022-01-02 23:29:38.110956', 5534, 289, '857472246643673635', '2021-12-05', 20000);
UPDATE `loan_account` SET `created_at` = '2022-01-02 20:25:31.630275', `updated_at` = '2022-01-02 20:37:00.361823', `customer_id` = 5534, `number` = '381557389590301475', `balance` = 0 WHERE `loan_account`.`id` = 5065;
INSERT INTO `loan_account` (`id`, `created_at`, `updated_at`, `customer_id`, `number`, `balance`) VALUES (5065, '2022-01-02 20:25:31.630275', '2022-01-02 20:37:00.361823', 5534, '381557389590301475', 0);
UPDATE `loan_address` SET `created_at` = '2022-01-02 21:11:02.083501', `updated_at` = '2022-01-02 21:11:02.083501', `province` = '新疆维吾尔自治区', `city` = '喀什地区', `county` = '疏附县', `town` = '布拉克苏乡', `detail` = '保屯路阳光翠竹苑64号' WHERE `loan_address`.`id` = 8923;
INSERT INTO `loan_address` (`id`, `created_at`, `updated_at`, `province`, `city`, `county`, `town`, `detail`) VALUES (8923, '2022-01-02 21:11:02.083501', '2022-01-02 21:11:02.083501', '新疆维吾尔自治区', '喀什地区', '疏附县', '布拉克苏乡', '保屯路阳光翠竹苑64号');
UPDATE `loan_customer` SET `created_at` = '2022-01-02 21:11:02.083501', `updated_at` = '2022-01-02 21:11:02.083501', `name` = '郑驾', `id_number` = '039764517689321545', `gender` = 'm', `birthday` = '1997-10-31', `address_id` = 8923, `job_id` = 1828, `salary` = 28000 WHERE `loan_customer`.`id` = 5535;
INSERT INTO `loan_customer` (`id`, `created_at`, `updated_at`, `name`, `id_number`, `gender`, `birthday`, `address_id`, `job_id`, `salary`) VALUES (5535, '2022-01-02 21:11:02.083501', '2022-01-02 21:11:02.083501', '郑驾', '039764517689321545', 'm', '1997-10-31', 8923, 1828, 28000);
UPDATE `loan_car` SET `created_at` = '2022-01-02 21:31:49.263508', `updated_at` = '2022-01-02 21:31:49.263508', `customer_id` = 5535, `model_id` = 267, `vin_number` = '488878094549148731', `date_produced` = '2021-10-24', `value_estimated` = 80000 WHERE `loan_car`.`id` = 4452;
INSERT INTO `loan_car` (`id`, `created_at`, `updated_at`, `customer_id`, `model_id`, `vin_number`, `date_produced`, `value_estimated`) VALUES (4452, '2022-01-02 21:31:49.263508', '2022-01-02 21:31:49.263508', 5535, 267, '488878094549148731', '2021-10-24', 80000);
UPDATE `loan_account` SET `created_at` = '2022-01-02 22:05:27.976484', `updated_at` = '2022-01-02 22:05:27.976484', `customer_id` = 5535, `number` = '779051554860796026', `balance` = 70855 WHERE `loan_account`.`id` = 5066;
INSERT INTO `loan_account` (`id`, `created_at`, `updated_at`, `customer_id`, `number`, `balance`) VALUES (5066, '2022-01-02 22:05:27.976484', '2022-01-02 22:05:27.976484', 5535, '779051554860796026', 70855);
UPDATE `loan_address` SET `created_at` = '2022-01-02 04:38:08.017884', `updated_at` = '2022-01-02 04:38:08.017884', `province` = '吉林省', `city` = '四平市', `county` = '公主岭市', `town` = '大岭镇', `detail` = '安波路住友嘉馨名园62号' WHERE `loan_address`.`id` = 8924;
INSERT INTO `loan_address` (`id`, `created_at`, `updated_at`, `province`, `city`, `county`, `town`, `detail`) VALUES (8924, '2022-01-02 04:38:08.017884', '2022-01-02 04:38:08.017884', '吉林省', '四平市', '公主岭市', '大岭镇', '安波路住友嘉馨名园62号');
UPDATE `loan_customer` SET `created_at` = '2022-01-02 04:38:08.017884', `updated_at` = '2022-01-02 23:45:08.059107', `name` = '毛颇', `id_number` = '463786030950563991', `gender` = 'm', `birthday` = '1992-10-25', `address_id` = 8924, `job_id` = 1829, `salary` = 41000 WHERE `loan_customer`.`id` = 5536;
INSERT INTO `loan_customer` (`id`, `created_at`, `updated_at`, `name`, `id_number`, `gender`, `birthday`, `address_id`, `job_id`, `salary`) VALUES (5536, '2022-01-02 04:38:08.017884', '2022-01-02 23:45:08.059107', '毛颇', '463786030950563991', 'm', '1992-10-25', 8924, 1829, 41000);
UPDATE `loan_car` SET `created_at` = '2022-01-02 17:18:25.250569', `updated_at` = '2022-01-02 17:49:04.281653', `customer_id` = 5536, `model_id` = 64, `vin_number` = '977511991642120327', `date_produced` = '2014-09-02', `value_estimated` = 70000 WHERE `loan_car`.`id` = 4453;
INSERT INTO `loan_car` (`id`, `created_at`, `updated_at`, `customer_id`, `model_id`, `vin_number`, `date_produced`, `value_estimated`) VALUES (4453, '2022-01-02 17:18:25.250569', '2022-01-02 17:49:04.281653', 5536, 64, '977511991642120327', '2014-09-02', 70000);
UPDATE `loan_account` SET `created_at` = '2022-01-02 06:51:08.142617', `updated_at` = '2022-01-02 06:51:08.142617', `customer_id` = 5536, `number` = '801658436202543155', `balance` = 0 WHERE `loan_account`.`id` = 5067;
INSERT INTO `loan_account` (`id`, `created_at`, `updated_at`, `customer_id`, `number`, `balance`) VALUES (5067, '2022-01-02 06:51:08.142617', '2022-01-02 06:51:08.142617', 5536, '801658436202543155', 0);
UPDATE `loan_address` SET `created_at` = '2022-01-02 20:00:22.513493', `updated_at` = '2022-01-02 20:00:22.513493', `province` = '四川省', `city` = '阿坝藏族羌族自治州', `county` = '马尔康市', `town` = '草登乡', `detail` = '宝联路住友嘉馨名园103号' WHERE `loan_address`.`id` = 8925;
INSERT INTO `loan_address` (`id`, `created_at`, `updated_at`, `province`, `city`, `county`, `town`, `detail`) VALUES (8925, '2022-01-02 20:00:22.513493', '2022-01-02 20:00:22.513493', '四川省', '阿坝藏族羌族自治州', '马尔康市', '草登乡', '宝联路住友嘉馨名园103号');
UPDATE `loan_customer` SET `created_at` = '2022-01-02 20:00:22.513493', `updated_at` = '2022-01-02 20:00:22.513493', `name` = '方永丰', `id_number` = '814090918812686471', `gender` = 'f', `birthday` = '1993-04-25', `address_id` = 8925, `job_id` = 1830, `salary` = 78000 WHERE `loan_customer`.`id` = 5537;
INSERT INTO `loan_customer` (`id`, `created_at`, `updated_at`, `name`, `id_number`, `gender`, `birthday`, `address_id`, `job_id`, `salary`) VALUES (5537, '2022-01-02 20:00:22.513493', '2022-01-02 20:00:22.513493', '方永丰', '814090918812686471', 'f', '1993-04-25', 8925, 1830, 78000);
UPDATE `loan_address` SET `created_at` = '2022-01-02 20:51:40.006410', `updated_at` = '2022-01-02 20:51:40.006410', `province` = '辽宁省', `city` = '大连市', `county` = '瓦房店市', `town` = '岭东办事处', `detail` = '安澜路1号' WHERE `loan_address`.`id` = 8926;
INSERT INTO `loan_address` (`id`, `created_at`, `updated_at`, `province`, `city`, `county`, `town`, `detail`) VALUES (8926, '2022-01-02 20:51:40.006410', '2022-01-02 20:51:40.006410', '辽宁省', '大连市', '瓦房店市', '岭东办事处', '安澜路1号');
UPDATE `loan_estate` SET `created_at` = '2022-01-02 20:51:40.006410', `updated_at` = '2022-01-02 20:51:40.006410', `customer_id` = 5537, `address_id` = 8926 WHERE `loan_estate`.`id` = 3302;
INSERT INTO `loan_estate` (`id`, `created_at`, `updated_at`, `customer_id`, `address_id`) VALUES (3302, '2022-01-02 20:51:40.006410', '2022-01-02 20:51:40.006410', 5537, 8926);
UPDATE `loan_account` SET `created_at` = '2022-01-02 22:46:24.718533', `updated_at` = '2022-01-02 23:13:23.917487', `customer_id` = 5537, `number` = '466509017210964302', `balance` = 23675 WHERE `loan_account`.`id` = 5068;
INSERT INTO `loan_account` (`id`, `created_at`, `updated_at`, `customer_id`, `number`, `balance`) VALUES (5068, '2022-01-02 22:46:24.718533', '2022-01-02 23:13:23.917487', 5537, '466509017210964302', 23675);
UPDATE `loan_address` SET `created_at` = '2022-01-02 14:09:38.236470', `updated_at` = '2022-01-02 14:09:38.236470', `province` = '湖南省', `city` = '湘潭市', `county` = '湘潭昭山示范区', `town` = '昭山镇', `detail` = '保屯路197号' WHERE `loan_address`.`id` = 8927;
INSERT INTO `loan_address` (`id`, `created_at`, `updated_at`, `province`, `city`, `county`, `town`, `detail`) VALUES (8927, '2022-01-02 14:09:38.236470', '2022-01-02 14:09:38.236470', '湖南省', '湘潭市', '湘潭昭山示范区', '昭山镇', '保屯路197号');
UPDATE `loan_customer` SET `created_at` = '2022-01-02 14:09:38.236470', `updated_at` = '2022-01-02 14:09:38.236470', `name` = '孙茗', `id_number` = '420965748743632410', `gender` = 'f', `birthday` = '2003-11-16', `address_id` = 8927, `job_id` = 1830, `salary` = 18000 WHERE `loan_customer`.`id` = 5538;
INSERT INTO `loan_customer` (`id`, `created_at`, `updated_at`, `name`, `id_number`, `gender`, `birthday`, `address_id`, `job_id`, `salary`) VALUES (5538, '2022-01-02 14:09:38.236470', '2022-01-02 14:09:38.236470', '孙茗', '420965748743632410', 'f', '2003-11-16', 8927, 1830, 18000);
UPDATE `loan_chattel` SET `created_at` = '2022-01-02 17:48:55.311366', `updated_at` = '2022-01-02 17:48:55.311366', `customer_id` = 5538, `type` = 'check', `description` = '一些信息', `value_amount` = 20000, `expired_at` = '2031-12-05' WHERE `loan_chattel`.`id` = 1623;
INSERT INTO `loan_chattel` (`id`, `created_at`, `updated_at`, `customer_id`, `type`, `description`, `value_amount`, `expired_at`) VALUES (1623, '2022-01-02 17:48:55.311366', '2022-01-02 17:48:55.311366', 5538, 'check', '一些信息', 20000, '2031-12-05');
UPDATE `loan_account` SET `created_at` = '2022-01-02 17:11:19.302416', `updated_at` = '2022-01-02 17:11:19.302416', `customer_id` = 5538, `number` = '549934825251911165', `balance` = 74172 WHERE `loan_account`.`id` = 5069;
INSERT INTO `loan_account` (`id`, `created_at`, `updated_at`, `customer_id`, `number`, `balance`) VALUES (5069, '2022-01-02 17:11:19.302416', '2022-01-02 17:11:19.302416', 5538, '549934825251911165', 74172);
UPDATE `loan_address` SET `created_at` = '2022-01-02 07:34:35.298761', `updated_at` = '2022-01-02 07:34:35.298761', `province` = '江西省', `city` = '吉安市', `county` = '吉安县', `town` = '井冈山经济技术开发区', `detail` = '板泉路173号' WHERE `loan_address`.`id` = 8928;
INSERT INTO `loan_address` (`id`, `created_at`, `updated_at`, `province`, `city`, `county`, `town`, `detail`) VALUES (8928, '2022-01-02 07:34:35.298761', '2022-01-02 07:34:35.298761', '江西省', '吉安市', '吉安县', '井冈山经济技术开发区', '板泉路173号');
UPDATE `loan_customer` SET `created_at` = '2022-01-02 07:34:35.298761', `updated_at` = '2022-01-02 07:34:35.298761', `name` = '黎子墨', `id_number` = '766499560507381093', `gender` = 'f', `birthday` = '1998-10-27', `address_id` = 8928, `job_id` = 1831, `salary` = 26000 WHERE `loan_customer`.`id` = 5539;
INSERT INTO `loan_customer` (`id`, `created_at`, `updated_at`, `name`, `id_number`, `gender`, `birthday`, `address_id`, `job_id`, `salary`) VALUES (5539, '2022-01-02 07:34:35.298761', '2022-01-02 07:34:35.298761', '黎子墨', '766499560507381093', 'f', '1998-10-27', 8928, 1831, 26000);
UPDATE `loan_car` SET `created_at` = '2022-01-02 09:44:58.181787', `updated_at` = '2022-01-02 10:27:12.549194', `customer_id` = 5539, `model_id` = 293, `vin_number` = '877789708972824637', `date_produced` = '2017-04-04', `value_estimated` = 730000 WHERE `loan_car`.`id` = 4454;
INSERT INTO `loan_car` (`id`, `created_at`, `updated_at`, `customer_id`, `model_id`, `vin_number`, `date_produced`, `value_estimated`) VALUES (4454, '2022-01-02 09:44:58.181787', '2022-01-02 10:27:12.549194', 5539, 293, '877789708972824637', '2017-04-04', 730000);
UPDATE `loan_car` SET `created_at` = '2022-01-02 08:35:08.739503', `updated_at` = '2022-01-02 08:35:08.739503', `customer_id` = 5539, `model_id` = 171, `vin_number` = '729715237061684770', `date_produced` = '2015-06-16', `value_estimated` = 290000 WHERE `loan_car`.`id` = 4455;
INSERT INTO `loan_car` (`id`, `created_at`, `updated_at`, `customer_id`, `model_id`, `vin_number`, `date_produced`, `value_estimated`) VALUES (4455, '2022-01-02 08:35:08.739503', '2022-01-02 08:35:08.739503', 5539, 171, '729715237061684770', '2015-06-16', 290000);
UPDATE `loan_account` SET `created_at` = '2022-01-02 10:59:58.078444', `updated_at` = '2022-01-02 20:43:04.811050', `customer_id` = 5539, `number` = '786523757691632119', `balance` = 20866 WHERE `loan_account`.`id` = 5070;
INSERT INTO `loan_account` (`id`, `created_at`, `updated_at`, `customer_id`, `number`, `balance`) VALUES (5070, '2022-01-02 10:59:58.078444', '2022-01-02 20:43:04.811050', 5539, '786523757691632119', 20866);
UPDATE `loan_address` SET `created_at` = '2022-01-02 20:31:00.970690', `updated_at` = '2022-01-02 20:31:00.970690', `province` = '吉林省', `city` = '四平市', `county` = '公主岭市', `town` = '十屋种牛场', `detail` = '宝昌路45号' WHERE `loan_address`.`id` = 8929;
INSERT INTO `loan_address` (`id`, `created_at`, `updated_at`, `province`, `city`, `county`, `town`, `detail`) VALUES (8929, '2022-01-02 20:31:00.970690', '2022-01-02 20:31:00.970690', '吉林省', '四平市', '公主岭市', '十屋种牛场', '宝昌路45号');
UPDATE `loan_customer` SET `created_at` = '2022-01-02 20:31:00.970690', `updated_at` = '2022-01-02 20:31:00.970690', `name` = '阎友蕊', `id_number` = '452611475876468890', `gender` = 'f', `birthday` = '1987-12-07', `address_id` = 8929, `job_id` = 1831, `salary` = 27000 WHERE `loan_customer`.`id` = 5540;
INSERT INTO `loan_customer` (`id`, `created_at`, `updated_at`, `name`, `id_number`, `gender`, `birthday`, `address_id`, `job_id`, `salary`) VALUES (5540, '2022-01-02 20:31:00.970690', '2022-01-02 20:31:00.970690', '阎友蕊', '452611475876468890', 'f', '1987-12-07', 8929, 1831, 27000);
UPDATE `loan_address` SET `created_at` = '2022-01-02 21:41:43.334624', `updated_at` = '2022-01-02 21:41:43.334624', `province` = '山西省', `city` = '临汾市', `county` = '尧都区', `town` = '乔李镇', `detail` = '安仁路爱里舍花园183号' WHERE `loan_address`.`id` = 8930;
INSERT INTO `loan_address` (`id`, `created_at`, `updated_at`, `province`, `city`, `county`, `town`, `detail`) VALUES (8930, '2022-01-02 21:41:43.334624', '2022-01-02 21:41:43.334624', '山西省', '临汾市', '尧都区', '乔李镇', '安仁路爱里舍花园183号');
UPDATE `loan_estate` SET `created_at` = '2022-01-02 21:41:43.334624', `updated_at` = '2022-01-02 22:31:47.138358', `customer_id` = 5540, `address_id` = 8930 WHERE `loan_estate`.`id` = 3303;
INSERT INTO `loan_estate` (`id`, `created_at`, `updated_at`, `customer_id`, `address_id`) VALUES (3303, '2022-01-02 21:41:43.334624', '2022-01-02 22:31:47.138358', 5540, 8930);
UPDATE `loan_address` SET `created_at` = '2022-01-02 21:21:13.884504', `updated_at` = '2022-01-02 21:21:13.884504', `province` = '云南省', `city` = '迪庆藏族自治州', `county` = '维西傈僳族自治县', `town` = '巴迪乡', `detail` = '北艾路复华城市花园53号' WHERE `loan_address`.`id` = 8931;
INSERT INTO `loan_address` (`id`, `created_at`, `updated_at`, `province`, `city`, `county`, `town`, `detail`) VALUES (8931, '2022-01-02 21:21:13.884504', '2022-01-02 21:21:13.884504', '云南省', '迪庆藏族自治州', '维西傈僳族自治县', '巴迪乡', '北艾路复华城市花园53号');
UPDATE `loan_estate` SET `created_at` = '2022-01-02 21:21:13.884504', `updated_at` = '2022-01-02 21:21:13.884504', `customer_id` = 5540, `address_id` = 8931 WHERE `loan_estate`.`id` = 3304;
INSERT INTO `loan_estate` (`id`, `created_at`, `updated_at`, `customer_id`, `address_id`) VALUES (3304, '2022-01-02 21:21:13.884504', '2022-01-02 21:21:13.884504', 5540, 8931);
UPDATE `loan_car` SET `created_at` = '2022-01-02 23:09:16.227875', `updated_at` = '2022-01-02 23:09:16.227875', `customer_id` = 5540, `model_id` = 199, `vin_number` = '872247330806918282', `date_produced` = '2020-04-22', `value_estimated` = 540000 WHERE `loan_car`.`id` = 4456;
INSERT INTO `loan_car` (`id`, `created_at`, `updated_at`, `customer_id`, `model_id`, `vin_number`, `date_produced`, `value_estimated`) VALUES (4456, '2022-01-02 23:09:16.227875', '2022-01-02 23:09:16.227875', 5540, 199, '872247330806918282', '2020-04-22', 540000);
UPDATE `loan_account` SET `created_at` = '2022-01-02 23:09:38.575656', `updated_at` = '2022-01-02 23:39:34.951836', `customer_id` = 5540, `number` = '768488756270674924', `balance` = 53390 WHERE `loan_account`.`id` = 5071;
INSERT INTO `loan_account` (`id`, `created_at`, `updated_at`, `customer_id`, `number`, `balance`) VALUES (5071, '2022-01-02 23:09:38.575656', '2022-01-02 23:39:34.951836', 5540, '768488756270674924', 53390);
UPDATE `loan_address` SET `created_at` = '2022-01-02 00:08:16.261850', `updated_at` = '2022-01-02 00:08:16.261850', `province` = '甘肃省', `city` = '平凉市', `county` = '泾川县', `town` = '温泉经济开发区', `detail` = '保德路博泰新苑124号' WHERE `loan_address`.`id` = 8932;
INSERT INTO `loan_address` (`id`, `created_at`, `updated_at`, `province`, `city`, `county`, `town`, `detail`) VALUES (8932, '2022-01-02 00:08:16.261850', '2022-01-02 00:08:16.261850', '甘肃省', '平凉市', '泾川县', '温泉经济开发区', '保德路博泰新苑124号');
UPDATE `loan_customer` SET `created_at` = '2022-01-02 00:08:16.261850', `updated_at` = '2022-01-02 00:08:16.261850', `name` = '易正祥', `id_number` = '101592498300773923', `gender` = 'f', `birthday` = '1987-09-28', `address_id` = 8932, `job_id` = 1832, `salary` = 24000 WHERE `loan_customer`.`id` = 5541;
INSERT INTO `loan_customer` (`id`, `created_at`, `updated_at`, `name`, `id_number`, `gender`, `birthday`, `address_id`, `job_id`, `salary`) VALUES (5541, '2022-01-02 00:08:16.261850', '2022-01-02 00:08:16.261850', '易正祥', '101592498300773923', 'f', '1987-09-28', 8932, 1832, 24000);
UPDATE `loan_chattel` SET `created_at` = '2022-01-02 03:00:58.737030', `updated_at` = '2022-01-02 17:12:53.278348', `customer_id` = 5541, `type` = 'trademark', `description` = '一些信息', `value_amount` = 360000, `expired_at` = '2029-05-29' WHERE `loan_chattel`.`id` = 1624;
INSERT INTO `loan_chattel` (`id`, `created_at`, `updated_at`, `customer_id`, `type`, `description`, `value_amount`, `expired_at`) VALUES (1624, '2022-01-02 03:00:58.737030', '2022-01-02 17:12:53.278348', 5541, 'trademark', '一些信息', 360000, '2029-05-29');
UPDATE `loan_car` SET `created_at` = '2022-01-02 21:39:56.969316', `updated_at` = '2022-01-02 21:39:56.969316', `customer_id` = 5541, `model_id` = 230, `vin_number` = '995809597365559312', `date_produced` = '2018-02-16', `value_estimated` = 700000 WHERE `loan_car`.`id` = 4457;
INSERT INTO `loan_car` (`id`, `created_at`, `updated_at`, `customer_id`, `model_id`, `vin_number`, `date_produced`, `value_estimated`) VALUES (4457, '2022-01-02 21:39:56.969316', '2022-01-02 21:39:56.969316', 5541, 230, '995809597365559312', '2018-02-16', 700000);
UPDATE `loan_account` SET `created_at` = '2022-01-02 06:51:50.762571', `updated_at` = '2022-01-02 06:51:50.762571', `customer_id` = 5541, `number` = '296364891130816045', `balance` = 1339 WHERE `loan_account`.`id` = 5072;
INSERT INTO `loan_account` (`id`, `created_at`, `updated_at`, `customer_id`, `number`, `balance`) VALUES (5072, '2022-01-02 06:51:50.762571', '2022-01-02 06:51:50.762571', 5541, '296364891130816045', 1339);
UPDATE `loan_address` SET `created_at` = '2022-01-02 01:39:16.452046', `updated_at` = '2022-01-02 01:39:16.452046', `province` = '河南省', `city` = '洛阳市', `county` = '西工区', `town` = '王城路街道办事处', `detail` = '安业路105号' WHERE `loan_address`.`id` = 8933;
INSERT INTO `loan_address` (`id`, `created_at`, `updated_at`, `province`, `city`, `county`, `town`, `detail`) VALUES (8933, '2022-01-02 01:39:16.452046', '2022-01-02 01:39:16.452046', '河南省', '洛阳市', '西工区', '王城路街道办事处', '安业路105号');
UPDATE `loan_customer` SET `created_at` = '2022-01-02 01:39:16.452046', `updated_at` = '2022-01-02 05:52:46.227656', `name` = '吴涵亮', `id_number` = '671901145721880063', `gender` = 'm', `birthday` = '2007-06-06', `address_id` = 8933, `job_id` = 1832, `salary` = 5000 WHERE `loan_customer`.`id` = 5542;
INSERT INTO `loan_customer` (`id`, `created_at`, `updated_at`, `name`, `id_number`, `gender`, `birthday`, `address_id`, `job_id`, `salary`) VALUES (5542, '2022-01-02 01:39:16.452046', '2022-01-02 05:52:46.227656', '吴涵亮', '671901145721880063', 'm', '2007-06-06', 8933, 1832, 5000);
UPDATE `loan_car` SET `created_at` = '2022-01-02 17:39:37.952803', `updated_at` = '2022-01-02 20:44:33.663557', `customer_id` = 5542, `model_id` = 150, `vin_number` = '292586534444931105', `date_produced` = '2012-12-04', `value_estimated` = 400000 WHERE `loan_car`.`id` = 4458;
INSERT INTO `loan_car` (`id`, `created_at`, `updated_at`, `customer_id`, `model_id`, `vin_number`, `date_produced`, `value_estimated`) VALUES (4458, '2022-01-02 17:39:37.952803', '2022-01-02 20:44:33.663557', 5542, 150, '292586534444931105', '2012-12-04', 400000);
UPDATE `loan_account` SET `created_at` = '2022-01-02 18:52:41.704062', `updated_at` = '2022-01-02 18:52:41.704062', `customer_id` = 5542, `number` = '135707144598206571', `balance` = 51575 WHERE `loan_account`.`id` = 5073;
INSERT INTO `loan_account` (`id`, `created_at`, `updated_at`, `customer_id`, `number`, `balance`) VALUES (5073, '2022-01-02 18:52:41.704062', '2022-01-02 18:52:41.704062', 5542, '135707144598206571', 51575);
UPDATE `loan_address` SET `created_at` = '2022-01-02 06:03:09.451034', `updated_at` = '2022-01-02 06:03:09.451034', `province` = '甘肃省', `city` = '定西市', `county` = '通渭县', `town` = '平襄镇', `detail` = '百花街22号' WHERE `loan_address`.`id` = 8934;
INSERT INTO `loan_address` (`id`, `created_at`, `updated_at`, `province`, `city`, `county`, `town`, `detail`) VALUES (8934, '2022-01-02 06:03:09.451034', '2022-01-02 06:03:09.451034', '甘肃省', '定西市', '通渭县', '平襄镇', '百花街22号');
UPDATE `loan_customer` SET `created_at` = '2022-01-02 06:03:09.451034', `updated_at` = '2022-01-02 21:18:44.517198', `name` = '尹蕾', `id_number` = '473435977457013089', `gender` = 'f', `birthday` = '1986-05-03', `address_id` = 8934, `job_id` = 1832, `salary` = 14000 WHERE `loan_customer`.`id` = 5543;
INSERT INTO `loan_customer` (`id`, `created_at`, `updated_at`, `name`, `id_number`, `gender`, `birthday`, `address_id`, `job_id`, `salary`) VALUES (5543, '2022-01-02 06:03:09.451034', '2022-01-02 21:18:44.517198', '尹蕾', '473435977457013089', 'f', '1986-05-03', 8934, 1832, 14000);
UPDATE `loan_chattel` SET `created_at` = '2022-01-02 10:28:26.215790', `updated_at` = '2022-01-02 13:40:42.994725', `customer_id` = 5543, `type` = 'trademark', `description` = '一些信息', `value_amount` = 420000, `expired_at` = '2031-10-29' WHERE `loan_chattel`.`id` = 1625;
INSERT INTO `loan_chattel` (`id`, `created_at`, `updated_at`, `customer_id`, `type`, `description`, `value_amount`, `expired_at`) VALUES (1625, '2022-01-02 10:28:26.215790', '2022-01-02 13:40:42.994725', 5543, 'trademark', '一些信息', 420000, '2031-10-29');
UPDATE `loan_car` SET `created_at` = '2022-01-02 20:29:01.130880', `updated_at` = '2022-01-02 21:48:50.426888', `customer_id` = 5543, `model_id` = 298, `vin_number` = '346666988131590215', `date_produced` = '2011-11-21', `value_estimated` = 160000 WHERE `loan_car`.`id` = 4459;
INSERT INTO `loan_car` (`id`, `created_at`, `updated_at`, `customer_id`, `model_id`, `vin_number`, `date_produced`, `value_estimated`) VALUES (4459, '2022-01-02 20:29:01.130880', '2022-01-02 21:48:50.426888', 5543, 298, '346666988131590215', '2011-11-21', 160000);
UPDATE `loan_car` SET `created_at` = '2022-01-02 11:43:22.466997', `updated_at` = '2022-01-02 11:43:22.466997', `customer_id` = 5543, `model_id` = 87, `vin_number` = '663834388126021353', `date_produced` = '2018-04-01', `value_estimated` = 70000 WHERE `loan_car`.`id` = 4460;
INSERT INTO `loan_car` (`id`, `created_at`, `updated_at`, `customer_id`, `model_id`, `vin_number`, `date_produced`, `value_estimated`) VALUES (4460, '2022-01-02 11:43:22.466997', '2022-01-02 11:43:22.466997', 5543, 87, '663834388126021353', '2018-04-01', 70000);
UPDATE `loan_account` SET `created_at` = '2022-01-02 10:42:35.741375', `updated_at` = '2022-01-02 17:19:15.394710', `customer_id` = 5543, `number` = '797031470632199805', `balance` = 87373 WHERE `loan_account`.`id` = 5074;
INSERT INTO `loan_account` (`id`, `created_at`, `updated_at`, `customer_id`, `number`, `balance`) VALUES (5074, '2022-01-02 10:42:35.741375', '2022-01-02 17:19:15.394710', 5543, '797031470632199805', 87373);
UPDATE `loan_address` SET `created_at` = '2022-01-02 09:07:03.075882', `updated_at` = '2022-01-02 09:07:03.075882', `province` = '内蒙古自治区', `city` = '呼和浩特市', `county` = '托克托县', `town` = '古城镇', `detail` = '安德路金色家园67号' WHERE `loan_address`.`id` = 8935;
INSERT INTO `loan_address` (`id`, `created_at`, `updated_at`, `province`, `city`, `county`, `town`, `detail`) VALUES (8935, '2022-01-02 09:07:03.075882', '2022-01-02 09:07:03.075882', '内蒙古自治区', '呼和浩特市', '托克托县', '古城镇', '安德路金色家园67号');
UPDATE `loan_customer` SET `created_at` = '2022-01-02 09:07:03.075882', `updated_at` = '2022-01-02 21:59:51.977730', `name` = '陆勒', `id_number` = '291100574730584417', `gender` = 'f', `birthday` = '1981-07-12', `address_id` = 8935, `job_id` = 1832, `salary` = 5000 WHERE `loan_customer`.`id` = 5544;
INSERT INTO `loan_customer` (`id`, `created_at`, `updated_at`, `name`, `id_number`, `gender`, `birthday`, `address_id`, `job_id`, `salary`) VALUES (5544, '2022-01-02 09:07:03.075882', '2022-01-02 21:59:51.977730', '陆勒', '291100574730584417', 'f', '1981-07-12', 8935, 1832, 5000);
UPDATE `loan_chattel` SET `created_at` = '2022-01-02 16:10:58.978901', `updated_at` = '2022-01-02 23:16:31.901695', `customer_id` = 5544, `type` = 'copyright', `description` = '一些信息', `value_amount` = 20000, `expired_at` = '2030-12-18' WHERE `loan_chattel`.`id` = 1626;
INSERT INTO `loan_chattel` (`id`, `created_at`, `updated_at`, `customer_id`, `type`, `description`, `value_amount`, `expired_at`) VALUES (1626, '2022-01-02 16:10:58.978901', '2022-01-02 23:16:31.901695', 5544, 'copyright', '一些信息', 20000, '2030-12-18');
UPDATE `loan_address` SET `created_at` = '2022-01-02 18:28:36.083927', `updated_at` = '2022-01-02 18:28:36.083927', `province` = '四川省', `city` = '甘孜藏族自治州', `county` = '甘孜县', `town` = '茶扎乡', `detail` = '宝祁路爱里舍花园34号' WHERE `loan_address`.`id` = 8936;
INSERT INTO `loan_address` (`id`, `created_at`, `updated_at`, `province`, `city`, `county`, `town`, `detail`) VALUES (8936, '2022-01-02 18:28:36.083927', '2022-01-02 18:28:36.083927', '四川省', '甘孜藏族自治州', '甘孜县', '茶扎乡', '宝祁路爱里舍花园34号');
UPDATE `loan_estate` SET `created_at` = '2022-01-02 18:28:36.083927', `updated_at` = '2022-01-02 21:47:50.953836', `customer_id` = 5544, `address_id` = 8936 WHERE `loan_estate`.`id` = 3305;
INSERT INTO `loan_estate` (`id`, `created_at`, `updated_at`, `customer_id`, `address_id`) VALUES (3305, '2022-01-02 18:28:36.083927', '2022-01-02 21:47:50.953836', 5544, 8936);
UPDATE `loan_account` SET `created_at` = '2022-01-02 12:10:46.331961', `updated_at` = '2022-01-02 12:10:46.331961', `customer_id` = 5544, `number` = '645260207611532171', `balance` = 109487 WHERE `loan_account`.`id` = 5075;
INSERT INTO `loan_account` (`id`, `created_at`, `updated_at`, `customer_id`, `number`, `balance`) VALUES (5075, '2022-01-02 12:10:46.331961', '2022-01-02 12:10:46.331961', 5544, '645260207611532171', 109487);
UPDATE `loan_address` SET `created_at` = '2022-01-02 05:44:45.598640', `updated_at` = '2022-01-02 05:44:45.598640', `province` = '江西省', `city` = '吉安市', `county` = '吉安县', `town` = '井冈山经济技术开发区', `detail` = '安国路金色家园167号' WHERE `loan_address`.`id` = 8937;
INSERT INTO `loan_address` (`id`, `created_at`, `updated_at`, `province`, `city`, `county`, `town`, `detail`) VALUES (8937, '2022-01-02 05:44:45.598640', '2022-01-02 05:44:45.598640', '江西省', '吉安市', '吉安县', '井冈山经济技术开发区', '安国路金色家园167号');
UPDATE `loan_customer` SET `created_at` = '2022-01-02 05:44:45.598640', `updated_at` = '2022-01-02 08:23:20.470044', `name` = '卢祺祥', `id_number` = '676883682783433599', `gender` = 'f', `birthday` = '1981-11-14', `address_id` = 8937, `job_id` = 1833, `salary` = 66000 WHERE `loan_customer`.`id` = 5545;
INSERT INTO `loan_customer` (`id`, `created_at`, `updated_at`, `name`, `id_number`, `gender`, `birthday`, `address_id`, `job_id`, `salary`) VALUES (5545, '2022-01-02 05:44:45.598640', '2022-01-02 08:23:20.470044', '卢祺祥', '676883682783433599', 'f', '1981-11-14', 8937, 1833, 66000);
UPDATE `loan_account` SET `created_at` = '2022-01-02 10:10:58.796596', `updated_at` = '2022-01-02 21:07:28.030982', `customer_id` = 5545, `number` = '030566667889251461', `balance` = 116876 WHERE `loan_account`.`id` = 5076;
INSERT INTO `loan_account` (`id`, `created_at`, `updated_at`, `customer_id`, `number`, `balance`) VALUES (5076, '2022-01-02 10:10:58.796596', '2022-01-02 21:07:28.030982', 5545, '030566667889251461', 116876);
UPDATE `loan_address` SET `created_at` = '2022-01-02 23:04:23.261979', `updated_at` = '2022-01-02 23:04:23.261979', `province` = '山东省', `city` = '菏泽市', `county` = '单县', `town` = '谢集镇', `detail` = '白水路爱里舍花园159号' WHERE `loan_address`.`id` = 8938;
INSERT INTO `loan_address` (`id`, `created_at`, `updated_at`, `province`, `city`, `county`, `town`, `detail`) VALUES (8938, '2022-01-02 23:04:23.261979', '2022-01-02 23:04:23.261979', '山东省', '菏泽市', '单县', '谢集镇', '白水路爱里舍花园159号');
UPDATE `loan_customer` SET `created_at` = '2022-01-02 23:04:23.261979', `updated_at` = '2022-01-02 23:21:34.980319', `name` = '易沁', `id_number` = '094093301984460636', `gender` = 'f', `birthday` = '2008-10-15', `address_id` = 8938, `job_id` = 1834, `salary` = 24000 WHERE `loan_customer`.`id` = 5546;
INSERT INTO `loan_customer` (`id`, `created_at`, `updated_at`, `name`, `id_number`, `gender`, `birthday`, `address_id`, `job_id`, `salary`) VALUES (5546, '2022-01-02 23:04:23.261979', '2022-01-02 23:21:34.980319', '易沁', '094093301984460636', 'f', '2008-10-15', 8938, 1834, 24000);
UPDATE `loan_account` SET `created_at` = '2022-01-02 23:27:30.965132', `updated_at` = '2022-01-02 23:27:30.965132', `customer_id` = 5546, `number` = '670700460891982479', `balance` = 40457 WHERE `loan_account`.`id` = 5077;
INSERT INTO `loan_account` (`id`, `created_at`, `updated_at`, `customer_id`, `number`, `balance`) VALUES (5077, '2022-01-02 23:27:30.965132', '2022-01-02 23:27:30.965132', 5546, '670700460891982479', 40457);
UPDATE `loan_address` SET `created_at` = '2022-01-02 03:18:28.788238', `updated_at` = '2022-01-02 03:18:28.788238', `province` = '新疆维吾尔自治区', `city` = '自治区直辖县级行政区划', `county` = '图木舒克市', `town` = '兵团四十一团', `detail` = '澳门路阳光翠竹苑175号' WHERE `loan_address`.`id` = 8939;
INSERT INTO `loan_address` (`id`, `created_at`, `updated_at`, `province`, `city`, `county`, `town`, `detail`) VALUES (8939, '2022-01-02 03:18:28.788238', '2022-01-02 03:18:28.788238', '新疆维吾尔自治区', '自治区直辖县级行政区划', '图木舒克市', '兵团四十一团', '澳门路阳光翠竹苑175号');
UPDATE `loan_customer` SET `created_at` = '2022-01-02 03:18:28.788238', `updated_at` = '2022-01-02 03:55:21.237331', `name` = '顾谷丝', `id_number` = '275819454022947823', `gender` = 'm', `birthday` = '2004-11-28', `address_id` = 8939, `job_id` = 1834, `salary` = 35000 WHERE `loan_customer`.`id` = 5547;
INSERT INTO `loan_customer` (`id`, `created_at`, `updated_at`, `name`, `id_number`, `gender`, `birthday`, `address_id`, `job_id`, `salary`) VALUES (5547, '2022-01-02 03:18:28.788238', '2022-01-02 03:55:21.237331', '顾谷丝', '275819454022947823', 'm', '2004-11-28', 8939, 1834, 35000);
UPDATE `loan_address` SET `created_at` = '2022-01-02 23:56:27.868760', `updated_at` = '2022-01-02 23:56:27.868760', `province` = '福建省', `city` = '泉州市', `county` = '惠安县', `town` = '崇武镇', `detail` = '保屯路和亭佳苑12号' WHERE `loan_address`.`id` = 8940;
INSERT INTO `loan_address` (`id`, `created_at`, `updated_at`, `province`, `city`, `county`, `town`, `detail`) VALUES (8940, '2022-01-02 23:56:27.868760', '2022-01-02 23:56:27.868760', '福建省', '泉州市', '惠安县', '崇武镇', '保屯路和亭佳苑12号');
UPDATE `loan_estate` SET `created_at` = '2022-01-02 23:56:27.868760', `updated_at` = '2022-01-02 23:56:27.868760', `customer_id` = 5547, `address_id` = 8940 WHERE `loan_estate`.`id` = 3306;
INSERT INTO `loan_estate` (`id`, `created_at`, `updated_at`, `customer_id`, `address_id`) VALUES (3306, '2022-01-02 23:56:27.868760', '2022-01-02 23:56:27.868760', 5547, 8940);
UPDATE `loan_car` SET `created_at` = '2022-01-02 23:48:46.686626', `updated_at` = '2022-01-02 23:49:52.098386', `customer_id` = 5547, `model_id` = 212, `vin_number` = '250366891160138302', `date_produced` = '2014-04-07', `value_estimated` = 150000 WHERE `loan_car`.`id` = 4461;
INSERT INTO `loan_car` (`id`, `created_at`, `updated_at`, `customer_id`, `model_id`, `vin_number`, `date_produced`, `value_estimated`) VALUES (4461, '2022-01-02 23:48:46.686626', '2022-01-02 23:49:52.098386', 5547, 212, '250366891160138302', '2014-04-07', 150000);
UPDATE `loan_address` SET `created_at` = '2022-01-02 23:36:21.780234', `updated_at` = '2022-01-02 23:36:21.780234', `province` = '广西壮族自治区', `city` = '玉林市', `county` = '北流市', `town` = '山围镇', `detail` = '板泉路爱里舍花园11号' WHERE `loan_address`.`id` = 8941;
INSERT INTO `loan_address` (`id`, `created_at`, `updated_at`, `province`, `city`, `county`, `town`, `detail`) VALUES (8941, '2022-01-02 23:36:21.780234', '2022-01-02 23:36:21.780234', '广西壮族自治区', '玉林市', '北流市', '山围镇', '板泉路爱里舍花园11号');
UPDATE `loan_customer` SET `created_at` = '2022-01-02 23:36:21.780234', `updated_at` = '2022-01-02 23:39:06.343163', `name` = '侯芮', `id_number` = '387441790008817054', `gender` = 'm', `birthday` = '2007-08-02', `address_id` = 8941, `job_id` = 1835, `salary` = 54000 WHERE `loan_customer`.`id` = 5548;
INSERT INTO `loan_customer` (`id`, `created_at`, `updated_at`, `name`, `id_number`, `gender`, `birthday`, `address_id`, `job_id`, `salary`) VALUES (5548, '2022-01-02 23:36:21.780234', '2022-01-02 23:39:06.343163', '侯芮', '387441790008817054', 'm', '2007-08-02', 8941, 1835, 54000);
UPDATE `loan_address` SET `created_at` = '2022-01-02 23:53:34.231433', `updated_at` = '2022-01-02 23:53:34.231433', `province` = '四川省', `city` = '甘孜藏族自治州', `county` = '甘孜县', `town` = '茶扎乡', `detail` = '安仁路溢盈河畔别墅142号' WHERE `loan_address`.`id` = 8942;
INSERT INTO `loan_address` (`id`, `created_at`, `updated_at`, `province`, `city`, `county`, `town`, `detail`) VALUES (8942, '2022-01-02 23:53:34.231433', '2022-01-02 23:53:34.231433', '四川省', '甘孜藏族自治州', '甘孜县', '茶扎乡', '安仁路溢盈河畔别墅142号');
UPDATE `loan_estate` SET `created_at` = '2022-01-02 23:53:34.231433', `updated_at` = '2022-01-02 23:53:34.231433', `customer_id` = 5548, `address_id` = 8942 WHERE `loan_estate`.`id` = 3307;
INSERT INTO `loan_estate` (`id`, `created_at`, `updated_at`, `customer_id`, `address_id`) VALUES (3307, '2022-01-02 23:53:34.231433', '2022-01-02 23:53:34.231433', 5548, 8942);
UPDATE `loan_car` SET `created_at` = '2022-01-02 23:41:30.880423', `updated_at` = '2022-01-02 23:43:38.803372', `customer_id` = 5548, `model_id` = 36, `vin_number` = '055492259241250471', `date_produced` = '2010-05-05', `value_estimated` = 420000 WHERE `loan_car`.`id` = 4462;
INSERT INTO `loan_car` (`id`, `created_at`, `updated_at`, `customer_id`, `model_id`, `vin_number`, `date_produced`, `value_estimated`) VALUES (4462, '2022-01-02 23:41:30.880423', '2022-01-02 23:43:38.803372', 5548, 36, '055492259241250471', '2010-05-05', 420000);
UPDATE `loan_account` SET `created_at` = '2022-01-02 23:39:34.481825', `updated_at` = '2022-01-02 23:39:34.481825', `customer_id` = 5548, `number` = '869786207188705854', `balance` = 23708 WHERE `loan_account`.`id` = 5078;
INSERT INTO `loan_account` (`id`, `created_at`, `updated_at`, `customer_id`, `number`, `balance`) VALUES (5078, '2022-01-02 23:39:34.481825', '2022-01-02 23:39:34.481825', 5548, '869786207188705854', 23708);
UPDATE `loan_address` SET `created_at` = '2022-01-02 03:52:35.398219', `updated_at` = '2022-01-02 03:52:35.398219', `province` = '贵州省', `city` = '毕节市', `county` = '织金县', `town` = '鸡场苗族彝族乡', `detail` = '白城南路133号' WHERE `loan_address`.`id` = 8943;
INSERT INTO `loan_address` (`id`, `created_at`, `updated_at`, `province`, `city`, `county`, `town`, `detail`) VALUES (8943, '2022-01-02 03:52:35.398219', '2022-01-02 03:52:35.398219', '贵州省', '毕节市', '织金县', '鸡场苗族彝族乡', '白城南路133号');
UPDATE `loan_customer` SET `created_at` = '2022-01-02 03:52:35.398219', `updated_at` = '2022-01-02 21:06:26.643719', `name` = '冯亦', `id_number` = '283443681737145397', `gender` = 'f', `birthday` = '1987-08-02', `address_id` = 8943, `job_id` = 1835, `salary` = 48000 WHERE `loan_customer`.`id` = 5549;
INSERT INTO `loan_customer` (`id`, `created_at`, `updated_at`, `name`, `id_number`, `gender`, `birthday`, `address_id`, `job_id`, `salary`) VALUES (5549, '2022-01-02 03:52:35.398219', '2022-01-02 21:06:26.643719', '冯亦', '283443681737145397', 'f', '1987-08-02', 8943, 1835, 48000);
UPDATE `loan_car` SET `created_at` = '2022-01-02 16:23:32.741386', `updated_at` = '2022-01-02 16:23:32.741386', `customer_id` = 5549, `model_id` = 85, `vin_number` = '469198319559686662', `date_produced` = '2013-06-12', `value_estimated` = 430000 WHERE `loan_car`.`id` = 4463;
INSERT INTO `loan_car` (`id`, `created_at`, `updated_at`, `customer_id`, `model_id`, `vin_number`, `date_produced`, `value_estimated`) VALUES (4463, '2022-01-02 16:23:32.741386', '2022-01-02 16:23:32.741386', 5549, 85, '469198319559686662', '2013-06-12', 430000);
UPDATE `loan_account` SET `created_at` = '2022-01-02 08:46:25.517397', `updated_at` = '2022-01-02 13:34:12.934496', `customer_id` = 5549, `number` = '153058120700884163', `balance` = 27292 WHERE `loan_account`.`id` = 5079;
INSERT INTO `loan_account` (`id`, `created_at`, `updated_at`, `customer_id`, `number`, `balance`) VALUES (5079, '2022-01-02 08:46:25.517397', '2022-01-02 13:34:12.934496', 5549, '153058120700884163', 27292);
UPDATE `loan_address` SET `created_at` = '2022-01-02 17:28:21.571465', `updated_at` = '2022-01-02 17:28:21.571465', `province` = '湖北省', `city` = '黄冈市', `county` = '浠水县', `town` = '洗马镇', `detail` = '安国路50号' WHERE `loan_address`.`id` = 8944;
INSERT INTO `loan_address` (`id`, `created_at`, `updated_at`, `province`, `city`, `county`, `town`, `detail`) VALUES (8944, '2022-01-02 17:28:21.571465', '2022-01-02 17:28:21.571465', '湖北省', '黄冈市', '浠水县', '洗马镇', '安国路50号');
UPDATE `loan_customer` SET `created_at` = '2022-01-02 17:28:21.571465', `updated_at` = '2022-01-02 17:28:21.571465', `name` = '孔乐邦', `id_number` = '975643800786763585', `gender` = 'f', `birthday` = '1988-11-29', `address_id` = 8944, `job_id` = 1836, `salary` = 15000 WHERE `loan_customer`.`id` = 5550;
INSERT INTO `loan_customer` (`id`, `created_at`, `updated_at`, `name`, `id_number`, `gender`, `birthday`, `address_id`, `job_id`, `salary`) VALUES (5550, '2022-01-02 17:28:21.571465', '2022-01-02 17:28:21.571465', '孔乐邦', '975643800786763585', 'f', '1988-11-29', 8944, 1836, 15000);
UPDATE `loan_chattel` SET `created_at` = '2022-01-02 22:17:53.042110', `updated_at` = '2022-01-02 22:17:53.042110', `customer_id` = 5550, `type` = 'patent', `description` = '一些信息', `value_amount` = 410000, `expired_at` = '2023-03-24' WHERE `loan_chattel`.`id` = 1627;
INSERT INTO `loan_chattel` (`id`, `created_at`, `updated_at`, `customer_id`, `type`, `description`, `value_amount`, `expired_at`) VALUES (1627, '2022-01-02 22:17:53.042110', '2022-01-02 22:17:53.042110', 5550, 'patent', '一些信息', 410000, '2023-03-24');
UPDATE `loan_address` SET `created_at` = '2022-01-02 21:05:40.890407', `updated_at` = '2022-01-02 21:05:40.890407', `province` = '山西省', `city` = '临汾市', `county` = '尧都区', `town` = '乔李镇', `detail` = '百色路86号' WHERE `loan_address`.`id` = 8945;
INSERT INTO `loan_address` (`id`, `created_at`, `updated_at`, `province`, `city`, `county`, `town`, `detail`) VALUES (8945, '2022-01-02 21:05:40.890407', '2022-01-02 21:05:40.890407', '山西省', '临汾市', '尧都区', '乔李镇', '百色路86号');
UPDATE `loan_estate` SET `created_at` = '2022-01-02 21:05:40.890407', `updated_at` = '2022-01-02 21:05:40.890407', `customer_id` = 5550, `address_id` = 8945 WHERE `loan_estate`.`id` = 3308;
INSERT INTO `loan_estate` (`id`, `created_at`, `updated_at`, `customer_id`, `address_id`) VALUES (3308, '2022-01-02 21:05:40.890407', '2022-01-02 21:05:40.890407', 5550, 8945);
UPDATE `loan_address` SET `created_at` = '2022-01-02 23:18:11.156902', `updated_at` = '2022-01-02 23:18:11.156902', `province` = '甘肃省', `city` = '临夏回族自治州', `county` = '广河县', `town` = '祁家集镇', `detail` = '安德路132号' WHERE `loan_address`.`id` = 8946;
INSERT INTO `loan_address` (`id`, `created_at`, `updated_at`, `province`, `city`, `county`, `town`, `detail`) VALUES (8946, '2022-01-02 23:18:11.156902', '2022-01-02 23:18:11.156902', '甘肃省', '临夏回族自治州', '广河县', '祁家集镇', '安德路132号');
UPDATE `loan_estate` SET `created_at` = '2022-01-02 23:18:11.156902', `updated_at` = '2022-01-02 23:18:11.156902', `customer_id` = 5550, `address_id` = 8946 WHERE `loan_estate`.`id` = 3309;
INSERT INTO `loan_estate` (`id`, `created_at`, `updated_at`, `customer_id`, `address_id`) VALUES (3309, '2022-01-02 23:18:11.156902', '2022-01-02 23:18:11.156902', 5550, 8946);
UPDATE `loan_car` SET `created_at` = '2022-01-02 20:35:58.607468', `updated_at` = '2022-01-02 20:35:58.607468', `customer_id` = 5550, `model_id` = 37, `vin_number` = '305774986442920571', `date_produced` = '2021-01-10', `value_estimated` = 290000 WHERE `loan_car`.`id` = 4464;
INSERT INTO `loan_car` (`id`, `created_at`, `updated_at`, `customer_id`, `model_id`, `vin_number`, `date_produced`, `value_estimated`) VALUES (4464, '2022-01-02 20:35:58.607468', '2022-01-02 20:35:58.607468', 5550, 37, '305774986442920571', '2021-01-10', 290000);
UPDATE `loan_account` SET `created_at` = '2022-01-02 22:59:13.593671', `updated_at` = '2022-01-02 22:59:13.593671', `customer_id` = 5550, `number` = '117416954350492515', `balance` = 30754 WHERE `loan_account`.`id` = 5080;
INSERT INTO `loan_account` (`id`, `created_at`, `updated_at`, `customer_id`, `number`, `balance`) VALUES (5080, '2022-01-02 22:59:13.593671', '2022-01-02 22:59:13.593671', 5550, '117416954350492515', 30754);
UPDATE `loan_address` SET `created_at` = '2022-01-02 04:34:39.780981', `updated_at` = '2022-01-02 04:34:39.780981', `province` = '河南省', `city` = '平顶山市', `county` = '叶县', `town` = '马庄回族乡', `detail` = '宝源路40号' WHERE `loan_address`.`id` = 8947;
INSERT INTO `loan_address` (`id`, `created_at`, `updated_at`, `province`, `city`, `county`, `town`, `detail`) VALUES (8947, '2022-01-02 04:34:39.780981', '2022-01-02 04:34:39.780981', '河南省', '平顶山市', '叶县', '马庄回族乡', '宝源路40号');
UPDATE `loan_customer` SET `created_at` = '2022-01-02 04:34:39.780981', `updated_at` = '2022-01-02 16:13:45.051304', `name` = '尹靖易', `id_number` = '671785278324286896', `gender` = 'f', `birthday` = '1994-06-29', `address_id` = 8947, `job_id` = 1837, `salary` = 9000 WHERE `loan_customer`.`id` = 5551;
INSERT INTO `loan_customer` (`id`, `created_at`, `updated_at`, `name`, `id_number`, `gender`, `birthday`, `address_id`, `job_id`, `salary`) VALUES (5551, '2022-01-02 04:34:39.780981', '2022-01-02 16:13:45.051304', '尹靖易', '671785278324286896', 'f', '1994-06-29', 8947, 1837, 9000);
UPDATE `loan_address` SET `created_at` = '2022-01-02 19:31:10.455290', `updated_at` = '2022-01-02 19:31:10.455290', `province` = '黑龙江省', `city` = '伊春市', `county` = '带岭区', `town` = '环山林场', `detail` = '白渡桥东新大厦121号' WHERE `loan_address`.`id` = 8948;
INSERT INTO `loan_address` (`id`, `created_at`, `updated_at`, `province`, `city`, `county`, `town`, `detail`) VALUES (8948, '2022-01-02 19:31:10.455290', '2022-01-02 19:31:10.455290', '黑龙江省', '伊春市', '带岭区', '环山林场', '白渡桥东新大厦121号');
UPDATE `loan_customer` SET `created_at` = '2022-01-02 19:31:10.455290', `updated_at` = '2022-01-02 19:31:10.455290', `name` = '姜南霜', `id_number` = '287133034410672763', `gender` = 'f', `birthday` = '2009-09-21', `address_id` = 8948, `job_id` = 1837, `salary` = 31000 WHERE `loan_customer`.`id` = 5552;
INSERT INTO `loan_customer` (`id`, `created_at`, `updated_at`, `name`, `id_number`, `gender`, `birthday`, `address_id`, `job_id`, `salary`) VALUES (5552, '2022-01-02 19:31:10.455290', '2022-01-02 19:31:10.455290', '姜南霜', '287133034410672763', 'f', '2009-09-21', 8948, 1837, 31000);
UPDATE `loan_chattel` SET `created_at` = '2022-01-02 22:23:05.533204', `updated_at` = '2022-01-02 22:23:05.533204', `customer_id` = 5552, `type` = 'draft', `description` = '一些信息', `value_amount` = 350000, `expired_at` = '2024-12-12' WHERE `loan_chattel`.`id` = 1628;
INSERT INTO `loan_chattel` (`id`, `created_at`, `updated_at`, `customer_id`, `type`, `description`, `value_amount`, `expired_at`) VALUES (1628, '2022-01-02 22:23:05.533204', '2022-01-02 22:23:05.533204', 5552, 'draft', '一些信息', 350000, '2024-12-12');
UPDATE `loan_address` SET `created_at` = '2022-01-02 23:44:49.439286', `updated_at` = '2022-01-02 23:44:49.439286', `province` = '云南省', `city` = '昆明市', `county` = '嵩明县', `town` = '嵩明杨林经济技术开发区', `detail` = '巴林路爱里舍花园187号' WHERE `loan_address`.`id` = 8949;
INSERT INTO `loan_address` (`id`, `created_at`, `updated_at`, `province`, `city`, `county`, `town`, `detail`) VALUES (8949, '2022-01-02 23:44:49.439286', '2022-01-02 23:44:49.439286', '云南省', '昆明市', '嵩明县', '嵩明杨林经济技术开发区', '巴林路爱里舍花园187号');
UPDATE `loan_estate` SET `created_at` = '2022-01-02 23:44:49.439286', `updated_at` = '2022-01-02 23:44:49.439286', `customer_id` = 5552, `address_id` = 8949 WHERE `loan_estate`.`id` = 3310;
INSERT INTO `loan_estate` (`id`, `created_at`, `updated_at`, `customer_id`, `address_id`) VALUES (3310, '2022-01-02 23:44:49.439286', '2022-01-02 23:44:49.439286', 5552, 8949);
UPDATE `loan_car` SET `created_at` = '2022-01-02 22:51:21.658711', `updated_at` = '2022-01-02 23:11:24.120307', `customer_id` = 5552, `model_id` = 192, `vin_number` = '079848703624572837', `date_produced` = '2021-03-28', `value_estimated` = 850000 WHERE `loan_car`.`id` = 4465;
INSERT INTO `loan_car` (`id`, `created_at`, `updated_at`, `customer_id`, `model_id`, `vin_number`, `date_produced`, `value_estimated`) VALUES (4465, '2022-01-02 22:51:21.658711', '2022-01-02 23:11:24.120307', 5552, 192, '079848703624572837', '2021-03-28', 850000);
UPDATE `loan_car` SET `created_at` = '2022-01-02 20:54:21.327818', `updated_at` = '2022-01-02 23:55:09.624421', `customer_id` = 5552, `model_id` = 166, `vin_number` = '558627920379543679', `date_produced` = '2011-04-11', `value_estimated` = 230000 WHERE `loan_car`.`id` = 4466;
INSERT INTO `loan_car` (`id`, `created_at`, `updated_at`, `customer_id`, `model_id`, `vin_number`, `date_produced`, `value_estimated`) VALUES (4466, '2022-01-02 20:54:21.327818', '2022-01-02 23:55:09.624421', 5552, 166, '558627920379543679', '2011-04-11', 230000);
UPDATE `loan_account` SET `created_at` = '2022-01-02 23:30:11.216520', `updated_at` = '2022-01-02 23:30:11.216520', `customer_id` = 5552, `number` = '301708741490142698', `balance` = 15437 WHERE `loan_account`.`id` = 5081;
INSERT INTO `loan_account` (`id`, `created_at`, `updated_at`, `customer_id`, `number`, `balance`) VALUES (5081, '2022-01-02 23:30:11.216520', '2022-01-02 23:30:11.216520', 5552, '301708741490142698', 15437);
UPDATE `loan_address` SET `created_at` = '2022-01-02 13:13:09.649633', `updated_at` = '2022-01-02 13:13:09.649633', `province` = '四川省', `city` = '阿坝藏族羌族自治州', `county` = '马尔康市', `town` = '草登乡', `detail` = '安义路复华城市花园52号' WHERE `loan_address`.`id` = 8950;
INSERT INTO `loan_address` (`id`, `created_at`, `updated_at`, `province`, `city`, `county`, `town`, `detail`) VALUES (8950, '2022-01-02 13:13:09.649633', '2022-01-02 13:13:09.649633', '四川省', '阿坝藏族羌族自治州', '马尔康市', '草登乡', '安义路复华城市花园52号');
UPDATE `loan_customer` SET `created_at` = '2022-01-02 13:13:09.649633', `updated_at` = '2022-01-02 14:17:00.560546', `name` = '黎思云', `id_number` = '122169298215756325', `gender` = 'f', `birthday` = '1993-04-11', `address_id` = 8950, `job_id` = 1837, `salary` = 12000 WHERE `loan_customer`.`id` = 5553;
INSERT INTO `loan_customer` (`id`, `created_at`, `updated_at`, `name`, `id_number`, `gender`, `birthday`, `address_id`, `job_id`, `salary`) VALUES (5553, '2022-01-02 13:13:09.649633', '2022-01-02 14:17:00.560546', '黎思云', '122169298215756325', 'f', '1993-04-11', 8950, 1837, 12000);
UPDATE `loan_car` SET `created_at` = '2022-01-02 15:49:11.330155', `updated_at` = '2022-01-02 15:49:11.330155', `customer_id` = 5553, `model_id` = 52, `vin_number` = '434433391380163036', `date_produced` = '2017-08-24', `value_estimated` = 210000 WHERE `loan_car`.`id` = 4467;
INSERT INTO `loan_car` (`id`, `created_at`, `updated_at`, `customer_id`, `model_id`, `vin_number`, `date_produced`, `value_estimated`) VALUES (4467, '2022-01-02 15:49:11.330155', '2022-01-02 15:49:11.330155', 5553, 52, '434433391380163036', '2017-08-24', 210000);
UPDATE `loan_account` SET `created_at` = '2022-01-02 18:16:07.247738', `updated_at` = '2022-01-02 18:16:07.247738', `customer_id` = 5553, `number` = '369597741324037871', `balance` = 28715 WHERE `loan_account`.`id` = 5082;
INSERT INTO `loan_account` (`id`, `created_at`, `updated_at`, `customer_id`, `number`, `balance`) VALUES (5082, '2022-01-02 18:16:07.247738', '2022-01-02 18:16:07.247738', 5553, '369597741324037871', 28715);
UPDATE `loan_address` SET `created_at` = '2022-01-02 13:40:00.291044', `updated_at` = '2022-01-02 13:40:00.291044', `province` = '吉林省', `city` = '四平市', `county` = '公主岭市', `town` = '十屋种牛场', `detail` = '安澜路26号' WHERE `loan_address`.`id` = 8951;
INSERT INTO `loan_address` (`id`, `created_at`, `updated_at`, `province`, `city`, `county`, `town`, `detail`) VALUES (8951, '2022-01-02 13:40:00.291044', '2022-01-02 13:40:00.291044', '吉林省', '四平市', '公主岭市', '十屋种牛场', '安澜路26号');
UPDATE `loan_customer` SET `created_at` = '2022-01-02 13:40:00.291044', `updated_at` = '2022-01-02 21:57:17.118100', `name` = '郑驾', `id_number` = '220164218624885015', `gender` = 'm', `birthday` = '2008-12-20', `address_id` = 8951, `job_id` = 1838, `salary` = 70000 WHERE `loan_customer`.`id` = 5554;
INSERT INTO `loan_customer` (`id`, `created_at`, `updated_at`, `name`, `id_number`, `gender`, `birthday`, `address_id`, `job_id`, `salary`) VALUES (5554, '2022-01-02 13:40:00.291044', '2022-01-02 21:57:17.118100', '郑驾', '220164218624885015', 'm', '2008-12-20', 8951, 1838, 70000);
UPDATE `loan_chattel` SET `created_at` = '2022-01-02 13:42:00.677511', `updated_at` = '2022-01-02 13:42:00.677511', `customer_id` = 5554, `type` = 'bond', `description` = '一些信息', `value_amount` = 530000, `expired_at` = '2027-10-31' WHERE `loan_chattel`.`id` = 1629;
INSERT INTO `loan_chattel` (`id`, `created_at`, `updated_at`, `customer_id`, `type`, `description`, `value_amount`, `expired_at`) VALUES (1629, '2022-01-02 13:42:00.677511', '2022-01-02 13:42:00.677511', 5554, 'bond', '一些信息', 530000, '2027-10-31');
UPDATE `loan_address` SET `created_at` = '2022-01-02 16:15:53.552465', `updated_at` = '2022-01-02 16:15:53.552465', `province` = '四川省', `city` = '乐山市', `county` = '沐川县', `town` = '建和乡', `detail` = '宝通路阳光翠竹苑116号' WHERE `loan_address`.`id` = 8952;
INSERT INTO `loan_address` (`id`, `created_at`, `updated_at`, `province`, `city`, `county`, `town`, `detail`) VALUES (8952, '2022-01-02 16:15:53.552465', '2022-01-02 16:15:53.552465', '四川省', '乐山市', '沐川县', '建和乡', '宝通路阳光翠竹苑116号');
UPDATE `loan_estate` SET `created_at` = '2022-01-02 16:15:53.552465', `updated_at` = '2022-01-02 16:15:53.552465', `customer_id` = 5554, `address_id` = 8952 WHERE `loan_estate`.`id` = 3311;
INSERT INTO `loan_estate` (`id`, `created_at`, `updated_at`, `customer_id`, `address_id`) VALUES (3311, '2022-01-02 16:15:53.552465', '2022-01-02 16:15:53.552465', 5554, 8952);
UPDATE `loan_car` SET `created_at` = '2022-01-02 18:22:18.644602', `updated_at` = '2022-01-02 18:45:24.060251', `customer_id` = 5554, `model_id` = 300, `vin_number` = '606047301056007343', `date_produced` = '2017-12-30', `value_estimated` = 440000 WHERE `loan_car`.`id` = 4468;
INSERT INTO `loan_car` (`id`, `created_at`, `updated_at`, `customer_id`, `model_id`, `vin_number`, `date_produced`, `value_estimated`) VALUES (4468, '2022-01-02 18:22:18.644602', '2022-01-02 18:45:24.060251', 5554, 300, '606047301056007343', '2017-12-30', 440000);
UPDATE `loan_account` SET `created_at` = '2022-01-02 23:46:51.595288', `updated_at` = '2022-01-02 23:57:18.966993', `customer_id` = 5554, `number` = '350838154949349235', `balance` = 0 WHERE `loan_account`.`id` = 5083;
INSERT INTO `loan_account` (`id`, `created_at`, `updated_at`, `customer_id`, `number`, `balance`) VALUES (5083, '2022-01-02 23:46:51.595288', '2022-01-02 23:57:18.966993', 5554, '350838154949349235', 0);
UPDATE `loan_address` SET `created_at` = '2022-01-02 13:08:25.461043', `updated_at` = '2022-01-02 13:08:25.461043', `province` = '广西壮族自治区', `city` = '桂林市', `county` = '全州县', `town` = '蕉江瑶族乡', `detail` = '宝祁路住友嘉馨名园154号' WHERE `loan_address`.`id` = 8953;
INSERT INTO `loan_address` (`id`, `created_at`, `updated_at`, `province`, `city`, `county`, `town`, `detail`) VALUES (8953, '2022-01-02 13:08:25.461043', '2022-01-02 13:08:25.461043', '广西壮族自治区', '桂林市', '全州县', '蕉江瑶族乡', '宝祁路住友嘉馨名园154号');
UPDATE `loan_customer` SET `created_at` = '2022-01-02 13:08:25.461043', `updated_at` = '2022-01-02 14:37:41.488185', `name` = '邓天材', `id_number` = '034708630098903656', `gender` = 'f', `birthday` = '1981-07-03', `address_id` = 8953, `job_id` = 1838, `salary` = 29000 WHERE `loan_customer`.`id` = 5555;
INSERT INTO `loan_customer` (`id`, `created_at`, `updated_at`, `name`, `id_number`, `gender`, `birthday`, `address_id`, `job_id`, `salary`) VALUES (5555, '2022-01-02 13:08:25.461043', '2022-01-02 14:37:41.488185', '邓天材', '034708630098903656', 'f', '1981-07-03', 8953, 1838, 29000);
UPDATE `loan_address` SET `created_at` = '2022-01-02 21:55:32.550638', `updated_at` = '2022-01-02 21:55:32.550638', `province` = '山东省', `city` = '菏泽市', `county` = '单县', `town` = '谢集镇', `detail` = '保屯路和亭佳苑61号' WHERE `loan_address`.`id` = 8954;
INSERT INTO `loan_address` (`id`, `created_at`, `updated_at`, `province`, `city`, `county`, `town`, `detail`) VALUES (8954, '2022-01-02 21:55:32.550638', '2022-01-02 21:55:32.550638', '山东省', '菏泽市', '单县', '谢集镇', '保屯路和亭佳苑61号');
UPDATE `loan_estate` SET `created_at` = '2022-01-02 21:55:32.550638', `updated_at` = '2022-01-02 21:55:32.550638', `customer_id` = 5555, `address_id` = 8954 WHERE `loan_estate`.`id` = 3312;
INSERT INTO `loan_estate` (`id`, `created_at`, `updated_at`, `customer_id`, `address_id`) VALUES (3312, '2022-01-02 21:55:32.550638', '2022-01-02 21:55:32.550638', 5555, 8954);
UPDATE `loan_address` SET `created_at` = '2022-01-02 23:33:58.761476', `updated_at` = '2022-01-02 23:33:58.761476', `province` = '四川省', `city` = '阿坝藏族羌族自治州', `county` = '马尔康市', `town` = '草登乡', `detail` = '宝安公路197号' WHERE `loan_address`.`id` = 8955;
INSERT INTO `loan_address` (`id`, `created_at`, `updated_at`, `province`, `city`, `county`, `town`, `detail`) VALUES (8955, '2022-01-02 23:33:58.761476', '2022-01-02 23:33:58.761476', '四川省', '阿坝藏族羌族自治州', '马尔康市', '草登乡', '宝安公路197号');
UPDATE `loan_estate` SET `created_at` = '2022-01-02 23:33:58.761476', `updated_at` = '2022-01-02 23:33:58.761476', `customer_id` = 5555, `address_id` = 8955 WHERE `loan_estate`.`id` = 3313;
INSERT INTO `loan_estate` (`id`, `created_at`, `updated_at`, `customer_id`, `address_id`) VALUES (3313, '2022-01-02 23:33:58.761476', '2022-01-02 23:33:58.761476', 5555, 8955);
UPDATE `loan_address` SET `created_at` = '2022-01-02 20:36:51.094781', `updated_at` = '2022-01-02 20:36:51.094781', `province` = '四川省', `city` = '成都市', `county` = '彭州市', `town` = '新兴镇', `detail` = '白渡桥106号' WHERE `loan_address`.`id` = 8956;
INSERT INTO `loan_address` (`id`, `created_at`, `updated_at`, `province`, `city`, `county`, `town`, `detail`) VALUES (8956, '2022-01-02 20:36:51.094781', '2022-01-02 20:36:51.094781', '四川省', '成都市', '彭州市', '新兴镇', '白渡桥106号');
UPDATE `loan_estate` SET `created_at` = '2022-01-02 20:36:51.094781', `updated_at` = '2022-01-02 20:36:51.094781', `customer_id` = 5555, `address_id` = 8956 WHERE `loan_estate`.`id` = 3314;
INSERT INTO `loan_estate` (`id`, `created_at`, `updated_at`, `customer_id`, `address_id`) VALUES (3314, '2022-01-02 20:36:51.094781', '2022-01-02 20:36:51.094781', 5555, 8956);
UPDATE `loan_car` SET `created_at` = '2022-01-02 19:28:37.951362', `updated_at` = '2022-01-02 23:29:31.916436', `customer_id` = 5555, `model_id` = 240, `vin_number` = '878150723658329279', `date_produced` = '2013-12-23', `value_estimated` = 190000 WHERE `loan_car`.`id` = 4469;
INSERT INTO `loan_car` (`id`, `created_at`, `updated_at`, `customer_id`, `model_id`, `vin_number`, `date_produced`, `value_estimated`) VALUES (4469, '2022-01-02 19:28:37.951362', '2022-01-02 23:29:31.916436', 5555, 240, '878150723658329279', '2013-12-23', 190000);
UPDATE `loan_car` SET `created_at` = '2022-01-02 18:46:39.198022', `updated_at` = '2022-01-02 21:12:29.171482', `customer_id` = 5555, `model_id` = 88, `vin_number` = '879242145780762536', `date_produced` = '2012-11-03', `value_estimated` = 620000 WHERE `loan_car`.`id` = 4470;
INSERT INTO `loan_car` (`id`, `created_at`, `updated_at`, `customer_id`, `model_id`, `vin_number`, `date_produced`, `value_estimated`) VALUES (4470, '2022-01-02 18:46:39.198022', '2022-01-02 21:12:29.171482', 5555, 88, '879242145780762536', '2012-11-03', 620000);
UPDATE `loan_address` SET `created_at` = '2022-01-02 07:27:28.954792', `updated_at` = '2022-01-02 07:27:28.954792', `province` = '陕西省', `city` = '延安市', `county` = '黄龙县', `town` = '瓦子街镇', `detail` = '安龙路爱里舍花园36号' WHERE `loan_address`.`id` = 8957;
INSERT INTO `loan_address` (`id`, `created_at`, `updated_at`, `province`, `city`, `county`, `town`, `detail`) VALUES (8957, '2022-01-02 07:27:28.954792', '2022-01-02 07:27:28.954792', '陕西省', '延安市', '黄龙县', '瓦子街镇', '安龙路爱里舍花园36号');
UPDATE `loan_customer` SET `created_at` = '2022-01-02 07:27:28.954792', `updated_at` = '2022-01-02 22:50:31.618948', `name` = '孔红', `id_number` = '201509139021539183', `gender` = 'm', `birthday` = '1990-04-24', `address_id` = 8957, `job_id` = 1838, `salary` = 39000 WHERE `loan_customer`.`id` = 5556;
INSERT INTO `loan_customer` (`id`, `created_at`, `updated_at`, `name`, `id_number`, `gender`, `birthday`, `address_id`, `job_id`, `salary`) VALUES (5556, '2022-01-02 07:27:28.954792', '2022-01-02 22:50:31.618948', '孔红', '201509139021539183', 'm', '1990-04-24', 8957, 1838, 39000);
UPDATE `loan_account` SET `created_at` = '2022-01-02 15:00:07.915066', `updated_at` = '2022-01-02 17:31:44.049278', `customer_id` = 5556, `number` = '789344607006565798', `balance` = 62479 WHERE `loan_account`.`id` = 5084;
INSERT INTO `loan_account` (`id`, `created_at`, `updated_at`, `customer_id`, `number`, `balance`) VALUES (5084, '2022-01-02 15:00:07.915066', '2022-01-02 17:31:44.049278', 5556, '789344607006565798', 62479);
UPDATE `loan_address` SET `created_at` = '2022-01-02 08:58:35.734808', `updated_at` = '2022-01-02 08:58:35.734808', `province` = '山东省', `city` = '菏泽市', `county` = '成武县', `town` = '成武县南鲁集镇', `detail` = '安仁路东新大厦99号' WHERE `loan_address`.`id` = 8958;
INSERT INTO `loan_address` (`id`, `created_at`, `updated_at`, `province`, `city`, `county`, `town`, `detail`) VALUES (8958, '2022-01-02 08:58:35.734808', '2022-01-02 08:58:35.734808', '山东省', '菏泽市', '成武县', '成武县南鲁集镇', '安仁路东新大厦99号');
UPDATE `loan_customer` SET `created_at` = '2022-01-02 08:58:35.734808', `updated_at` = '2022-01-02 08:58:35.734808', `name` = '蔡文柏', `id_number` = '837285356565519448', `gender` = 'm', `birthday` = '2001-02-11', `address_id` = 8958, `job_id` = 1838, `salary` = 48000 WHERE `loan_customer`.`id` = 5557;
INSERT INTO `loan_customer` (`id`, `created_at`, `updated_at`, `name`, `id_number`, `gender`, `birthday`, `address_id`, `job_id`, `salary`) VALUES (5557, '2022-01-02 08:58:35.734808', '2022-01-02 08:58:35.734808', '蔡文柏', '837285356565519448', 'm', '2001-02-11', 8958, 1838, 48000);
UPDATE `loan_chattel` SET `created_at` = '2022-01-02 20:38:28.565427', `updated_at` = '2022-01-02 20:38:28.565427', `customer_id` = 5557, `type` = 'bond', `description` = '一些信息', `value_amount` = 90000, `expired_at` = '2021-08-23' WHERE `loan_chattel`.`id` = 1630;
INSERT INTO `loan_chattel` (`id`, `created_at`, `updated_at`, `customer_id`, `type`, `description`, `value_amount`, `expired_at`) VALUES (1630, '2022-01-02 20:38:28.565427', '2022-01-02 20:38:28.565427', 5557, 'bond', '一些信息', 90000, '2021-08-23');
UPDATE `loan_address` SET `created_at` = '2022-01-02 12:46:12.775072', `updated_at` = '2022-01-02 12:46:12.775072', `province` = '黑龙江省', `city` = '鸡西市', `county` = '鸡东县', `town` = '鸡林乡', `detail` = '鞍山支路192号' WHERE `loan_address`.`id` = 8959;
INSERT INTO `loan_address` (`id`, `created_at`, `updated_at`, `province`, `city`, `county`, `town`, `detail`) VALUES (8959, '2022-01-02 12:46:12.775072', '2022-01-02 12:46:12.775072', '黑龙江省', '鸡西市', '鸡东县', '鸡林乡', '鞍山支路192号');
UPDATE `loan_estate` SET `created_at` = '2022-01-02 12:46:12.775072', `updated_at` = '2022-01-02 12:46:12.775072', `customer_id` = 5557, `address_id` = 8959 WHERE `loan_estate`.`id` = 3315;
INSERT INTO `loan_estate` (`id`, `created_at`, `updated_at`, `customer_id`, `address_id`) VALUES (3315, '2022-01-02 12:46:12.775072', '2022-01-02 12:46:12.775072', 5557, 8959);
UPDATE `loan_account` SET `created_at` = '2022-01-02 21:24:34.249596', `updated_at` = '2022-01-02 22:39:03.658716', `customer_id` = 5557, `number` = '643967465921106874', `balance` = 39417 WHERE `loan_account`.`id` = 5085;
INSERT INTO `loan_account` (`id`, `created_at`, `updated_at`, `customer_id`, `number`, `balance`) VALUES (5085, '2022-01-02 21:24:34.249596', '2022-01-02 22:39:03.658716', 5557, '643967465921106874', 39417);
UPDATE `loan_address` SET `created_at` = '2022-01-02 09:18:06.025287', `updated_at` = '2022-01-02 09:18:06.025287', `province` = '辽宁省', `city` = '鞍山市', `county` = '海城市', `town` = '析木镇', `detail` = '安边路176号' WHERE `loan_address`.`id` = 8960;
INSERT INTO `loan_address` (`id`, `created_at`, `updated_at`, `province`, `city`, `county`, `town`, `detail`) VALUES (8960, '2022-01-02 09:18:06.025287', '2022-01-02 09:18:06.025287', '辽宁省', '鞍山市', '海城市', '析木镇', '安边路176号');
UPDATE `loan_customer` SET `created_at` = '2022-01-02 09:18:06.025287', `updated_at` = '2022-01-02 14:01:45.118319', `name` = '唐汇', `id_number` = '857916395461120384', `gender` = 'm', `birthday` = '1988-06-23', `address_id` = 8960, `job_id` = 1838, `salary` = 18000 WHERE `loan_customer`.`id` = 5558;
INSERT INTO `loan_customer` (`id`, `created_at`, `updated_at`, `name`, `id_number`, `gender`, `birthday`, `address_id`, `job_id`, `salary`) VALUES (5558, '2022-01-02 09:18:06.025287', '2022-01-02 14:01:45.118319', '唐汇', '857916395461120384', 'm', '1988-06-23', 8960, 1838, 18000);
UPDATE `loan_car` SET `created_at` = '2022-01-02 10:21:33.906820', `updated_at` = '2022-01-02 23:42:48.531086', `customer_id` = 5558, `model_id` = 273, `vin_number` = '352916766237880338', `date_produced` = '2013-12-01', `value_estimated` = 550000 WHERE `loan_car`.`id` = 4471;
INSERT INTO `loan_car` (`id`, `created_at`, `updated_at`, `customer_id`, `model_id`, `vin_number`, `date_produced`, `value_estimated`) VALUES (4471, '2022-01-02 10:21:33.906820', '2022-01-02 23:42:48.531086', 5558, 273, '352916766237880338', '2013-12-01', 550000);
UPDATE `loan_account` SET `created_at` = '2022-01-02 13:28:26.495224', `updated_at` = '2022-01-02 13:28:26.495224', `customer_id` = 5558, `number` = '761999211920287303', `balance` = 5764 WHERE `loan_account`.`id` = 5086;
INSERT INTO `loan_account` (`id`, `created_at`, `updated_at`, `customer_id`, `number`, `balance`) VALUES (5086, '2022-01-02 13:28:26.495224', '2022-01-02 13:28:26.495224', 5558, '761999211920287303', 5764);
UPDATE `loan_address` SET `created_at` = '2022-01-02 23:40:30.112305', `updated_at` = '2022-01-02 23:40:30.112305', `province` = '四川省', `city` = '自贡市', `county` = '富顺县', `town` = '富和乡', `detail` = '百安路（方泰镇）44号' WHERE `loan_address`.`id` = 8961;
INSERT INTO `loan_address` (`id`, `created_at`, `updated_at`, `province`, `city`, `county`, `town`, `detail`) VALUES (8961, '2022-01-02 23:40:30.112305', '2022-01-02 23:40:30.112305', '四川省', '自贡市', '富顺县', '富和乡', '百安路（方泰镇）44号');
UPDATE `loan_customer` SET `created_at` = '2022-01-02 23:40:30.112305', `updated_at` = '2022-01-02 23:40:30.112305', `name` = '余圣', `id_number` = '611671713810494225', `gender` = 'f', `birthday` = '2001-12-25', `address_id` = 8961, `job_id` = 1839, `salary` = 80000 WHERE `loan_customer`.`id` = 5559;
INSERT INTO `loan_customer` (`id`, `created_at`, `updated_at`, `name`, `id_number`, `gender`, `birthday`, `address_id`, `job_id`, `salary`) VALUES (5559, '2022-01-02 23:40:30.112305', '2022-01-02 23:40:30.112305', '余圣', '611671713810494225', 'f', '2001-12-25', 8961, 1839, 80000);
UPDATE `loan_chattel` SET `created_at` = '2022-01-02 23:58:45.780274', `updated_at` = '2022-01-02 23:58:45.780274', `customer_id` = 5559, `type` = 'promissory_note', `description` = '一些信息', `value_amount` = 60000, `expired_at` = '2024-07-29' WHERE `loan_chattel`.`id` = 1631;
INSERT INTO `loan_chattel` (`id`, `created_at`, `updated_at`, `customer_id`, `type`, `description`, `value_amount`, `expired_at`) VALUES (1631, '2022-01-02 23:58:45.780274', '2022-01-02 23:58:45.780274', 5559, 'promissory_note', '一些信息', 60000, '2024-07-29');
UPDATE `loan_car` SET `created_at` = '2022-01-02 23:56:54.113372', `updated_at` = '2022-01-02 23:56:54.113372', `customer_id` = 5559, `model_id` = 262, `vin_number` = '085628077812500325', `date_produced` = '2018-09-16', `value_estimated` = 530000 WHERE `loan_car`.`id` = 4472;
INSERT INTO `loan_car` (`id`, `created_at`, `updated_at`, `customer_id`, `model_id`, `vin_number`, `date_produced`, `value_estimated`) VALUES (4472, '2022-01-02 23:56:54.113372', '2022-01-02 23:56:54.113372', 5559, 262, '085628077812500325', '2018-09-16', 530000);
UPDATE `loan_account` SET `created_at` = '2022-01-02 23:45:40.996685', `updated_at` = '2022-01-02 23:59:41.412577', `customer_id` = 5559, `number` = '535222626073050975', `balance` = 20984 WHERE `loan_account`.`id` = 5087;
INSERT INTO `loan_account` (`id`, `created_at`, `updated_at`, `customer_id`, `number`, `balance`) VALUES (5087, '2022-01-02 23:45:40.996685', '2022-01-02 23:59:41.412577', 5559, '535222626073050975', 20984);
UPDATE `loan_address` SET `created_at` = '2022-01-02 02:50:42.099531', `updated_at` = '2022-01-02 02:50:42.099531', `province` = '四川省', `city` = '巴中市', `county` = '通江县', `town` = '新场镇', `detail` = '澳门路博泰新苑106号' WHERE `loan_address`.`id` = 8962;
INSERT INTO `loan_address` (`id`, `created_at`, `updated_at`, `province`, `city`, `county`, `town`, `detail`) VALUES (8962, '2022-01-02 02:50:42.099531', '2022-01-02 02:50:42.099531', '四川省', '巴中市', '通江县', '新场镇', '澳门路博泰新苑106号');
UPDATE `loan_customer` SET `created_at` = '2022-01-02 02:50:42.099531', `updated_at` = '2022-01-02 10:51:02.295142', `name` = '孔鹤轩', `id_number` = '044346727244923036', `gender` = 'f', `birthday` = '2006-03-11', `address_id` = 8962, `job_id` = 1839, `salary` = 34000 WHERE `loan_customer`.`id` = 5560;
INSERT INTO `loan_customer` (`id`, `created_at`, `updated_at`, `name`, `id_number`, `gender`, `birthday`, `address_id`, `job_id`, `salary`) VALUES (5560, '2022-01-02 02:50:42.099531', '2022-01-02 10:51:02.295142', '孔鹤轩', '044346727244923036', 'f', '2006-03-11', 8962, 1839, 34000);
UPDATE `loan_account` SET `created_at` = '2022-01-02 14:20:23.982567', `updated_at` = '2022-01-02 14:20:23.982567', `customer_id` = 5560, `number` = '420081472248067949', `balance` = 9564 WHERE `loan_account`.`id` = 5088;
INSERT INTO `loan_account` (`id`, `created_at`, `updated_at`, `customer_id`, `number`, `balance`) VALUES (5088, '2022-01-02 14:20:23.982567', '2022-01-02 14:20:23.982567', 5560, '420081472248067949', 9564);
UPDATE `loan_address` SET `created_at` = '2022-01-02 22:56:28.461562', `updated_at` = '2022-01-02 22:56:28.461562', `province` = '新疆维吾尔自治区', `city` = '喀什地区', `county` = '疏附县', `town` = '布拉克苏乡', `detail` = '巴林路住友嘉馨名园193号' WHERE `loan_address`.`id` = 8963;
INSERT INTO `loan_address` (`id`, `created_at`, `updated_at`, `province`, `city`, `county`, `town`, `detail`) VALUES (8963, '2022-01-02 22:56:28.461562', '2022-01-02 22:56:28.461562', '新疆维吾尔自治区', '喀什地区', '疏附县', '布拉克苏乡', '巴林路住友嘉馨名园193号');
UPDATE `loan_customer` SET `created_at` = '2022-01-02 22:56:28.461562', `updated_at` = '2022-01-02 23:20:35.529671', `name` = '金巍奕', `id_number` = '204650138623838230', `gender` = 'f', `birthday` = '1982-01-03', `address_id` = 8963, `job_id` = 1839, `salary` = 21000 WHERE `loan_customer`.`id` = 5561;
INSERT INTO `loan_customer` (`id`, `created_at`, `updated_at`, `name`, `id_number`, `gender`, `birthday`, `address_id`, `job_id`, `salary`) VALUES (5561, '2022-01-02 22:56:28.461562', '2022-01-02 23:20:35.529671', '金巍奕', '204650138623838230', 'f', '1982-01-03', 8963, 1839, 21000);
UPDATE `loan_address` SET `created_at` = '2022-01-02 23:01:30.642365', `updated_at` = '2022-01-02 23:01:30.642365', `province` = '甘肃省', `city` = '临夏回族自治州', `county` = '广河县', `town` = '祁家集镇', `detail` = '宝昌路4号' WHERE `loan_address`.`id` = 8964;
INSERT INTO `loan_address` (`id`, `created_at`, `updated_at`, `province`, `city`, `county`, `town`, `detail`) VALUES (8964, '2022-01-02 23:01:30.642365', '2022-01-02 23:01:30.642365', '甘肃省', '临夏回族自治州', '广河县', '祁家集镇', '宝昌路4号');
UPDATE `loan_estate` SET `created_at` = '2022-01-02 23:01:30.642365', `updated_at` = '2022-01-02 23:01:30.642365', `customer_id` = 5561, `address_id` = 8964 WHERE `loan_estate`.`id` = 3316;
INSERT INTO `loan_estate` (`id`, `created_at`, `updated_at`, `customer_id`, `address_id`) VALUES (3316, '2022-01-02 23:01:30.642365', '2022-01-02 23:01:30.642365', 5561, 8964);
UPDATE `loan_car` SET `created_at` = '2022-01-02 23:09:48.341448', `updated_at` = '2022-01-02 23:09:48.341448', `customer_id` = 5561, `model_id` = 262, `vin_number` = '653563882092947746', `date_produced` = '2019-05-18', `value_estimated` = 370000 WHERE `loan_car`.`id` = 4473;
INSERT INTO `loan_car` (`id`, `created_at`, `updated_at`, `customer_id`, `model_id`, `vin_number`, `date_produced`, `value_estimated`) VALUES (4473, '2022-01-02 23:09:48.341448', '2022-01-02 23:09:48.341448', 5561, 262, '653563882092947746', '2019-05-18', 370000);
UPDATE `loan_account` SET `created_at` = '2022-01-02 23:25:25.614137', `updated_at` = '2022-01-02 23:25:25.614137', `customer_id` = 5561, `number` = '567249013778692432', `balance` = 31790 WHERE `loan_account`.`id` = 5089;
INSERT INTO `loan_account` (`id`, `created_at`, `updated_at`, `customer_id`, `number`, `balance`) VALUES (5089, '2022-01-02 23:25:25.614137', '2022-01-02 23:25:25.614137', 5561, '567249013778692432', 31790);
UPDATE `loan_address` SET `created_at` = '2022-01-02 12:45:19.964825', `updated_at` = '2022-01-02 12:45:19.964825', `province` = '山东省', `city` = '菏泽市', `county` = '成武县', `town` = '成武县南鲁集镇', `detail` = '八一路金色家园107号' WHERE `loan_address`.`id` = 8965;
INSERT INTO `loan_address` (`id`, `created_at`, `updated_at`, `province`, `city`, `county`, `town`, `detail`) VALUES (8965, '2022-01-02 12:45:19.964825', '2022-01-02 12:45:19.964825', '山东省', '菏泽市', '成武县', '成武县南鲁集镇', '八一路金色家园107号');
UPDATE `loan_customer` SET `created_at` = '2022-01-02 12:45:19.964825', `updated_at` = '2022-01-02 22:31:31.860909', `name` = '余波', `id_number` = '594658519896331527', `gender` = 'm', `birthday` = '2002-04-23', `address_id` = 8965, `job_id` = 1839, `salary` = 22000 WHERE `loan_customer`.`id` = 5562;
INSERT INTO `loan_customer` (`id`, `created_at`, `updated_at`, `name`, `id_number`, `gender`, `birthday`, `address_id`, `job_id`, `salary`) VALUES (5562, '2022-01-02 12:45:19.964825', '2022-01-02 22:31:31.860909', '余波', '594658519896331527', 'm', '2002-04-23', 8965, 1839, 22000);
UPDATE `loan_account` SET `created_at` = '2022-01-02 23:01:12.939724', `updated_at` = '2022-01-02 23:53:07.753430', `customer_id` = 5562, `number` = '187463654631099036', `balance` = 0 WHERE `loan_account`.`id` = 5090;
INSERT INTO `loan_account` (`id`, `created_at`, `updated_at`, `customer_id`, `number`, `balance`) VALUES (5090, '2022-01-02 23:01:12.939724', '2022-01-02 23:53:07.753430', 5562, '187463654631099036', 0);
UPDATE `loan_address` SET `created_at` = '2022-01-02 04:22:25.561351', `updated_at` = '2022-01-02 04:22:25.561351', `province` = '河北省', `city` = '承德市', `county` = '承德县', `town` = '六沟镇', `detail` = '宝祁路爱里舍花园11号' WHERE `loan_address`.`id` = 8966;
INSERT INTO `loan_address` (`id`, `created_at`, `updated_at`, `province`, `city`, `county`, `town`, `detail`) VALUES (8966, '2022-01-02 04:22:25.561351', '2022-01-02 04:22:25.561351', '河北省', '承德市', '承德县', '六沟镇', '宝祁路爱里舍花园11号');
UPDATE `loan_customer` SET `created_at` = '2022-01-02 04:22:25.561351', `updated_at` = '2022-01-02 04:22:25.561351', `name` = '邹伸', `id_number` = '447559802221670773', `gender` = 'f', `birthday` = '1988-08-13', `address_id` = 8966, `job_id` = 1839, `salary` = 48000 WHERE `loan_customer`.`id` = 5563;
INSERT INTO `loan_customer` (`id`, `created_at`, `updated_at`, `name`, `id_number`, `gender`, `birthday`, `address_id`, `job_id`, `salary`) VALUES (5563, '2022-01-02 04:22:25.561351', '2022-01-02 04:22:25.561351', '邹伸', '447559802221670773', 'f', '1988-08-13', 8966, 1839, 48000);
UPDATE `loan_chattel` SET `created_at` = '2022-01-02 21:29:17.448156', `updated_at` = '2022-01-02 21:29:17.448156', `customer_id` = 5563, `type` = 'trademark', `description` = '一些信息', `value_amount` = 330000, `expired_at` = '2024-11-12' WHERE `loan_chattel`.`id` = 1632;
INSERT INTO `loan_chattel` (`id`, `created_at`, `updated_at`, `customer_id`, `type`, `description`, `value_amount`, `expired_at`) VALUES (1632, '2022-01-02 21:29:17.448156', '2022-01-02 21:29:17.448156', 5563, 'trademark', '一些信息', 330000, '2024-11-12');
UPDATE `loan_car` SET `created_at` = '2022-01-02 12:32:26.280937', `updated_at` = '2022-01-02 12:32:26.280937', `customer_id` = 5563, `model_id` = 273, `vin_number` = '470134215734130743', `date_produced` = '2012-03-18', `value_estimated` = 1010000 WHERE `loan_car`.`id` = 4474;
INSERT INTO `loan_car` (`id`, `created_at`, `updated_at`, `customer_id`, `model_id`, `vin_number`, `date_produced`, `value_estimated`) VALUES (4474, '2022-01-02 12:32:26.280937', '2022-01-02 12:32:26.280937', 5563, 273, '470134215734130743', '2012-03-18', 1010000);
UPDATE `loan_account` SET `created_at` = '2022-01-02 22:03:00.337462', `updated_at` = '2022-01-02 23:43:29.889894', `customer_id` = 5563, `number` = '118392023621356421', `balance` = 0 WHERE `loan_account`.`id` = 5091;
INSERT INTO `loan_account` (`id`, `created_at`, `updated_at`, `customer_id`, `number`, `balance`) VALUES (5091, '2022-01-02 22:03:00.337462', '2022-01-02 23:43:29.889894', 5563, '118392023621356421', 0);
UPDATE `loan_address` SET `created_at` = '2022-01-02 09:17:06.171453', `updated_at` = '2022-01-02 09:17:06.171453', `province` = '云南省', `city` = '普洱市', `county` = '江城哈尼族彝族自治县', `town` = '整董镇', `detail` = '保屯路178号' WHERE `loan_address`.`id` = 8967;
INSERT INTO `loan_address` (`id`, `created_at`, `updated_at`, `province`, `city`, `county`, `town`, `detail`) VALUES (8967, '2022-01-02 09:17:06.171453', '2022-01-02 09:17:06.171453', '云南省', '普洱市', '江城哈尼族彝族自治县', '整董镇', '保屯路178号');
UPDATE `loan_customer` SET `created_at` = '2022-01-02 09:17:06.171453', `updated_at` = '2022-01-02 09:17:06.171453', `name` = '史千易', `id_number` = '296628795702370117', `gender` = 'm', `birthday` = '2009-12-26', `address_id` = 8967, `job_id` = 1840, `salary` = 47000 WHERE `loan_customer`.`id` = 5564;
INSERT INTO `loan_customer` (`id`, `created_at`, `updated_at`, `name`, `id_number`, `gender`, `birthday`, `address_id`, `job_id`, `salary`) VALUES (5564, '2022-01-02 09:17:06.171453', '2022-01-02 09:17:06.171453', '史千易', '296628795702370117', 'm', '2009-12-26', 8967, 1840, 47000);
UPDATE `loan_chattel` SET `created_at` = '2022-01-02 19:10:23.016165', `updated_at` = '2022-01-02 19:10:23.016165', `customer_id` = 5564, `type` = 'fund', `description` = '一些信息', `value_amount` = 20000, `expired_at` = '2031-02-04' WHERE `loan_chattel`.`id` = 1633;
INSERT INTO `loan_chattel` (`id`, `created_at`, `updated_at`, `customer_id`, `type`, `description`, `value_amount`, `expired_at`) VALUES (1633, '2022-01-02 19:10:23.016165', '2022-01-02 19:10:23.016165', 5564, 'fund', '一些信息', 20000, '2031-02-04');
UPDATE `loan_address` SET `created_at` = '2022-01-02 10:04:17.047251', `updated_at` = '2022-01-02 10:04:17.047251', `province` = '云南省', `city` = '玉溪市', `county` = '澄江县', `town` = '龙街街道办事处', `detail` = '安亭路复华城市花园139号' WHERE `loan_address`.`id` = 8968;
INSERT INTO `loan_address` (`id`, `created_at`, `updated_at`, `province`, `city`, `county`, `town`, `detail`) VALUES (8968, '2022-01-02 10:04:17.047251', '2022-01-02 10:04:17.047251', '云南省', '玉溪市', '澄江县', '龙街街道办事处', '安亭路复华城市花园139号');
UPDATE `loan_estate` SET `created_at` = '2022-01-02 10:04:17.047251', `updated_at` = '2022-01-02 10:04:17.047251', `customer_id` = 5564, `address_id` = 8968 WHERE `loan_estate`.`id` = 3317;
INSERT INTO `loan_estate` (`id`, `created_at`, `updated_at`, `customer_id`, `address_id`) VALUES (3317, '2022-01-02 10:04:17.047251', '2022-01-02 10:04:17.047251', 5564, 8968);
UPDATE `loan_account` SET `created_at` = '2022-01-02 17:30:29.737783', `updated_at` = '2022-01-02 20:48:03.238662', `customer_id` = 5564, `number` = '439643073714031317', `balance` = 43480 WHERE `loan_account`.`id` = 5092;
INSERT INTO `loan_account` (`id`, `created_at`, `updated_at`, `customer_id`, `number`, `balance`) VALUES (5092, '2022-01-02 17:30:29.737783', '2022-01-02 20:48:03.238662', 5564, '439643073714031317', 43480);
UPDATE `loan_address` SET `created_at` = '2022-01-02 20:34:54.819295', `updated_at` = '2022-01-02 20:34:54.819295', `province` = '辽宁省', `city` = '大连市', `county` = '瓦房店市', `town` = '岭东办事处', `detail` = '安义路复华城市花园106号' WHERE `loan_address`.`id` = 8969;
INSERT INTO `loan_address` (`id`, `created_at`, `updated_at`, `province`, `city`, `county`, `town`, `detail`) VALUES (8969, '2022-01-02 20:34:54.819295', '2022-01-02 20:34:54.819295', '辽宁省', '大连市', '瓦房店市', '岭东办事处', '安义路复华城市花园106号');
UPDATE `loan_customer` SET `created_at` = '2022-01-02 20:34:54.819295', `updated_at` = '2022-01-02 20:34:54.819295', `name` = '高和暖', `id_number` = '170317365186005262', `gender` = 'm', `birthday` = '1980-07-31', `address_id` = 8969, `job_id` = 1840, `salary` = 19000 WHERE `loan_customer`.`id` = 5565;
INSERT INTO `loan_customer` (`id`, `created_at`, `updated_at`, `name`, `id_number`, `gender`, `birthday`, `address_id`, `job_id`, `salary`) VALUES (5565, '2022-01-02 20:34:54.819295', '2022-01-02 20:34:54.819295', '高和暖', '170317365186005262', 'm', '1980-07-31', 8969, 1840, 19000);
UPDATE `loan_account` SET `created_at` = '2022-01-02 23:26:18.015365', `updated_at` = '2022-01-02 23:26:18.015365', `customer_id` = 5565, `number` = '143207620536775444', `balance` = 28182 WHERE `loan_account`.`id` = 5093;
INSERT INTO `loan_account` (`id`, `created_at`, `updated_at`, `customer_id`, `number`, `balance`) VALUES (5093, '2022-01-02 23:26:18.015365', '2022-01-02 23:26:18.015365', 5565, '143207620536775444', 28182);
UPDATE `loan_address` SET `created_at` = '2022-01-02 00:24:38.163736', `updated_at` = '2022-01-02 00:24:38.163736', `province` = '广东省', `city` = '河源市', `county` = '连平县', `town` = '元善镇', `detail` = '保定路46号' WHERE `loan_address`.`id` = 8970;
INSERT INTO `loan_address` (`id`, `created_at`, `updated_at`, `province`, `city`, `county`, `town`, `detail`) VALUES (8970, '2022-01-02 00:24:38.163736', '2022-01-02 00:24:38.163736', '广东省', '河源市', '连平县', '元善镇', '保定路46号');
UPDATE `loan_customer` SET `created_at` = '2022-01-02 00:24:38.163736', `updated_at` = '2022-01-02 00:24:38.163736', `name` = '胡盼香', `id_number` = '333130061654266357', `gender` = 'm', `birthday` = '2005-05-12', `address_id` = 8970, `job_id` = 1840, `salary` = 3000 WHERE `loan_customer`.`id` = 5566;
INSERT INTO `loan_customer` (`id`, `created_at`, `updated_at`, `name`, `id_number`, `gender`, `birthday`, `address_id`, `job_id`, `salary`) VALUES (5566, '2022-01-02 00:24:38.163736', '2022-01-02 00:24:38.163736', '胡盼香', '333130061654266357', 'm', '2005-05-12', 8970, 1840, 3000);
UPDATE `loan_car` SET `created_at` = '2022-01-02 02:08:09.123659', `updated_at` = '2022-01-02 19:56:57.640381', `customer_id` = 5566, `model_id` = 41, `vin_number` = '978823819855923216', `date_produced` = '2015-01-23', `value_estimated` = 370000 WHERE `loan_car`.`id` = 4475;
INSERT INTO `loan_car` (`id`, `created_at`, `updated_at`, `customer_id`, `model_id`, `vin_number`, `date_produced`, `value_estimated`) VALUES (4475, '2022-01-02 02:08:09.123659', '2022-01-02 19:56:57.640381', 5566, 41, '978823819855923216', '2015-01-23', 370000);
UPDATE `loan_account` SET `created_at` = '2022-01-02 13:43:59.968261', `updated_at` = '2022-01-02 19:10:54.862284', `customer_id` = 5566, `number` = '512961331418839882', `balance` = 65301 WHERE `loan_account`.`id` = 5094;
INSERT INTO `loan_account` (`id`, `created_at`, `updated_at`, `customer_id`, `number`, `balance`) VALUES (5094, '2022-01-02 13:43:59.968261', '2022-01-02 19:10:54.862284', 5566, '512961331418839882', 65301);
UPDATE `loan_address` SET `created_at` = '2022-01-02 13:41:00.749776', `updated_at` = '2022-01-02 13:41:00.749776', `province` = '浙江省', `city` = '杭州市', `county` = '滨江区', `town` = '长河街道', `detail` = '八一路协通公寓24号' WHERE `loan_address`.`id` = 8971;
INSERT INTO `loan_address` (`id`, `created_at`, `updated_at`, `province`, `city`, `county`, `town`, `detail`) VALUES (8971, '2022-01-02 13:41:00.749776', '2022-01-02 13:41:00.749776', '浙江省', '杭州市', '滨江区', '长河街道', '八一路协通公寓24号');
UPDATE `loan_customer` SET `created_at` = '2022-01-02 13:41:00.749776', `updated_at` = '2022-01-02 18:14:45.261340', `name` = '顾梦松', `id_number` = '405863081828558471', `gender` = 'm', `birthday` = '2006-02-01', `address_id` = 8971, `job_id` = 1840, `salary` = 22000 WHERE `loan_customer`.`id` = 5567;
INSERT INTO `loan_customer` (`id`, `created_at`, `updated_at`, `name`, `id_number`, `gender`, `birthday`, `address_id`, `job_id`, `salary`) VALUES (5567, '2022-01-02 13:41:00.749776', '2022-01-02 18:14:45.261340', '顾梦松', '405863081828558471', 'm', '2006-02-01', 8971, 1840, 22000);
UPDATE `loan_car` SET `created_at` = '2022-01-02 17:21:43.766558', `updated_at` = '2022-01-02 22:21:44.149630', `customer_id` = 5567, `model_id` = 111, `vin_number` = '477325546668900099', `date_produced` = '2015-03-06', `value_estimated` = 650000 WHERE `loan_car`.`id` = 4476;
INSERT INTO `loan_car` (`id`, `created_at`, `updated_at`, `customer_id`, `model_id`, `vin_number`, `date_produced`, `value_estimated`) VALUES (4476, '2022-01-02 17:21:43.766558', '2022-01-02 22:21:44.149630', 5567, 111, '477325546668900099', '2015-03-06', 650000);
UPDATE `loan_account` SET `created_at` = '2022-01-02 23:51:20.265964', `updated_at` = '2022-01-02 23:55:58.848460', `customer_id` = 5567, `number` = '869207034091407310', `balance` = 31196 WHERE `loan_account`.`id` = 5095;
INSERT INTO `loan_account` (`id`, `created_at`, `updated_at`, `customer_id`, `number`, `balance`) VALUES (5095, '2022-01-02 23:51:20.265964', '2022-01-02 23:55:58.848460', 5567, '869207034091407310', 31196);
UPDATE `loan_address` SET `created_at` = '2022-01-02 08:41:02.525950', `updated_at` = '2022-01-02 08:41:02.525950', `province` = '上海市', `city` = '市辖区', `county` = '嘉定区', `town` = '嘉定工业区', `detail` = '安边路167号' WHERE `loan_address`.`id` = 8972;
INSERT INTO `loan_address` (`id`, `created_at`, `updated_at`, `province`, `city`, `county`, `town`, `detail`) VALUES (8972, '2022-01-02 08:41:02.525950', '2022-01-02 08:41:02.525950', '上海市', '市辖区', '嘉定区', '嘉定工业区', '安边路167号');
UPDATE `loan_customer` SET `created_at` = '2022-01-02 08:41:02.525950', `updated_at` = '2022-01-02 21:42:28.427328', `name` = '李燕平', `id_number` = '436568169046450991', `gender` = 'm', `birthday` = '1987-05-18', `address_id` = 8972, `job_id` = 1841, `salary` = 33000 WHERE `loan_customer`.`id` = 5568;
INSERT INTO `loan_customer` (`id`, `created_at`, `updated_at`, `name`, `id_number`, `gender`, `birthday`, `address_id`, `job_id`, `salary`) VALUES (5568, '2022-01-02 08:41:02.525950', '2022-01-02 21:42:28.427328', '李燕平', '436568169046450991', 'm', '1987-05-18', 8972, 1841, 33000);
UPDATE `loan_address` SET `created_at` = '2022-01-02 10:54:03.242196', `updated_at` = '2022-01-02 10:54:03.242196', `province` = '安徽省', `city` = '阜阳市', `county` = '太和县', `town` = '皮条孙镇', `detail` = '安福路复华城市花园43号' WHERE `loan_address`.`id` = 8973;
INSERT INTO `loan_address` (`id`, `created_at`, `updated_at`, `province`, `city`, `county`, `town`, `detail`) VALUES (8973, '2022-01-02 10:54:03.242196', '2022-01-02 10:54:03.242196', '安徽省', '阜阳市', '太和县', '皮条孙镇', '安福路复华城市花园43号');
UPDATE `loan_estate` SET `created_at` = '2022-01-02 10:54:03.242196', `updated_at` = '2022-01-02 10:54:03.242196', `customer_id` = 5568, `address_id` = 8973 WHERE `loan_estate`.`id` = 3318;
INSERT INTO `loan_estate` (`id`, `created_at`, `updated_at`, `customer_id`, `address_id`) VALUES (3318, '2022-01-02 10:54:03.242196', '2022-01-02 10:54:03.242196', 5568, 8973);
UPDATE `loan_account` SET `created_at` = '2022-01-02 11:04:35.890123', `updated_at` = '2022-01-02 16:51:50.539816', `customer_id` = 5568, `number` = '797652033735156666', `balance` = 51606 WHERE `loan_account`.`id` = 5096;
INSERT INTO `loan_account` (`id`, `created_at`, `updated_at`, `customer_id`, `number`, `balance`) VALUES (5096, '2022-01-02 11:04:35.890123', '2022-01-02 16:51:50.539816', 5568, '797652033735156666', 51606);
UPDATE `loan_address` SET `created_at` = '2022-01-02 17:11:37.326419', `updated_at` = '2022-01-02 17:11:37.326419', `province` = '新疆维吾尔自治区', `city` = '自治区直辖县级行政区划', `county` = '图木舒克市', `town` = '兵团四十一团', `detail` = '白渡路爱里舍花园112号' WHERE `loan_address`.`id` = 8974;
INSERT INTO `loan_address` (`id`, `created_at`, `updated_at`, `province`, `city`, `county`, `town`, `detail`) VALUES (8974, '2022-01-02 17:11:37.326419', '2022-01-02 17:11:37.326419', '新疆维吾尔自治区', '自治区直辖县级行政区划', '图木舒克市', '兵团四十一团', '白渡路爱里舍花园112号');
UPDATE `loan_customer` SET `created_at` = '2022-01-02 17:11:37.326419', `updated_at` = '2022-01-02 23:32:12.678885', `name` = '龚社', `id_number` = '647208808589798106', `gender` = 'm', `birthday` = '1980-01-16', `address_id` = 8974, `job_id` = 1841, `salary` = 57000 WHERE `loan_customer`.`id` = 5569;
INSERT INTO `loan_customer` (`id`, `created_at`, `updated_at`, `name`, `id_number`, `gender`, `birthday`, `address_id`, `job_id`, `salary`) VALUES (5569, '2022-01-02 17:11:37.326419', '2022-01-02 23:32:12.678885', '龚社', '647208808589798106', 'm', '1980-01-16', 8974, 1841, 57000);
UPDATE `loan_account` SET `created_at` = '2022-01-02 20:21:15.892073', `updated_at` = '2022-01-02 20:21:15.892073', `customer_id` = 5569, `number` = '403587200435557208', `balance` = 16706 WHERE `loan_account`.`id` = 5097;
INSERT INTO `loan_account` (`id`, `created_at`, `updated_at`, `customer_id`, `number`, `balance`) VALUES (5097, '2022-01-02 20:21:15.892073', '2022-01-02 20:21:15.892073', 5569, '403587200435557208', 16706);
UPDATE `loan_address` SET `created_at` = '2022-01-02 09:49:08.232951', `updated_at` = '2022-01-02 09:49:08.232951', `province` = '山西省', `city` = '朔州市', `county` = '平鲁区', `town` = '井坪镇', `detail` = '百官街166号' WHERE `loan_address`.`id` = 8975;
INSERT INTO `loan_address` (`id`, `created_at`, `updated_at`, `province`, `city`, `county`, `town`, `detail`) VALUES (8975, '2022-01-02 09:49:08.232951', '2022-01-02 09:49:08.232951', '山西省', '朔州市', '平鲁区', '井坪镇', '百官街166号');
UPDATE `loan_customer` SET `created_at` = '2022-01-02 09:49:08.232951', `updated_at` = '2022-01-02 09:49:08.232951', `name` = '唐芮波', `id_number` = '410016171937202519', `gender` = 'f', `birthday` = '1982-01-12', `address_id` = 8975, `job_id` = 1841, `salary` = 43000 WHERE `loan_customer`.`id` = 5570;
INSERT INTO `loan_customer` (`id`, `created_at`, `updated_at`, `name`, `id_number`, `gender`, `birthday`, `address_id`, `job_id`, `salary`) VALUES (5570, '2022-01-02 09:49:08.232951', '2022-01-02 09:49:08.232951', '唐芮波', '410016171937202519', 'f', '1982-01-12', 8975, 1841, 43000);
UPDATE `loan_address` SET `created_at` = '2022-01-02 18:16:38.336461', `updated_at` = '2022-01-02 18:16:38.336461', `province` = '黑龙江省', `city` = '双鸭山市', `county` = '饶河县', `town` = '饶河镇', `detail` = '安业路181号' WHERE `loan_address`.`id` = 8976;
INSERT INTO `loan_address` (`id`, `created_at`, `updated_at`, `province`, `city`, `county`, `town`, `detail`) VALUES (8976, '2022-01-02 18:16:38.336461', '2022-01-02 18:16:38.336461', '黑龙江省', '双鸭山市', '饶河县', '饶河镇', '安业路181号');
UPDATE `loan_estate` SET `created_at` = '2022-01-02 18:16:38.336461', `updated_at` = '2022-01-02 18:16:38.336461', `customer_id` = 5570, `address_id` = 8976 WHERE `loan_estate`.`id` = 3319;
INSERT INTO `loan_estate` (`id`, `created_at`, `updated_at`, `customer_id`, `address_id`) VALUES (3319, '2022-01-02 18:16:38.336461', '2022-01-02 18:16:38.336461', 5570, 8976);
UPDATE `loan_car` SET `created_at` = '2022-01-02 20:50:14.623660', `updated_at` = '2022-01-02 21:37:09.782881', `customer_id` = 5570, `model_id` = 243, `vin_number` = '580947202344151165', `date_produced` = '2016-05-10', `value_estimated` = 270000 WHERE `loan_car`.`id` = 4477;
INSERT INTO `loan_car` (`id`, `created_at`, `updated_at`, `customer_id`, `model_id`, `vin_number`, `date_produced`, `value_estimated`) VALUES (4477, '2022-01-02 20:50:14.623660', '2022-01-02 21:37:09.782881', 5570, 243, '580947202344151165', '2016-05-10', 270000);
UPDATE `loan_account` SET `created_at` = '2022-01-02 22:42:33.860554', `updated_at` = '2022-01-02 23:50:24.480671', `customer_id` = 5570, `number` = '506345971770912691', `balance` = 69523 WHERE `loan_account`.`id` = 5098;
INSERT INTO `loan_account` (`id`, `created_at`, `updated_at`, `customer_id`, `number`, `balance`) VALUES (5098, '2022-01-02 22:42:33.860554', '2022-01-02 23:50:24.480671', 5570, '506345971770912691', 69523);
UPDATE `loan_address` SET `created_at` = '2022-01-02 04:21:45.908971', `updated_at` = '2022-01-02 04:21:45.908971', `province` = '山东省', `city` = '菏泽市', `county` = '成武县', `town` = '成武县南鲁集镇', `detail` = '宝安公路真新六街坊102号' WHERE `loan_address`.`id` = 8977;
INSERT INTO `loan_address` (`id`, `created_at`, `updated_at`, `province`, `city`, `county`, `town`, `detail`) VALUES (8977, '2022-01-02 04:21:45.908971', '2022-01-02 04:21:45.908971', '山东省', '菏泽市', '成武县', '成武县南鲁集镇', '宝安公路真新六街坊102号');
UPDATE `loan_customer` SET `created_at` = '2022-01-02 04:21:45.908971', `updated_at` = '2022-01-02 04:33:11.896790', `name` = '傅馡', `id_number` = '353278842466775328', `gender` = 'f', `birthday` = '1985-08-18', `address_id` = 8977, `job_id` = 1842, `salary` = 74000 WHERE `loan_customer`.`id` = 5571;
INSERT INTO `loan_customer` (`id`, `created_at`, `updated_at`, `name`, `id_number`, `gender`, `birthday`, `address_id`, `job_id`, `salary`) VALUES (5571, '2022-01-02 04:21:45.908971', '2022-01-02 04:33:11.896790', '傅馡', '353278842466775328', 'f', '1985-08-18', 8977, 1842, 74000);
UPDATE `loan_account` SET `created_at` = '2022-01-02 23:11:25.497808', `updated_at` = '2022-01-02 23:37:42.317346', `customer_id` = 5571, `number` = '535080477384863371', `balance` = 146947 WHERE `loan_account`.`id` = 5099;
INSERT INTO `loan_account` (`id`, `created_at`, `updated_at`, `customer_id`, `number`, `balance`) VALUES (5099, '2022-01-02 23:11:25.497808', '2022-01-02 23:37:42.317346', 5571, '535080477384863371', 146947);
UPDATE `loan_address` SET `created_at` = '2022-01-02 20:55:28.153481', `updated_at` = '2022-01-02 20:55:28.153481', `province` = '上海市', `city` = '市辖区', `county` = '嘉定区', `town` = '嘉定工业区', `detail` = '安澜路耀江花园38号' WHERE `loan_address`.`id` = 8978;
INSERT INTO `loan_address` (`id`, `created_at`, `updated_at`, `province`, `city`, `county`, `town`, `detail`) VALUES (8978, '2022-01-02 20:55:28.153481', '2022-01-02 20:55:28.153481', '上海市', '市辖区', '嘉定区', '嘉定工业区', '安澜路耀江花园38号');
UPDATE `loan_customer` SET `created_at` = '2022-01-02 20:55:28.153481', `updated_at` = '2022-01-02 21:10:13.954680', `name` = '钱高芬', `id_number` = '449710472861838755', `gender` = 'm', `birthday` = '2002-01-17', `address_id` = 8978, `job_id` = 1842, `salary` = 33000 WHERE `loan_customer`.`id` = 5572;
INSERT INTO `loan_customer` (`id`, `created_at`, `updated_at`, `name`, `id_number`, `gender`, `birthday`, `address_id`, `job_id`, `salary`) VALUES (5572, '2022-01-02 20:55:28.153481', '2022-01-02 21:10:13.954680', '钱高芬', '449710472861838755', 'm', '2002-01-17', 8978, 1842, 33000);
UPDATE `loan_account` SET `created_at` = '2022-01-02 22:55:40.387856', `updated_at` = '2022-01-02 22:56:51.905989', `customer_id` = 5572, `number` = '160879555448949398', `balance` = 46752 WHERE `loan_account`.`id` = 5100;
INSERT INTO `loan_account` (`id`, `created_at`, `updated_at`, `customer_id`, `number`, `balance`) VALUES (5100, '2022-01-02 22:55:40.387856', '2022-01-02 22:56:51.905989', 5572, '160879555448949398', 46752);
UPDATE `loan_address` SET `created_at` = '2022-01-02 10:37:11.467507', `updated_at` = '2022-01-02 10:37:11.467507', `province` = '吉林省', `city` = '长春市', `county` = '长春高新技术产业开发区', `town` = '硅谷街道办事处', `detail` = '半淞园路爱里舍花园115号' WHERE `loan_address`.`id` = 8979;
INSERT INTO `loan_address` (`id`, `created_at`, `updated_at`, `province`, `city`, `county`, `town`, `detail`) VALUES (8979, '2022-01-02 10:37:11.467507', '2022-01-02 10:37:11.467507', '吉林省', '长春市', '长春高新技术产业开发区', '硅谷街道办事处', '半淞园路爱里舍花园115号');
UPDATE `loan_customer` SET `created_at` = '2022-01-02 10:37:11.467507', `updated_at` = '2022-01-02 10:37:11.467507', `name` = '蒋琒', `id_number` = '295398567314220768', `gender` = 'm', `birthday` = '2004-01-21', `address_id` = 8979, `job_id` = 1843, `salary` = 10000 WHERE `loan_customer`.`id` = 5573;
INSERT INTO `loan_customer` (`id`, `created_at`, `updated_at`, `name`, `id_number`, `gender`, `birthday`, `address_id`, `job_id`, `salary`) VALUES (5573, '2022-01-02 10:37:11.467507', '2022-01-02 10:37:11.467507', '蒋琒', '295398567314220768', 'm', '2004-01-21', 8979, 1843, 10000);
UPDATE `loan_car` SET `created_at` = '2022-01-02 10:47:34.977334', `updated_at` = '2022-01-02 10:47:34.977334', `customer_id` = 5573, `model_id` = 72, `vin_number` = '000956147076650810', `date_produced` = '2011-03-23', `value_estimated` = 700000 WHERE `loan_car`.`id` = 4478;
INSERT INTO `loan_car` (`id`, `created_at`, `updated_at`, `customer_id`, `model_id`, `vin_number`, `date_produced`, `value_estimated`) VALUES (4478, '2022-01-02 10:47:34.977334', '2022-01-02 10:47:34.977334', 5573, 72, '000956147076650810', '2011-03-23', 700000);
UPDATE `loan_account` SET `created_at` = '2022-01-02 21:26:21.820425', `updated_at` = '2022-01-02 21:42:57.313361', `customer_id` = 5573, `number` = '904867501025934523', `balance` = 143660 WHERE `loan_account`.`id` = 5101;
INSERT INTO `loan_account` (`id`, `created_at`, `updated_at`, `customer_id`, `number`, `balance`) VALUES (5101, '2022-01-02 21:26:21.820425', '2022-01-02 21:42:57.313361', 5573, '904867501025934523', 143660);
UPDATE `loan_address` SET `created_at` = '2022-01-02 04:54:59.035930', `updated_at` = '2022-01-02 04:54:59.035930', `province` = '四川省', `city` = '广安市', `county` = '岳池县', `town` = '坪滩镇', `detail` = '白城南路博泰新苑119号' WHERE `loan_address`.`id` = 8980;
INSERT INTO `loan_address` (`id`, `created_at`, `updated_at`, `province`, `city`, `county`, `town`, `detail`) VALUES (8980, '2022-01-02 04:54:59.035930', '2022-01-02 04:54:59.035930', '四川省', '广安市', '岳池县', '坪滩镇', '白城南路博泰新苑119号');
UPDATE `loan_customer` SET `created_at` = '2022-01-02 04:54:59.035930', `updated_at` = '2022-01-02 19:53:59.463542', `name` = '周淞', `id_number` = '278243891701259547', `gender` = 'm', `birthday` = '1987-04-28', `address_id` = 8980, `job_id` = 1843, `salary` = 35000 WHERE `loan_customer`.`id` = 5574;
INSERT INTO `loan_customer` (`id`, `created_at`, `updated_at`, `name`, `id_number`, `gender`, `birthday`, `address_id`, `job_id`, `salary`) VALUES (5574, '2022-01-02 04:54:59.035930', '2022-01-02 19:53:59.463542', '周淞', '278243891701259547', 'm', '1987-04-28', 8980, 1843, 35000);
UPDATE `loan_account` SET `created_at` = '2022-01-02 17:00:46.736619', `updated_at` = '2022-01-02 17:00:46.736619', `customer_id` = 5574, `number` = '200416179107394514', `balance` = 82147 WHERE `loan_account`.`id` = 5102;
INSERT INTO `loan_account` (`id`, `created_at`, `updated_at`, `customer_id`, `number`, `balance`) VALUES (5102, '2022-01-02 17:00:46.736619', '2022-01-02 17:00:46.736619', 5574, '200416179107394514', 82147);
UPDATE `loan_address` SET `created_at` = '2022-01-02 06:26:11.918467', `updated_at` = '2022-01-02 06:26:11.918467', `province` = '广西壮族自治区', `city` = '桂林市', `county` = '阳朔县', `town` = '福利镇', `detail` = '安福路83号' WHERE `loan_address`.`id` = 8981;
INSERT INTO `loan_address` (`id`, `created_at`, `updated_at`, `province`, `city`, `county`, `town`, `detail`) VALUES (8981, '2022-01-02 06:26:11.918467', '2022-01-02 06:26:11.918467', '广西壮族自治区', '桂林市', '阳朔县', '福利镇', '安福路83号');
UPDATE `loan_customer` SET `created_at` = '2022-01-02 06:26:11.918467', `updated_at` = '2022-01-02 15:56:23.055755', `name` = '杨欣可', `id_number` = '255005637276659023', `gender` = 'm', `birthday` = '1991-08-30', `address_id` = 8981, `job_id` = 1843, `salary` = 4000 WHERE `loan_customer`.`id` = 5575;
INSERT INTO `loan_customer` (`id`, `created_at`, `updated_at`, `name`, `id_number`, `gender`, `birthday`, `address_id`, `job_id`, `salary`) VALUES (5575, '2022-01-02 06:26:11.918467', '2022-01-02 15:56:23.055755', '杨欣可', '255005637276659023', 'm', '1991-08-30', 8981, 1843, 4000);
UPDATE `loan_chattel` SET `created_at` = '2022-01-02 14:00:53.703321', `updated_at` = '2022-01-02 21:12:33.053357', `customer_id` = 5575, `type` = 'trademark', `description` = '一些信息', `value_amount` = 480000, `expired_at` = '2023-08-23' WHERE `loan_chattel`.`id` = 1634;
INSERT INTO `loan_chattel` (`id`, `created_at`, `updated_at`, `customer_id`, `type`, `description`, `value_amount`, `expired_at`) VALUES (1634, '2022-01-02 14:00:53.703321', '2022-01-02 21:12:33.053357', 5575, 'trademark', '一些信息', 480000, '2023-08-23');
UPDATE `loan_address` SET `created_at` = '2022-01-02 08:59:00.842221', `updated_at` = '2022-01-02 08:59:00.842221', `province` = '陕西省', `city` = '汉中市', `county` = '宁强县', `town` = '青木川镇', `detail` = '北艾路爱里舍花园177号' WHERE `loan_address`.`id` = 8982;
INSERT INTO `loan_address` (`id`, `created_at`, `updated_at`, `province`, `city`, `county`, `town`, `detail`) VALUES (8982, '2022-01-02 08:59:00.842221', '2022-01-02 08:59:00.842221', '陕西省', '汉中市', '宁强县', '青木川镇', '北艾路爱里舍花园177号');
UPDATE `loan_estate` SET `created_at` = '2022-01-02 08:59:00.842221', `updated_at` = '2022-01-02 08:59:00.842221', `customer_id` = 5575, `address_id` = 8982 WHERE `loan_estate`.`id` = 3320;
INSERT INTO `loan_estate` (`id`, `created_at`, `updated_at`, `customer_id`, `address_id`) VALUES (3320, '2022-01-02 08:59:00.842221', '2022-01-02 08:59:00.842221', 5575, 8982);
UPDATE `loan_car` SET `created_at` = '2022-01-02 17:20:47.538941', `updated_at` = '2022-01-02 17:20:47.538941', `customer_id` = 5575, `model_id` = 143, `vin_number` = '391192640916029669', `date_produced` = '2010-07-07', `value_estimated` = 230000 WHERE `loan_car`.`id` = 4479;
INSERT INTO `loan_car` (`id`, `created_at`, `updated_at`, `customer_id`, `model_id`, `vin_number`, `date_produced`, `value_estimated`) VALUES (4479, '2022-01-02 17:20:47.538941', '2022-01-02 17:20:47.538941', 5575, 143, '391192640916029669', '2010-07-07', 230000);
UPDATE `loan_account` SET `created_at` = '2022-01-02 14:11:53.960961', `updated_at` = '2022-01-02 15:34:18.666469', `customer_id` = 5575, `number` = '717346726925305238', `balance` = 35745 WHERE `loan_account`.`id` = 5103;
INSERT INTO `loan_account` (`id`, `created_at`, `updated_at`, `customer_id`, `number`, `balance`) VALUES (5103, '2022-01-02 14:11:53.960961', '2022-01-02 15:34:18.666469', 5575, '717346726925305238', 35745);
UPDATE `loan_address` SET `created_at` = '2022-01-02 05:48:56.056744', `updated_at` = '2022-01-02 05:48:56.056744', `province` = '甘肃省', `city` = '陇南市', `county` = '礼县', `town` = '崖城镇', `detail` = '安波路112号' WHERE `loan_address`.`id` = 8983;
INSERT INTO `loan_address` (`id`, `created_at`, `updated_at`, `province`, `city`, `county`, `town`, `detail`) VALUES (8983, '2022-01-02 05:48:56.056744', '2022-01-02 05:48:56.056744', '甘肃省', '陇南市', '礼县', '崖城镇', '安波路112号');
UPDATE `loan_customer` SET `created_at` = '2022-01-02 05:48:56.056744', `updated_at` = '2022-01-02 17:22:14.294886', `name` = '顾瑗', `id_number` = '411067738821564364', `gender` = 'f', `birthday` = '1989-05-02', `address_id` = 8983, `job_id` = 1843, `salary` = 71000 WHERE `loan_customer`.`id` = 5576;
INSERT INTO `loan_customer` (`id`, `created_at`, `updated_at`, `name`, `id_number`, `gender`, `birthday`, `address_id`, `job_id`, `salary`) VALUES (5576, '2022-01-02 05:48:56.056744', '2022-01-02 17:22:14.294886', '顾瑗', '411067738821564364', 'f', '1989-05-02', 8983, 1843, 71000);
UPDATE `loan_car` SET `created_at` = '2022-01-02 18:57:48.879431', `updated_at` = '2022-01-02 18:57:48.879431', `customer_id` = 5576, `model_id` = 292, `vin_number` = '051282571850885860', `date_produced` = '2015-06-25', `value_estimated` = 460000 WHERE `loan_car`.`id` = 4480;
INSERT INTO `loan_car` (`id`, `created_at`, `updated_at`, `customer_id`, `model_id`, `vin_number`, `date_produced`, `value_estimated`) VALUES (4480, '2022-01-02 18:57:48.879431', '2022-01-02 18:57:48.879431', 5576, 292, '051282571850885860', '2015-06-25', 460000);
UPDATE `loan_account` SET `created_at` = '2022-01-02 11:28:57.605084', `updated_at` = '2022-01-02 16:38:20.991181', `customer_id` = 5576, `number` = '039271950049308790', `balance` = 39816 WHERE `loan_account`.`id` = 5104;
INSERT INTO `loan_account` (`id`, `created_at`, `updated_at`, `customer_id`, `number`, `balance`) VALUES (5104, '2022-01-02 11:28:57.605084', '2022-01-02 16:38:20.991181', 5576, '039271950049308790', 39816);
UPDATE `loan_address` SET `created_at` = '2022-01-02 02:53:09.051576', `updated_at` = '2022-01-02 02:53:09.051576', `province` = '四川省', `city` = '眉山市', `county` = '仁寿县', `town` = '彰加镇', `detail` = '白水路复华城市花园134号' WHERE `loan_address`.`id` = 8984;
INSERT INTO `loan_address` (`id`, `created_at`, `updated_at`, `province`, `city`, `county`, `town`, `detail`) VALUES (8984, '2022-01-02 02:53:09.051576', '2022-01-02 02:53:09.051576', '四川省', '眉山市', '仁寿县', '彰加镇', '白水路复华城市花园134号');
UPDATE `loan_customer` SET `created_at` = '2022-01-02 02:53:09.051576', `updated_at` = '2022-01-02 17:59:17.543511', `name` = '马珠', `id_number` = '791796412580401584', `gender` = 'f', `birthday` = '1993-02-26', `address_id` = 8984, `job_id` = 1844, `salary` = 49000 WHERE `loan_customer`.`id` = 5577;
INSERT INTO `loan_customer` (`id`, `created_at`, `updated_at`, `name`, `id_number`, `gender`, `birthday`, `address_id`, `job_id`, `salary`) VALUES (5577, '2022-01-02 02:53:09.051576', '2022-01-02 17:59:17.543511', '马珠', '791796412580401584', 'f', '1993-02-26', 8984, 1844, 49000);
UPDATE `loan_account` SET `created_at` = '2022-01-02 12:28:31.014244', `updated_at` = '2022-01-02 17:29:19.587501', `customer_id` = 5577, `number` = '190683494196110891', `balance` = 83032 WHERE `loan_account`.`id` = 5105;
INSERT INTO `loan_account` (`id`, `created_at`, `updated_at`, `customer_id`, `number`, `balance`) VALUES (5105, '2022-01-02 12:28:31.014244', '2022-01-02 17:29:19.587501', 5577, '190683494196110891', 83032);
UPDATE `loan_address` SET `created_at` = '2022-01-02 21:55:39.774180', `updated_at` = '2022-01-02 21:55:39.774180', `province` = '山西省', `city` = '阳泉市', `county` = '郊区', `town` = '平坦镇', `detail` = '宝昌路165号' WHERE `loan_address`.`id` = 8985;
INSERT INTO `loan_address` (`id`, `created_at`, `updated_at`, `province`, `city`, `county`, `town`, `detail`) VALUES (8985, '2022-01-02 21:55:39.774180', '2022-01-02 21:55:39.774180', '山西省', '阳泉市', '郊区', '平坦镇', '宝昌路165号');
UPDATE `loan_customer` SET `created_at` = '2022-01-02 21:55:39.774180', `updated_at` = '2022-01-02 21:55:39.774180', `name` = '田欢', `id_number` = '678261178796133452', `gender` = 'm', `birthday` = '2004-01-03', `address_id` = 8985, `job_id` = 1844, `salary` = 55000 WHERE `loan_customer`.`id` = 5578;
INSERT INTO `loan_customer` (`id`, `created_at`, `updated_at`, `name`, `id_number`, `gender`, `birthday`, `address_id`, `job_id`, `salary`) VALUES (5578, '2022-01-02 21:55:39.774180', '2022-01-02 21:55:39.774180', '田欢', '678261178796133452', 'm', '2004-01-03', 8985, 1844, 55000);
UPDATE `loan_address` SET `created_at` = '2022-01-02 23:34:34.032985', `updated_at` = '2022-01-02 23:34:34.032985', `province` = '浙江省', `city` = '丽水市', `county` = '庆元县', `town` = '贤良镇', `detail` = '宝杨路溢盈河畔别墅152号' WHERE `loan_address`.`id` = 8986;
INSERT INTO `loan_address` (`id`, `created_at`, `updated_at`, `province`, `city`, `county`, `town`, `detail`) VALUES (8986, '2022-01-02 23:34:34.032985', '2022-01-02 23:34:34.032985', '浙江省', '丽水市', '庆元县', '贤良镇', '宝杨路溢盈河畔别墅152号');
UPDATE `loan_estate` SET `created_at` = '2022-01-02 23:34:34.032985', `updated_at` = '2022-01-02 23:34:34.032985', `customer_id` = 5578, `address_id` = 8986 WHERE `loan_estate`.`id` = 3321;
INSERT INTO `loan_estate` (`id`, `created_at`, `updated_at`, `customer_id`, `address_id`) VALUES (3321, '2022-01-02 23:34:34.032985', '2022-01-02 23:34:34.032985', 5578, 8986);
UPDATE `loan_address` SET `created_at` = '2022-01-02 23:15:24.767417', `updated_at` = '2022-01-02 23:15:24.767417', `province` = '河南省', `city` = '洛阳市', `county` = '西工区', `town` = '王城路街道办事处', `detail` = '安龙路67号' WHERE `loan_address`.`id` = 8987;
INSERT INTO `loan_address` (`id`, `created_at`, `updated_at`, `province`, `city`, `county`, `town`, `detail`) VALUES (8987, '2022-01-02 23:15:24.767417', '2022-01-02 23:15:24.767417', '河南省', '洛阳市', '西工区', '王城路街道办事处', '安龙路67号');
UPDATE `loan_estate` SET `created_at` = '2022-01-02 23:15:24.767417', `updated_at` = '2022-01-02 23:15:24.767417', `customer_id` = 5578, `address_id` = 8987 WHERE `loan_estate`.`id` = 3322;
INSERT INTO `loan_estate` (`id`, `created_at`, `updated_at`, `customer_id`, `address_id`) VALUES (3322, '2022-01-02 23:15:24.767417', '2022-01-02 23:15:24.767417', 5578, 8987);
UPDATE `loan_car` SET `created_at` = '2022-01-02 22:24:08.477898', `updated_at` = '2022-01-02 22:42:04.029087', `customer_id` = 5578, `model_id` = 80, `vin_number` = '182740123787176777', `date_produced` = '2013-09-12', `value_estimated` = 160000 WHERE `loan_car`.`id` = 4481;
INSERT INTO `loan_car` (`id`, `created_at`, `updated_at`, `customer_id`, `model_id`, `vin_number`, `date_produced`, `value_estimated`) VALUES (4481, '2022-01-02 22:24:08.477898', '2022-01-02 22:42:04.029087', 5578, 80, '182740123787176777', '2013-09-12', 160000);
UPDATE `loan_account` SET `created_at` = '2022-01-02 22:21:55.216106', `updated_at` = '2022-01-02 22:21:55.216106', `customer_id` = 5578, `number` = '548856639930766662', `balance` = 90528 WHERE `loan_account`.`id` = 5106;
INSERT INTO `loan_account` (`id`, `created_at`, `updated_at`, `customer_id`, `number`, `balance`) VALUES (5106, '2022-01-02 22:21:55.216106', '2022-01-02 22:21:55.216106', 5578, '548856639930766662', 90528);
UPDATE `loan_address` SET `created_at` = '2022-01-02 12:59:58.438077', `updated_at` = '2022-01-02 12:59:58.438077', `province` = '吉林省', `city` = '四平市', `county` = '公主岭市', `town` = '大岭镇', `detail` = '爱国路20号' WHERE `loan_address`.`id` = 8988;
INSERT INTO `loan_address` (`id`, `created_at`, `updated_at`, `province`, `city`, `county`, `town`, `detail`) VALUES (8988, '2022-01-02 12:59:58.438077', '2022-01-02 12:59:58.438077', '吉林省', '四平市', '公主岭市', '大岭镇', '爱国路20号');
UPDATE `loan_customer` SET `created_at` = '2022-01-02 12:59:58.438077', `updated_at` = '2022-01-02 13:32:05.366037', `name` = '贾俞', `id_number` = '500420067452078014', `gender` = 'm', `birthday` = '1997-05-12', `address_id` = 8988, `job_id` = 1845, `salary` = 71000 WHERE `loan_customer`.`id` = 5579;
INSERT INTO `loan_customer` (`id`, `created_at`, `updated_at`, `name`, `id_number`, `gender`, `birthday`, `address_id`, `job_id`, `salary`) VALUES (5579, '2022-01-02 12:59:58.438077', '2022-01-02 13:32:05.366037', '贾俞', '500420067452078014', 'm', '1997-05-12', 8988, 1845, 71000);
UPDATE `loan_car` SET `created_at` = '2022-01-02 15:36:03.625771', `updated_at` = '2022-01-02 18:18:17.163133', `customer_id` = 5579, `model_id` = 211, `vin_number` = '232722508435941482', `date_produced` = '2013-12-05', `value_estimated` = 150000 WHERE `loan_car`.`id` = 4482;
INSERT INTO `loan_car` (`id`, `created_at`, `updated_at`, `customer_id`, `model_id`, `vin_number`, `date_produced`, `value_estimated`) VALUES (4482, '2022-01-02 15:36:03.625771', '2022-01-02 18:18:17.163133', 5579, 211, '232722508435941482', '2013-12-05', 150000);
UPDATE `loan_account` SET `created_at` = '2022-01-02 22:30:16.222436', `updated_at` = '2022-01-02 22:30:16.222436', `customer_id` = 5579, `number` = '174915051263143780', `balance` = 39589 WHERE `loan_account`.`id` = 5107;
INSERT INTO `loan_account` (`id`, `created_at`, `updated_at`, `customer_id`, `number`, `balance`) VALUES (5107, '2022-01-02 22:30:16.222436', '2022-01-02 22:30:16.222436', 5579, '174915051263143780', 39589);
UPDATE `loan_address` SET `created_at` = '2022-01-02 16:27:15.122202', `updated_at` = '2022-01-02 16:27:15.122202', `province` = '云南省', `city` = '玉溪市', `county` = '澄江县', `town` = '龙街街道办事处', `detail` = '安顺路31号' WHERE `loan_address`.`id` = 8989;
INSERT INTO `loan_address` (`id`, `created_at`, `updated_at`, `province`, `city`, `county`, `town`, `detail`) VALUES (8989, '2022-01-02 16:27:15.122202', '2022-01-02 16:27:15.122202', '云南省', '玉溪市', '澄江县', '龙街街道办事处', '安顺路31号');
UPDATE `loan_customer` SET `created_at` = '2022-01-02 16:27:15.122202', `updated_at` = '2022-01-02 19:21:05.616474', `name` = '韩翠岚', `id_number` = '305350015892574091', `gender` = 'f', `birthday` = '1996-09-10', `address_id` = 8989, `job_id` = 1845, `salary` = 3000 WHERE `loan_customer`.`id` = 5580;
INSERT INTO `loan_customer` (`id`, `created_at`, `updated_at`, `name`, `id_number`, `gender`, `birthday`, `address_id`, `job_id`, `salary`) VALUES (5580, '2022-01-02 16:27:15.122202', '2022-01-02 19:21:05.616474', '韩翠岚', '305350015892574091', 'f', '1996-09-10', 8989, 1845, 3000);
UPDATE `loan_address` SET `created_at` = '2022-01-02 17:51:07.277419', `updated_at` = '2022-01-02 17:51:07.277419', `province` = '湖北省', `city` = '恩施土家族苗族自治州', `county` = '巴东县', `town` = '金果坪乡', `detail` = '保定路6号' WHERE `loan_address`.`id` = 8990;
INSERT INTO `loan_address` (`id`, `created_at`, `updated_at`, `province`, `city`, `county`, `town`, `detail`) VALUES (8990, '2022-01-02 17:51:07.277419', '2022-01-02 17:51:07.277419', '湖北省', '恩施土家族苗族自治州', '巴东县', '金果坪乡', '保定路6号');
UPDATE `loan_estate` SET `created_at` = '2022-01-02 17:51:07.277419', `updated_at` = '2022-01-02 17:51:07.277419', `customer_id` = 5580, `address_id` = 8990 WHERE `loan_estate`.`id` = 3323;
INSERT INTO `loan_estate` (`id`, `created_at`, `updated_at`, `customer_id`, `address_id`) VALUES (3323, '2022-01-02 17:51:07.277419', '2022-01-02 17:51:07.277419', 5580, 8990);
UPDATE `loan_car` SET `created_at` = '2022-01-02 18:37:25.063931', `updated_at` = '2022-01-02 21:46:06.442349', `customer_id` = 5580, `model_id` = 284, `vin_number` = '211083774271871476', `date_produced` = '2018-10-01', `value_estimated` = 90000 WHERE `loan_car`.`id` = 4483;
INSERT INTO `loan_car` (`id`, `created_at`, `updated_at`, `customer_id`, `model_id`, `vin_number`, `date_produced`, `value_estimated`) VALUES (4483, '2022-01-02 18:37:25.063931', '2022-01-02 21:46:06.442349', 5580, 284, '211083774271871476', '2018-10-01', 90000);
UPDATE `loan_account` SET `created_at` = '2022-01-02 23:37:23.415177', `updated_at` = '2022-01-02 23:44:39.007442', `customer_id` = 5580, `number` = '622618399984449800', `balance` = 76221 WHERE `loan_account`.`id` = 5108;
INSERT INTO `loan_account` (`id`, `created_at`, `updated_at`, `customer_id`, `number`, `balance`) VALUES (5108, '2022-01-02 23:37:23.415177', '2022-01-02 23:44:39.007442', 5580, '622618399984449800', 76221);
UPDATE `loan_address` SET `created_at` = '2022-01-02 11:09:57.998278', `updated_at` = '2022-01-02 11:09:57.998278', `province` = '甘肃省', `city` = '平凉市', `county` = '泾川县', `town` = '温泉经济开发区', `detail` = '安顺路148号' WHERE `loan_address`.`id` = 8991;
INSERT INTO `loan_address` (`id`, `created_at`, `updated_at`, `province`, `city`, `county`, `town`, `detail`) VALUES (8991, '2022-01-02 11:09:57.998278', '2022-01-02 11:09:57.998278', '甘肃省', '平凉市', '泾川县', '温泉经济开发区', '安顺路148号');
UPDATE `loan_customer` SET `created_at` = '2022-01-02 11:09:57.998278', `updated_at` = '2022-01-02 11:09:57.998278', `name` = '邓彩燕', `id_number` = '845295686727887902', `gender` = 'm', `birthday` = '1992-09-01', `address_id` = 8991, `job_id` = 1845, `salary` = 59000 WHERE `loan_customer`.`id` = 5581;
INSERT INTO `loan_customer` (`id`, `created_at`, `updated_at`, `name`, `id_number`, `gender`, `birthday`, `address_id`, `job_id`, `salary`) VALUES (5581, '2022-01-02 11:09:57.998278', '2022-01-02 11:09:57.998278', '邓彩燕', '845295686727887902', 'm', '1992-09-01', 8991, 1845, 59000);
UPDATE `loan_account` SET `created_at` = '2022-01-02 12:36:39.786356', `updated_at` = '2022-01-02 12:36:39.786356', `customer_id` = 5581, `number` = '743188192964270041', `balance` = 92204 WHERE `loan_account`.`id` = 5109;
INSERT INTO `loan_account` (`id`, `created_at`, `updated_at`, `customer_id`, `number`, `balance`) VALUES (5109, '2022-01-02 12:36:39.786356', '2022-01-02 12:36:39.786356', 5581, '743188192964270041', 92204);
UPDATE `loan_address` SET `created_at` = '2022-01-02 23:21:45.675629', `updated_at` = '2022-01-02 23:21:45.675629', `province` = '新疆维吾尔自治区', `city` = '自治区直辖县级行政区划', `county` = '图木舒克市', `town` = '兵团四十一团', `detail` = '安边路耀江花园92号' WHERE `loan_address`.`id` = 8992;
INSERT INTO `loan_address` (`id`, `created_at`, `updated_at`, `province`, `city`, `county`, `town`, `detail`) VALUES (8992, '2022-01-02 23:21:45.675629', '2022-01-02 23:21:45.675629', '新疆维吾尔自治区', '自治区直辖县级行政区划', '图木舒克市', '兵团四十一团', '安边路耀江花园92号');
UPDATE `loan_customer` SET `created_at` = '2022-01-02 23:21:45.675629', `updated_at` = '2022-01-02 23:36:07.810547', `name` = '于可', `id_number` = '988428936756845322', `gender` = 'm', `birthday` = '1996-04-13', `address_id` = 8992, `job_id` = 1845, `salary` = 48000 WHERE `loan_customer`.`id` = 5582;
INSERT INTO `loan_customer` (`id`, `created_at`, `updated_at`, `name`, `id_number`, `gender`, `birthday`, `address_id`, `job_id`, `salary`) VALUES (5582, '2022-01-02 23:21:45.675629', '2022-01-02 23:36:07.810547', '于可', '988428936756845322', 'm', '1996-04-13', 8992, 1845, 48000);
UPDATE `loan_address` SET `created_at` = '2022-01-02 23:36:16.093479', `updated_at` = '2022-01-02 23:36:16.093479', `province` = '河南省', `city` = '平顶山市', `county` = '叶县', `town` = '马庄回族乡', `detail` = '安化路92号' WHERE `loan_address`.`id` = 8993;
INSERT INTO `loan_address` (`id`, `created_at`, `updated_at`, `province`, `city`, `county`, `town`, `detail`) VALUES (8993, '2022-01-02 23:36:16.093479', '2022-01-02 23:36:16.093479', '河南省', '平顶山市', '叶县', '马庄回族乡', '安化路92号');
UPDATE `loan_estate` SET `created_at` = '2022-01-02 23:36:16.093479', `updated_at` = '2022-01-02 23:36:16.093479', `customer_id` = 5582, `address_id` = 8993 WHERE `loan_estate`.`id` = 3324;
INSERT INTO `loan_estate` (`id`, `created_at`, `updated_at`, `customer_id`, `address_id`) VALUES (3324, '2022-01-02 23:36:16.093479', '2022-01-02 23:36:16.093479', 5582, 8993);
UPDATE `loan_car` SET `created_at` = '2022-01-02 23:28:10.509826', `updated_at` = '2022-01-02 23:28:10.509826', `customer_id` = 5582, `model_id` = 97, `vin_number` = '041636977541872029', `date_produced` = '2019-08-23', `value_estimated` = 460000 WHERE `loan_car`.`id` = 4484;
INSERT INTO `loan_car` (`id`, `created_at`, `updated_at`, `customer_id`, `model_id`, `vin_number`, `date_produced`, `value_estimated`) VALUES (4484, '2022-01-02 23:28:10.509826', '2022-01-02 23:28:10.509826', 5582, 97, '041636977541872029', '2019-08-23', 460000);
UPDATE `loan_car` SET `created_at` = '2022-01-02 23:38:51.035493', `updated_at` = '2022-01-02 23:51:48.933198', `customer_id` = 5582, `model_id` = 46, `vin_number` = '325702628018201620', `date_produced` = '2021-02-05', `value_estimated` = 350000 WHERE `loan_car`.`id` = 4485;
INSERT INTO `loan_car` (`id`, `created_at`, `updated_at`, `customer_id`, `model_id`, `vin_number`, `date_produced`, `value_estimated`) VALUES (4485, '2022-01-02 23:38:51.035493', '2022-01-02 23:51:48.933198', 5582, 46, '325702628018201620', '2021-02-05', 350000);
UPDATE `loan_account` SET `created_at` = '2022-01-02 23:40:42.574654', `updated_at` = '2022-01-02 23:40:42.574654', `customer_id` = 5582, `number` = '597249332237710100', `balance` = 66029 WHERE `loan_account`.`id` = 5110;
INSERT INTO `loan_account` (`id`, `created_at`, `updated_at`, `customer_id`, `number`, `balance`) VALUES (5110, '2022-01-02 23:40:42.574654', '2022-01-02 23:40:42.574654', 5582, '597249332237710100', 66029);
UPDATE `loan_address` SET `created_at` = '2022-01-02 04:16:17.559895', `updated_at` = '2022-01-02 04:16:17.559895', `province` = '辽宁省', `city` = '铁岭市', `county` = '昌图县', `town` = '十八家子镇', `detail` = '宝山路155号' WHERE `loan_address`.`id` = 8994;
INSERT INTO `loan_address` (`id`, `created_at`, `updated_at`, `province`, `city`, `county`, `town`, `detail`) VALUES (8994, '2022-01-02 04:16:17.559895', '2022-01-02 04:16:17.559895', '辽宁省', '铁岭市', '昌图县', '十八家子镇', '宝山路155号');
UPDATE `loan_customer` SET `created_at` = '2022-01-02 04:16:17.559895', `updated_at` = '2022-01-02 13:18:02.359168', `name` = '郭妙思', `id_number` = '796316987600465631', `gender` = 'm', `birthday` = '2001-02-03', `address_id` = 8994, `job_id` = 1846, `salary` = 36000 WHERE `loan_customer`.`id` = 5583;
INSERT INTO `loan_customer` (`id`, `created_at`, `updated_at`, `name`, `id_number`, `gender`, `birthday`, `address_id`, `job_id`, `salary`) VALUES (5583, '2022-01-02 04:16:17.559895', '2022-01-02 13:18:02.359168', '郭妙思', '796316987600465631', 'm', '2001-02-03', 8994, 1846, 36000);
UPDATE `loan_car` SET `created_at` = '2022-01-02 10:07:32.250741', `updated_at` = '2022-01-02 10:07:32.250741', `customer_id` = 5583, `model_id` = 285, `vin_number` = '665714445117751087', `date_produced` = '2018-09-20', `value_estimated` = 570000 WHERE `loan_car`.`id` = 4486;
INSERT INTO `loan_car` (`id`, `created_at`, `updated_at`, `customer_id`, `model_id`, `vin_number`, `date_produced`, `value_estimated`) VALUES (4486, '2022-01-02 10:07:32.250741', '2022-01-02 10:07:32.250741', 5583, 285, '665714445117751087', '2018-09-20', 570000);
UPDATE `loan_car` SET `created_at` = '2022-01-02 06:29:09.839028', `updated_at` = '2022-01-02 06:29:09.839028', `customer_id` = 5583, `model_id` = 295, `vin_number` = '478562879763301149', `date_produced` = '2014-03-28', `value_estimated` = 130000 WHERE `loan_car`.`id` = 4487;
INSERT INTO `loan_car` (`id`, `created_at`, `updated_at`, `customer_id`, `model_id`, `vin_number`, `date_produced`, `value_estimated`) VALUES (4487, '2022-01-02 06:29:09.839028', '2022-01-02 06:29:09.839028', 5583, 295, '478562879763301149', '2014-03-28', 130000);
UPDATE `loan_account` SET `created_at` = '2022-01-02 08:30:06.121565', `updated_at` = '2022-01-02 22:33:38.006010', `customer_id` = 5583, `number` = '203213879004483992', `balance` = 0 WHERE `loan_account`.`id` = 5111;
INSERT INTO `loan_account` (`id`, `created_at`, `updated_at`, `customer_id`, `number`, `balance`) VALUES (5111, '2022-01-02 08:30:06.121565', '2022-01-02 22:33:38.006010', 5583, '203213879004483992', 0);
UPDATE `loan_address` SET `created_at` = '2022-01-02 04:31:54.163831', `updated_at` = '2022-01-02 04:31:54.163831', `province` = '江西省', `city` = '吉安市', `county` = '吉安县', `town` = '井冈山经济技术开发区', `detail` = '宝联路东新大厦127号' WHERE `loan_address`.`id` = 8995;
INSERT INTO `loan_address` (`id`, `created_at`, `updated_at`, `province`, `city`, `county`, `town`, `detail`) VALUES (8995, '2022-01-02 04:31:54.163831', '2022-01-02 04:31:54.163831', '江西省', '吉安市', '吉安县', '井冈山经济技术开发区', '宝联路东新大厦127号');
UPDATE `loan_customer` SET `created_at` = '2022-01-02 04:31:54.163831', `updated_at` = '2022-01-02 20:29:14.721048', `name` = '贾康时', `id_number` = '440561790406235782', `gender` = 'f', `birthday` = '1995-02-17', `address_id` = 8995, `job_id` = 1846, `salary` = 47000 WHERE `loan_customer`.`id` = 5584;
INSERT INTO `loan_customer` (`id`, `created_at`, `updated_at`, `name`, `id_number`, `gender`, `birthday`, `address_id`, `job_id`, `salary`) VALUES (5584, '2022-01-02 04:31:54.163831', '2022-01-02 20:29:14.721048', '贾康时', '440561790406235782', 'f', '1995-02-17', 8995, 1846, 47000);
UPDATE `loan_address` SET `created_at` = '2022-01-02 23:51:38.255071', `updated_at` = '2022-01-02 23:51:38.255071', `province` = '新疆维吾尔自治区', `city` = '喀什地区', `county` = '疏附县', `town` = '布拉克苏乡', `detail` = '宝通路175号' WHERE `loan_address`.`id` = 8996;
INSERT INTO `loan_address` (`id`, `created_at`, `updated_at`, `province`, `city`, `county`, `town`, `detail`) VALUES (8996, '2022-01-02 23:51:38.255071', '2022-01-02 23:51:38.255071', '新疆维吾尔自治区', '喀什地区', '疏附县', '布拉克苏乡', '宝通路175号');
UPDATE `loan_estate` SET `created_at` = '2022-01-02 23:51:38.255071', `updated_at` = '2022-01-02 23:51:38.255071', `customer_id` = 5584, `address_id` = 8996 WHERE `loan_estate`.`id` = 3325;
INSERT INTO `loan_estate` (`id`, `created_at`, `updated_at`, `customer_id`, `address_id`) VALUES (3325, '2022-01-02 23:51:38.255071', '2022-01-02 23:51:38.255071', 5584, 8996);
UPDATE `loan_car` SET `created_at` = '2022-01-02 18:55:27.730922', `updated_at` = '2022-01-02 21:51:02.759055', `customer_id` = 5584, `model_id` = 250, `vin_number` = '842101535908539079', `date_produced` = '2013-05-02', `value_estimated` = 90000 WHERE `loan_car`.`id` = 4488;
INSERT INTO `loan_car` (`id`, `created_at`, `updated_at`, `customer_id`, `model_id`, `vin_number`, `date_produced`, `value_estimated`) VALUES (4488, '2022-01-02 18:55:27.730922', '2022-01-02 21:51:02.759055', 5584, 250, '842101535908539079', '2013-05-02', 90000);
UPDATE `loan_account` SET `created_at` = '2022-01-02 11:31:12.224300', `updated_at` = '2022-01-02 14:06:41.859583', `customer_id` = 5584, `number` = '247451867590251633', `balance` = 44834 WHERE `loan_account`.`id` = 5112;
INSERT INTO `loan_account` (`id`, `created_at`, `updated_at`, `customer_id`, `number`, `balance`) VALUES (5112, '2022-01-02 11:31:12.224300', '2022-01-02 14:06:41.859583', 5584, '247451867590251633', 44834);
UPDATE `loan_address` SET `created_at` = '2022-01-02 15:13:29.418562', `updated_at` = '2022-01-02 15:13:29.418562', `province` = '山东省', `city` = '日照市', `county` = '莒县', `town` = '龙山镇', `detail` = '宝祁路阳光翠竹苑155号' WHERE `loan_address`.`id` = 8997;
INSERT INTO `loan_address` (`id`, `created_at`, `updated_at`, `province`, `city`, `county`, `town`, `detail`) VALUES (8997, '2022-01-02 15:13:29.418562', '2022-01-02 15:13:29.418562', '山东省', '日照市', '莒县', '龙山镇', '宝祁路阳光翠竹苑155号');
UPDATE `loan_customer` SET `created_at` = '2022-01-02 15:13:29.418562', `updated_at` = '2022-01-02 15:13:29.418562', `name` = '韩民', `id_number` = '995830742252835496', `gender` = 'm', `birthday` = '1989-07-11', `address_id` = 8997, `job_id` = 1847, `salary` = 12000 WHERE `loan_customer`.`id` = 5585;
INSERT INTO `loan_customer` (`id`, `created_at`, `updated_at`, `name`, `id_number`, `gender`, `birthday`, `address_id`, `job_id`, `salary`) VALUES (5585, '2022-01-02 15:13:29.418562', '2022-01-02 15:13:29.418562', '韩民', '995830742252835496', 'm', '1989-07-11', 8997, 1847, 12000);
UPDATE `loan_address` SET `created_at` = '2022-01-02 17:51:20.344597', `updated_at` = '2022-01-02 17:51:20.344597', `province` = '陕西省', `city` = '延安市', `county` = '延川县', `town` = '永坪镇', `detail` = '安图路东新大厦125号' WHERE `loan_address`.`id` = 8998;
INSERT INTO `loan_address` (`id`, `created_at`, `updated_at`, `province`, `city`, `county`, `town`, `detail`) VALUES (8998, '2022-01-02 17:51:20.344597', '2022-01-02 17:51:20.344597', '陕西省', '延安市', '延川县', '永坪镇', '安图路东新大厦125号');
UPDATE `loan_estate` SET `created_at` = '2022-01-02 17:51:20.344597', `updated_at` = '2022-01-02 17:51:20.344597', `customer_id` = 5585, `address_id` = 8998 WHERE `loan_estate`.`id` = 3326;
INSERT INTO `loan_estate` (`id`, `created_at`, `updated_at`, `customer_id`, `address_id`) VALUES (3326, '2022-01-02 17:51:20.344597', '2022-01-02 17:51:20.344597', 5585, 8998);
UPDATE `loan_car` SET `created_at` = '2022-01-02 22:27:46.910229', `updated_at` = '2022-01-02 22:27:46.910229', `customer_id` = 5585, `model_id` = 227, `vin_number` = '237708373095558379', `date_produced` = '2021-05-13', `value_estimated` = 270000 WHERE `loan_car`.`id` = 4489;
INSERT INTO `loan_car` (`id`, `created_at`, `updated_at`, `customer_id`, `model_id`, `vin_number`, `date_produced`, `value_estimated`) VALUES (4489, '2022-01-02 22:27:46.910229', '2022-01-02 22:27:46.910229', 5585, 227, '237708373095558379', '2021-05-13', 270000);
UPDATE `loan_car` SET `created_at` = '2022-01-02 20:49:54.383133', `updated_at` = '2022-01-02 21:26:38.894552', `customer_id` = 5585, `model_id` = 275, `vin_number` = '709497430588622364', `date_produced` = '2016-05-16', `value_estimated` = 410000 WHERE `loan_car`.`id` = 4490;
INSERT INTO `loan_car` (`id`, `created_at`, `updated_at`, `customer_id`, `model_id`, `vin_number`, `date_produced`, `value_estimated`) VALUES (4490, '2022-01-02 20:49:54.383133', '2022-01-02 21:26:38.894552', 5585, 275, '709497430588622364', '2016-05-16', 410000);
UPDATE `loan_account` SET `created_at` = '2022-01-02 15:17:38.337811', `updated_at` = '2022-01-02 15:17:38.337811', `customer_id` = 5585, `number` = '024013139568971174', `balance` = 0 WHERE `loan_account`.`id` = 5113;
INSERT INTO `loan_account` (`id`, `created_at`, `updated_at`, `customer_id`, `number`, `balance`) VALUES (5113, '2022-01-02 15:17:38.337811', '2022-01-02 15:17:38.337811', 5585, '024013139568971174', 0);
UPDATE `loan_address` SET `created_at` = '2022-01-02 09:37:13.557051', `updated_at` = '2022-01-02 09:37:13.557051', `province` = '四川省', `city` = '巴中市', `county` = '通江县', `town` = '新场镇', `detail` = '安国路和亭佳苑162号' WHERE `loan_address`.`id` = 8999;
INSERT INTO `loan_address` (`id`, `created_at`, `updated_at`, `province`, `city`, `county`, `town`, `detail`) VALUES (8999, '2022-01-02 09:37:13.557051', '2022-01-02 09:37:13.557051', '四川省', '巴中市', '通江县', '新场镇', '安国路和亭佳苑162号');
UPDATE `loan_customer` SET `created_at` = '2022-01-02 09:37:13.557051', `updated_at` = '2022-01-02 09:37:13.557051', `name` = '赵兰梦', `id_number` = '526353189364262970', `gender` = 'm', `birthday` = '1986-06-12', `address_id` = 8999, `job_id` = 1848, `salary` = 8000 WHERE `loan_customer`.`id` = 5586;
INSERT INTO `loan_customer` (`id`, `created_at`, `updated_at`, `name`, `id_number`, `gender`, `birthday`, `address_id`, `job_id`, `salary`) VALUES (5586, '2022-01-02 09:37:13.557051', '2022-01-02 09:37:13.557051', '赵兰梦', '526353189364262970', 'm', '1986-06-12', 8999, 1848, 8000);
UPDATE `loan_car` SET `created_at` = '2022-01-02 12:44:39.343740', `updated_at` = '2022-01-02 12:44:39.343740', `customer_id` = 5586, `model_id` = 281, `vin_number` = '444263398055914073', `date_produced` = '2018-10-03', `value_estimated` = 260000 WHERE `loan_car`.`id` = 4491;
INSERT INTO `loan_car` (`id`, `created_at`, `updated_at`, `customer_id`, `model_id`, `vin_number`, `date_produced`, `value_estimated`) VALUES (4491, '2022-01-02 12:44:39.343740', '2022-01-02 12:44:39.343740', 5586, 281, '444263398055914073', '2018-10-03', 260000);
UPDATE `loan_account` SET `created_at` = '2022-01-02 19:07:56.503565', `updated_at` = '2022-01-02 19:07:56.503565', `customer_id` = 5586, `number` = '583480118518775536', `balance` = 130595 WHERE `loan_account`.`id` = 5114;
INSERT INTO `loan_account` (`id`, `created_at`, `updated_at`, `customer_id`, `number`, `balance`) VALUES (5114, '2022-01-02 19:07:56.503565', '2022-01-02 19:07:56.503565', 5586, '583480118518775536', 130595);
UPDATE `loan_address` SET `created_at` = '2022-01-02 19:33:58.366101', `updated_at` = '2022-01-02 19:33:58.366101', `province` = '四川省', `city` = '巴中市', `county` = '通江县', `town` = '新场镇', `detail` = '白城路157号' WHERE `loan_address`.`id` = 9000;
INSERT INTO `loan_address` (`id`, `created_at`, `updated_at`, `province`, `city`, `county`, `town`, `detail`) VALUES (9000, '2022-01-02 19:33:58.366101', '2022-01-02 19:33:58.366101', '四川省', '巴中市', '通江县', '新场镇', '白城路157号');
UPDATE `loan_customer` SET `created_at` = '2022-01-02 19:33:58.366101', `updated_at` = '2022-01-02 21:00:33.817789', `name` = '石厚', `id_number` = '526265286858560434', `gender` = 'f', `birthday` = '1987-08-10', `address_id` = 9000, `job_id` = 1848, `salary` = 7000 WHERE `loan_customer`.`id` = 5587;
INSERT INTO `loan_customer` (`id`, `created_at`, `updated_at`, `name`, `id_number`, `gender`, `birthday`, `address_id`, `job_id`, `salary`) VALUES (5587, '2022-01-02 19:33:58.366101', '2022-01-02 21:00:33.817789', '石厚', '526265286858560434', 'f', '1987-08-10', 9000, 1848, 7000);
UPDATE `loan_chattel` SET `created_at` = '2022-01-02 23:49:09.742229', `updated_at` = '2022-01-02 23:54:35.931057', `customer_id` = 5587, `type` = 'receivable', `description` = '一些信息', `value_amount` = 310000, `expired_at` = '2020-10-27' WHERE `loan_chattel`.`id` = 1635;
INSERT INTO `loan_chattel` (`id`, `created_at`, `updated_at`, `customer_id`, `type`, `description`, `value_amount`, `expired_at`) VALUES (1635, '2022-01-02 23:49:09.742229', '2022-01-02 23:54:35.931057', 5587, 'receivable', '一些信息', 310000, '2020-10-27');
UPDATE `loan_address` SET `created_at` = '2022-01-02 22:19:18.623808', `updated_at` = '2022-01-02 22:19:18.623808', `province` = '湖北省', `city` = '黄石市', `county` = '大冶市', `town` = '东岳路街道办事处', `detail` = '安化路26号' WHERE `loan_address`.`id` = 9001;
INSERT INTO `loan_address` (`id`, `created_at`, `updated_at`, `province`, `city`, `county`, `town`, `detail`) VALUES (9001, '2022-01-02 22:19:18.623808', '2022-01-02 22:19:18.623808', '湖北省', '黄石市', '大冶市', '东岳路街道办事处', '安化路26号');
UPDATE `loan_estate` SET `created_at` = '2022-01-02 22:19:18.623808', `updated_at` = '2022-01-02 22:19:18.623808', `customer_id` = 5587, `address_id` = 9001 WHERE `loan_estate`.`id` = 3327;
INSERT INTO `loan_estate` (`id`, `created_at`, `updated_at`, `customer_id`, `address_id`) VALUES (3327, '2022-01-02 22:19:18.623808', '2022-01-02 22:19:18.623808', 5587, 9001);
UPDATE `loan_address` SET `created_at` = '2022-01-02 21:40:12.089731', `updated_at` = '2022-01-02 21:40:12.089731', `province` = '辽宁省', `city` = '大连市', `county` = '瓦房店市', `town` = '岭东办事处', `detail` = '白城路协通公寓48号' WHERE `loan_address`.`id` = 9002;
INSERT INTO `loan_address` (`id`, `created_at`, `updated_at`, `province`, `city`, `county`, `town`, `detail`) VALUES (9002, '2022-01-02 21:40:12.089731', '2022-01-02 21:40:12.089731', '辽宁省', '大连市', '瓦房店市', '岭东办事处', '白城路协通公寓48号');
UPDATE `loan_estate` SET `created_at` = '2022-01-02 21:40:12.089731', `updated_at` = '2022-01-02 21:40:12.089731', `customer_id` = 5587, `address_id` = 9002 WHERE `loan_estate`.`id` = 3328;
INSERT INTO `loan_estate` (`id`, `created_at`, `updated_at`, `customer_id`, `address_id`) VALUES (3328, '2022-01-02 21:40:12.089731', '2022-01-02 21:40:12.089731', 5587, 9002);
UPDATE `loan_car` SET `created_at` = '2022-01-02 20:28:37.752633', `updated_at` = '2022-01-02 20:28:37.752633', `customer_id` = 5587, `model_id` = 151, `vin_number` = '779209319393202621', `date_produced` = '2015-06-21', `value_estimated` = 210000 WHERE `loan_car`.`id` = 4492;
INSERT INTO `loan_car` (`id`, `created_at`, `updated_at`, `customer_id`, `model_id`, `vin_number`, `date_produced`, `value_estimated`) VALUES (4492, '2022-01-02 20:28:37.752633', '2022-01-02 20:28:37.752633', 5587, 151, '779209319393202621', '2015-06-21', 210000);
UPDATE `loan_address` SET `created_at` = '2022-01-02 01:11:14.960436', `updated_at` = '2022-01-02 01:11:14.960436', `province` = '四川省', `city` = '阿坝藏族羌族自治州', `county` = '马尔康市', `town` = '草登乡', `detail` = '安亭路80号' WHERE `loan_address`.`id` = 9003;
INSERT INTO `loan_address` (`id`, `created_at`, `updated_at`, `province`, `city`, `county`, `town`, `detail`) VALUES (9003, '2022-01-02 01:11:14.960436', '2022-01-02 01:11:14.960436', '四川省', '阿坝藏族羌族自治州', '马尔康市', '草登乡', '安亭路80号');
UPDATE `loan_customer` SET `created_at` = '2022-01-02 01:11:14.960436', `updated_at` = '2022-01-02 01:11:14.960436', `name` = '蒋裕', `id_number` = '147172184263848549', `gender` = 'm', `birthday` = '1998-01-03', `address_id` = 9003, `job_id` = 1849, `salary` = 4000 WHERE `loan_customer`.`id` = 5588;
INSERT INTO `loan_customer` (`id`, `created_at`, `updated_at`, `name`, `id_number`, `gender`, `birthday`, `address_id`, `job_id`, `salary`) VALUES (5588, '2022-01-02 01:11:14.960436', '2022-01-02 01:11:14.960436', '蒋裕', '147172184263848549', 'm', '1998-01-03', 9003, 1849, 4000);
UPDATE `loan_car` SET `created_at` = '2022-01-02 14:08:02.903528', `updated_at` = '2022-01-02 19:47:37.097473', `customer_id` = 5588, `model_id` = 180, `vin_number` = '767294239617627586', `date_produced` = '2018-12-28', `value_estimated` = 370000 WHERE `loan_car`.`id` = 4493;
INSERT INTO `loan_car` (`id`, `created_at`, `updated_at`, `customer_id`, `model_id`, `vin_number`, `date_produced`, `value_estimated`) VALUES (4493, '2022-01-02 14:08:02.903528', '2022-01-02 19:47:37.097473', 5588, 180, '767294239617627586', '2018-12-28', 370000);
UPDATE `loan_car` SET `created_at` = '2022-01-02 03:11:12.786454', `updated_at` = '2022-01-02 05:49:10.397826', `customer_id` = 5588, `model_id` = 155, `vin_number` = '165767872799964303', `date_produced` = '2011-04-07', `value_estimated` = 760000 WHERE `loan_car`.`id` = 4494;
INSERT INTO `loan_car` (`id`, `created_at`, `updated_at`, `customer_id`, `model_id`, `vin_number`, `date_produced`, `value_estimated`) VALUES (4494, '2022-01-02 03:11:12.786454', '2022-01-02 05:49:10.397826', 5588, 155, '165767872799964303', '2011-04-07', 760000);
UPDATE `loan_account` SET `created_at` = '2022-01-02 08:34:45.540148', `updated_at` = '2022-01-02 18:48:12.907217', `customer_id` = 5588, `number` = '586776584427817746', `balance` = 0 WHERE `loan_account`.`id` = 5115;
INSERT INTO `loan_account` (`id`, `created_at`, `updated_at`, `customer_id`, `number`, `balance`) VALUES (5115, '2022-01-02 08:34:45.540148', '2022-01-02 18:48:12.907217', 5588, '586776584427817746', 0);
UPDATE `loan_address` SET `created_at` = '2022-01-02 04:21:31.717066', `updated_at` = '2022-01-02 04:21:31.717066', `province` = '湖南省', `city` = '邵阳市', `county` = '隆回县', `town` = '鸭田镇', `detail` = '安顺路金色家园55号' WHERE `loan_address`.`id` = 9004;
INSERT INTO `loan_address` (`id`, `created_at`, `updated_at`, `province`, `city`, `county`, `town`, `detail`) VALUES (9004, '2022-01-02 04:21:31.717066', '2022-01-02 04:21:31.717066', '湖南省', '邵阳市', '隆回县', '鸭田镇', '安顺路金色家园55号');
UPDATE `loan_customer` SET `created_at` = '2022-01-02 04:21:31.717066', `updated_at` = '2022-01-02 09:31:51.411044', `name` = '吕元洲', `id_number` = '679595992636129088', `gender` = 'm', `birthday` = '2003-08-20', `address_id` = 9004, `job_id` = 1849, `salary` = 24000 WHERE `loan_customer`.`id` = 5589;
INSERT INTO `loan_customer` (`id`, `created_at`, `updated_at`, `name`, `id_number`, `gender`, `birthday`, `address_id`, `job_id`, `salary`) VALUES (5589, '2022-01-02 04:21:31.717066', '2022-01-02 09:31:51.411044', '吕元洲', '679595992636129088', 'm', '2003-08-20', 9004, 1849, 24000);
UPDATE `loan_car` SET `created_at` = '2022-01-02 21:43:14.082475', `updated_at` = '2022-01-02 22:10:41.185705', `customer_id` = 5589, `model_id` = 16, `vin_number` = '147195923372665767', `date_produced` = '2013-09-03', `value_estimated` = 700000 WHERE `loan_car`.`id` = 4495;
INSERT INTO `loan_car` (`id`, `created_at`, `updated_at`, `customer_id`, `model_id`, `vin_number`, `date_produced`, `value_estimated`) VALUES (4495, '2022-01-02 21:43:14.082475', '2022-01-02 22:10:41.185705', 5589, 16, '147195923372665767', '2013-09-03', 700000);
UPDATE `loan_account` SET `created_at` = '2022-01-02 17:15:35.413859', `updated_at` = '2022-01-02 17:15:35.413859', `customer_id` = 5589, `number` = '820679191330081638', `balance` = 54095 WHERE `loan_account`.`id` = 5116;
INSERT INTO `loan_account` (`id`, `created_at`, `updated_at`, `customer_id`, `number`, `balance`) VALUES (5116, '2022-01-02 17:15:35.413859', '2022-01-02 17:15:35.413859', 5589, '820679191330081638', 54095);
UPDATE `loan_address` SET `created_at` = '2022-01-02 20:17:08.879876', `updated_at` = '2022-01-02 20:17:08.879876', `province` = '江西省', `city` = '吉安市', `county` = '吉安县', `town` = '井冈山经济技术开发区', `detail` = '爱国路126号' WHERE `loan_address`.`id` = 9005;
INSERT INTO `loan_address` (`id`, `created_at`, `updated_at`, `province`, `city`, `county`, `town`, `detail`) VALUES (9005, '2022-01-02 20:17:08.879876', '2022-01-02 20:17:08.879876', '江西省', '吉安市', '吉安县', '井冈山经济技术开发区', '爱国路126号');
UPDATE `loan_customer` SET `created_at` = '2022-01-02 20:17:08.879876', `updated_at` = '2022-01-02 20:17:08.879876', `name` = '金智', `id_number` = '331546013305198149', `gender` = 'm', `birthday` = '2004-02-22', `address_id` = 9005, `job_id` = 1850, `salary` = 55000 WHERE `loan_customer`.`id` = 5590;
INSERT INTO `loan_customer` (`id`, `created_at`, `updated_at`, `name`, `id_number`, `gender`, `birthday`, `address_id`, `job_id`, `salary`) VALUES (5590, '2022-01-02 20:17:08.879876', '2022-01-02 20:17:08.879876', '金智', '331546013305198149', 'm', '2004-02-22', 9005, 1850, 55000);
UPDATE `loan_address` SET `created_at` = '2022-01-02 22:06:08.827249', `updated_at` = '2022-01-02 22:06:08.827249', `province` = '青海省', `city` = '海东市', `county` = '化隆回族自治县', `town` = '雄先藏族乡', `detail` = '包头路协通公寓92号' WHERE `loan_address`.`id` = 9006;
INSERT INTO `loan_address` (`id`, `created_at`, `updated_at`, `province`, `city`, `county`, `town`, `detail`) VALUES (9006, '2022-01-02 22:06:08.827249', '2022-01-02 22:06:08.827249', '青海省', '海东市', '化隆回族自治县', '雄先藏族乡', '包头路协通公寓92号');
UPDATE `loan_estate` SET `created_at` = '2022-01-02 22:06:08.827249', `updated_at` = '2022-01-02 22:06:08.827249', `customer_id` = 5590, `address_id` = 9006 WHERE `loan_estate`.`id` = 3329;
INSERT INTO `loan_estate` (`id`, `created_at`, `updated_at`, `customer_id`, `address_id`) VALUES (3329, '2022-01-02 22:06:08.827249', '2022-01-02 22:06:08.827249', 5590, 9006);
UPDATE `loan_car` SET `created_at` = '2022-01-02 22:28:58.977732', `updated_at` = '2022-01-02 22:56:28.866217', `customer_id` = 5590, `model_id` = 244, `vin_number` = '790293464472952145', `date_produced` = '2010-07-08', `value_estimated` = 170000 WHERE `loan_car`.`id` = 4496;
INSERT INTO `loan_car` (`id`, `created_at`, `updated_at`, `customer_id`, `model_id`, `vin_number`, `date_produced`, `value_estimated`) VALUES (4496, '2022-01-02 22:28:58.977732', '2022-01-02 22:56:28.866217', 5590, 244, '790293464472952145', '2010-07-08', 170000);
UPDATE `loan_address` SET `created_at` = '2022-01-02 19:05:58.143288', `updated_at` = '2022-01-02 19:05:58.143288', `province` = '河南省', `city` = '商丘市', `county` = '永城市', `town` = '薛湖镇', `detail` = '安福路55号' WHERE `loan_address`.`id` = 9007;
INSERT INTO `loan_address` (`id`, `created_at`, `updated_at`, `province`, `city`, `county`, `town`, `detail`) VALUES (9007, '2022-01-02 19:05:58.143288', '2022-01-02 19:05:58.143288', '河南省', '商丘市', '永城市', '薛湖镇', '安福路55号');
UPDATE `loan_customer` SET `created_at` = '2022-01-02 19:05:58.143288', `updated_at` = '2022-01-02 21:38:15.701041', `name` = '沈涵', `id_number` = '046590196503373232', `gender` = 'm', `birthday` = '2004-09-21', `address_id` = 9007, `job_id` = 1850, `salary` = 53000 WHERE `loan_customer`.`id` = 5591;
INSERT INTO `loan_customer` (`id`, `created_at`, `updated_at`, `name`, `id_number`, `gender`, `birthday`, `address_id`, `job_id`, `salary`) VALUES (5591, '2022-01-02 19:05:58.143288', '2022-01-02 21:38:15.701041', '沈涵', '046590196503373232', 'm', '2004-09-21', 9007, 1850, 53000);
UPDATE `loan_car` SET `created_at` = '2022-01-02 22:02:35.463994', `updated_at` = '2022-01-02 22:57:33.765637', `customer_id` = 5591, `model_id` = 35, `vin_number` = '063015651969874507', `date_produced` = '2020-11-21', `value_estimated` = 280000 WHERE `loan_car`.`id` = 4497;
INSERT INTO `loan_car` (`id`, `created_at`, `updated_at`, `customer_id`, `model_id`, `vin_number`, `date_produced`, `value_estimated`) VALUES (4497, '2022-01-02 22:02:35.463994', '2022-01-02 22:57:33.765637', 5591, 35, '063015651969874507', '2020-11-21', 280000);
UPDATE `loan_address` SET `created_at` = '2022-01-02 19:41:10.850980', `updated_at` = '2022-01-02 19:41:10.850980', `province` = '山东省', `city` = '日照市', `county` = '莒县', `town` = '龙山镇', `detail` = '保定路190号' WHERE `loan_address`.`id` = 9008;
INSERT INTO `loan_address` (`id`, `created_at`, `updated_at`, `province`, `city`, `county`, `town`, `detail`) VALUES (9008, '2022-01-02 19:41:10.850980', '2022-01-02 19:41:10.850980', '山东省', '日照市', '莒县', '龙山镇', '保定路190号');
UPDATE `loan_customer` SET `created_at` = '2022-01-02 19:41:10.850980', `updated_at` = '2022-01-02 23:05:25.570287', `name` = '林棋', `id_number` = '127680289995871856', `gender` = 'm', `birthday` = '1985-08-18', `address_id` = 9008, `job_id` = 1850, `salary` = 39000 WHERE `loan_customer`.`id` = 5592;
INSERT INTO `loan_customer` (`id`, `created_at`, `updated_at`, `name`, `id_number`, `gender`, `birthday`, `address_id`, `job_id`, `salary`) VALUES (5592, '2022-01-02 19:41:10.850980', '2022-01-02 23:05:25.570287', '林棋', '127680289995871856', 'm', '1985-08-18', 9008, 1850, 39000);
UPDATE `loan_address` SET `created_at` = '2022-01-02 19:49:54.510650', `updated_at` = '2022-01-02 19:49:54.510650', `province` = '四川省', `city` = '眉山市', `county` = '仁寿县', `town` = '彰加镇', `detail` = '百花街爱里舍花园89号' WHERE `loan_address`.`id` = 9009;
INSERT INTO `loan_address` (`id`, `created_at`, `updated_at`, `province`, `city`, `county`, `town`, `detail`) VALUES (9009, '2022-01-02 19:49:54.510650', '2022-01-02 19:49:54.510650', '四川省', '眉山市', '仁寿县', '彰加镇', '百花街爱里舍花园89号');
UPDATE `loan_estate` SET `created_at` = '2022-01-02 19:49:54.510650', `updated_at` = '2022-01-02 19:49:54.510650', `customer_id` = 5592, `address_id` = 9009 WHERE `loan_estate`.`id` = 3330;
INSERT INTO `loan_estate` (`id`, `created_at`, `updated_at`, `customer_id`, `address_id`) VALUES (3330, '2022-01-02 19:49:54.510650', '2022-01-02 19:49:54.510650', 5592, 9009);
UPDATE `loan_account` SET `created_at` = '2022-01-02 22:26:58.191802', `updated_at` = '2022-01-02 22:43:59.736857', `customer_id` = 5592, `number` = '481649512420852108', `balance` = 0 WHERE `loan_account`.`id` = 5117;
INSERT INTO `loan_account` (`id`, `created_at`, `updated_at`, `customer_id`, `number`, `balance`) VALUES (5117, '2022-01-02 22:26:58.191802', '2022-01-02 22:43:59.736857', 5592, '481649512420852108', 0);
UPDATE `loan_address` SET `created_at` = '2022-01-02 22:40:55.483267', `updated_at` = '2022-01-02 22:40:55.483267', `province` = '浙江省', `city` = '杭州市', `county` = '滨江区', `town` = '长河街道', `detail` = '安波路复华城市花园62号' WHERE `loan_address`.`id` = 9010;
INSERT INTO `loan_address` (`id`, `created_at`, `updated_at`, `province`, `city`, `county`, `town`, `detail`) VALUES (9010, '2022-01-02 22:40:55.483267', '2022-01-02 22:40:55.483267', '浙江省', '杭州市', '滨江区', '长河街道', '安波路复华城市花园62号');
UPDATE `loan_customer` SET `created_at` = '2022-01-02 22:40:55.483267', `updated_at` = '2022-01-02 23:29:29.339701', `name` = '易正祥', `id_number` = '227008252975970462', `gender` = 'f', `birthday` = '2005-05-17', `address_id` = 9010, `job_id` = 1850, `salary` = 5000 WHERE `loan_customer`.`id` = 5593;
INSERT INTO `loan_customer` (`id`, `created_at`, `updated_at`, `name`, `id_number`, `gender`, `birthday`, `address_id`, `job_id`, `salary`) VALUES (5593, '2022-01-02 22:40:55.483267', '2022-01-02 23:29:29.339701', '易正祥', '227008252975970462', 'f', '2005-05-17', 9010, 1850, 5000);
UPDATE `loan_car` SET `created_at` = '2022-01-02 23:43:15.839285', `updated_at` = '2022-01-02 23:50:09.198490', `customer_id` = 5593, `model_id` = 165, `vin_number` = '856934913384818553', `date_produced` = '2018-01-14', `value_estimated` = 540000 WHERE `loan_car`.`id` = 4498;
INSERT INTO `loan_car` (`id`, `created_at`, `updated_at`, `customer_id`, `model_id`, `vin_number`, `date_produced`, `value_estimated`) VALUES (4498, '2022-01-02 23:43:15.839285', '2022-01-02 23:50:09.198490', 5593, 165, '856934913384818553', '2018-01-14', 540000);
UPDATE `loan_account` SET `created_at` = '2022-01-02 23:50:26.746726', `updated_at` = '2022-01-02 23:54:46.316684', `customer_id` = 5593, `number` = '001532522233013781', `balance` = 55760 WHERE `loan_account`.`id` = 5118;
INSERT INTO `loan_account` (`id`, `created_at`, `updated_at`, `customer_id`, `number`, `balance`) VALUES (5118, '2022-01-02 23:50:26.746726', '2022-01-02 23:54:46.316684', 5593, '001532522233013781', 55760);
UPDATE `loan_address` SET `created_at` = '2022-01-02 13:57:33.683431', `updated_at` = '2022-01-02 13:57:33.683431', `province` = '福建省', `city` = '龙岩市', `county` = '永定区', `town` = '虎岗镇', `detail` = '爱国路65号' WHERE `loan_address`.`id` = 9011;
INSERT INTO `loan_address` (`id`, `created_at`, `updated_at`, `province`, `city`, `county`, `town`, `detail`) VALUES (9011, '2022-01-02 13:57:33.683431', '2022-01-02 13:57:33.683431', '福建省', '龙岩市', '永定区', '虎岗镇', '爱国路65号');
UPDATE `loan_customer` SET `created_at` = '2022-01-02 13:57:33.683431', `updated_at` = '2022-01-02 16:50:00.526855', `name` = '夏寒', `id_number` = '232249236340171882', `gender` = 'm', `birthday` = '2003-08-25', `address_id` = 9011, `job_id` = 1851, `salary` = 9000 WHERE `loan_customer`.`id` = 5594;
INSERT INTO `loan_customer` (`id`, `created_at`, `updated_at`, `name`, `id_number`, `gender`, `birthday`, `address_id`, `job_id`, `salary`) VALUES (5594, '2022-01-02 13:57:33.683431', '2022-01-02 16:50:00.526855', '夏寒', '232249236340171882', 'm', '2003-08-25', 9011, 1851, 9000);
UPDATE `loan_car` SET `created_at` = '2022-01-02 22:40:13.968114', `updated_at` = '2022-01-02 23:17:23.015084', `customer_id` = 5594, `model_id` = 173, `vin_number` = '394201578139260374', `date_produced` = '2012-03-10', `value_estimated` = 60000 WHERE `loan_car`.`id` = 4499;
INSERT INTO `loan_car` (`id`, `created_at`, `updated_at`, `customer_id`, `model_id`, `vin_number`, `date_produced`, `value_estimated`) VALUES (4499, '2022-01-02 22:40:13.968114', '2022-01-02 23:17:23.015084', 5594, 173, '394201578139260374', '2012-03-10', 60000);
UPDATE `loan_account` SET `created_at` = '2022-01-02 16:08:56.566566', `updated_at` = '2022-01-02 16:08:56.566566', `customer_id` = 5594, `number` = '560444335844170775', `balance` = 129640 WHERE `loan_account`.`id` = 5119;
INSERT INTO `loan_account` (`id`, `created_at`, `updated_at`, `customer_id`, `number`, `balance`) VALUES (5119, '2022-01-02 16:08:56.566566', '2022-01-02 16:08:56.566566', 5594, '560444335844170775', 129640);
UPDATE `loan_address` SET `created_at` = '2022-01-02 08:14:52.643538', `updated_at` = '2022-01-02 08:14:52.643538', `province` = '福建省', `city` = '龙岩市', `county` = '永定区', `town` = '虎岗镇', `detail` = '白兰路协通公寓149号' WHERE `loan_address`.`id` = 9012;
INSERT INTO `loan_address` (`id`, `created_at`, `updated_at`, `province`, `city`, `county`, `town`, `detail`) VALUES (9012, '2022-01-02 08:14:52.643538', '2022-01-02 08:14:52.643538', '福建省', '龙岩市', '永定区', '虎岗镇', '白兰路协通公寓149号');
UPDATE `loan_customer` SET `created_at` = '2022-01-02 08:14:52.643538', `updated_at` = '2022-01-02 09:56:46.902762', `name` = '徐越', `id_number` = '732452638898031056', `gender` = 'f', `birthday` = '2009-04-30', `address_id` = 9012, `job_id` = 1851, `salary` = 6000 WHERE `loan_customer`.`id` = 5595;
INSERT INTO `loan_customer` (`id`, `created_at`, `updated_at`, `name`, `id_number`, `gender`, `birthday`, `address_id`, `job_id`, `salary`) VALUES (5595, '2022-01-02 08:14:52.643538', '2022-01-02 09:56:46.902762', '徐越', '732452638898031056', 'f', '2009-04-30', 9012, 1851, 6000);
UPDATE `loan_car` SET `created_at` = '2022-01-02 22:01:19.846340', `updated_at` = '2022-01-02 23:11:44.034175', `customer_id` = 5595, `model_id` = 152, `vin_number` = '166634639220359180', `date_produced` = '2019-01-21', `value_estimated` = 420000 WHERE `loan_car`.`id` = 4500;
INSERT INTO `loan_car` (`id`, `created_at`, `updated_at`, `customer_id`, `model_id`, `vin_number`, `date_produced`, `value_estimated`) VALUES (4500, '2022-01-02 22:01:19.846340', '2022-01-02 23:11:44.034175', 5595, 152, '166634639220359180', '2019-01-21', 420000);
UPDATE `loan_account` SET `created_at` = '2022-01-02 20:27:43.013848', `updated_at` = '2022-01-02 20:27:43.013848', `customer_id` = 5595, `number` = '955396280927762381', `balance` = 94059 WHERE `loan_account`.`id` = 5120;
INSERT INTO `loan_account` (`id`, `created_at`, `updated_at`, `customer_id`, `number`, `balance`) VALUES (5120, '2022-01-02 20:27:43.013848', '2022-01-02 20:27:43.013848', 5595, '955396280927762381', 94059);
UPDATE `loan_address` SET `created_at` = '2022-01-02 06:13:54.619125', `updated_at` = '2022-01-02 06:13:54.619125', `province` = '新疆维吾尔自治区', `city` = '喀什地区', `county` = '莎车县', `town` = '莎车镇', `detail` = '宝林路耀江花园115号' WHERE `loan_address`.`id` = 9013;
INSERT INTO `loan_address` (`id`, `created_at`, `updated_at`, `province`, `city`, `county`, `town`, `detail`) VALUES (9013, '2022-01-02 06:13:54.619125', '2022-01-02 06:13:54.619125', '新疆维吾尔自治区', '喀什地区', '莎车县', '莎车镇', '宝林路耀江花园115号');
UPDATE `loan_customer` SET `created_at` = '2022-01-02 06:13:54.619125', `updated_at` = '2022-01-02 06:13:54.619125', `name` = '薛兰尹', `id_number` = '594943508994421755', `gender` = 'f', `birthday` = '1986-06-18', `address_id` = 9013, `job_id` = 1851, `salary` = 29000 WHERE `loan_customer`.`id` = 5596;
INSERT INTO `loan_customer` (`id`, `created_at`, `updated_at`, `name`, `id_number`, `gender`, `birthday`, `address_id`, `job_id`, `salary`) VALUES (5596, '2022-01-02 06:13:54.619125', '2022-01-02 06:13:54.619125', '薛兰尹', '594943508994421755', 'f', '1986-06-18', 9013, 1851, 29000);
UPDATE `loan_chattel` SET `created_at` = '2022-01-02 14:03:33.978947', `updated_at` = '2022-01-02 14:03:33.978947', `customer_id` = 5596, `type` = 'bond', `description` = '一些信息', `value_amount` = 20000, `expired_at` = '2023-03-25' WHERE `loan_chattel`.`id` = 1636;
INSERT INTO `loan_chattel` (`id`, `created_at`, `updated_at`, `customer_id`, `type`, `description`, `value_amount`, `expired_at`) VALUES (1636, '2022-01-02 14:03:33.978947', '2022-01-02 14:03:33.978947', 5596, 'bond', '一些信息', 20000, '2023-03-25');
UPDATE `loan_address` SET `created_at` = '2022-01-02 15:55:18.996432', `updated_at` = '2022-01-02 15:55:18.996432', `province` = '云南省', `city` = '昆明市', `county` = '嵩明县', `town` = '嵩明杨林经济技术开发区', `detail` = '百安路（方泰镇）溢盈河畔别墅138号' WHERE `loan_address`.`id` = 9014;
INSERT INTO `loan_address` (`id`, `created_at`, `updated_at`, `province`, `city`, `county`, `town`, `detail`) VALUES (9014, '2022-01-02 15:55:18.996432', '2022-01-02 15:55:18.996432', '云南省', '昆明市', '嵩明县', '嵩明杨林经济技术开发区', '百安路（方泰镇）溢盈河畔别墅138号');
UPDATE `loan_estate` SET `created_at` = '2022-01-02 15:55:18.996432', `updated_at` = '2022-01-02 15:55:18.996432', `customer_id` = 5596, `address_id` = 9014 WHERE `loan_estate`.`id` = 3331;
INSERT INTO `loan_estate` (`id`, `created_at`, `updated_at`, `customer_id`, `address_id`) VALUES (3331, '2022-01-02 15:55:18.996432', '2022-01-02 15:55:18.996432', 5596, 9014);
UPDATE `loan_car` SET `created_at` = '2022-01-02 11:14:20.774963', `updated_at` = '2022-01-02 13:53:12.661640', `customer_id` = 5596, `model_id` = 151, `vin_number` = '867231734946047720', `date_produced` = '2015-08-12', `value_estimated` = 270000 WHERE `loan_car`.`id` = 4501;
INSERT INTO `loan_car` (`id`, `created_at`, `updated_at`, `customer_id`, `model_id`, `vin_number`, `date_produced`, `value_estimated`) VALUES (4501, '2022-01-02 11:14:20.774963', '2022-01-02 13:53:12.661640', 5596, 151, '867231734946047720', '2015-08-12', 270000);
UPDATE `loan_account` SET `created_at` = '2022-01-02 09:20:57.399876', `updated_at` = '2022-01-02 09:20:57.399876', `customer_id` = 5596, `number` = '189829111668280785', `balance` = 77203 WHERE `loan_account`.`id` = 5121;
INSERT INTO `loan_account` (`id`, `created_at`, `updated_at`, `customer_id`, `number`, `balance`) VALUES (5121, '2022-01-02 09:20:57.399876', '2022-01-02 09:20:57.399876', 5596, '189829111668280785', 77203);
UPDATE `loan_address` SET `created_at` = '2022-01-02 00:16:59.028883', `updated_at` = '2022-01-02 00:16:59.028883', `province` = '吉林省', `city` = '四平市', `county` = '公主岭市', `town` = '十屋种牛场', `detail` = '巴林路博泰新苑186号' WHERE `loan_address`.`id` = 9015;
INSERT INTO `loan_address` (`id`, `created_at`, `updated_at`, `province`, `city`, `county`, `town`, `detail`) VALUES (9015, '2022-01-02 00:16:59.028883', '2022-01-02 00:16:59.028883', '吉林省', '四平市', '公主岭市', '十屋种牛场', '巴林路博泰新苑186号');
UPDATE `loan_customer` SET `created_at` = '2022-01-02 00:16:59.028883', `updated_at` = '2022-01-02 07:28:33.266127', `name` = '文锐利', `id_number` = '735361567227794645', `gender` = 'm', `birthday` = '1983-12-13', `address_id` = 9015, `job_id` = 1851, `salary` = 48000 WHERE `loan_customer`.`id` = 5597;
INSERT INTO `loan_customer` (`id`, `created_at`, `updated_at`, `name`, `id_number`, `gender`, `birthday`, `address_id`, `job_id`, `salary`) VALUES (5597, '2022-01-02 00:16:59.028883', '2022-01-02 07:28:33.266127', '文锐利', '735361567227794645', 'm', '1983-12-13', 9015, 1851, 48000);
UPDATE `loan_address` SET `created_at` = '2022-01-02 11:58:10.246210', `updated_at` = '2022-01-02 11:58:10.246210', `province` = '甘肃省', `city` = '临夏回族自治州', `county` = '广河县', `town` = '祁家集镇', `detail` = '宝祁路160号' WHERE `loan_address`.`id` = 9016;
INSERT INTO `loan_address` (`id`, `created_at`, `updated_at`, `province`, `city`, `county`, `town`, `detail`) VALUES (9016, '2022-01-02 11:58:10.246210', '2022-01-02 11:58:10.246210', '甘肃省', '临夏回族自治州', '广河县', '祁家集镇', '宝祁路160号');
UPDATE `loan_estate` SET `created_at` = '2022-01-02 11:58:10.246210', `updated_at` = '2022-01-02 11:58:10.246210', `customer_id` = 5597, `address_id` = 9016 WHERE `loan_estate`.`id` = 3332;
INSERT INTO `loan_estate` (`id`, `created_at`, `updated_at`, `customer_id`, `address_id`) VALUES (3332, '2022-01-02 11:58:10.246210', '2022-01-02 11:58:10.246210', 5597, 9016);
UPDATE `loan_account` SET `created_at` = '2022-01-02 19:45:57.230492', `updated_at` = '2022-01-02 23:28:04.868825', `customer_id` = 5597, `number` = '213672599024122780', `balance` = 0 WHERE `loan_account`.`id` = 5122;
INSERT INTO `loan_account` (`id`, `created_at`, `updated_at`, `customer_id`, `number`, `balance`) VALUES (5122, '2022-01-02 19:45:57.230492', '2022-01-02 23:28:04.868825', 5597, '213672599024122780', 0);
UPDATE `loan_address` SET `created_at` = '2022-01-02 05:07:33.877868', `updated_at` = '2022-01-02 05:07:33.877868', `province` = '青海省', `city` = '海东市', `county` = '化隆回族自治县', `town` = '雄先藏族乡', `detail` = '百花街博泰新苑147号' WHERE `loan_address`.`id` = 9017;
INSERT INTO `loan_address` (`id`, `created_at`, `updated_at`, `province`, `city`, `county`, `town`, `detail`) VALUES (9017, '2022-01-02 05:07:33.877868', '2022-01-02 05:07:33.877868', '青海省', '海东市', '化隆回族自治县', '雄先藏族乡', '百花街博泰新苑147号');
UPDATE `loan_customer` SET `created_at` = '2022-01-02 05:07:33.877868', `updated_at` = '2022-01-02 20:11:36.543673', `name` = '钱桂芳', `id_number` = '680067135741442849', `gender` = 'm', `birthday` = '2009-07-03', `address_id` = 9017, `job_id` = 1852, `salary` = 9000 WHERE `loan_customer`.`id` = 5598;
INSERT INTO `loan_customer` (`id`, `created_at`, `updated_at`, `name`, `id_number`, `gender`, `birthday`, `address_id`, `job_id`, `salary`) VALUES (5598, '2022-01-02 05:07:33.877868', '2022-01-02 20:11:36.543673', '钱桂芳', '680067135741442849', 'm', '2009-07-03', 9017, 1852, 9000);
UPDATE `loan_chattel` SET `created_at` = '2022-01-02 08:48:47.837176', `updated_at` = '2022-01-02 08:51:53.602140', `customer_id` = 5598, `type` = 'copyright', `description` = '一些信息', `value_amount` = 230000, `expired_at` = '2025-02-28' WHERE `loan_chattel`.`id` = 1637;
INSERT INTO `loan_chattel` (`id`, `created_at`, `updated_at`, `customer_id`, `type`, `description`, `value_amount`, `expired_at`) VALUES (1637, '2022-01-02 08:48:47.837176', '2022-01-02 08:51:53.602140', 5598, 'copyright', '一些信息', 230000, '2025-02-28');
UPDATE `loan_account` SET `created_at` = '2022-01-02 07:25:06.715940', `updated_at` = '2022-01-02 23:47:10.220411', `customer_id` = 5598, `number` = '508681034555632626', `balance` = 94854 WHERE `loan_account`.`id` = 5123;
INSERT INTO `loan_account` (`id`, `created_at`, `updated_at`, `customer_id`, `number`, `balance`) VALUES (5123, '2022-01-02 07:25:06.715940', '2022-01-02 23:47:10.220411', 5598, '508681034555632626', 94854);
UPDATE `loan_address` SET `created_at` = '2022-01-02 15:39:49.038532', `updated_at` = '2022-01-02 15:39:49.038532', `province` = '浙江省', `city` = '杭州市', `county` = '滨江区', `town` = '长河街道', `detail` = '宝昌路120号' WHERE `loan_address`.`id` = 9018;
INSERT INTO `loan_address` (`id`, `created_at`, `updated_at`, `province`, `city`, `county`, `town`, `detail`) VALUES (9018, '2022-01-02 15:39:49.038532', '2022-01-02 15:39:49.038532', '浙江省', '杭州市', '滨江区', '长河街道', '宝昌路120号');
UPDATE `loan_customer` SET `created_at` = '2022-01-02 15:39:49.038532', `updated_at` = '2022-01-02 18:09:40.720655', `name` = '毛颇', `id_number` = '448495941823611772', `gender` = 'f', `birthday` = '2005-04-18', `address_id` = 9018, `job_id` = 1853, `salary` = 27000 WHERE `loan_customer`.`id` = 5599;
INSERT INTO `loan_customer` (`id`, `created_at`, `updated_at`, `name`, `id_number`, `gender`, `birthday`, `address_id`, `job_id`, `salary`) VALUES (5599, '2022-01-02 15:39:49.038532', '2022-01-02 18:09:40.720655', '毛颇', '448495941823611772', 'f', '2005-04-18', 9018, 1853, 27000);
UPDATE `loan_account` SET `created_at` = '2022-01-02 21:27:56.941207', `updated_at` = '2022-01-02 22:08:21.707436', `customer_id` = 5599, `number` = '873534200743590303', `balance` = 99587 WHERE `loan_account`.`id` = 5124;
INSERT INTO `loan_account` (`id`, `created_at`, `updated_at`, `customer_id`, `number`, `balance`) VALUES (5124, '2022-01-02 21:27:56.941207', '2022-01-02 22:08:21.707436', 5599, '873534200743590303', 99587);
UPDATE `loan_address` SET `created_at` = '2022-01-02 21:57:55.971710', `updated_at` = '2022-01-02 21:57:55.971710', `province` = '山东省', `city` = '济宁市', `county` = '泗水县', `town` = '高峪镇', `detail` = '安福路协通公寓110号' WHERE `loan_address`.`id` = 9019;
INSERT INTO `loan_address` (`id`, `created_at`, `updated_at`, `province`, `city`, `county`, `town`, `detail`) VALUES (9019, '2022-01-02 21:57:55.971710', '2022-01-02 21:57:55.971710', '山东省', '济宁市', '泗水县', '高峪镇', '安福路协通公寓110号');
UPDATE `loan_customer` SET `created_at` = '2022-01-02 21:57:55.971710', `updated_at` = '2022-01-02 22:07:39.792909', `name` = '韩瀚漠', `id_number` = '730221066201492354', `gender` = 'm', `birthday` = '1986-08-23', `address_id` = 9019, `job_id` = 1853, `salary` = 9000 WHERE `loan_customer`.`id` = 5600;
INSERT INTO `loan_customer` (`id`, `created_at`, `updated_at`, `name`, `id_number`, `gender`, `birthday`, `address_id`, `job_id`, `salary`) VALUES (5600, '2022-01-02 21:57:55.971710', '2022-01-02 22:07:39.792909', '韩瀚漠', '730221066201492354', 'm', '1986-08-23', 9019, 1853, 9000);
UPDATE `loan_car` SET `created_at` = '2022-01-02 23:25:43.306564', `updated_at` = '2022-01-02 23:25:43.306564', `customer_id` = 5600, `model_id` = 194, `vin_number` = '822094444106348521', `date_produced` = '2012-10-22', `value_estimated` = 70000 WHERE `loan_car`.`id` = 4502;
INSERT INTO `loan_car` (`id`, `created_at`, `updated_at`, `customer_id`, `model_id`, `vin_number`, `date_produced`, `value_estimated`) VALUES (4502, '2022-01-02 23:25:43.306564', '2022-01-02 23:25:43.306564', 5600, 194, '822094444106348521', '2012-10-22', 70000);
UPDATE `loan_car` SET `created_at` = '2022-01-02 22:19:27.087894', `updated_at` = '2022-01-02 22:47:16.841406', `customer_id` = 5600, `model_id` = 33, `vin_number` = '589902516745432101', `date_produced` = '2020-08-10', `value_estimated` = 370000 WHERE `loan_car`.`id` = 4503;
INSERT INTO `loan_car` (`id`, `created_at`, `updated_at`, `customer_id`, `model_id`, `vin_number`, `date_produced`, `value_estimated`) VALUES (4503, '2022-01-02 22:19:27.087894', '2022-01-02 22:47:16.841406', 5600, 33, '589902516745432101', '2020-08-10', 370000);
UPDATE `loan_account` SET `created_at` = '2022-01-02 23:29:07.468653', `updated_at` = '2022-01-02 23:34:27.382217', `customer_id` = 5600, `number` = '478366408911181921', `balance` = 105069 WHERE `loan_account`.`id` = 5125;
INSERT INTO `loan_account` (`id`, `created_at`, `updated_at`, `customer_id`, `number`, `balance`) VALUES (5125, '2022-01-02 23:29:07.468653', '2022-01-02 23:34:27.382217', 5600, '478366408911181921', 105069);
UPDATE `loan_address` SET `created_at` = '2022-01-02 09:42:26.309095', `updated_at` = '2022-01-02 09:42:26.309095', `province` = '山西省', `city` = '临汾市', `county` = '尧都区', `town` = '乔李镇', `detail` = '宝安路溢盈河畔别墅124号' WHERE `loan_address`.`id` = 9020;
INSERT INTO `loan_address` (`id`, `created_at`, `updated_at`, `province`, `city`, `county`, `town`, `detail`) VALUES (9020, '2022-01-02 09:42:26.309095', '2022-01-02 09:42:26.309095', '山西省', '临汾市', '尧都区', '乔李镇', '宝安路溢盈河畔别墅124号');
UPDATE `loan_customer` SET `created_at` = '2022-01-02 09:42:26.309095', `updated_at` = '2022-01-02 22:13:51.717398', `name` = '罗咏歌', `id_number` = '506747012942747131', `gender` = 'f', `birthday` = '1995-05-24', `address_id` = 9020, `job_id` = 1854, `salary` = 21000 WHERE `loan_customer`.`id` = 5601;
INSERT INTO `loan_customer` (`id`, `created_at`, `updated_at`, `name`, `id_number`, `gender`, `birthday`, `address_id`, `job_id`, `salary`) VALUES (5601, '2022-01-02 09:42:26.309095', '2022-01-02 22:13:51.717398', '罗咏歌', '506747012942747131', 'f', '1995-05-24', 9020, 1854, 21000);
UPDATE `loan_chattel` SET `created_at` = '2022-01-02 19:11:48.611385', `updated_at` = '2022-01-02 19:11:48.611385', `customer_id` = 5601, `type` = 'copyright', `description` = '一些信息', `value_amount` = 500000, `expired_at` = '2021-09-02' WHERE `loan_chattel`.`id` = 1638;
INSERT INTO `loan_chattel` (`id`, `created_at`, `updated_at`, `customer_id`, `type`, `description`, `value_amount`, `expired_at`) VALUES (1638, '2022-01-02 19:11:48.611385', '2022-01-02 19:11:48.611385', 5601, 'copyright', '一些信息', 500000, '2021-09-02');
UPDATE `loan_address` SET `created_at` = '2022-01-02 12:49:46.628385', `updated_at` = '2022-01-02 12:49:46.628385', `province` = '云南省', `city` = '普洱市', `county` = '景谷傣族彝族自治县', `town` = '凤山镇', `detail` = '宝山路56号' WHERE `loan_address`.`id` = 9021;
INSERT INTO `loan_address` (`id`, `created_at`, `updated_at`, `province`, `city`, `county`, `town`, `detail`) VALUES (9021, '2022-01-02 12:49:46.628385', '2022-01-02 12:49:46.628385', '云南省', '普洱市', '景谷傣族彝族自治县', '凤山镇', '宝山路56号');
UPDATE `loan_estate` SET `created_at` = '2022-01-02 12:49:46.628385', `updated_at` = '2022-01-02 12:49:46.628385', `customer_id` = 5601, `address_id` = 9021 WHERE `loan_estate`.`id` = 3333;
INSERT INTO `loan_estate` (`id`, `created_at`, `updated_at`, `customer_id`, `address_id`) VALUES (3333, '2022-01-02 12:49:46.628385', '2022-01-02 12:49:46.628385', 5601, 9021);
UPDATE `loan_car` SET `created_at` = '2022-01-02 22:25:05.052195', `updated_at` = '2022-01-02 22:25:05.052195', `customer_id` = 5601, `model_id` = 285, `vin_number` = '955216717069770534', `date_produced` = '2016-06-26', `value_estimated` = 140000 WHERE `loan_car`.`id` = 4504;
INSERT INTO `loan_car` (`id`, `created_at`, `updated_at`, `customer_id`, `model_id`, `vin_number`, `date_produced`, `value_estimated`) VALUES (4504, '2022-01-02 22:25:05.052195', '2022-01-02 22:25:05.052195', 5601, 285, '955216717069770534', '2016-06-26', 140000);
UPDATE `loan_account` SET `created_at` = '2022-01-02 15:53:32.288000', `updated_at` = '2022-01-02 22:06:59.829801', `customer_id` = 5601, `number` = '269725291898327754', `balance` = 114253 WHERE `loan_account`.`id` = 5126;
INSERT INTO `loan_account` (`id`, `created_at`, `updated_at`, `customer_id`, `number`, `balance`) VALUES (5126, '2022-01-02 15:53:32.288000', '2022-01-02 22:06:59.829801', 5601, '269725291898327754', 114253);
UPDATE `loan_address` SET `created_at` = '2022-01-02 04:32:26.213441', `updated_at` = '2022-01-02 04:32:26.213441', `province` = '新疆维吾尔自治区', `city` = '喀什地区', `county` = '莎车县', `town` = '莎车镇', `detail` = '安波路170号' WHERE `loan_address`.`id` = 9022;
INSERT INTO `loan_address` (`id`, `created_at`, `updated_at`, `province`, `city`, `county`, `town`, `detail`) VALUES (9022, '2022-01-02 04:32:26.213441', '2022-01-02 04:32:26.213441', '新疆维吾尔自治区', '喀什地区', '莎车县', '莎车镇', '安波路170号');
UPDATE `loan_customer` SET `created_at` = '2022-01-02 04:32:26.213441', `updated_at` = '2022-01-02 19:33:42.661021', `name` = '韩翠岚', `id_number` = '652433288403465005', `gender` = 'f', `birthday` = '1983-12-14', `address_id` = 9022, `job_id` = 1854, `salary` = 12000 WHERE `loan_customer`.`id` = 5602;
INSERT INTO `loan_customer` (`id`, `created_at`, `updated_at`, `name`, `id_number`, `gender`, `birthday`, `address_id`, `job_id`, `salary`) VALUES (5602, '2022-01-02 04:32:26.213441', '2022-01-02 19:33:42.661021', '韩翠岚', '652433288403465005', 'f', '1983-12-14', 9022, 1854, 12000);
UPDATE `loan_car` SET `created_at` = '2022-01-02 13:26:26.931646', `updated_at` = '2022-01-02 19:35:45.303607', `customer_id` = 5602, `model_id` = 286, `vin_number` = '702691433935665229', `date_produced` = '2018-06-25', `value_estimated` = 60000 WHERE `loan_car`.`id` = 4505;
INSERT INTO `loan_car` (`id`, `created_at`, `updated_at`, `customer_id`, `model_id`, `vin_number`, `date_produced`, `value_estimated`) VALUES (4505, '2022-01-02 13:26:26.931646', '2022-01-02 19:35:45.303607', 5602, 286, '702691433935665229', '2018-06-25', 60000);
UPDATE `loan_account` SET `created_at` = '2022-01-02 15:53:54.946085', `updated_at` = '2022-01-02 22:05:21.268450', `customer_id` = 5602, `number` = '930365670520751975', `balance` = 31917 WHERE `loan_account`.`id` = 5127;
INSERT INTO `loan_account` (`id`, `created_at`, `updated_at`, `customer_id`, `number`, `balance`) VALUES (5127, '2022-01-02 15:53:54.946085', '2022-01-02 22:05:21.268450', 5602, '930365670520751975', 31917);
UPDATE `loan_address` SET `created_at` = '2022-01-02 02:21:19.952810', `updated_at` = '2022-01-02 02:21:19.952810', `province` = '广西壮族自治区', `city` = '贵港市', `county` = '平南县', `town` = '同和镇', `detail` = '百色路住友嘉馨名园63号' WHERE `loan_address`.`id` = 9023;
INSERT INTO `loan_address` (`id`, `created_at`, `updated_at`, `province`, `city`, `county`, `town`, `detail`) VALUES (9023, '2022-01-02 02:21:19.952810', '2022-01-02 02:21:19.952810', '广西壮族自治区', '贵港市', '平南县', '同和镇', '百色路住友嘉馨名园63号');
UPDATE `loan_customer` SET `created_at` = '2022-01-02 02:21:19.952810', `updated_at` = '2022-01-02 12:49:02.849031', `name` = '郭清逸', `id_number` = '578968746621824901', `gender` = 'm', `birthday` = '2007-08-28', `address_id` = 9023, `job_id` = 1854, `salary` = 75000 WHERE `loan_customer`.`id` = 5603;
INSERT INTO `loan_customer` (`id`, `created_at`, `updated_at`, `name`, `id_number`, `gender`, `birthday`, `address_id`, `job_id`, `salary`) VALUES (5603, '2022-01-02 02:21:19.952810', '2022-01-02 12:49:02.849031', '郭清逸', '578968746621824901', 'm', '2007-08-28', 9023, 1854, 75000);
UPDATE `loan_address` SET `created_at` = '2022-01-02 14:09:07.684280', `updated_at` = '2022-01-02 14:09:07.684280', `province` = '甘肃省', `city` = '陇南市', `county` = '礼县', `town` = '崖城镇', `detail` = '鞍山路住友嘉馨名园123号' WHERE `loan_address`.`id` = 9024;
INSERT INTO `loan_address` (`id`, `created_at`, `updated_at`, `province`, `city`, `county`, `town`, `detail`) VALUES (9024, '2022-01-02 14:09:07.684280', '2022-01-02 14:09:07.684280', '甘肃省', '陇南市', '礼县', '崖城镇', '鞍山路住友嘉馨名园123号');
UPDATE `loan_estate` SET `created_at` = '2022-01-02 14:09:07.684280', `updated_at` = '2022-01-02 14:09:07.684280', `customer_id` = 5603, `address_id` = 9024 WHERE `loan_estate`.`id` = 3334;
INSERT INTO `loan_estate` (`id`, `created_at`, `updated_at`, `customer_id`, `address_id`) VALUES (3334, '2022-01-02 14:09:07.684280', '2022-01-02 14:09:07.684280', 5603, 9024);
UPDATE `loan_address` SET `created_at` = '2022-01-02 10:48:18.635201', `updated_at` = '2022-01-02 10:48:18.635201', `province` = '云南省', `city` = '玉溪市', `county` = '元江哈尼族彝族傣族自治县', `town` = '咪哩乡', `detail` = '白水路金色家园191号' WHERE `loan_address`.`id` = 9025;
INSERT INTO `loan_address` (`id`, `created_at`, `updated_at`, `province`, `city`, `county`, `town`, `detail`) VALUES (9025, '2022-01-02 10:48:18.635201', '2022-01-02 10:48:18.635201', '云南省', '玉溪市', '元江哈尼族彝族傣族自治县', '咪哩乡', '白水路金色家园191号');
UPDATE `loan_estate` SET `created_at` = '2022-01-02 10:48:18.635201', `updated_at` = '2022-01-02 10:48:18.635201', `customer_id` = 5603, `address_id` = 9025 WHERE `loan_estate`.`id` = 3335;
INSERT INTO `loan_estate` (`id`, `created_at`, `updated_at`, `customer_id`, `address_id`) VALUES (3335, '2022-01-02 10:48:18.635201', '2022-01-02 10:48:18.635201', 5603, 9025);
UPDATE `loan_address` SET `created_at` = '2022-01-02 20:12:35.988766', `updated_at` = '2022-01-02 20:12:35.988766', `province` = '山东省', `city` = '菏泽市', `county` = '单县', `town` = '谢集镇', `detail` = '安顺路博泰新苑124号' WHERE `loan_address`.`id` = 9026;
INSERT INTO `loan_address` (`id`, `created_at`, `updated_at`, `province`, `city`, `county`, `town`, `detail`) VALUES (9026, '2022-01-02 20:12:35.988766', '2022-01-02 20:12:35.988766', '山东省', '菏泽市', '单县', '谢集镇', '安顺路博泰新苑124号');
UPDATE `loan_estate` SET `created_at` = '2022-01-02 20:12:35.988766', `updated_at` = '2022-01-02 20:12:35.988766', `customer_id` = 5603, `address_id` = 9026 WHERE `loan_estate`.`id` = 3336;
INSERT INTO `loan_estate` (`id`, `created_at`, `updated_at`, `customer_id`, `address_id`) VALUES (3336, '2022-01-02 20:12:35.988766', '2022-01-02 20:12:35.988766', 5603, 9026);
UPDATE `loan_car` SET `created_at` = '2022-01-02 21:37:57.425163', `updated_at` = '2022-01-02 23:44:37.233953', `customer_id` = 5603, `model_id` = 169, `vin_number` = '598286766821875459', `date_produced` = '2019-09-29', `value_estimated` = 310000 WHERE `loan_car`.`id` = 4506;
INSERT INTO `loan_car` (`id`, `created_at`, `updated_at`, `customer_id`, `model_id`, `vin_number`, `date_produced`, `value_estimated`) VALUES (4506, '2022-01-02 21:37:57.425163', '2022-01-02 23:44:37.233953', 5603, 169, '598286766821875459', '2019-09-29', 310000);
UPDATE `loan_account` SET `created_at` = '2022-01-02 08:12:53.744039', `updated_at` = '2022-01-02 08:12:53.744039', `customer_id` = 5603, `number` = '653103447038854948', `balance` = 34777 WHERE `loan_account`.`id` = 5128;
INSERT INTO `loan_account` (`id`, `created_at`, `updated_at`, `customer_id`, `number`, `balance`) VALUES (5128, '2022-01-02 08:12:53.744039', '2022-01-02 08:12:53.744039', 5603, '653103447038854948', 34777);
UPDATE `loan_address` SET `created_at` = '2022-01-02 22:25:55.818899', `updated_at` = '2022-01-02 22:25:55.818899', `province` = '云南省', `city` = '保山市', `county` = '施甸县', `town` = '摆榔彝族布朗族乡', `detail` = '宝林路爱里舍花园51号' WHERE `loan_address`.`id` = 9027;
INSERT INTO `loan_address` (`id`, `created_at`, `updated_at`, `province`, `city`, `county`, `town`, `detail`) VALUES (9027, '2022-01-02 22:25:55.818899', '2022-01-02 22:25:55.818899', '云南省', '保山市', '施甸县', '摆榔彝族布朗族乡', '宝林路爱里舍花园51号');
UPDATE `loan_customer` SET `created_at` = '2022-01-02 22:25:55.818899', `updated_at` = '2022-01-02 23:49:11.141854', `name` = '白势', `id_number` = '325005475524897320', `gender` = 'f', `birthday` = '1989-06-30', `address_id` = 9027, `job_id` = 1854, `salary` = 33000 WHERE `loan_customer`.`id` = 5604;
INSERT INTO `loan_customer` (`id`, `created_at`, `updated_at`, `name`, `id_number`, `gender`, `birthday`, `address_id`, `job_id`, `salary`) VALUES (5604, '2022-01-02 22:25:55.818899', '2022-01-02 23:49:11.141854', '白势', '325005475524897320', 'f', '1989-06-30', 9027, 1854, 33000);
UPDATE `loan_chattel` SET `created_at` = '2022-01-02 23:09:55.053403', `updated_at` = '2022-01-02 23:09:55.053403', `customer_id` = 5604, `type` = 'trademark', `description` = '一些信息', `value_amount` = 20000, `expired_at` = '2028-06-30' WHERE `loan_chattel`.`id` = 1639;
INSERT INTO `loan_chattel` (`id`, `created_at`, `updated_at`, `customer_id`, `type`, `description`, `value_amount`, `expired_at`) VALUES (1639, '2022-01-02 23:09:55.053403', '2022-01-02 23:09:55.053403', 5604, 'trademark', '一些信息', 20000, '2028-06-30');
UPDATE `loan_address` SET `created_at` = '2022-01-02 22:26:16.467420', `updated_at` = '2022-01-02 22:26:16.467420', `province` = '广西壮族自治区', `city` = '玉林市', `county` = '北流市', `town` = '山围镇', `detail` = '白城南路111号' WHERE `loan_address`.`id` = 9028;
INSERT INTO `loan_address` (`id`, `created_at`, `updated_at`, `province`, `city`, `county`, `town`, `detail`) VALUES (9028, '2022-01-02 22:26:16.467420', '2022-01-02 22:26:16.467420', '广西壮族自治区', '玉林市', '北流市', '山围镇', '白城南路111号');
UPDATE `loan_estate` SET `created_at` = '2022-01-02 22:26:16.467420', `updated_at` = '2022-01-02 22:26:16.467420', `customer_id` = 5604, `address_id` = 9028 WHERE `loan_estate`.`id` = 3337;
INSERT INTO `loan_estate` (`id`, `created_at`, `updated_at`, `customer_id`, `address_id`) VALUES (3337, '2022-01-02 22:26:16.467420', '2022-01-02 22:26:16.467420', 5604, 9028);
UPDATE `loan_account` SET `created_at` = '2022-01-02 23:33:08.879166', `updated_at` = '2022-01-02 23:40:53.860313', `customer_id` = 5604, `number` = '652983284709191304', `balance` = 4835 WHERE `loan_account`.`id` = 5129;
INSERT INTO `loan_account` (`id`, `created_at`, `updated_at`, `customer_id`, `number`, `balance`) VALUES (5129, '2022-01-02 23:33:08.879166', '2022-01-02 23:40:53.860313', 5604, '652983284709191304', 4835);
UPDATE `loan_address` SET `created_at` = '2022-01-02 23:39:30.322566', `updated_at` = '2022-01-02 23:39:30.322566', `province` = '甘肃省', `city` = '平凉市', `county` = '泾川县', `town` = '温泉经济开发区', `detail` = '宝杨路住友嘉馨名园148号' WHERE `loan_address`.`id` = 9029;
INSERT INTO `loan_address` (`id`, `created_at`, `updated_at`, `province`, `city`, `county`, `town`, `detail`) VALUES (9029, '2022-01-02 23:39:30.322566', '2022-01-02 23:39:30.322566', '甘肃省', '平凉市', '泾川县', '温泉经济开发区', '宝杨路住友嘉馨名园148号');
UPDATE `loan_customer` SET `created_at` = '2022-01-02 23:39:30.322566', `updated_at` = '2022-01-02 23:57:21.001209', `name` = '宋娜', `id_number` = '659761782187721669', `gender` = 'f', `birthday` = '1995-02-27', `address_id` = 9029, `job_id` = 1855, `salary` = 24000 WHERE `loan_customer`.`id` = 5605;
INSERT INTO `loan_customer` (`id`, `created_at`, `updated_at`, `name`, `id_number`, `gender`, `birthday`, `address_id`, `job_id`, `salary`) VALUES (5605, '2022-01-02 23:39:30.322566', '2022-01-02 23:57:21.001209', '宋娜', '659761782187721669', 'f', '1995-02-27', 9029, 1855, 24000);
UPDATE `loan_address` SET `created_at` = '2022-01-02 23:58:35.331420', `updated_at` = '2022-01-02 23:58:35.331420', `province` = '辽宁省', `city` = '铁岭市', `county` = '昌图县', `town` = '太平镇', `detail` = '北艾路金色家园79号' WHERE `loan_address`.`id` = 9030;
INSERT INTO `loan_address` (`id`, `created_at`, `updated_at`, `province`, `city`, `county`, `town`, `detail`) VALUES (9030, '2022-01-02 23:58:35.331420', '2022-01-02 23:58:35.331420', '辽宁省', '铁岭市', '昌图县', '太平镇', '北艾路金色家园79号');
UPDATE `loan_estate` SET `created_at` = '2022-01-02 23:58:35.331420', `updated_at` = '2022-01-02 23:58:35.331420', `customer_id` = 5605, `address_id` = 9030 WHERE `loan_estate`.`id` = 3338;
INSERT INTO `loan_estate` (`id`, `created_at`, `updated_at`, `customer_id`, `address_id`) VALUES (3338, '2022-01-02 23:58:35.331420', '2022-01-02 23:58:35.331420', 5605, 9030);
UPDATE `loan_account` SET `created_at` = '2022-01-02 23:41:24.476588', `updated_at` = '2022-01-02 23:52:01.809715', `customer_id` = 5605, `number` = '054947450091533753', `balance` = 39223 WHERE `loan_account`.`id` = 5130;
INSERT INTO `loan_account` (`id`, `created_at`, `updated_at`, `customer_id`, `number`, `balance`) VALUES (5130, '2022-01-02 23:41:24.476588', '2022-01-02 23:52:01.809715', 5605, '054947450091533753', 39223);
UPDATE `loan_address` SET `created_at` = '2022-01-02 07:56:23.905087', `updated_at` = '2022-01-02 07:56:23.905087', `province` = '黑龙江省', `city` = '伊春市', `county` = '新青区', `town` = '乌拉嘎经营所', `detail` = '白兰路100号' WHERE `loan_address`.`id` = 9031;
INSERT INTO `loan_address` (`id`, `created_at`, `updated_at`, `province`, `city`, `county`, `town`, `detail`) VALUES (9031, '2022-01-02 07:56:23.905087', '2022-01-02 07:56:23.905087', '黑龙江省', '伊春市', '新青区', '乌拉嘎经营所', '白兰路100号');
UPDATE `loan_customer` SET `created_at` = '2022-01-02 07:56:23.905087', `updated_at` = '2022-01-02 21:00:49.932747', `name` = '袁鹏', `id_number` = '468365025483081235', `gender` = 'm', `birthday` = '1990-09-25', `address_id` = 9031, `job_id` = 1856, `salary` = 11000 WHERE `loan_customer`.`id` = 5606;
INSERT INTO `loan_customer` (`id`, `created_at`, `updated_at`, `name`, `id_number`, `gender`, `birthday`, `address_id`, `job_id`, `salary`) VALUES (5606, '2022-01-02 07:56:23.905087', '2022-01-02 21:00:49.932747', '袁鹏', '468365025483081235', 'm', '1990-09-25', 9031, 1856, 11000);
UPDATE `loan_address` SET `created_at` = '2022-01-02 17:57:54.823487', `updated_at` = '2022-01-02 17:57:54.823487', `province` = '安徽省', `city` = '安庆市', `county` = '桐城市', `town` = '桐城双新经济开发区', `detail` = '包头南路爱里舍花园52号' WHERE `loan_address`.`id` = 9032;
INSERT INTO `loan_address` (`id`, `created_at`, `updated_at`, `province`, `city`, `county`, `town`, `detail`) VALUES (9032, '2022-01-02 17:57:54.823487', '2022-01-02 17:57:54.823487', '安徽省', '安庆市', '桐城市', '桐城双新经济开发区', '包头南路爱里舍花园52号');
UPDATE `loan_estate` SET `created_at` = '2022-01-02 17:57:54.823487', `updated_at` = '2022-01-02 17:57:54.823487', `customer_id` = 5606, `address_id` = 9032 WHERE `loan_estate`.`id` = 3339;
INSERT INTO `loan_estate` (`id`, `created_at`, `updated_at`, `customer_id`, `address_id`) VALUES (3339, '2022-01-02 17:57:54.823487', '2022-01-02 17:57:54.823487', 5606, 9032);
UPDATE `loan_account` SET `created_at` = '2022-01-02 12:44:06.222052', `updated_at` = '2022-01-02 12:44:06.222052', `customer_id` = 5606, `number` = '399080821886433059', `balance` = 30501 WHERE `loan_account`.`id` = 5131;
INSERT INTO `loan_account` (`id`, `created_at`, `updated_at`, `customer_id`, `number`, `balance`) VALUES (5131, '2022-01-02 12:44:06.222052', '2022-01-02 12:44:06.222052', 5606, '399080821886433059', 30501);
UPDATE `loan_address` SET `created_at` = '2022-01-02 12:10:55.149408', `updated_at` = '2022-01-02 12:10:55.149408', `province` = '广西壮族自治区', `city` = '桂林市', `county` = '全州县', `town` = '蕉江瑶族乡', `detail` = '安波路39号' WHERE `loan_address`.`id` = 9033;
INSERT INTO `loan_address` (`id`, `created_at`, `updated_at`, `province`, `city`, `county`, `town`, `detail`) VALUES (9033, '2022-01-02 12:10:55.149408', '2022-01-02 12:10:55.149408', '广西壮族自治区', '桂林市', '全州县', '蕉江瑶族乡', '安波路39号');
UPDATE `loan_customer` SET `created_at` = '2022-01-02 12:10:55.149408', `updated_at` = '2022-01-02 15:41:11.021919', `name` = '于康时', `id_number` = '507273554978699849', `gender` = 'm', `birthday` = '1984-05-28', `address_id` = 9033, `job_id` = 1856, `salary` = 36000 WHERE `loan_customer`.`id` = 5607;
INSERT INTO `loan_customer` (`id`, `created_at`, `updated_at`, `name`, `id_number`, `gender`, `birthday`, `address_id`, `job_id`, `salary`) VALUES (5607, '2022-01-02 12:10:55.149408', '2022-01-02 15:41:11.021919', '于康时', '507273554978699849', 'm', '1984-05-28', 9033, 1856, 36000);
UPDATE `loan_address` SET `created_at` = '2022-01-02 22:13:59.827779', `updated_at` = '2022-01-02 22:13:59.827779', `province` = '广西壮族自治区', `city` = '桂林市', `county` = '阳朔县', `town` = '福利镇', `detail` = '百色路溢盈河畔别墅80号' WHERE `loan_address`.`id` = 9034;
INSERT INTO `loan_address` (`id`, `created_at`, `updated_at`, `province`, `city`, `county`, `town`, `detail`) VALUES (9034, '2022-01-02 22:13:59.827779', '2022-01-02 22:13:59.827779', '广西壮族自治区', '桂林市', '阳朔县', '福利镇', '百色路溢盈河畔别墅80号');
UPDATE `loan_estate` SET `created_at` = '2022-01-02 22:13:59.827779', `updated_at` = '2022-01-02 22:13:59.827779', `customer_id` = 5607, `address_id` = 9034 WHERE `loan_estate`.`id` = 3340;
INSERT INTO `loan_estate` (`id`, `created_at`, `updated_at`, `customer_id`, `address_id`) VALUES (3340, '2022-01-02 22:13:59.827779', '2022-01-02 22:13:59.827779', 5607, 9034);
UPDATE `loan_car` SET `created_at` = '2022-01-02 19:35:58.186620', `updated_at` = '2022-01-02 19:35:58.186620', `customer_id` = 5607, `model_id` = 193, `vin_number` = '160265286891202290', `date_produced` = '2013-06-28', `value_estimated` = 510000 WHERE `loan_car`.`id` = 4507;
INSERT INTO `loan_car` (`id`, `created_at`, `updated_at`, `customer_id`, `model_id`, `vin_number`, `date_produced`, `value_estimated`) VALUES (4507, '2022-01-02 19:35:58.186620', '2022-01-02 19:35:58.186620', 5607, 193, '160265286891202290', '2013-06-28', 510000);
UPDATE `loan_account` SET `created_at` = '2022-01-02 17:01:59.314991', `updated_at` = '2022-01-02 17:01:59.314991', `customer_id` = 5607, `number` = '111299240971566108', `balance` = 49213 WHERE `loan_account`.`id` = 5132;
INSERT INTO `loan_account` (`id`, `created_at`, `updated_at`, `customer_id`, `number`, `balance`) VALUES (5132, '2022-01-02 17:01:59.314991', '2022-01-02 17:01:59.314991', 5607, '111299240971566108', 49213);
UPDATE `loan_address` SET `created_at` = '2022-01-02 02:19:34.413792', `updated_at` = '2022-01-02 02:19:34.413792', `province` = '河南省', `city` = '洛阳市', `county` = '西工区', `town` = '王城路街道办事处', `detail` = '宝林路和亭佳苑68号' WHERE `loan_address`.`id` = 9035;
INSERT INTO `loan_address` (`id`, `created_at`, `updated_at`, `province`, `city`, `county`, `town`, `detail`) VALUES (9035, '2022-01-02 02:19:34.413792', '2022-01-02 02:19:34.413792', '河南省', '洛阳市', '西工区', '王城路街道办事处', '宝林路和亭佳苑68号');
UPDATE `loan_customer` SET `created_at` = '2022-01-02 02:19:34.413792', `updated_at` = '2022-01-02 02:19:34.413792', `name` = '廖英勋', `id_number` = '799288047275781328', `gender` = 'm', `birthday` = '2000-02-21', `address_id` = 9035, `job_id` = 1857, `salary` = 57000 WHERE `loan_customer`.`id` = 5608;
INSERT INTO `loan_customer` (`id`, `created_at`, `updated_at`, `name`, `id_number`, `gender`, `birthday`, `address_id`, `job_id`, `salary`) VALUES (5608, '2022-01-02 02:19:34.413792', '2022-01-02 02:19:34.413792', '廖英勋', '799288047275781328', 'm', '2000-02-21', 9035, 1857, 57000);
UPDATE `loan_car` SET `created_at` = '2022-01-02 22:04:03.676356', `updated_at` = '2022-01-02 22:04:03.676356', `customer_id` = 5608, `model_id` = 301, `vin_number` = '111822957739022328', `date_produced` = '2016-01-17', `value_estimated` = 430000 WHERE `loan_car`.`id` = 4508;
INSERT INTO `loan_car` (`id`, `created_at`, `updated_at`, `customer_id`, `model_id`, `vin_number`, `date_produced`, `value_estimated`) VALUES (4508, '2022-01-02 22:04:03.676356', '2022-01-02 22:04:03.676356', 5608, 301, '111822957739022328', '2016-01-17', 430000);
UPDATE `loan_car` SET `created_at` = '2022-01-02 20:27:49.926311', `updated_at` = '2022-01-02 23:25:27.951130', `customer_id` = 5608, `model_id` = 112, `vin_number` = '499624867262490563', `date_produced` = '2014-04-05', `value_estimated` = 90000 WHERE `loan_car`.`id` = 4509;
INSERT INTO `loan_car` (`id`, `created_at`, `updated_at`, `customer_id`, `model_id`, `vin_number`, `date_produced`, `value_estimated`) VALUES (4509, '2022-01-02 20:27:49.926311', '2022-01-02 23:25:27.951130', 5608, 112, '499624867262490563', '2014-04-05', 90000);
UPDATE `loan_account` SET `created_at` = '2022-01-02 15:45:53.809925', `updated_at` = '2022-01-02 15:45:53.809925', `customer_id` = 5608, `number` = '393076284476155729', `balance` = 151202 WHERE `loan_account`.`id` = 5133;
INSERT INTO `loan_account` (`id`, `created_at`, `updated_at`, `customer_id`, `number`, `balance`) VALUES (5133, '2022-01-02 15:45:53.809925', '2022-01-02 15:45:53.809925', 5608, '393076284476155729', 151202);
UPDATE `loan_address` SET `created_at` = '2022-01-02 14:57:43.933187', `updated_at` = '2022-01-02 14:57:43.933187', `province` = '广西壮族自治区', `city` = '河池市', `county` = '凤山县', `town` = '凤城镇', `detail` = '安边路162号' WHERE `loan_address`.`id` = 9036;
INSERT INTO `loan_address` (`id`, `created_at`, `updated_at`, `province`, `city`, `county`, `town`, `detail`) VALUES (9036, '2022-01-02 14:57:43.933187', '2022-01-02 14:57:43.933187', '广西壮族自治区', '河池市', '凤山县', '凤城镇', '安边路162号');
UPDATE `loan_customer` SET `created_at` = '2022-01-02 14:57:43.933187', `updated_at` = '2022-01-02 14:57:43.933187', `name` = '方琦', `id_number` = '316758327454502198', `gender` = 'f', `birthday` = '2001-05-01', `address_id` = 9036, `job_id` = 1857, `salary` = 20000 WHERE `loan_customer`.`id` = 5609;
INSERT INTO `loan_customer` (`id`, `created_at`, `updated_at`, `name`, `id_number`, `gender`, `birthday`, `address_id`, `job_id`, `salary`) VALUES (5609, '2022-01-02 14:57:43.933187', '2022-01-02 14:57:43.933187', '方琦', '316758327454502198', 'f', '2001-05-01', 9036, 1857, 20000);
UPDATE `loan_car` SET `created_at` = '2022-01-02 15:13:40.032654', `updated_at` = '2022-01-02 18:22:59.840347', `customer_id` = 5609, `model_id` = 203, `vin_number` = '563964690981552148', `date_produced` = '2019-09-20', `value_estimated` = 140000 WHERE `loan_car`.`id` = 4510;
INSERT INTO `loan_car` (`id`, `created_at`, `updated_at`, `customer_id`, `model_id`, `vin_number`, `date_produced`, `value_estimated`) VALUES (4510, '2022-01-02 15:13:40.032654', '2022-01-02 18:22:59.840347', 5609, 203, '563964690981552148', '2019-09-20', 140000);
UPDATE `loan_account` SET `created_at` = '2022-01-02 23:46:06.116819', `updated_at` = '2022-01-02 23:58:39.565001', `customer_id` = 5609, `number` = '969429416706213277', `balance` = 64144 WHERE `loan_account`.`id` = 5134;
INSERT INTO `loan_account` (`id`, `created_at`, `updated_at`, `customer_id`, `number`, `balance`) VALUES (5134, '2022-01-02 23:46:06.116819', '2022-01-02 23:58:39.565001', 5609, '969429416706213277', 64144);
UPDATE `loan_address` SET `created_at` = '2022-01-02 18:57:21.559475', `updated_at` = '2022-01-02 18:57:21.559475', `province` = '辽宁省', `city` = '鞍山市', `county` = '海城市', `town` = '响堂街道办事处', `detail` = '保定路35号' WHERE `loan_address`.`id` = 9037;
INSERT INTO `loan_address` (`id`, `created_at`, `updated_at`, `province`, `city`, `county`, `town`, `detail`) VALUES (9037, '2022-01-02 18:57:21.559475', '2022-01-02 18:57:21.559475', '辽宁省', '鞍山市', '海城市', '响堂街道办事处', '保定路35号');
UPDATE `loan_customer` SET `created_at` = '2022-01-02 18:57:21.559475', `updated_at` = '2022-01-02 21:00:59.625580', `name` = '汤安荷', `id_number` = '944297091385429524', `gender` = 'm', `birthday` = '1983-09-24', `address_id` = 9037, `job_id` = 1858, `salary` = 22000 WHERE `loan_customer`.`id` = 5610;
INSERT INTO `loan_customer` (`id`, `created_at`, `updated_at`, `name`, `id_number`, `gender`, `birthday`, `address_id`, `job_id`, `salary`) VALUES (5610, '2022-01-02 18:57:21.559475', '2022-01-02 21:00:59.625580', '汤安荷', '944297091385429524', 'm', '1983-09-24', 9037, 1858, 22000);
UPDATE `loan_car` SET `created_at` = '2022-01-02 19:32:15.176156', `updated_at` = '2022-01-02 19:32:15.176156', `customer_id` = 5610, `model_id` = 276, `vin_number` = '783650702444500368', `date_produced` = '2018-08-11', `value_estimated` = 160000 WHERE `loan_car`.`id` = 4511;
INSERT INTO `loan_car` (`id`, `created_at`, `updated_at`, `customer_id`, `model_id`, `vin_number`, `date_produced`, `value_estimated`) VALUES (4511, '2022-01-02 19:32:15.176156', '2022-01-02 19:32:15.176156', 5610, 276, '783650702444500368', '2018-08-11', 160000);
UPDATE `loan_account` SET `created_at` = '2022-01-02 20:37:32.608519', `updated_at` = '2022-01-02 23:50:09.953153', `customer_id` = 5610, `number` = '190456709910795411', `balance` = 91673 WHERE `loan_account`.`id` = 5135;
INSERT INTO `loan_account` (`id`, `created_at`, `updated_at`, `customer_id`, `number`, `balance`) VALUES (5135, '2022-01-02 20:37:32.608519', '2022-01-02 23:50:09.953153', 5610, '190456709910795411', 91673);
UPDATE `loan_address` SET `created_at` = '2022-01-02 23:57:26.579744', `updated_at` = '2022-01-02 23:57:26.579744', `province` = '河北省', `city` = '承德市', `county` = '平泉市', `town` = '茅兰沟满族蒙古族乡', `detail` = '安福路198号' WHERE `loan_address`.`id` = 9038;
INSERT INTO `loan_address` (`id`, `created_at`, `updated_at`, `province`, `city`, `county`, `town`, `detail`) VALUES (9038, '2022-01-02 23:57:26.579744', '2022-01-02 23:57:26.579744', '河北省', '承德市', '平泉市', '茅兰沟满族蒙古族乡', '安福路198号');
UPDATE `loan_customer` SET `created_at` = '2022-01-02 23:57:26.579744', `updated_at` = '2022-01-02 23:58:30.978881', `name` = '罗妆', `id_number` = '590631423043024669', `gender` = 'f', `birthday` = '1992-04-30', `address_id` = 9038, `job_id` = 1858, `salary` = 35000 WHERE `loan_customer`.`id` = 5611;
INSERT INTO `loan_customer` (`id`, `created_at`, `updated_at`, `name`, `id_number`, `gender`, `birthday`, `address_id`, `job_id`, `salary`) VALUES (5611, '2022-01-02 23:57:26.579744', '2022-01-02 23:58:30.978881', '罗妆', '590631423043024669', 'f', '1992-04-30', 9038, 1858, 35000);
UPDATE `loan_address` SET `created_at` = '2022-01-02 23:58:24.111852', `updated_at` = '2022-01-02 23:58:24.111852', `province` = '四川省', `city` = '甘孜藏族自治州', `county` = '甘孜县', `town` = '茶扎乡', `detail` = '宝林路186号' WHERE `loan_address`.`id` = 9039;
INSERT INTO `loan_address` (`id`, `created_at`, `updated_at`, `province`, `city`, `county`, `town`, `detail`) VALUES (9039, '2022-01-02 23:58:24.111852', '2022-01-02 23:58:24.111852', '四川省', '甘孜藏族自治州', '甘孜县', '茶扎乡', '宝林路186号');
UPDATE `loan_estate` SET `created_at` = '2022-01-02 23:58:24.111852', `updated_at` = '2022-01-02 23:58:24.111852', `customer_id` = 5611, `address_id` = 9039 WHERE `loan_estate`.`id` = 3341;
INSERT INTO `loan_estate` (`id`, `created_at`, `updated_at`, `customer_id`, `address_id`) VALUES (3341, '2022-01-02 23:58:24.111852', '2022-01-02 23:58:24.111852', 5611, 9039);
UPDATE `loan_account` SET `created_at` = '2022-01-02 23:57:41.875165', `updated_at` = '2022-01-02 23:59:22.689094', `customer_id` = 5611, `number` = '167342422365349034', `balance` = 0 WHERE `loan_account`.`id` = 5136;
INSERT INTO `loan_account` (`id`, `created_at`, `updated_at`, `customer_id`, `number`, `balance`) VALUES (5136, '2022-01-02 23:57:41.875165', '2022-01-02 23:59:22.689094', 5611, '167342422365349034', 0);
UPDATE `loan_address` SET `created_at` = '2022-01-02 18:28:17.099319', `updated_at` = '2022-01-02 18:28:17.099319', `province` = '陕西省', `city` = '延安市', `county` = '延川县', `town` = '永坪镇', `detail` = '安边路109号' WHERE `loan_address`.`id` = 9040;
INSERT INTO `loan_address` (`id`, `created_at`, `updated_at`, `province`, `city`, `county`, `town`, `detail`) VALUES (9040, '2022-01-02 18:28:17.099319', '2022-01-02 18:28:17.099319', '陕西省', '延安市', '延川县', '永坪镇', '安边路109号');
UPDATE `loan_customer` SET `created_at` = '2022-01-02 18:28:17.099319', `updated_at` = '2022-01-02 20:52:16.664424', `name` = '汪清妍', `id_number` = '395998561545975829', `gender` = 'm', `birthday` = '1981-04-06', `address_id` = 9040, `job_id` = 1858, `salary` = 32000 WHERE `loan_customer`.`id` = 5612;
INSERT INTO `loan_customer` (`id`, `created_at`, `updated_at`, `name`, `id_number`, `gender`, `birthday`, `address_id`, `job_id`, `salary`) VALUES (5612, '2022-01-02 18:28:17.099319', '2022-01-02 20:52:16.664424', '汪清妍', '395998561545975829', 'm', '1981-04-06', 9040, 1858, 32000);
UPDATE `loan_car` SET `created_at` = '2022-01-02 23:20:06.060638', `updated_at` = '2022-01-02 23:29:10.897639', `customer_id` = 5612, `model_id` = 78, `vin_number` = '219055332156887005', `date_produced` = '2013-02-20', `value_estimated` = 70000 WHERE `loan_car`.`id` = 4512;
INSERT INTO `loan_car` (`id`, `created_at`, `updated_at`, `customer_id`, `model_id`, `vin_number`, `date_produced`, `value_estimated`) VALUES (4512, '2022-01-02 23:20:06.060638', '2022-01-02 23:29:10.897639', 5612, 78, '219055332156887005', '2013-02-20', 70000);
UPDATE `loan_address` SET `created_at` = '2022-01-02 12:05:35.695523', `updated_at` = '2022-01-02 12:05:35.695523', `province` = '湖北省', `city` = '十堰市', `county` = '丹江口市', `town` = '石鼓镇', `detail` = '宝林路38号' WHERE `loan_address`.`id` = 9041;
INSERT INTO `loan_address` (`id`, `created_at`, `updated_at`, `province`, `city`, `county`, `town`, `detail`) VALUES (9041, '2022-01-02 12:05:35.695523', '2022-01-02 12:05:35.695523', '湖北省', '十堰市', '丹江口市', '石鼓镇', '宝林路38号');
UPDATE `loan_customer` SET `created_at` = '2022-01-02 12:05:35.695523', `updated_at` = '2022-01-02 18:08:07.041754', `name` = '乔德华', `id_number` = '379388626365828175', `gender` = 'f', `birthday` = '2000-10-17', `address_id` = 9041, `job_id` = 1858, `salary` = 53000 WHERE `loan_customer`.`id` = 5613;
INSERT INTO `loan_customer` (`id`, `created_at`, `updated_at`, `name`, `id_number`, `gender`, `birthday`, `address_id`, `job_id`, `salary`) VALUES (5613, '2022-01-02 12:05:35.695523', '2022-01-02 18:08:07.041754', '乔德华', '379388626365828175', 'f', '2000-10-17', 9041, 1858, 53000);
UPDATE `loan_car` SET `created_at` = '2022-01-02 14:53:52.289692', `updated_at` = '2022-01-02 14:53:52.289692', `customer_id` = 5613, `model_id` = 58, `vin_number` = '833333650967570743', `date_produced` = '2018-08-21', `value_estimated` = 290000 WHERE `loan_car`.`id` = 4513;
INSERT INTO `loan_car` (`id`, `created_at`, `updated_at`, `customer_id`, `model_id`, `vin_number`, `date_produced`, `value_estimated`) VALUES (4513, '2022-01-02 14:53:52.289692', '2022-01-02 14:53:52.289692', 5613, 58, '833333650967570743', '2018-08-21', 290000);
UPDATE `loan_car` SET `created_at` = '2022-01-02 19:44:17.443690', `updated_at` = '2022-01-02 23:31:44.981649', `customer_id` = 5613, `model_id` = 271, `vin_number` = '728385829728400201', `date_produced` = '2010-05-05', `value_estimated` = 240000 WHERE `loan_car`.`id` = 4514;
INSERT INTO `loan_car` (`id`, `created_at`, `updated_at`, `customer_id`, `model_id`, `vin_number`, `date_produced`, `value_estimated`) VALUES (4514, '2022-01-02 19:44:17.443690', '2022-01-02 23:31:44.981649', 5613, 271, '728385829728400201', '2010-05-05', 240000);
UPDATE `loan_account` SET `created_at` = '2022-01-02 12:56:14.635015', `updated_at` = '2022-01-02 12:56:14.635015', `customer_id` = 5613, `number` = '379786635924238747', `balance` = 107741 WHERE `loan_account`.`id` = 5137;
INSERT INTO `loan_account` (`id`, `created_at`, `updated_at`, `customer_id`, `number`, `balance`) VALUES (5137, '2022-01-02 12:56:14.635015', '2022-01-02 12:56:14.635015', 5613, '379786635924238747', 107741);
UPDATE `loan_address` SET `created_at` = '2022-01-02 14:00:24.925961', `updated_at` = '2022-01-02 14:00:24.925961', `province` = '黑龙江省', `city` = '伊春市', `county` = '带岭区', `town` = '环山林场', `detail` = '保定路3号' WHERE `loan_address`.`id` = 9042;
INSERT INTO `loan_address` (`id`, `created_at`, `updated_at`, `province`, `city`, `county`, `town`, `detail`) VALUES (9042, '2022-01-02 14:00:24.925961', '2022-01-02 14:00:24.925961', '黑龙江省', '伊春市', '带岭区', '环山林场', '保定路3号');
UPDATE `loan_customer` SET `created_at` = '2022-01-02 14:00:24.925961', `updated_at` = '2022-01-02 14:00:24.925961', `name` = '吕阳炎', `id_number` = '428157331169506147', `gender` = 'f', `birthday` = '2008-01-12', `address_id` = 9042, `job_id` = 1859, `salary` = 28000 WHERE `loan_customer`.`id` = 5614;
INSERT INTO `loan_customer` (`id`, `created_at`, `updated_at`, `name`, `id_number`, `gender`, `birthday`, `address_id`, `job_id`, `salary`) VALUES (5614, '2022-01-02 14:00:24.925961', '2022-01-02 14:00:24.925961', '吕阳炎', '428157331169506147', 'f', '2008-01-12', 9042, 1859, 28000);
UPDATE `loan_chattel` SET `created_at` = '2022-01-02 14:58:29.809487', `updated_at` = '2022-01-02 15:28:52.578315', `customer_id` = 5614, `type` = 'draft', `description` = '一些信息', `value_amount` = 20000, `expired_at` = '2020-05-22' WHERE `loan_chattel`.`id` = 1640;
INSERT INTO `loan_chattel` (`id`, `created_at`, `updated_at`, `customer_id`, `type`, `description`, `value_amount`, `expired_at`) VALUES (1640, '2022-01-02 14:58:29.809487', '2022-01-02 15:28:52.578315', 5614, 'draft', '一些信息', 20000, '2020-05-22');
UPDATE `loan_car` SET `created_at` = '2022-01-02 15:40:29.310570', `updated_at` = '2022-01-02 22:08:49.784674', `customer_id` = 5614, `model_id` = 99, `vin_number` = '075137698507742030', `date_produced` = '2020-06-16', `value_estimated` = 100000 WHERE `loan_car`.`id` = 4515;
INSERT INTO `loan_car` (`id`, `created_at`, `updated_at`, `customer_id`, `model_id`, `vin_number`, `date_produced`, `value_estimated`) VALUES (4515, '2022-01-02 15:40:29.310570', '2022-01-02 22:08:49.784674', 5614, 99, '075137698507742030', '2020-06-16', 100000);
UPDATE `loan_account` SET `created_at` = '2022-01-02 15:53:57.839885', `updated_at` = '2022-01-02 18:58:17.002121', `customer_id` = 5614, `number` = '874483474123217221', `balance` = 121241 WHERE `loan_account`.`id` = 5138;
INSERT INTO `loan_account` (`id`, `created_at`, `updated_at`, `customer_id`, `number`, `balance`) VALUES (5138, '2022-01-02 15:53:57.839885', '2022-01-02 18:58:17.002121', 5614, '874483474123217221', 121241);
UPDATE `loan_address` SET `created_at` = '2022-01-02 13:33:52.733741', `updated_at` = '2022-01-02 13:33:52.733741', `province` = '浙江省', `city` = '丽水市', `county` = '庆元县', `town` = '贤良镇', `detail` = '半淞园路192号' WHERE `loan_address`.`id` = 9043;
INSERT INTO `loan_address` (`id`, `created_at`, `updated_at`, `province`, `city`, `county`, `town`, `detail`) VALUES (9043, '2022-01-02 13:33:52.733741', '2022-01-02 13:33:52.733741', '浙江省', '丽水市', '庆元县', '贤良镇', '半淞园路192号');
UPDATE `loan_customer` SET `created_at` = '2022-01-02 13:33:52.733741', `updated_at` = '2022-01-02 19:31:46.131827', `name` = '曹星阑', `id_number` = '290672095977434032', `gender` = 'm', `birthday` = '2003-11-17', `address_id` = 9043, `job_id` = 1859, `salary` = 5000 WHERE `loan_customer`.`id` = 5615;
INSERT INTO `loan_customer` (`id`, `created_at`, `updated_at`, `name`, `id_number`, `gender`, `birthday`, `address_id`, `job_id`, `salary`) VALUES (5615, '2022-01-02 13:33:52.733741', '2022-01-02 19:31:46.131827', '曹星阑', '290672095977434032', 'm', '2003-11-17', 9043, 1859, 5000);
UPDATE `loan_address` SET `created_at` = '2022-01-02 19:03:59.766365', `updated_at` = '2022-01-02 19:03:59.766365', `province` = '江西省', `city` = '吉安市', `county` = '井冈山市', `town` = '鹅岭乡', `detail` = '宝昌路136号' WHERE `loan_address`.`id` = 9044;
INSERT INTO `loan_address` (`id`, `created_at`, `updated_at`, `province`, `city`, `county`, `town`, `detail`) VALUES (9044, '2022-01-02 19:03:59.766365', '2022-01-02 19:03:59.766365', '江西省', '吉安市', '井冈山市', '鹅岭乡', '宝昌路136号');
UPDATE `loan_estate` SET `created_at` = '2022-01-02 19:03:59.766365', `updated_at` = '2022-01-02 19:03:59.766365', `customer_id` = 5615, `address_id` = 9044 WHERE `loan_estate`.`id` = 3342;
INSERT INTO `loan_estate` (`id`, `created_at`, `updated_at`, `customer_id`, `address_id`) VALUES (3342, '2022-01-02 19:03:59.766365', '2022-01-02 19:03:59.766365', 5615, 9044);
UPDATE `loan_account` SET `created_at` = '2022-01-02 20:28:51.993347', `updated_at` = '2022-01-02 21:42:53.560847', `customer_id` = 5615, `number` = '719172505140411377', `balance` = 85844 WHERE `loan_account`.`id` = 5139;
INSERT INTO `loan_account` (`id`, `created_at`, `updated_at`, `customer_id`, `number`, `balance`) VALUES (5139, '2022-01-02 20:28:51.993347', '2022-01-02 21:42:53.560847', 5615, '719172505140411377', 85844);
UPDATE `loan_address` SET `created_at` = '2022-01-02 01:55:32.865058', `updated_at` = '2022-01-02 01:55:32.865058', `province` = '云南省', `city` = '普洱市', `county` = '景谷傣族彝族自治县', `town` = '凤山镇', `detail` = '宝昌路40号' WHERE `loan_address`.`id` = 9045;
INSERT INTO `loan_address` (`id`, `created_at`, `updated_at`, `province`, `city`, `county`, `town`, `detail`) VALUES (9045, '2022-01-02 01:55:32.865058', '2022-01-02 01:55:32.865058', '云南省', '普洱市', '景谷傣族彝族自治县', '凤山镇', '宝昌路40号');
UPDATE `loan_customer` SET `created_at` = '2022-01-02 01:55:32.865058', `updated_at` = '2022-01-02 19:15:58.653467', `name` = '贾影', `id_number` = '846499183066731492', `gender` = 'f', `birthday` = '2007-04-05', `address_id` = 9045, `job_id` = 1859, `salary` = 42000 WHERE `loan_customer`.`id` = 5616;
INSERT INTO `loan_customer` (`id`, `created_at`, `updated_at`, `name`, `id_number`, `gender`, `birthday`, `address_id`, `job_id`, `salary`) VALUES (5616, '2022-01-02 01:55:32.865058', '2022-01-02 19:15:58.653467', '贾影', '846499183066731492', 'f', '2007-04-05', 9045, 1859, 42000);
UPDATE `loan_car` SET `created_at` = '2022-01-02 03:55:23.407438', `updated_at` = '2022-01-02 18:43:04.288775', `customer_id` = 5616, `model_id` = 258, `vin_number` = '460583886400166476', `date_produced` = '2012-03-26', `value_estimated` = 30000 WHERE `loan_car`.`id` = 4516;
INSERT INTO `loan_car` (`id`, `created_at`, `updated_at`, `customer_id`, `model_id`, `vin_number`, `date_produced`, `value_estimated`) VALUES (4516, '2022-01-02 03:55:23.407438', '2022-01-02 18:43:04.288775', 5616, 258, '460583886400166476', '2012-03-26', 30000);
UPDATE `loan_address` SET `created_at` = '2022-01-02 10:09:18.596017', `updated_at` = '2022-01-02 10:09:18.596017', `province` = '山东省', `city` = '菏泽市', `county` = '成武县', `town` = '成武县南鲁集镇', `detail` = '白水路53号' WHERE `loan_address`.`id` = 9046;
INSERT INTO `loan_address` (`id`, `created_at`, `updated_at`, `province`, `city`, `county`, `town`, `detail`) VALUES (9046, '2022-01-02 10:09:18.596017', '2022-01-02 10:09:18.596017', '山东省', '菏泽市', '成武县', '成武县南鲁集镇', '白水路53号');
UPDATE `loan_customer` SET `created_at` = '2022-01-02 10:09:18.596017', `updated_at` = '2022-01-02 16:20:53.612078', `name` = '段宏放', `id_number` = '456127571348365669', `gender` = 'm', `birthday` = '2007-05-31', `address_id` = 9046, `job_id` = 1860, `salary` = 29000 WHERE `loan_customer`.`id` = 5617;
INSERT INTO `loan_customer` (`id`, `created_at`, `updated_at`, `name`, `id_number`, `gender`, `birthday`, `address_id`, `job_id`, `salary`) VALUES (5617, '2022-01-02 10:09:18.596017', '2022-01-02 16:20:53.612078', '段宏放', '456127571348365669', 'm', '2007-05-31', 9046, 1860, 29000);
UPDATE `loan_address` SET `created_at` = '2022-01-02 15:09:45.729492', `updated_at` = '2022-01-02 15:09:45.729492', `province` = '吉林省', `city` = '四平市', `county` = '公主岭市', `town` = '大岭镇', `detail` = '安远路溢盈河畔别墅158号' WHERE `loan_address`.`id` = 9047;
INSERT INTO `loan_address` (`id`, `created_at`, `updated_at`, `province`, `city`, `county`, `town`, `detail`) VALUES (9047, '2022-01-02 15:09:45.729492', '2022-01-02 15:09:45.729492', '吉林省', '四平市', '公主岭市', '大岭镇', '安远路溢盈河畔别墅158号');
UPDATE `loan_estate` SET `created_at` = '2022-01-02 15:09:45.729492', `updated_at` = '2022-01-02 15:09:45.729492', `customer_id` = 5617, `address_id` = 9047 WHERE `loan_estate`.`id` = 3343;
INSERT INTO `loan_estate` (`id`, `created_at`, `updated_at`, `customer_id`, `address_id`) VALUES (3343, '2022-01-02 15:09:45.729492', '2022-01-02 15:09:45.729492', 5617, 9047);
UPDATE `loan_car` SET `created_at` = '2022-01-02 18:37:17.323642', `updated_at` = '2022-01-02 18:37:17.323642', `customer_id` = 5617, `model_id` = 54, `vin_number` = '778688049851663323', `date_produced` = '2018-12-17', `value_estimated` = 390000 WHERE `loan_car`.`id` = 4517;
INSERT INTO `loan_car` (`id`, `created_at`, `updated_at`, `customer_id`, `model_id`, `vin_number`, `date_produced`, `value_estimated`) VALUES (4517, '2022-01-02 18:37:17.323642', '2022-01-02 18:37:17.323642', 5617, 54, '778688049851663323', '2018-12-17', 390000);
UPDATE `loan_account` SET `created_at` = '2022-01-02 23:52:31.941785', `updated_at` = '2022-01-02 23:54:56.324907', `customer_id` = 5617, `number` = '003591355980688529', `balance` = 72947 WHERE `loan_account`.`id` = 5140;
INSERT INTO `loan_account` (`id`, `created_at`, `updated_at`, `customer_id`, `number`, `balance`) VALUES (5140, '2022-01-02 23:52:31.941785', '2022-01-02 23:54:56.324907', 5617, '003591355980688529', 72947);
UPDATE `loan_address` SET `created_at` = '2022-01-02 18:54:56.856351', `updated_at` = '2022-01-02 18:54:56.856351', `province` = '河北省', `city` = '保定市', `county` = '涿州市', `town` = '义和庄镇', `detail` = '安化路96号' WHERE `loan_address`.`id` = 9048;
INSERT INTO `loan_address` (`id`, `created_at`, `updated_at`, `province`, `city`, `county`, `town`, `detail`) VALUES (9048, '2022-01-02 18:54:56.856351', '2022-01-02 18:54:56.856351', '河北省', '保定市', '涿州市', '义和庄镇', '安化路96号');
UPDATE `loan_customer` SET `created_at` = '2022-01-02 18:54:56.856351', `updated_at` = '2022-01-02 21:43:07.861534', `name` = '乔飞尘', `id_number` = '234487937353697935', `gender` = 'm', `birthday` = '1989-07-20', `address_id` = 9048, `job_id` = 1861, `salary` = 5000 WHERE `loan_customer`.`id` = 5618;
INSERT INTO `loan_customer` (`id`, `created_at`, `updated_at`, `name`, `id_number`, `gender`, `birthday`, `address_id`, `job_id`, `salary`) VALUES (5618, '2022-01-02 18:54:56.856351', '2022-01-02 21:43:07.861534', '乔飞尘', '234487937353697935', 'm', '1989-07-20', 9048, 1861, 5000);
UPDATE `loan_address` SET `created_at` = '2022-01-02 21:25:23.333136', `updated_at` = '2022-01-02 21:25:23.333136', `province` = '河南省', `city` = '平顶山市', `county` = '叶县', `town` = '马庄回族乡', `detail` = '白渡路24号' WHERE `loan_address`.`id` = 9049;
INSERT INTO `loan_address` (`id`, `created_at`, `updated_at`, `province`, `city`, `county`, `town`, `detail`) VALUES (9049, '2022-01-02 21:25:23.333136', '2022-01-02 21:25:23.333136', '河南省', '平顶山市', '叶县', '马庄回族乡', '白渡路24号');
UPDATE `loan_estate` SET `created_at` = '2022-01-02 21:25:23.333136', `updated_at` = '2022-01-02 22:18:54.919077', `customer_id` = 5618, `address_id` = 9049 WHERE `loan_estate`.`id` = 3344;
INSERT INTO `loan_estate` (`id`, `created_at`, `updated_at`, `customer_id`, `address_id`) VALUES (3344, '2022-01-02 21:25:23.333136', '2022-01-02 22:18:54.919077', 5618, 9049);
UPDATE `loan_car` SET `created_at` = '2022-01-02 21:06:11.449789', `updated_at` = '2022-01-02 21:06:11.449789', `customer_id` = 5618, `model_id` = 253, `vin_number` = '088709685772175418', `date_produced` = '2010-05-19', `value_estimated` = 330000 WHERE `loan_car`.`id` = 4518;
INSERT INTO `loan_car` (`id`, `created_at`, `updated_at`, `customer_id`, `model_id`, `vin_number`, `date_produced`, `value_estimated`) VALUES (4518, '2022-01-02 21:06:11.449789', '2022-01-02 21:06:11.449789', 5618, 253, '088709685772175418', '2010-05-19', 330000);
UPDATE `loan_account` SET `created_at` = '2022-01-02 21:22:21.651041', `updated_at` = '2022-01-02 21:22:21.651041', `customer_id` = 5618, `number` = '298579926435459006', `balance` = 62963 WHERE `loan_account`.`id` = 5141;
INSERT INTO `loan_account` (`id`, `created_at`, `updated_at`, `customer_id`, `number`, `balance`) VALUES (5141, '2022-01-02 21:22:21.651041', '2022-01-02 21:22:21.651041', 5618, '298579926435459006', 62963);
UPDATE `loan_address` SET `created_at` = '2022-01-02 13:41:23.404140', `updated_at` = '2022-01-02 13:41:23.404140', `province` = '广西壮族自治区', `city` = '桂林市', `county` = '阳朔县', `town` = '福利镇', `detail` = '安义路34号' WHERE `loan_address`.`id` = 9050;
INSERT INTO `loan_address` (`id`, `created_at`, `updated_at`, `province`, `city`, `county`, `town`, `detail`) VALUES (9050, '2022-01-02 13:41:23.404140', '2022-01-02 13:41:23.404140', '广西壮族自治区', '桂林市', '阳朔县', '福利镇', '安义路34号');
UPDATE `loan_customer` SET `created_at` = '2022-01-02 13:41:23.404140', `updated_at` = '2022-01-02 20:18:32.975507', `name` = '贺茗', `id_number` = '696013445399128422', `gender` = 'm', `birthday` = '1991-03-21', `address_id` = 9050, `job_id` = 1861, `salary` = 9000 WHERE `loan_customer`.`id` = 5619;
INSERT INTO `loan_customer` (`id`, `created_at`, `updated_at`, `name`, `id_number`, `gender`, `birthday`, `address_id`, `job_id`, `salary`) VALUES (5619, '2022-01-02 13:41:23.404140', '2022-01-02 20:18:32.975507', '贺茗', '696013445399128422', 'm', '1991-03-21', 9050, 1861, 9000);
UPDATE `loan_chattel` SET `created_at` = '2022-01-02 23:10:27.764416', `updated_at` = '2022-01-02 23:19:04.660029', `customer_id` = 5619, `type` = 'draft', `description` = '一些信息', `value_amount` = 20000, `expired_at` = '2019-10-18' WHERE `loan_chattel`.`id` = 1641;
INSERT INTO `loan_chattel` (`id`, `created_at`, `updated_at`, `customer_id`, `type`, `description`, `value_amount`, `expired_at`) VALUES (1641, '2022-01-02 23:10:27.764416', '2022-01-02 23:19:04.660029', 5619, 'draft', '一些信息', 20000, '2019-10-18');
UPDATE `loan_car` SET `created_at` = '2022-01-02 17:33:26.090108', `updated_at` = '2022-01-02 22:03:12.444892', `customer_id` = 5619, `model_id` = 122, `vin_number` = '461098949222281155', `date_produced` = '2010-01-21', `value_estimated` = 140000 WHERE `loan_car`.`id` = 4519;
INSERT INTO `loan_car` (`id`, `created_at`, `updated_at`, `customer_id`, `model_id`, `vin_number`, `date_produced`, `value_estimated`) VALUES (4519, '2022-01-02 17:33:26.090108', '2022-01-02 22:03:12.444892', 5619, 122, '461098949222281155', '2010-01-21', 140000);
UPDATE `loan_car` SET `created_at` = '2022-01-02 18:06:07.571677', `updated_at` = '2022-01-02 18:06:07.571677', `customer_id` = 5619, `model_id` = 69, `vin_number` = '743003578930469605', `date_produced` = '2013-03-23', `value_estimated` = 110000 WHERE `loan_car`.`id` = 4520;
INSERT INTO `loan_car` (`id`, `created_at`, `updated_at`, `customer_id`, `model_id`, `vin_number`, `date_produced`, `value_estimated`) VALUES (4520, '2022-01-02 18:06:07.571677', '2022-01-02 18:06:07.571677', 5619, 69, '743003578930469605', '2013-03-23', 110000);
UPDATE `loan_account` SET `created_at` = '2022-01-02 23:18:30.091023', `updated_at` = '2022-01-02 23:18:30.091023', `customer_id` = 5619, `number` = '665579683565161874', `balance` = 63935 WHERE `loan_account`.`id` = 5142;
INSERT INTO `loan_account` (`id`, `created_at`, `updated_at`, `customer_id`, `number`, `balance`) VALUES (5142, '2022-01-02 23:18:30.091023', '2022-01-02 23:18:30.091023', 5619, '665579683565161874', 63935);
UPDATE `loan_address` SET `created_at` = '2022-01-02 01:48:54.427183', `updated_at` = '2022-01-02 01:48:54.427183', `province` = '内蒙古自治区', `city` = '呼和浩特市', `county` = '托克托县', `town` = '古城镇', `detail` = '宝安公路53号' WHERE `loan_address`.`id` = 9051;
INSERT INTO `loan_address` (`id`, `created_at`, `updated_at`, `province`, `city`, `county`, `town`, `detail`) VALUES (9051, '2022-01-02 01:48:54.427183', '2022-01-02 01:48:54.427183', '内蒙古自治区', '呼和浩特市', '托克托县', '古城镇', '宝安公路53号');
UPDATE `loan_customer` SET `created_at` = '2022-01-02 01:48:54.427183', `updated_at` = '2022-01-02 06:59:25.589821', `name` = '刘茂实', `id_number` = '746731354357233323', `gender` = 'm', `birthday` = '2006-12-20', `address_id` = 9051, `job_id` = 1862, `salary` = 36000 WHERE `loan_customer`.`id` = 5620;
INSERT INTO `loan_customer` (`id`, `created_at`, `updated_at`, `name`, `id_number`, `gender`, `birthday`, `address_id`, `job_id`, `salary`) VALUES (5620, '2022-01-02 01:48:54.427183', '2022-01-02 06:59:25.589821', '刘茂实', '746731354357233323', 'm', '2006-12-20', 9051, 1862, 36000);
UPDATE `loan_chattel` SET `created_at` = '2022-01-02 08:44:57.843468', `updated_at` = '2022-01-02 08:44:57.843468', `customer_id` = 5620, `type` = 'patent', `description` = '一些信息', `value_amount` = 20000, `expired_at` = '2020-11-25' WHERE `loan_chattel`.`id` = 1642;
INSERT INTO `loan_chattel` (`id`, `created_at`, `updated_at`, `customer_id`, `type`, `description`, `value_amount`, `expired_at`) VALUES (1642, '2022-01-02 08:44:57.843468', '2022-01-02 08:44:57.843468', 5620, 'patent', '一些信息', 20000, '2020-11-25');
UPDATE `loan_chattel` SET `created_at` = '2022-01-02 23:24:31.246358', `updated_at` = '2022-01-02 23:24:31.246358', `customer_id` = 5620, `type` = 'trademark', `description` = '一些信息', `value_amount` = 20000, `expired_at` = '2033-03-28' WHERE `loan_chattel`.`id` = 1643;
INSERT INTO `loan_chattel` (`id`, `created_at`, `updated_at`, `customer_id`, `type`, `description`, `value_amount`, `expired_at`) VALUES (1643, '2022-01-02 23:24:31.246358', '2022-01-02 23:24:31.246358', 5620, 'trademark', '一些信息', 20000, '2033-03-28');
UPDATE `loan_account` SET `created_at` = '2022-01-02 12:52:46.614815', `updated_at` = '2022-01-02 12:52:46.614815', `customer_id` = 5620, `number` = '823686834999835651', `balance` = 27665 WHERE `loan_account`.`id` = 5143;
INSERT INTO `loan_account` (`id`, `created_at`, `updated_at`, `customer_id`, `number`, `balance`) VALUES (5143, '2022-01-02 12:52:46.614815', '2022-01-02 12:52:46.614815', 5620, '823686834999835651', 27665);
UPDATE `loan_address` SET `created_at` = '2022-01-02 08:56:00.567371', `updated_at` = '2022-01-02 08:56:00.567371', `province` = '河南省', `city` = '洛阳市', `county` = '西工区', `town` = '王城路街道办事处', `detail` = '百安路（方泰镇）45号' WHERE `loan_address`.`id` = 9052;
INSERT INTO `loan_address` (`id`, `created_at`, `updated_at`, `province`, `city`, `county`, `town`, `detail`) VALUES (9052, '2022-01-02 08:56:00.567371', '2022-01-02 08:56:00.567371', '河南省', '洛阳市', '西工区', '王城路街道办事处', '百安路（方泰镇）45号');
UPDATE `loan_customer` SET `created_at` = '2022-01-02 08:56:00.567371', `updated_at` = '2022-01-02 19:04:30.919155', `name` = '韩欣彤', `id_number` = '969157991544261594', `gender` = 'f', `birthday` = '1995-08-13', `address_id` = 9052, `job_id` = 1862, `salary` = 25000 WHERE `loan_customer`.`id` = 5621;
INSERT INTO `loan_customer` (`id`, `created_at`, `updated_at`, `name`, `id_number`, `gender`, `birthday`, `address_id`, `job_id`, `salary`) VALUES (5621, '2022-01-02 08:56:00.567371', '2022-01-02 19:04:30.919155', '韩欣彤', '969157991544261594', 'f', '1995-08-13', 9052, 1862, 25000);
UPDATE `loan_chattel` SET `created_at` = '2022-01-02 19:13:29.913867', `updated_at` = '2022-01-02 19:13:29.913867', `customer_id` = 5621, `type` = 'copyright', `description` = '一些信息', `value_amount` = 190000, `expired_at` = '2032-09-28' WHERE `loan_chattel`.`id` = 1644;
INSERT INTO `loan_chattel` (`id`, `created_at`, `updated_at`, `customer_id`, `type`, `description`, `value_amount`, `expired_at`) VALUES (1644, '2022-01-02 19:13:29.913867', '2022-01-02 19:13:29.913867', 5621, 'copyright', '一些信息', 190000, '2032-09-28');
UPDATE `loan_address` SET `created_at` = '2022-01-02 20:54:21.849334', `updated_at` = '2022-01-02 20:54:21.849334', `province` = '四川省', `city` = '眉山市', `county` = '仁寿县', `town` = '彰加镇', `detail` = '宝山路真新六街坊15号' WHERE `loan_address`.`id` = 9053;
INSERT INTO `loan_address` (`id`, `created_at`, `updated_at`, `province`, `city`, `county`, `town`, `detail`) VALUES (9053, '2022-01-02 20:54:21.849334', '2022-01-02 20:54:21.849334', '四川省', '眉山市', '仁寿县', '彰加镇', '宝山路真新六街坊15号');
UPDATE `loan_estate` SET `created_at` = '2022-01-02 20:54:21.849334', `updated_at` = '2022-01-02 20:54:21.849334', `customer_id` = 5621, `address_id` = 9053 WHERE `loan_estate`.`id` = 3345;
INSERT INTO `loan_estate` (`id`, `created_at`, `updated_at`, `customer_id`, `address_id`) VALUES (3345, '2022-01-02 20:54:21.849334', '2022-01-02 20:54:21.849334', 5621, 9053);
UPDATE `loan_car` SET `created_at` = '2022-01-02 11:17:17.387849', `updated_at` = '2022-01-02 23:33:05.982589', `customer_id` = 5621, `model_id` = 131, `vin_number` = '146855816112339145', `date_produced` = '2018-11-27', `value_estimated` = 40000 WHERE `loan_car`.`id` = 4521;
INSERT INTO `loan_car` (`id`, `created_at`, `updated_at`, `customer_id`, `model_id`, `vin_number`, `date_produced`, `value_estimated`) VALUES (4521, '2022-01-02 11:17:17.387849', '2022-01-02 23:33:05.982589', 5621, 131, '146855816112339145', '2018-11-27', 40000);
UPDATE `loan_account` SET `created_at` = '2022-01-02 22:59:15.651796', `updated_at` = '2022-01-02 22:59:15.651796', `customer_id` = 5621, `number` = '942844546242524080', `balance` = 50968 WHERE `loan_account`.`id` = 5144;
INSERT INTO `loan_account` (`id`, `created_at`, `updated_at`, `customer_id`, `number`, `balance`) VALUES (5144, '2022-01-02 22:59:15.651796', '2022-01-02 22:59:15.651796', 5621, '942844546242524080', 50968);
UPDATE `loan_address` SET `created_at` = '2022-01-02 06:46:38.495439', `updated_at` = '2022-01-02 06:46:38.495439', `province` = '四川省', `city` = '巴中市', `county` = '通江县', `town` = '新场镇', `detail` = '安化路爱里舍花园192号' WHERE `loan_address`.`id` = 9054;
INSERT INTO `loan_address` (`id`, `created_at`, `updated_at`, `province`, `city`, `county`, `town`, `detail`) VALUES (9054, '2022-01-02 06:46:38.495439', '2022-01-02 06:46:38.495439', '四川省', '巴中市', '通江县', '新场镇', '安化路爱里舍花园192号');
UPDATE `loan_customer` SET `created_at` = '2022-01-02 06:46:38.495439', `updated_at` = '2022-01-02 06:46:38.495439', `name` = '阎候', `id_number` = '410641795073493815', `gender` = 'm', `birthday` = '1991-06-07', `address_id` = 9054, `job_id` = 1863, `salary` = 42000 WHERE `loan_customer`.`id` = 5622;
INSERT INTO `loan_customer` (`id`, `created_at`, `updated_at`, `name`, `id_number`, `gender`, `birthday`, `address_id`, `job_id`, `salary`) VALUES (5622, '2022-01-02 06:46:38.495439', '2022-01-02 06:46:38.495439', '阎候', '410641795073493815', 'm', '1991-06-07', 9054, 1863, 42000);
UPDATE `loan_address` SET `created_at` = '2022-01-02 10:23:26.502859', `updated_at` = '2022-01-02 10:23:26.502859', `province` = '安徽省', `city` = '阜阳市', `county` = '太和县', `town` = '皮条孙镇', `detail` = '保屯路真新六街坊107号' WHERE `loan_address`.`id` = 9055;
INSERT INTO `loan_address` (`id`, `created_at`, `updated_at`, `province`, `city`, `county`, `town`, `detail`) VALUES (9055, '2022-01-02 10:23:26.502859', '2022-01-02 10:23:26.502859', '安徽省', '阜阳市', '太和县', '皮条孙镇', '保屯路真新六街坊107号');
UPDATE `loan_estate` SET `created_at` = '2022-01-02 10:23:26.502859', `updated_at` = '2022-01-02 10:23:26.502859', `customer_id` = 5622, `address_id` = 9055 WHERE `loan_estate`.`id` = 3346;
INSERT INTO `loan_estate` (`id`, `created_at`, `updated_at`, `customer_id`, `address_id`) VALUES (3346, '2022-01-02 10:23:26.502859', '2022-01-02 10:23:26.502859', 5622, 9055);
UPDATE `loan_car` SET `created_at` = '2022-01-02 20:35:22.889083', `updated_at` = '2022-01-02 20:35:22.889083', `customer_id` = 5622, `model_id` = 61, `vin_number` = '228958649703054689', `date_produced` = '2010-10-07', `value_estimated` = 70000 WHERE `loan_car`.`id` = 4522;
INSERT INTO `loan_car` (`id`, `created_at`, `updated_at`, `customer_id`, `model_id`, `vin_number`, `date_produced`, `value_estimated`) VALUES (4522, '2022-01-02 20:35:22.889083', '2022-01-02 20:35:22.889083', 5622, 61, '228958649703054689', '2010-10-07', 70000);
UPDATE `loan_account` SET `created_at` = '2022-01-02 15:35:12.094215', `updated_at` = '2022-01-02 15:35:12.094215', `customer_id` = 5622, `number` = '937347367298614739', `balance` = 0 WHERE `loan_account`.`id` = 5145;
INSERT INTO `loan_account` (`id`, `created_at`, `updated_at`, `customer_id`, `number`, `balance`) VALUES (5145, '2022-01-02 15:35:12.094215', '2022-01-02 15:35:12.094215', 5622, '937347367298614739', 0);
UPDATE `loan_address` SET `created_at` = '2022-01-02 18:40:28.018078', `updated_at` = '2022-01-02 18:40:28.018078', `province` = '辽宁省', `city` = '沈阳市', `county` = '辽中区', `town` = '潘家堡镇', `detail` = '安图路33号' WHERE `loan_address`.`id` = 9056;
INSERT INTO `loan_address` (`id`, `created_at`, `updated_at`, `province`, `city`, `county`, `town`, `detail`) VALUES (9056, '2022-01-02 18:40:28.018078', '2022-01-02 18:40:28.018078', '辽宁省', '沈阳市', '辽中区', '潘家堡镇', '安图路33号');
UPDATE `loan_customer` SET `created_at` = '2022-01-02 18:40:28.018078', `updated_at` = '2022-01-02 23:54:22.359787', `name` = '易沁', `id_number` = '449434297433897006', `gender` = 'f', `birthday` = '1992-02-28', `address_id` = 9056, `job_id` = 1863, `salary` = 71000 WHERE `loan_customer`.`id` = 5623;
INSERT INTO `loan_customer` (`id`, `created_at`, `updated_at`, `name`, `id_number`, `gender`, `birthday`, `address_id`, `job_id`, `salary`) VALUES (5623, '2022-01-02 18:40:28.018078', '2022-01-02 23:54:22.359787', '易沁', '449434297433897006', 'f', '1992-02-28', 9056, 1863, 71000);
UPDATE `loan_chattel` SET `created_at` = '2022-01-02 19:57:42.695519', `updated_at` = '2022-01-02 19:57:42.695519', `customer_id` = 5623, `type` = 'promissory_note', `description` = '一些信息', `value_amount` = 360000, `expired_at` = '2028-01-02' WHERE `loan_chattel`.`id` = 1645;
INSERT INTO `loan_chattel` (`id`, `created_at`, `updated_at`, `customer_id`, `type`, `description`, `value_amount`, `expired_at`) VALUES (1645, '2022-01-02 19:57:42.695519', '2022-01-02 19:57:42.695519', 5623, 'promissory_note', '一些信息', 360000, '2028-01-02');
UPDATE `loan_car` SET `created_at` = '2022-01-02 21:16:08.498247', `updated_at` = '2022-01-02 22:42:17.663523', `customer_id` = 5623, `model_id` = 60, `vin_number` = '433746291450137315', `date_produced` = '2020-01-15', `value_estimated` = 110000 WHERE `loan_car`.`id` = 4523;
INSERT INTO `loan_car` (`id`, `created_at`, `updated_at`, `customer_id`, `model_id`, `vin_number`, `date_produced`, `value_estimated`) VALUES (4523, '2022-01-02 21:16:08.498247', '2022-01-02 22:42:17.663523', 5623, 60, '433746291450137315', '2020-01-15', 110000);
UPDATE `loan_account` SET `created_at` = '2022-01-02 19:23:03.932449', `updated_at` = '2022-01-02 19:23:03.932449', `customer_id` = 5623, `number` = '233655089789002114', `balance` = 13818 WHERE `loan_account`.`id` = 5146;
INSERT INTO `loan_account` (`id`, `created_at`, `updated_at`, `customer_id`, `number`, `balance`) VALUES (5146, '2022-01-02 19:23:03.932449', '2022-01-02 19:23:03.932449', 5623, '233655089789002114', 13818);
UPDATE `loan_address` SET `created_at` = '2022-01-02 07:40:46.341210', `updated_at` = '2022-01-02 07:40:46.341210', `province` = '湖北省', `city` = '恩施土家族苗族自治州', `county` = '巴东县', `town` = '金果坪乡', `detail` = '宝安公路55号' WHERE `loan_address`.`id` = 9057;
INSERT INTO `loan_address` (`id`, `created_at`, `updated_at`, `province`, `city`, `county`, `town`, `detail`) VALUES (9057, '2022-01-02 07:40:46.341210', '2022-01-02 07:40:46.341210', '湖北省', '恩施土家族苗族自治州', '巴东县', '金果坪乡', '宝安公路55号');
UPDATE `loan_customer` SET `created_at` = '2022-01-02 07:40:46.341210', `updated_at` = '2022-01-02 07:40:46.341210', `name` = '邓高', `id_number` = '450289716360181781', `gender` = 'm', `birthday` = '1987-08-26', `address_id` = 9057, `job_id` = 1863, `salary` = 32000 WHERE `loan_customer`.`id` = 5624;
INSERT INTO `loan_customer` (`id`, `created_at`, `updated_at`, `name`, `id_number`, `gender`, `birthday`, `address_id`, `job_id`, `salary`) VALUES (5624, '2022-01-02 07:40:46.341210', '2022-01-02 07:40:46.341210', '邓高', '450289716360181781', 'm', '1987-08-26', 9057, 1863, 32000);
UPDATE `loan_car` SET `created_at` = '2022-01-02 17:56:32.059654', `updated_at` = '2022-01-02 23:18:53.143826', `customer_id` = 5624, `model_id` = 42, `vin_number` = '122219403396003135', `date_produced` = '2017-06-10', `value_estimated` = 20000 WHERE `loan_car`.`id` = 4524;
INSERT INTO `loan_car` (`id`, `created_at`, `updated_at`, `customer_id`, `model_id`, `vin_number`, `date_produced`, `value_estimated`) VALUES (4524, '2022-01-02 17:56:32.059654', '2022-01-02 23:18:53.143826', 5624, 42, '122219403396003135', '2017-06-10', 20000);
UPDATE `loan_car` SET `created_at` = '2022-01-02 21:12:52.265411', `updated_at` = '2022-01-02 23:20:53.068898', `customer_id` = 5624, `model_id` = 187, `vin_number` = '238350658244031447', `date_produced` = '2019-11-01', `value_estimated` = 660000 WHERE `loan_car`.`id` = 4525;
INSERT INTO `loan_car` (`id`, `created_at`, `updated_at`, `customer_id`, `model_id`, `vin_number`, `date_produced`, `value_estimated`) VALUES (4525, '2022-01-02 21:12:52.265411', '2022-01-02 23:20:53.068898', 5624, 187, '238350658244031447', '2019-11-01', 660000);
UPDATE `loan_account` SET `created_at` = '2022-01-02 10:08:09.592423', `updated_at` = '2022-01-02 10:08:09.592423', `customer_id` = 5624, `number` = '034179040188182136', `balance` = 133222 WHERE `loan_account`.`id` = 5147;
INSERT INTO `loan_account` (`id`, `created_at`, `updated_at`, `customer_id`, `number`, `balance`) VALUES (5147, '2022-01-02 10:08:09.592423', '2022-01-02 10:08:09.592423', 5624, '034179040188182136', 133222);
UPDATE `loan_address` SET `created_at` = '2022-01-02 05:29:01.941475', `updated_at` = '2022-01-02 05:29:01.941475', `province` = '陕西省', `city` = '延安市', `county` = '延川县', `town` = '永坪镇', `detail` = '鞍山路菊园五街坊130号' WHERE `loan_address`.`id` = 9058;
INSERT INTO `loan_address` (`id`, `created_at`, `updated_at`, `province`, `city`, `county`, `town`, `detail`) VALUES (9058, '2022-01-02 05:29:01.941475', '2022-01-02 05:29:01.941475', '陕西省', '延安市', '延川县', '永坪镇', '鞍山路菊园五街坊130号');
UPDATE `loan_customer` SET `created_at` = '2022-01-02 05:29:01.941475', `updated_at` = '2022-01-02 08:44:52.932761', `name` = '江芮', `id_number` = '351338811151158527', `gender` = 'f', `birthday` = '1998-07-27', `address_id` = 9058, `job_id` = 1863, `salary` = 46000 WHERE `loan_customer`.`id` = 5625;
INSERT INTO `loan_customer` (`id`, `created_at`, `updated_at`, `name`, `id_number`, `gender`, `birthday`, `address_id`, `job_id`, `salary`) VALUES (5625, '2022-01-02 05:29:01.941475', '2022-01-02 08:44:52.932761', '江芮', '351338811151158527', 'f', '1998-07-27', 9058, 1863, 46000);
UPDATE `loan_address` SET `created_at` = '2022-01-02 16:45:30.443574', `updated_at` = '2022-01-02 16:45:30.443574', `province` = '河南省', `city` = '洛阳市', `county` = '西工区', `town` = '王城路街道办事处', `detail` = '百花街173号' WHERE `loan_address`.`id` = 9059;
INSERT INTO `loan_address` (`id`, `created_at`, `updated_at`, `province`, `city`, `county`, `town`, `detail`) VALUES (9059, '2022-01-02 16:45:30.443574', '2022-01-02 16:45:30.443574', '河南省', '洛阳市', '西工区', '王城路街道办事处', '百花街173号');
UPDATE `loan_estate` SET `created_at` = '2022-01-02 16:45:30.443574', `updated_at` = '2022-01-02 16:45:30.443574', `customer_id` = 5625, `address_id` = 9059 WHERE `loan_estate`.`id` = 3347;
INSERT INTO `loan_estate` (`id`, `created_at`, `updated_at`, `customer_id`, `address_id`) VALUES (3347, '2022-01-02 16:45:30.443574', '2022-01-02 16:45:30.443574', 5625, 9059);
UPDATE `loan_account` SET `created_at` = '2022-01-02 15:16:50.304183', `updated_at` = '2022-01-02 22:15:49.871906', `customer_id` = 5625, `number` = '531236887709657222', `balance` = 137788 WHERE `loan_account`.`id` = 5148;
INSERT INTO `loan_account` (`id`, `created_at`, `updated_at`, `customer_id`, `number`, `balance`) VALUES (5148, '2022-01-02 15:16:50.304183', '2022-01-02 22:15:49.871906', 5625, '531236887709657222', 137788);
UPDATE `loan_address` SET `created_at` = '2022-01-02 10:30:35.806448', `updated_at` = '2022-01-02 10:30:35.806448', `province` = '广西壮族自治区', `city` = '桂林市', `county` = '阳朔县', `town` = '福利镇', `detail` = '宝祁路25号' WHERE `loan_address`.`id` = 9060;
INSERT INTO `loan_address` (`id`, `created_at`, `updated_at`, `province`, `city`, `county`, `town`, `detail`) VALUES (9060, '2022-01-02 10:30:35.806448', '2022-01-02 10:30:35.806448', '广西壮族自治区', '桂林市', '阳朔县', '福利镇', '宝祁路25号');
UPDATE `loan_customer` SET `created_at` = '2022-01-02 10:30:35.806448', `updated_at` = '2022-01-02 21:36:42.257313', `name` = '江亦', `id_number` = '146098144363953903', `gender` = 'f', `birthday` = '2001-11-30', `address_id` = 9060, `job_id` = 1863, `salary` = 27000 WHERE `loan_customer`.`id` = 5626;
INSERT INTO `loan_customer` (`id`, `created_at`, `updated_at`, `name`, `id_number`, `gender`, `birthday`, `address_id`, `job_id`, `salary`) VALUES (5626, '2022-01-02 10:30:35.806448', '2022-01-02 21:36:42.257313', '江亦', '146098144363953903', 'f', '2001-11-30', 9060, 1863, 27000);
UPDATE `loan_address` SET `created_at` = '2022-01-02 16:27:45.707245', `updated_at` = '2022-01-02 16:27:45.707245', `province` = '河南省', `city` = '商丘市', `county` = '永城市', `town` = '薛湖镇', `detail` = '百色路阳光翠竹苑54号' WHERE `loan_address`.`id` = 9061;
INSERT INTO `loan_address` (`id`, `created_at`, `updated_at`, `province`, `city`, `county`, `town`, `detail`) VALUES (9061, '2022-01-02 16:27:45.707245', '2022-01-02 16:27:45.707245', '河南省', '商丘市', '永城市', '薛湖镇', '百色路阳光翠竹苑54号');
UPDATE `loan_estate` SET `created_at` = '2022-01-02 16:27:45.707245', `updated_at` = '2022-01-02 19:20:35.099660', `customer_id` = 5626, `address_id` = 9061 WHERE `loan_estate`.`id` = 3348;
INSERT INTO `loan_estate` (`id`, `created_at`, `updated_at`, `customer_id`, `address_id`) VALUES (3348, '2022-01-02 16:27:45.707245', '2022-01-02 19:20:35.099660', 5626, 9061);
UPDATE `loan_car` SET `created_at` = '2022-01-02 16:19:46.844672', `updated_at` = '2022-01-02 16:19:46.844672', `customer_id` = 5626, `model_id` = 241, `vin_number` = '771727017477610920', `date_produced` = '2018-10-22', `value_estimated` = 530000 WHERE `loan_car`.`id` = 4526;
INSERT INTO `loan_car` (`id`, `created_at`, `updated_at`, `customer_id`, `model_id`, `vin_number`, `date_produced`, `value_estimated`) VALUES (4526, '2022-01-02 16:19:46.844672', '2022-01-02 16:19:46.844672', 5626, 241, '771727017477610920', '2018-10-22', 530000);
UPDATE `loan_account` SET `created_at` = '2022-01-02 19:34:15.305155', `updated_at` = '2022-01-02 20:08:33.315165', `customer_id` = 5626, `number` = '347911805138668519', `balance` = 42678 WHERE `loan_account`.`id` = 5149;
INSERT INTO `loan_account` (`id`, `created_at`, `updated_at`, `customer_id`, `number`, `balance`) VALUES (5149, '2022-01-02 19:34:15.305155', '2022-01-02 20:08:33.315165', 5626, '347911805138668519', 42678);
UPDATE `loan_address` SET `created_at` = '2022-01-02 04:13:28.432683', `updated_at` = '2022-01-02 04:13:28.432683', `province` = '新疆维吾尔自治区', `city` = '自治区直辖县级行政区划', `county` = '图木舒克市', `town` = '兵团四十一团', `detail` = '安义路137号' WHERE `loan_address`.`id` = 9062;
INSERT INTO `loan_address` (`id`, `created_at`, `updated_at`, `province`, `city`, `county`, `town`, `detail`) VALUES (9062, '2022-01-02 04:13:28.432683', '2022-01-02 04:13:28.432683', '新疆维吾尔自治区', '自治区直辖县级行政区划', '图木舒克市', '兵团四十一团', '安义路137号');
UPDATE `loan_customer` SET `created_at` = '2022-01-02 04:13:28.432683', `updated_at` = '2022-01-02 14:26:37.283872', `name` = '武绍', `id_number` = '170513495805999077', `gender` = 'm', `birthday` = '2007-12-31', `address_id` = 9062, `job_id` = 1864, `salary` = 26000 WHERE `loan_customer`.`id` = 5627;
INSERT INTO `loan_customer` (`id`, `created_at`, `updated_at`, `name`, `id_number`, `gender`, `birthday`, `address_id`, `job_id`, `salary`) VALUES (5627, '2022-01-02 04:13:28.432683', '2022-01-02 14:26:37.283872', '武绍', '170513495805999077', 'm', '2007-12-31', 9062, 1864, 26000);
UPDATE `loan_account` SET `created_at` = '2022-01-02 10:14:29.049018', `updated_at` = '2022-01-02 10:14:29.049018', `customer_id` = 5627, `number` = '661765965180312049', `balance` = 97453 WHERE `loan_account`.`id` = 5150;
INSERT INTO `loan_account` (`id`, `created_at`, `updated_at`, `customer_id`, `number`, `balance`) VALUES (5150, '2022-01-02 10:14:29.049018', '2022-01-02 10:14:29.049018', 5627, '661765965180312049', 97453);
UPDATE `loan_address` SET `created_at` = '2022-01-02 08:15:41.038547', `updated_at` = '2022-01-02 08:15:41.038547', `province` = '山西省', `city` = '晋城市', `county` = '陵川县', `town` = '西河底镇', `detail` = '包头路复华城市花园36号' WHERE `loan_address`.`id` = 9063;
INSERT INTO `loan_address` (`id`, `created_at`, `updated_at`, `province`, `city`, `county`, `town`, `detail`) VALUES (9063, '2022-01-02 08:15:41.038547', '2022-01-02 08:15:41.038547', '山西省', '晋城市', '陵川县', '西河底镇', '包头路复华城市花园36号');
UPDATE `loan_customer` SET `created_at` = '2022-01-02 08:15:41.038547', `updated_at` = '2022-01-02 13:45:11.058861', `name` = '邓盼芙', `id_number` = '135996006764481152', `gender` = 'm', `birthday` = '2009-03-18', `address_id` = 9063, `job_id` = 1864, `salary` = 40000 WHERE `loan_customer`.`id` = 5628;
INSERT INTO `loan_customer` (`id`, `created_at`, `updated_at`, `name`, `id_number`, `gender`, `birthday`, `address_id`, `job_id`, `salary`) VALUES (5628, '2022-01-02 08:15:41.038547', '2022-01-02 13:45:11.058861', '邓盼芙', '135996006764481152', 'm', '2009-03-18', 9063, 1864, 40000);
UPDATE `loan_account` SET `created_at` = '2022-01-02 18:45:10.974710', `updated_at` = '2022-01-02 18:45:10.974710', `customer_id` = 5628, `number` = '144903506546631084', `balance` = 38470 WHERE `loan_account`.`id` = 5151;
INSERT INTO `loan_account` (`id`, `created_at`, `updated_at`, `customer_id`, `number`, `balance`) VALUES (5151, '2022-01-02 18:45:10.974710', '2022-01-02 18:45:10.974710', 5628, '144903506546631084', 38470);
UPDATE `loan_address` SET `created_at` = '2022-01-02 15:37:52.604058', `updated_at` = '2022-01-02 15:37:52.604058', `province` = '湖南省', `city` = '湘潭市', `county` = '湘潭昭山示范区', `town` = '昭山镇', `detail` = '宝安公路179号' WHERE `loan_address`.`id` = 9064;
INSERT INTO `loan_address` (`id`, `created_at`, `updated_at`, `province`, `city`, `county`, `town`, `detail`) VALUES (9064, '2022-01-02 15:37:52.604058', '2022-01-02 15:37:52.604058', '湖南省', '湘潭市', '湘潭昭山示范区', '昭山镇', '宝安公路179号');
UPDATE `loan_customer` SET `created_at` = '2022-01-02 15:37:52.604058', `updated_at` = '2022-01-02 21:57:52.190615', `name` = '漕鸿洁', `id_number` = '710114533298899828', `gender` = 'm', `birthday` = '1998-12-21', `address_id` = 9064, `job_id` = 1864, `salary` = 54000 WHERE `loan_customer`.`id` = 5629;
INSERT INTO `loan_customer` (`id`, `created_at`, `updated_at`, `name`, `id_number`, `gender`, `birthday`, `address_id`, `job_id`, `salary`) VALUES (5629, '2022-01-02 15:37:52.604058', '2022-01-02 21:57:52.190615', '漕鸿洁', '710114533298899828', 'm', '1998-12-21', 9064, 1864, 54000);
UPDATE `loan_chattel` SET `created_at` = '2022-01-02 22:40:36.151404', `updated_at` = '2022-01-02 22:40:36.151404', `customer_id` = 5629, `type` = 'check', `description` = '一些信息', `value_amount` = 20000, `expired_at` = '2024-04-02' WHERE `loan_chattel`.`id` = 1646;
INSERT INTO `loan_chattel` (`id`, `created_at`, `updated_at`, `customer_id`, `type`, `description`, `value_amount`, `expired_at`) VALUES (1646, '2022-01-02 22:40:36.151404', '2022-01-02 22:40:36.151404', 5629, 'check', '一些信息', 20000, '2024-04-02');
UPDATE `loan_address` SET `created_at` = '2022-01-02 23:49:49.133065', `updated_at` = '2022-01-02 23:49:49.133065', `province` = '贵州省', `city` = '黔南布依族苗族自治州', `county` = '龙里县', `town` = '洗马镇', `detail` = '安化路金色家园10号' WHERE `loan_address`.`id` = 9065;
INSERT INTO `loan_address` (`id`, `created_at`, `updated_at`, `province`, `city`, `county`, `town`, `detail`) VALUES (9065, '2022-01-02 23:49:49.133065', '2022-01-02 23:49:49.133065', '贵州省', '黔南布依族苗族自治州', '龙里县', '洗马镇', '安化路金色家园10号');
UPDATE `loan_estate` SET `created_at` = '2022-01-02 23:49:49.133065', `updated_at` = '2022-01-02 23:49:49.133065', `customer_id` = 5629, `address_id` = 9065 WHERE `loan_estate`.`id` = 3349;
INSERT INTO `loan_estate` (`id`, `created_at`, `updated_at`, `customer_id`, `address_id`) VALUES (3349, '2022-01-02 23:49:49.133065', '2022-01-02 23:49:49.133065', 5629, 9065);
UPDATE `loan_car` SET `created_at` = '2022-01-02 16:37:37.919392', `updated_at` = '2022-01-02 16:37:37.919392', `customer_id` = 5629, `model_id` = 289, `vin_number` = '779606170010211778', `date_produced` = '2015-09-04', `value_estimated` = 180000 WHERE `loan_car`.`id` = 4527;
INSERT INTO `loan_car` (`id`, `created_at`, `updated_at`, `customer_id`, `model_id`, `vin_number`, `date_produced`, `value_estimated`) VALUES (4527, '2022-01-02 16:37:37.919392', '2022-01-02 16:37:37.919392', 5629, 289, '779606170010211778', '2015-09-04', 180000);
UPDATE `loan_account` SET `created_at` = '2022-01-02 16:34:56.421503', `updated_at` = '2022-01-02 16:34:56.421503', `customer_id` = 5629, `number` = '100460786264079246', `balance` = 37869 WHERE `loan_account`.`id` = 5152;
INSERT INTO `loan_account` (`id`, `created_at`, `updated_at`, `customer_id`, `number`, `balance`) VALUES (5152, '2022-01-02 16:34:56.421503', '2022-01-02 16:34:56.421503', 5629, '100460786264079246', 37869);
UPDATE `loan_address` SET `created_at` = '2022-01-02 23:27:04.982446', `updated_at` = '2022-01-02 23:27:04.982446', `province` = '山西省', `city` = '晋城市', `county` = '陵川县', `town` = '西河底镇', `detail` = '百花街14号' WHERE `loan_address`.`id` = 9066;
INSERT INTO `loan_address` (`id`, `created_at`, `updated_at`, `province`, `city`, `county`, `town`, `detail`) VALUES (9066, '2022-01-02 23:27:04.982446', '2022-01-02 23:27:04.982446', '山西省', '晋城市', '陵川县', '西河底镇', '百花街14号');
UPDATE `loan_customer` SET `created_at` = '2022-01-02 23:27:04.982446', `updated_at` = '2022-01-02 23:27:04.982446', `name` = '孙利', `id_number` = '736100834720687058', `gender` = 'f', `birthday` = '1986-06-30', `address_id` = 9066, `job_id` = 1865, `salary` = 35000 WHERE `loan_customer`.`id` = 5630;
INSERT INTO `loan_customer` (`id`, `created_at`, `updated_at`, `name`, `id_number`, `gender`, `birthday`, `address_id`, `job_id`, `salary`) VALUES (5630, '2022-01-02 23:27:04.982446', '2022-01-02 23:27:04.982446', '孙利', '736100834720687058', 'f', '1986-06-30', 9066, 1865, 35000);
UPDATE `loan_chattel` SET `created_at` = '2022-01-02 23:31:19.420293', `updated_at` = '2022-01-02 23:31:19.420293', `customer_id` = 5630, `type` = 'draft', `description` = '一些信息', `value_amount` = 460000, `expired_at` = '2024-05-05' WHERE `loan_chattel`.`id` = 1647;
INSERT INTO `loan_chattel` (`id`, `created_at`, `updated_at`, `customer_id`, `type`, `description`, `value_amount`, `expired_at`) VALUES (1647, '2022-01-02 23:31:19.420293', '2022-01-02 23:31:19.420293', 5630, 'draft', '一些信息', 460000, '2024-05-05');
UPDATE `loan_address` SET `created_at` = '2022-01-02 23:50:52.688745', `updated_at` = '2022-01-02 23:50:52.688745', `province` = '湖北省', `city` = '恩施土家族苗族自治州', `county` = '巴东县', `town` = '金果坪乡', `detail` = '安义路真新六街坊160号' WHERE `loan_address`.`id` = 9067;
INSERT INTO `loan_address` (`id`, `created_at`, `updated_at`, `province`, `city`, `county`, `town`, `detail`) VALUES (9067, '2022-01-02 23:50:52.688745', '2022-01-02 23:50:52.688745', '湖北省', '恩施土家族苗族自治州', '巴东县', '金果坪乡', '安义路真新六街坊160号');
UPDATE `loan_estate` SET `created_at` = '2022-01-02 23:50:52.688745', `updated_at` = '2022-01-02 23:50:52.688745', `customer_id` = 5630, `address_id` = 9067 WHERE `loan_estate`.`id` = 3350;
INSERT INTO `loan_estate` (`id`, `created_at`, `updated_at`, `customer_id`, `address_id`) VALUES (3350, '2022-01-02 23:50:52.688745', '2022-01-02 23:50:52.688745', 5630, 9067);
UPDATE `loan_car` SET `created_at` = '2022-01-02 23:27:49.472188', `updated_at` = '2022-01-02 23:31:42.596570', `customer_id` = 5630, `model_id` = 266, `vin_number` = '297279276528284713', `date_produced` = '2014-02-10', `value_estimated` = 380000 WHERE `loan_car`.`id` = 4528;
INSERT INTO `loan_car` (`id`, `created_at`, `updated_at`, `customer_id`, `model_id`, `vin_number`, `date_produced`, `value_estimated`) VALUES (4528, '2022-01-02 23:27:49.472188', '2022-01-02 23:31:42.596570', 5630, 266, '297279276528284713', '2014-02-10', 380000);
UPDATE `loan_account` SET `created_at` = '2022-01-02 23:54:57.701058', `updated_at` = '2022-01-02 23:55:44.469631', `customer_id` = 5630, `number` = '763596799739790315', `balance` = 79354 WHERE `loan_account`.`id` = 5153;
INSERT INTO `loan_account` (`id`, `created_at`, `updated_at`, `customer_id`, `number`, `balance`) VALUES (5153, '2022-01-02 23:54:57.701058', '2022-01-02 23:55:44.469631', 5630, '763596799739790315', 79354);
UPDATE `loan_address` SET `created_at` = '2022-01-02 11:26:24.886413', `updated_at` = '2022-01-02 11:26:24.886413', `province` = '云南省', `city` = '普洱市', `county` = '景谷傣族彝族自治县', `town` = '凤山镇', `detail` = '安化路174号' WHERE `loan_address`.`id` = 9068;
INSERT INTO `loan_address` (`id`, `created_at`, `updated_at`, `province`, `city`, `county`, `town`, `detail`) VALUES (9068, '2022-01-02 11:26:24.886413', '2022-01-02 11:26:24.886413', '云南省', '普洱市', '景谷傣族彝族自治县', '凤山镇', '安化路174号');
UPDATE `loan_customer` SET `created_at` = '2022-01-02 11:26:24.886413', `updated_at` = '2022-01-02 11:26:24.886413', `name` = '黎振国', `id_number` = '091637309352877047', `gender` = 'm', `birthday` = '1984-01-16', `address_id` = 9068, `job_id` = 1865, `salary` = 61000 WHERE `loan_customer`.`id` = 5631;
INSERT INTO `loan_customer` (`id`, `created_at`, `updated_at`, `name`, `id_number`, `gender`, `birthday`, `address_id`, `job_id`, `salary`) VALUES (5631, '2022-01-02 11:26:24.886413', '2022-01-02 11:26:24.886413', '黎振国', '091637309352877047', 'm', '1984-01-16', 9068, 1865, 61000);
UPDATE `loan_account` SET `created_at` = '2022-01-02 20:24:56.088461', `updated_at` = '2022-01-02 20:28:54.550764', `customer_id` = 5631, `number` = '182531777583503405', `balance` = 9975 WHERE `loan_account`.`id` = 5154;
INSERT INTO `loan_account` (`id`, `created_at`, `updated_at`, `customer_id`, `number`, `balance`) VALUES (5154, '2022-01-02 20:24:56.088461', '2022-01-02 20:28:54.550764', 5631, '182531777583503405', 9975);
UPDATE `loan_address` SET `created_at` = '2022-01-02 07:48:32.482193', `updated_at` = '2022-01-02 07:48:32.482193', `province` = '山东省', `city` = '菏泽市', `county` = '成武县', `town` = '成武县南鲁集镇', `detail` = '保屯路159号' WHERE `loan_address`.`id` = 9069;
INSERT INTO `loan_address` (`id`, `created_at`, `updated_at`, `province`, `city`, `county`, `town`, `detail`) VALUES (9069, '2022-01-02 07:48:32.482193', '2022-01-02 07:48:32.482193', '山东省', '菏泽市', '成武县', '成武县南鲁集镇', '保屯路159号');
UPDATE `loan_customer` SET `created_at` = '2022-01-02 07:48:32.482193', `updated_at` = '2022-01-02 21:52:56.698362', `name` = '董劻', `id_number` = '871457069037142823', `gender` = 'm', `birthday` = '1986-11-09', `address_id` = 9069, `job_id` = 1865, `salary` = 17000 WHERE `loan_customer`.`id` = 5632;
INSERT INTO `loan_customer` (`id`, `created_at`, `updated_at`, `name`, `id_number`, `gender`, `birthday`, `address_id`, `job_id`, `salary`) VALUES (5632, '2022-01-02 07:48:32.482193', '2022-01-02 21:52:56.698362', '董劻', '871457069037142823', 'm', '1986-11-09', 9069, 1865, 17000);
UPDATE `loan_chattel` SET `created_at` = '2022-01-02 11:18:24.518938', `updated_at` = '2022-01-02 23:15:27.524586', `customer_id` = 5632, `type` = 'deposit', `description` = '一些信息', `value_amount` = 20000, `expired_at` = '2033-12-13' WHERE `loan_chattel`.`id` = 1648;
INSERT INTO `loan_chattel` (`id`, `created_at`, `updated_at`, `customer_id`, `type`, `description`, `value_amount`, `expired_at`) VALUES (1648, '2022-01-02 11:18:24.518938', '2022-01-02 23:15:27.524586', 5632, 'deposit', '一些信息', 20000, '2033-12-13');
UPDATE `loan_car` SET `created_at` = '2022-01-02 14:50:39.671474', `updated_at` = '2022-01-02 14:50:39.671474', `customer_id` = 5632, `model_id` = 86, `vin_number` = '737127961937905510', `date_produced` = '2012-07-17', `value_estimated` = 30000 WHERE `loan_car`.`id` = 4529;
INSERT INTO `loan_car` (`id`, `created_at`, `updated_at`, `customer_id`, `model_id`, `vin_number`, `date_produced`, `value_estimated`) VALUES (4529, '2022-01-02 14:50:39.671474', '2022-01-02 14:50:39.671474', 5632, 86, '737127961937905510', '2012-07-17', 30000);
UPDATE `loan_account` SET `created_at` = '2022-01-02 23:21:40.231615', `updated_at` = '2022-01-02 23:21:40.231615', `customer_id` = 5632, `number` = '945074063872837124', `balance` = 0 WHERE `loan_account`.`id` = 5155;
INSERT INTO `loan_account` (`id`, `created_at`, `updated_at`, `customer_id`, `number`, `balance`) VALUES (5155, '2022-01-02 23:21:40.231615', '2022-01-02 23:21:40.231615', 5632, '945074063872837124', 0);
UPDATE `loan_address` SET `created_at` = '2022-01-02 21:27:35.742547', `updated_at` = '2022-01-02 21:27:35.742547', `province` = '广西壮族自治区', `city` = '桂林市', `county` = '全州县', `town` = '蕉江瑶族乡', `detail` = '安国路7号' WHERE `loan_address`.`id` = 9070;
INSERT INTO `loan_address` (`id`, `created_at`, `updated_at`, `province`, `city`, `county`, `town`, `detail`) VALUES (9070, '2022-01-02 21:27:35.742547', '2022-01-02 21:27:35.742547', '广西壮族自治区', '桂林市', '全州县', '蕉江瑶族乡', '安国路7号');
UPDATE `loan_customer` SET `created_at` = '2022-01-02 21:27:35.742547', `updated_at` = '2022-01-02 22:20:03.791717', `name` = '姚旷', `id_number` = '226014185891919207', `gender` = 'm', `birthday` = '2008-08-13', `address_id` = 9070, `job_id` = 1865, `salary` = 74000 WHERE `loan_customer`.`id` = 5633;
INSERT INTO `loan_customer` (`id`, `created_at`, `updated_at`, `name`, `id_number`, `gender`, `birthday`, `address_id`, `job_id`, `salary`) VALUES (5633, '2022-01-02 21:27:35.742547', '2022-01-02 22:20:03.791717', '姚旷', '226014185891919207', 'm', '2008-08-13', 9070, 1865, 74000);
UPDATE `loan_chattel` SET `created_at` = '2022-01-02 22:46:40.999470', `updated_at` = '2022-01-02 22:46:40.999470', `customer_id` = 5633, `type` = 'trademark', `description` = '一些信息', `value_amount` = 180000, `expired_at` = '2031-11-26' WHERE `loan_chattel`.`id` = 1649;
INSERT INTO `loan_chattel` (`id`, `created_at`, `updated_at`, `customer_id`, `type`, `description`, `value_amount`, `expired_at`) VALUES (1649, '2022-01-02 22:46:40.999470', '2022-01-02 22:46:40.999470', 5633, 'trademark', '一些信息', 180000, '2031-11-26');
UPDATE `loan_address` SET `created_at` = '2022-01-02 23:38:43.246833', `updated_at` = '2022-01-02 23:38:43.246833', `province` = '江西省', `city` = '吉安市', `county` = '安福县', `town` = '彭坊乡', `detail` = '安波路耀江花园95号' WHERE `loan_address`.`id` = 9071;
INSERT INTO `loan_address` (`id`, `created_at`, `updated_at`, `province`, `city`, `county`, `town`, `detail`) VALUES (9071, '2022-01-02 23:38:43.246833', '2022-01-02 23:38:43.246833', '江西省', '吉安市', '安福县', '彭坊乡', '安波路耀江花园95号');
UPDATE `loan_estate` SET `created_at` = '2022-01-02 23:38:43.246833', `updated_at` = '2022-01-02 23:38:55.808207', `customer_id` = 5633, `address_id` = 9071 WHERE `loan_estate`.`id` = 3351;
INSERT INTO `loan_estate` (`id`, `created_at`, `updated_at`, `customer_id`, `address_id`) VALUES (3351, '2022-01-02 23:38:43.246833', '2022-01-02 23:38:55.808207', 5633, 9071);
UPDATE `loan_car` SET `created_at` = '2022-01-02 22:46:43.041017', `updated_at` = '2022-01-02 22:46:43.041017', `customer_id` = 5633, `model_id` = 108, `vin_number` = '787461390642764517', `date_produced` = '2017-02-21', `value_estimated` = 70000 WHERE `loan_car`.`id` = 4530;
INSERT INTO `loan_car` (`id`, `created_at`, `updated_at`, `customer_id`, `model_id`, `vin_number`, `date_produced`, `value_estimated`) VALUES (4530, '2022-01-02 22:46:43.041017', '2022-01-02 22:46:43.041017', 5633, 108, '787461390642764517', '2017-02-21', 70000);
UPDATE `loan_account` SET `created_at` = '2022-01-02 22:25:10.851523', `updated_at` = '2022-01-02 22:25:10.851523', `customer_id` = 5633, `number` = '684732755424957971', `balance` = 34697 WHERE `loan_account`.`id` = 5156;
INSERT INTO `loan_account` (`id`, `created_at`, `updated_at`, `customer_id`, `number`, `balance`) VALUES (5156, '2022-01-02 22:25:10.851523', '2022-01-02 22:25:10.851523', 5633, '684732755424957971', 34697);
UPDATE `loan_address` SET `created_at` = '2022-01-02 15:13:26.849999', `updated_at` = '2022-01-02 15:13:26.849999', `province` = '湖北省', `city` = '黄冈市', `county` = '浠水县', `town` = '洗马镇', `detail` = '白渡桥164号' WHERE `loan_address`.`id` = 9072;
INSERT INTO `loan_address` (`id`, `created_at`, `updated_at`, `province`, `city`, `county`, `town`, `detail`) VALUES (9072, '2022-01-02 15:13:26.849999', '2022-01-02 15:13:26.849999', '湖北省', '黄冈市', '浠水县', '洗马镇', '白渡桥164号');
UPDATE `loan_customer` SET `created_at` = '2022-01-02 15:13:26.849999', `updated_at` = '2022-01-02 23:16:32.260696', `name` = '龚备', `id_number` = '032347180495236285', `gender` = 'f', `birthday` = '1988-04-12', `address_id` = 9072, `job_id` = 1865, `salary` = 35000 WHERE `loan_customer`.`id` = 5634;
INSERT INTO `loan_customer` (`id`, `created_at`, `updated_at`, `name`, `id_number`, `gender`, `birthday`, `address_id`, `job_id`, `salary`) VALUES (5634, '2022-01-02 15:13:26.849999', '2022-01-02 23:16:32.260696', '龚备', '032347180495236285', 'f', '1988-04-12', 9072, 1865, 35000);
UPDATE `loan_address` SET `created_at` = '2022-01-02 18:54:52.532872', `updated_at` = '2022-01-02 18:54:52.532872', `province` = '内蒙古自治区', `city` = '呼和浩特市', `county` = '托克托县', `town` = '古城镇', `detail` = '北艾路东新大厦137号' WHERE `loan_address`.`id` = 9073;
INSERT INTO `loan_address` (`id`, `created_at`, `updated_at`, `province`, `city`, `county`, `town`, `detail`) VALUES (9073, '2022-01-02 18:54:52.532872', '2022-01-02 18:54:52.532872', '内蒙古自治区', '呼和浩特市', '托克托县', '古城镇', '北艾路东新大厦137号');
UPDATE `loan_estate` SET `created_at` = '2022-01-02 18:54:52.532872', `updated_at` = '2022-01-02 18:54:52.532872', `customer_id` = 5634, `address_id` = 9073 WHERE `loan_estate`.`id` = 3352;
INSERT INTO `loan_estate` (`id`, `created_at`, `updated_at`, `customer_id`, `address_id`) VALUES (3352, '2022-01-02 18:54:52.532872', '2022-01-02 18:54:52.532872', 5634, 9073);
UPDATE `loan_account` SET `created_at` = '2022-01-02 17:41:59.656765', `updated_at` = '2022-01-02 22:40:06.471835', `customer_id` = 5634, `number` = '408903177864548406', `balance` = 96180 WHERE `loan_account`.`id` = 5157;
INSERT INTO `loan_account` (`id`, `created_at`, `updated_at`, `customer_id`, `number`, `balance`) VALUES (5157, '2022-01-02 17:41:59.656765', '2022-01-02 22:40:06.471835', 5634, '408903177864548406', 96180);
UPDATE `loan_address` SET `created_at` = '2022-01-02 03:09:51.954133', `updated_at` = '2022-01-02 03:09:51.954133', `province` = '贵州省', `city` = '黔南布依族苗族自治州', `county` = '三都水族自治县', `town` = '中和镇', `detail` = '宝林路菊园五街坊198号' WHERE `loan_address`.`id` = 9074;
INSERT INTO `loan_address` (`id`, `created_at`, `updated_at`, `province`, `city`, `county`, `town`, `detail`) VALUES (9074, '2022-01-02 03:09:51.954133', '2022-01-02 03:09:51.954133', '贵州省', '黔南布依族苗族自治州', '三都水族自治县', '中和镇', '宝林路菊园五街坊198号');
UPDATE `loan_customer` SET `created_at` = '2022-01-02 03:09:51.954133', `updated_at` = '2022-01-02 09:10:52.904393', `name` = '王云', `id_number` = '714479475624244075', `gender` = 'm', `birthday` = '1997-05-07', `address_id` = 9074, `job_id` = 1866, `salary` = 30000 WHERE `loan_customer`.`id` = 5635;
INSERT INTO `loan_customer` (`id`, `created_at`, `updated_at`, `name`, `id_number`, `gender`, `birthday`, `address_id`, `job_id`, `salary`) VALUES (5635, '2022-01-02 03:09:51.954133', '2022-01-02 09:10:52.904393', '王云', '714479475624244075', 'm', '1997-05-07', 9074, 1866, 30000);
UPDATE `loan_address` SET `created_at` = '2022-01-02 14:19:51.378762', `updated_at` = '2022-01-02 14:19:51.378762', `province` = '河北省', `city` = '石家庄市', `county` = '藁城区', `town` = '南营镇', `detail` = '澳门路75号' WHERE `loan_address`.`id` = 9075;
INSERT INTO `loan_address` (`id`, `created_at`, `updated_at`, `province`, `city`, `county`, `town`, `detail`) VALUES (9075, '2022-01-02 14:19:51.378762', '2022-01-02 14:19:51.378762', '河北省', '石家庄市', '藁城区', '南营镇', '澳门路75号');
UPDATE `loan_estate` SET `created_at` = '2022-01-02 14:19:51.378762', `updated_at` = '2022-01-02 14:19:51.378762', `customer_id` = 5635, `address_id` = 9075 WHERE `loan_estate`.`id` = 3353;
INSERT INTO `loan_estate` (`id`, `created_at`, `updated_at`, `customer_id`, `address_id`) VALUES (3353, '2022-01-02 14:19:51.378762', '2022-01-02 14:19:51.378762', 5635, 9075);
UPDATE `loan_address` SET `created_at` = '2022-01-02 06:22:08.524967', `updated_at` = '2022-01-02 06:22:08.524967', `province` = '四川省', `city` = '德阳市', `county` = '中江县', `town` = '永安镇', `detail` = '白玉路185号' WHERE `loan_address`.`id` = 9076;
INSERT INTO `loan_address` (`id`, `created_at`, `updated_at`, `province`, `city`, `county`, `town`, `detail`) VALUES (9076, '2022-01-02 06:22:08.524967', '2022-01-02 06:22:08.524967', '四川省', '德阳市', '中江县', '永安镇', '白玉路185号');
UPDATE `loan_estate` SET `created_at` = '2022-01-02 06:22:08.524967', `updated_at` = '2022-01-02 06:22:08.524967', `customer_id` = 5635, `address_id` = 9076 WHERE `loan_estate`.`id` = 3354;
INSERT INTO `loan_estate` (`id`, `created_at`, `updated_at`, `customer_id`, `address_id`) VALUES (3354, '2022-01-02 06:22:08.524967', '2022-01-02 06:22:08.524967', 5635, 9076);
UPDATE `loan_car` SET `created_at` = '2022-01-02 13:23:26.172439', `updated_at` = '2022-01-02 17:21:17.911468', `customer_id` = 5635, `model_id` = 242, `vin_number` = '237276102567986785', `date_produced` = '2011-01-08', `value_estimated` = 290000 WHERE `loan_car`.`id` = 4531;
INSERT INTO `loan_car` (`id`, `created_at`, `updated_at`, `customer_id`, `model_id`, `vin_number`, `date_produced`, `value_estimated`) VALUES (4531, '2022-01-02 13:23:26.172439', '2022-01-02 17:21:17.911468', 5635, 242, '237276102567986785', '2011-01-08', 290000);
UPDATE `loan_car` SET `created_at` = '2022-01-02 09:06:11.352749', `updated_at` = '2022-01-02 09:06:11.352749', `customer_id` = 5635, `model_id` = 227, `vin_number` = '995349597477807436', `date_produced` = '2014-11-07', `value_estimated` = 840000 WHERE `loan_car`.`id` = 4532;
INSERT INTO `loan_car` (`id`, `created_at`, `updated_at`, `customer_id`, `model_id`, `vin_number`, `date_produced`, `value_estimated`) VALUES (4532, '2022-01-02 09:06:11.352749', '2022-01-02 09:06:11.352749', 5635, 227, '995349597477807436', '2014-11-07', 840000);
UPDATE `loan_account` SET `created_at` = '2022-01-02 03:13:48.703498', `updated_at` = '2022-01-02 12:13:38.132622', `customer_id` = 5635, `number` = '905486540514484493', `balance` = 61419 WHERE `loan_account`.`id` = 5158;
INSERT INTO `loan_account` (`id`, `created_at`, `updated_at`, `customer_id`, `number`, `balance`) VALUES (5158, '2022-01-02 03:13:48.703498', '2022-01-02 12:13:38.132622', 5635, '905486540514484493', 61419);
UPDATE `loan_address` SET `created_at` = '2022-01-02 12:19:54.039953', `updated_at` = '2022-01-02 12:19:54.039953', `province` = '甘肃省', `city` = '平凉市', `county` = '泾川县', `town` = '温泉经济开发区', `detail` = '安波路54号' WHERE `loan_address`.`id` = 9077;
INSERT INTO `loan_address` (`id`, `created_at`, `updated_at`, `province`, `city`, `county`, `town`, `detail`) VALUES (9077, '2022-01-02 12:19:54.039953', '2022-01-02 12:19:54.039953', '甘肃省', '平凉市', '泾川县', '温泉经济开发区', '安波路54号');
UPDATE `loan_customer` SET `created_at` = '2022-01-02 12:19:54.039953', `updated_at` = '2022-01-02 12:19:54.039953', `name` = '丁襦', `id_number` = '959037017442198219', `gender` = 'm', `birthday` = '1980-06-01', `address_id` = 9077, `job_id` = 1866, `salary` = 18000 WHERE `loan_customer`.`id` = 5636;
INSERT INTO `loan_customer` (`id`, `created_at`, `updated_at`, `name`, `id_number`, `gender`, `birthday`, `address_id`, `job_id`, `salary`) VALUES (5636, '2022-01-02 12:19:54.039953', '2022-01-02 12:19:54.039953', '丁襦', '959037017442198219', 'm', '1980-06-01', 9077, 1866, 18000);
UPDATE `loan_car` SET `created_at` = '2022-01-02 23:18:57.908920', `updated_at` = '2022-01-02 23:46:02.656797', `customer_id` = 5636, `model_id` = 22, `vin_number` = '216703870119526451', `date_produced` = '2014-12-20', `value_estimated` = 30000 WHERE `loan_car`.`id` = 4533;
INSERT INTO `loan_car` (`id`, `created_at`, `updated_at`, `customer_id`, `model_id`, `vin_number`, `date_produced`, `value_estimated`) VALUES (4533, '2022-01-02 23:18:57.908920', '2022-01-02 23:46:02.656797', 5636, 22, '216703870119526451', '2014-12-20', 30000);
UPDATE `loan_account` SET `created_at` = '2022-01-02 23:45:12.054297', `updated_at` = '2022-01-02 23:45:12.054297', `customer_id` = 5636, `number` = '109679344036314972', `balance` = 24427 WHERE `loan_account`.`id` = 5159;
INSERT INTO `loan_account` (`id`, `created_at`, `updated_at`, `customer_id`, `number`, `balance`) VALUES (5159, '2022-01-02 23:45:12.054297', '2022-01-02 23:45:12.054297', 5636, '109679344036314972', 24427);
UPDATE `loan_address` SET `created_at` = '2022-01-02 15:11:47.830393', `updated_at` = '2022-01-02 15:11:47.830393', `province` = '辽宁省', `city` = '铁岭市', `county` = '昌图县', `town` = '十八家子镇', `detail` = '包头路爱里舍花园96号' WHERE `loan_address`.`id` = 9078;
INSERT INTO `loan_address` (`id`, `created_at`, `updated_at`, `province`, `city`, `county`, `town`, `detail`) VALUES (9078, '2022-01-02 15:11:47.830393', '2022-01-02 15:11:47.830393', '辽宁省', '铁岭市', '昌图县', '十八家子镇', '包头路爱里舍花园96号');
UPDATE `loan_customer` SET `created_at` = '2022-01-02 15:11:47.830393', `updated_at` = '2022-01-02 15:11:47.830393', `name` = '蒋宁', `id_number` = '473399365433456603', `gender` = 'f', `birthday` = '1989-04-14', `address_id` = 9078, `job_id` = 1866, `salary` = 63000 WHERE `loan_customer`.`id` = 5637;
INSERT INTO `loan_customer` (`id`, `created_at`, `updated_at`, `name`, `id_number`, `gender`, `birthday`, `address_id`, `job_id`, `salary`) VALUES (5637, '2022-01-02 15:11:47.830393', '2022-01-02 15:11:47.830393', '蒋宁', '473399365433456603', 'f', '1989-04-14', 9078, 1866, 63000);
UPDATE `loan_address` SET `created_at` = '2022-01-02 02:16:29.305519', `updated_at` = '2022-01-02 02:16:29.305519', `province` = '河南省', `city` = '平顶山市', `county` = '叶县', `town` = '马庄回族乡', `detail` = '北艾路110号' WHERE `loan_address`.`id` = 9079;
INSERT INTO `loan_address` (`id`, `created_at`, `updated_at`, `province`, `city`, `county`, `town`, `detail`) VALUES (9079, '2022-01-02 02:16:29.305519', '2022-01-02 02:16:29.305519', '河南省', '平顶山市', '叶县', '马庄回族乡', '北艾路110号');
UPDATE `loan_customer` SET `created_at` = '2022-01-02 02:16:29.305519', `updated_at` = '2022-01-02 03:25:33.271724', `name` = '沈沧', `id_number` = '836200895590876325', `gender` = 'f', `birthday` = '1999-04-18', `address_id` = 9079, `job_id` = 1866, `salary` = 4000 WHERE `loan_customer`.`id` = 5638;
INSERT INTO `loan_customer` (`id`, `created_at`, `updated_at`, `name`, `id_number`, `gender`, `birthday`, `address_id`, `job_id`, `salary`) VALUES (5638, '2022-01-02 02:16:29.305519', '2022-01-02 03:25:33.271724', '沈沧', '836200895590876325', 'f', '1999-04-18', 9079, 1866, 4000);
UPDATE `loan_chattel` SET `created_at` = '2022-01-02 18:50:34.078613', `updated_at` = '2022-01-02 18:50:34.078613', `customer_id` = 5638, `type` = 'patent', `description` = '一些信息', `value_amount` = 140000, `expired_at` = '2023-07-23' WHERE `loan_chattel`.`id` = 1650;
INSERT INTO `loan_chattel` (`id`, `created_at`, `updated_at`, `customer_id`, `type`, `description`, `value_amount`, `expired_at`) VALUES (1650, '2022-01-02 18:50:34.078613', '2022-01-02 18:50:34.078613', 5638, 'patent', '一些信息', 140000, '2023-07-23');
UPDATE `loan_address` SET `created_at` = '2022-01-02 12:04:43.956216', `updated_at` = '2022-01-02 12:04:43.956216', `province` = '重庆市', `city` = '县', `county` = '丰都县', `town` = '包鸾镇', `detail` = '巴林路176号' WHERE `loan_address`.`id` = 9080;
INSERT INTO `loan_address` (`id`, `created_at`, `updated_at`, `province`, `city`, `county`, `town`, `detail`) VALUES (9080, '2022-01-02 12:04:43.956216', '2022-01-02 12:04:43.956216', '重庆市', '县', '丰都县', '包鸾镇', '巴林路176号');
UPDATE `loan_estate` SET `created_at` = '2022-01-02 12:04:43.956216', `updated_at` = '2022-01-02 12:04:43.956216', `customer_id` = 5638, `address_id` = 9080 WHERE `loan_estate`.`id` = 3355;
INSERT INTO `loan_estate` (`id`, `created_at`, `updated_at`, `customer_id`, `address_id`) VALUES (3355, '2022-01-02 12:04:43.956216', '2022-01-02 12:04:43.956216', 5638, 9080);
UPDATE `loan_car` SET `created_at` = '2022-01-02 07:08:49.443412', `updated_at` = '2022-01-02 07:08:49.443412', `customer_id` = 5638, `model_id` = 299, `vin_number` = '457139002737581266', `date_produced` = '2010-03-18', `value_estimated` = 340000 WHERE `loan_car`.`id` = 4534;
INSERT INTO `loan_car` (`id`, `created_at`, `updated_at`, `customer_id`, `model_id`, `vin_number`, `date_produced`, `value_estimated`) VALUES (4534, '2022-01-02 07:08:49.443412', '2022-01-02 07:08:49.443412', 5638, 299, '457139002737581266', '2010-03-18', 340000);
UPDATE `loan_account` SET `created_at` = '2022-01-02 14:26:42.377719', `updated_at` = '2022-01-02 14:26:42.377719', `customer_id` = 5638, `number` = '151188897155933595', `balance` = 87351 WHERE `loan_account`.`id` = 5160;
INSERT INTO `loan_account` (`id`, `created_at`, `updated_at`, `customer_id`, `number`, `balance`) VALUES (5160, '2022-01-02 14:26:42.377719', '2022-01-02 14:26:42.377719', 5638, '151188897155933595', 87351);
UPDATE `loan_address` SET `created_at` = '2022-01-02 05:32:20.045689', `updated_at` = '2022-01-02 05:32:20.045689', `province` = '广西壮族自治区', `city` = '河池市', `county` = '凤山县', `town` = '凤城镇', `detail` = '宝通路金色家园92号' WHERE `loan_address`.`id` = 9081;
INSERT INTO `loan_address` (`id`, `created_at`, `updated_at`, `province`, `city`, `county`, `town`, `detail`) VALUES (9081, '2022-01-02 05:32:20.045689', '2022-01-02 05:32:20.045689', '广西壮族自治区', '河池市', '凤山县', '凤城镇', '宝通路金色家园92号');
UPDATE `loan_customer` SET `created_at` = '2022-01-02 05:32:20.045689', `updated_at` = '2022-01-02 06:25:18.836461', `name` = '崔慧', `id_number` = '993884219243430649', `gender` = 'f', `birthday` = '1999-01-03', `address_id` = 9081, `job_id` = 1866, `salary` = 19000 WHERE `loan_customer`.`id` = 5639;
INSERT INTO `loan_customer` (`id`, `created_at`, `updated_at`, `name`, `id_number`, `gender`, `birthday`, `address_id`, `job_id`, `salary`) VALUES (5639, '2022-01-02 05:32:20.045689', '2022-01-02 06:25:18.836461', '崔慧', '993884219243430649', 'f', '1999-01-03', 9081, 1866, 19000);
UPDATE `loan_car` SET `created_at` = '2022-01-02 09:57:54.386194', `updated_at` = '2022-01-02 12:23:35.399348', `customer_id` = 5639, `model_id` = 30, `vin_number` = '811065694049160921', `date_produced` = '2017-04-28', `value_estimated` = 70000 WHERE `loan_car`.`id` = 4535;
INSERT INTO `loan_car` (`id`, `created_at`, `updated_at`, `customer_id`, `model_id`, `vin_number`, `date_produced`, `value_estimated`) VALUES (4535, '2022-01-02 09:57:54.386194', '2022-01-02 12:23:35.399348', 5639, 30, '811065694049160921', '2017-04-28', 70000);
UPDATE `loan_account` SET `created_at` = '2022-01-02 19:54:19.678001', `updated_at` = '2022-01-02 19:54:19.678001', `customer_id` = 5639, `number` = '430388448450820164', `balance` = 0 WHERE `loan_account`.`id` = 5161;
INSERT INTO `loan_account` (`id`, `created_at`, `updated_at`, `customer_id`, `number`, `balance`) VALUES (5161, '2022-01-02 19:54:19.678001', '2022-01-02 19:54:19.678001', 5639, '430388448450820164', 0);
UPDATE `loan_address` SET `created_at` = '2022-01-02 16:48:11.439269', `updated_at` = '2022-01-02 16:48:11.439269', `province` = '湖北省', `city` = '恩施土家族苗族自治州', `county` = '巴东县', `town` = '金果坪乡', `detail` = '百官街177号' WHERE `loan_address`.`id` = 9082;
INSERT INTO `loan_address` (`id`, `created_at`, `updated_at`, `province`, `city`, `county`, `town`, `detail`) VALUES (9082, '2022-01-02 16:48:11.439269', '2022-01-02 16:48:11.439269', '湖北省', '恩施土家族苗族自治州', '巴东县', '金果坪乡', '百官街177号');
UPDATE `loan_customer` SET `created_at` = '2022-01-02 16:48:11.439269', `updated_at` = '2022-01-02 16:48:11.439269', `name` = '康三春', `id_number` = '974349269785985618', `gender` = 'f', `birthday` = '1980-07-22', `address_id` = 9082, `job_id` = 1867, `salary` = 62000 WHERE `loan_customer`.`id` = 5640;
INSERT INTO `loan_customer` (`id`, `created_at`, `updated_at`, `name`, `id_number`, `gender`, `birthday`, `address_id`, `job_id`, `salary`) VALUES (5640, '2022-01-02 16:48:11.439269', '2022-01-02 16:48:11.439269', '康三春', '974349269785985618', 'f', '1980-07-22', 9082, 1867, 62000);
UPDATE `loan_chattel` SET `created_at` = '2022-01-02 19:30:10.424583', `updated_at` = '2022-01-02 19:30:10.424583', `customer_id` = 5640, `type` = 'check', `description` = '一些信息', `value_amount` = 20000, `expired_at` = '2030-07-10' WHERE `loan_chattel`.`id` = 1651;
INSERT INTO `loan_chattel` (`id`, `created_at`, `updated_at`, `customer_id`, `type`, `description`, `value_amount`, `expired_at`) VALUES (1651, '2022-01-02 19:30:10.424583', '2022-01-02 19:30:10.424583', 5640, 'check', '一些信息', 20000, '2030-07-10');
UPDATE `loan_address` SET `created_at` = '2022-01-02 20:30:22.947307', `updated_at` = '2022-01-02 20:30:22.947307', `province` = '河南省', `city` = '洛阳市', `county` = '西工区', `town` = '王城路街道办事处', `detail` = '北艾路菊园五街坊131号' WHERE `loan_address`.`id` = 9083;
INSERT INTO `loan_address` (`id`, `created_at`, `updated_at`, `province`, `city`, `county`, `town`, `detail`) VALUES (9083, '2022-01-02 20:30:22.947307', '2022-01-02 20:30:22.947307', '河南省', '洛阳市', '西工区', '王城路街道办事处', '北艾路菊园五街坊131号');
UPDATE `loan_estate` SET `created_at` = '2022-01-02 20:30:22.947307', `updated_at` = '2022-01-02 20:30:22.947307', `customer_id` = 5640, `address_id` = 9083 WHERE `loan_estate`.`id` = 3356;
INSERT INTO `loan_estate` (`id`, `created_at`, `updated_at`, `customer_id`, `address_id`) VALUES (3356, '2022-01-02 20:30:22.947307', '2022-01-02 20:30:22.947307', 5640, 9083);
UPDATE `loan_car` SET `created_at` = '2022-01-02 22:17:44.152673', `updated_at` = '2022-01-02 23:37:54.251741', `customer_id` = 5640, `model_id` = 11, `vin_number` = '933584207816958064', `date_produced` = '2015-11-27', `value_estimated` = 200000 WHERE `loan_car`.`id` = 4536;
INSERT INTO `loan_car` (`id`, `created_at`, `updated_at`, `customer_id`, `model_id`, `vin_number`, `date_produced`, `value_estimated`) VALUES (4536, '2022-01-02 22:17:44.152673', '2022-01-02 23:37:54.251741', 5640, 11, '933584207816958064', '2015-11-27', 200000);
UPDATE `loan_car` SET `created_at` = '2022-01-02 18:58:00.737654', `updated_at` = '2022-01-02 23:53:04.272246', `customer_id` = 5640, `model_id` = 55, `vin_number` = '447982820905612660', `date_produced` = '2015-12-26', `value_estimated` = 140000 WHERE `loan_car`.`id` = 4537;
INSERT INTO `loan_car` (`id`, `created_at`, `updated_at`, `customer_id`, `model_id`, `vin_number`, `date_produced`, `value_estimated`) VALUES (4537, '2022-01-02 18:58:00.737654', '2022-01-02 23:53:04.272246', 5640, 55, '447982820905612660', '2015-12-26', 140000);
UPDATE `loan_account` SET `created_at` = '2022-01-02 18:31:42.661654', `updated_at` = '2022-01-02 18:31:42.661654', `customer_id` = 5640, `number` = '376161515529782891', `balance` = 0 WHERE `loan_account`.`id` = 5162;
INSERT INTO `loan_account` (`id`, `created_at`, `updated_at`, `customer_id`, `number`, `balance`) VALUES (5162, '2022-01-02 18:31:42.661654', '2022-01-02 18:31:42.661654', 5640, '376161515529782891', 0);
UPDATE `loan_address` SET `created_at` = '2022-01-02 21:23:51.619797', `updated_at` = '2022-01-02 21:23:51.619797', `province` = '辽宁省', `city` = '鞍山市', `county` = '海城市', `town` = '析木镇', `detail` = '包头南路复华城市花园79号' WHERE `loan_address`.`id` = 9084;
INSERT INTO `loan_address` (`id`, `created_at`, `updated_at`, `province`, `city`, `county`, `town`, `detail`) VALUES (9084, '2022-01-02 21:23:51.619797', '2022-01-02 21:23:51.619797', '辽宁省', '鞍山市', '海城市', '析木镇', '包头南路复华城市花园79号');
UPDATE `loan_customer` SET `created_at` = '2022-01-02 21:23:51.619797', `updated_at` = '2022-01-02 23:31:56.027084', `name` = '董雅艳', `id_number` = '042914318200199840', `gender` = 'f', `birthday` = '1992-10-20', `address_id` = 9084, `job_id` = 1867, `salary` = 40000 WHERE `loan_customer`.`id` = 5641;
INSERT INTO `loan_customer` (`id`, `created_at`, `updated_at`, `name`, `id_number`, `gender`, `birthday`, `address_id`, `job_id`, `salary`) VALUES (5641, '2022-01-02 21:23:51.619797', '2022-01-02 23:31:56.027084', '董雅艳', '042914318200199840', 'f', '1992-10-20', 9084, 1867, 40000);
UPDATE `loan_car` SET `created_at` = '2022-01-02 22:54:26.652696', `updated_at` = '2022-01-02 23:27:23.910454', `customer_id` = 5641, `model_id` = 13, `vin_number` = '681629852726261280', `date_produced` = '2019-11-23', `value_estimated` = 650000 WHERE `loan_car`.`id` = 4538;
INSERT INTO `loan_car` (`id`, `created_at`, `updated_at`, `customer_id`, `model_id`, `vin_number`, `date_produced`, `value_estimated`) VALUES (4538, '2022-01-02 22:54:26.652696', '2022-01-02 23:27:23.910454', 5641, 13, '681629852726261280', '2019-11-23', 650000);
UPDATE `loan_account` SET `created_at` = '2022-01-02 21:49:24.859149', `updated_at` = '2022-01-02 23:30:16.597265', `customer_id` = 5641, `number` = '346982216011006096', `balance` = 0 WHERE `loan_account`.`id` = 5163;
INSERT INTO `loan_account` (`id`, `created_at`, `updated_at`, `customer_id`, `number`, `balance`) VALUES (5163, '2022-01-02 21:49:24.859149', '2022-01-02 23:30:16.597265', 5641, '346982216011006096', 0);
UPDATE `loan_address` SET `created_at` = '2022-01-02 10:56:54.137945', `updated_at` = '2022-01-02 10:56:54.137945', `province` = '甘肃省', `city` = '兰州市', `county` = '安宁区', `town` = '安宁堡街道', `detail` = '白渡桥82号' WHERE `loan_address`.`id` = 9085;
INSERT INTO `loan_address` (`id`, `created_at`, `updated_at`, `province`, `city`, `county`, `town`, `detail`) VALUES (9085, '2022-01-02 10:56:54.137945', '2022-01-02 10:56:54.137945', '甘肃省', '兰州市', '安宁区', '安宁堡街道', '白渡桥82号');
UPDATE `loan_customer` SET `created_at` = '2022-01-02 10:56:54.137945', `updated_at` = '2022-01-02 11:45:27.695463', `name` = '徐筠', `id_number` = '776542761871090871', `gender` = 'f', `birthday` = '1998-12-04', `address_id` = 9085, `job_id` = 1867, `salary` = 106000 WHERE `loan_customer`.`id` = 5642;
INSERT INTO `loan_customer` (`id`, `created_at`, `updated_at`, `name`, `id_number`, `gender`, `birthday`, `address_id`, `job_id`, `salary`) VALUES (5642, '2022-01-02 10:56:54.137945', '2022-01-02 11:45:27.695463', '徐筠', '776542761871090871', 'f', '1998-12-04', 9085, 1867, 106000);
UPDATE `loan_chattel` SET `created_at` = '2022-01-02 15:56:22.210659', `updated_at` = '2022-01-02 15:56:22.210659', `customer_id` = 5642, `type` = 'bond', `description` = '一些信息', `value_amount` = 30000, `expired_at` = '2019-01-15' WHERE `loan_chattel`.`id` = 1652;
INSERT INTO `loan_chattel` (`id`, `created_at`, `updated_at`, `customer_id`, `type`, `description`, `value_amount`, `expired_at`) VALUES (1652, '2022-01-02 15:56:22.210659', '2022-01-02 15:56:22.210659', 5642, 'bond', '一些信息', 30000, '2019-01-15');
UPDATE `loan_car` SET `created_at` = '2022-01-02 20:46:11.919335', `updated_at` = '2022-01-02 23:25:47.120306', `customer_id` = 5642, `model_id` = 110, `vin_number` = '622772180665735412', `date_produced` = '2012-11-12', `value_estimated` = 300000 WHERE `loan_car`.`id` = 4539;
INSERT INTO `loan_car` (`id`, `created_at`, `updated_at`, `customer_id`, `model_id`, `vin_number`, `date_produced`, `value_estimated`) VALUES (4539, '2022-01-02 20:46:11.919335', '2022-01-02 23:25:47.120306', 5642, 110, '622772180665735412', '2012-11-12', 300000);
UPDATE `loan_account` SET `created_at` = '2022-01-02 21:56:47.679641', `updated_at` = '2022-01-02 22:01:07.356047', `customer_id` = 5642, `number` = '445324526321409206', `balance` = 55935 WHERE `loan_account`.`id` = 5164;
INSERT INTO `loan_account` (`id`, `created_at`, `updated_at`, `customer_id`, `number`, `balance`) VALUES (5164, '2022-01-02 21:56:47.679641', '2022-01-02 22:01:07.356047', 5642, '445324526321409206', 55935);
UPDATE `loan_address` SET `created_at` = '2022-01-02 21:18:23.378951', `updated_at` = '2022-01-02 21:18:23.378951', `province` = '山东省', `city` = '菏泽市', `county` = '成武县', `town` = '成武县南鲁集镇', `detail` = '宝杨路东新大厦194号' WHERE `loan_address`.`id` = 9086;
INSERT INTO `loan_address` (`id`, `created_at`, `updated_at`, `province`, `city`, `county`, `town`, `detail`) VALUES (9086, '2022-01-02 21:18:23.378951', '2022-01-02 21:18:23.378951', '山东省', '菏泽市', '成武县', '成武县南鲁集镇', '宝杨路东新大厦194号');
UPDATE `loan_customer` SET `created_at` = '2022-01-02 21:18:23.378951', `updated_at` = '2022-01-02 22:23:09.385675', `name` = '周英', `id_number` = '872142160926863153', `gender` = 'f', `birthday` = '1991-12-04', `address_id` = 9086, `job_id` = 1867, `salary` = 34000 WHERE `loan_customer`.`id` = 5643;
INSERT INTO `loan_customer` (`id`, `created_at`, `updated_at`, `name`, `id_number`, `gender`, `birthday`, `address_id`, `job_id`, `salary`) VALUES (5643, '2022-01-02 21:18:23.378951', '2022-01-02 22:23:09.385675', '周英', '872142160926863153', 'f', '1991-12-04', 9086, 1867, 34000);
UPDATE `loan_car` SET `created_at` = '2022-01-02 23:44:24.216177', `updated_at` = '2022-01-02 23:49:24.141586', `customer_id` = 5643, `model_id` = 31, `vin_number` = '668430397542716408', `date_produced` = '2018-07-04', `value_estimated` = 270000 WHERE `loan_car`.`id` = 4540;
INSERT INTO `loan_car` (`id`, `created_at`, `updated_at`, `customer_id`, `model_id`, `vin_number`, `date_produced`, `value_estimated`) VALUES (4540, '2022-01-02 23:44:24.216177', '2022-01-02 23:49:24.141586', 5643, 31, '668430397542716408', '2018-07-04', 270000);
UPDATE `loan_account` SET `created_at` = '2022-01-02 23:28:57.183302', `updated_at` = '2022-01-02 23:46:58.101994', `customer_id` = 5643, `number` = '908412905378504524', `balance` = 0 WHERE `loan_account`.`id` = 5165;
INSERT INTO `loan_account` (`id`, `created_at`, `updated_at`, `customer_id`, `number`, `balance`) VALUES (5165, '2022-01-02 23:28:57.183302', '2022-01-02 23:46:58.101994', 5643, '908412905378504524', 0);
UPDATE `loan_address` SET `created_at` = '2022-01-02 05:49:39.580881', `updated_at` = '2022-01-02 05:49:39.580881', `province` = '云南省', `city` = '普洱市', `county` = '江城哈尼族彝族自治县', `town` = '整董镇', `detail` = '白兰路8号' WHERE `loan_address`.`id` = 9087;
INSERT INTO `loan_address` (`id`, `created_at`, `updated_at`, `province`, `city`, `county`, `town`, `detail`) VALUES (9087, '2022-01-02 05:49:39.580881', '2022-01-02 05:49:39.580881', '云南省', '普洱市', '江城哈尼族彝族自治县', '整董镇', '白兰路8号');
UPDATE `loan_customer` SET `created_at` = '2022-01-02 05:49:39.580881', `updated_at` = '2022-01-02 13:51:05.893678', `name` = '丁锐立', `id_number` = '250106283228682946', `gender` = 'f', `birthday` = '2003-10-20', `address_id` = 9087, `job_id` = 1867, `salary` = 57000 WHERE `loan_customer`.`id` = 5644;
INSERT INTO `loan_customer` (`id`, `created_at`, `updated_at`, `name`, `id_number`, `gender`, `birthday`, `address_id`, `job_id`, `salary`) VALUES (5644, '2022-01-02 05:49:39.580881', '2022-01-02 13:51:05.893678', '丁锐立', '250106283228682946', 'f', '2003-10-20', 9087, 1867, 57000);
UPDATE `loan_account` SET `created_at` = '2022-01-02 09:10:58.746652', `updated_at` = '2022-01-02 11:27:33.111173', `customer_id` = 5644, `number` = '924423641226674981', `balance` = 29779 WHERE `loan_account`.`id` = 5166;
INSERT INTO `loan_account` (`id`, `created_at`, `updated_at`, `customer_id`, `number`, `balance`) VALUES (5166, '2022-01-02 09:10:58.746652', '2022-01-02 11:27:33.111173', 5644, '924423641226674981', 29779);
UPDATE `loan_address` SET `created_at` = '2022-01-02 15:35:29.035914', `updated_at` = '2022-01-02 15:35:29.035914', `province` = '甘肃省', `city` = '陇南市', `county` = '礼县', `town` = '崖城镇', `detail` = '宝昌路124号' WHERE `loan_address`.`id` = 9088;
INSERT INTO `loan_address` (`id`, `created_at`, `updated_at`, `province`, `city`, `county`, `town`, `detail`) VALUES (9088, '2022-01-02 15:35:29.035914', '2022-01-02 15:35:29.035914', '甘肃省', '陇南市', '礼县', '崖城镇', '宝昌路124号');
UPDATE `loan_customer` SET `created_at` = '2022-01-02 15:35:29.035914', `updated_at` = '2022-01-02 21:21:24.787264', `name` = '董雅艳', `id_number` = '382788489914012892', `gender` = 'm', `birthday` = '1980-05-25', `address_id` = 9088, `job_id` = 1868, `salary` = 18000 WHERE `loan_customer`.`id` = 5645;
INSERT INTO `loan_customer` (`id`, `created_at`, `updated_at`, `name`, `id_number`, `gender`, `birthday`, `address_id`, `job_id`, `salary`) VALUES (5645, '2022-01-02 15:35:29.035914', '2022-01-02 21:21:24.787264', '董雅艳', '382788489914012892', 'm', '1980-05-25', 9088, 1868, 18000);
UPDATE `loan_car` SET `created_at` = '2022-01-02 21:34:46.310442', `updated_at` = '2022-01-02 21:34:46.310442', `customer_id` = 5645, `model_id` = 62, `vin_number` = '900827379650919481', `date_produced` = '2017-08-09', `value_estimated` = 70000 WHERE `loan_car`.`id` = 4541;
INSERT INTO `loan_car` (`id`, `created_at`, `updated_at`, `customer_id`, `model_id`, `vin_number`, `date_produced`, `value_estimated`) VALUES (4541, '2022-01-02 21:34:46.310442', '2022-01-02 21:34:46.310442', 5645, 62, '900827379650919481', '2017-08-09', 70000);
UPDATE `loan_account` SET `created_at` = '2022-01-02 17:50:43.100985', `updated_at` = '2022-01-02 17:50:43.100985', `customer_id` = 5645, `number` = '692653252828460046', `balance` = 45459 WHERE `loan_account`.`id` = 5167;
INSERT INTO `loan_account` (`id`, `created_at`, `updated_at`, `customer_id`, `number`, `balance`) VALUES (5167, '2022-01-02 17:50:43.100985', '2022-01-02 17:50:43.100985', 5645, '692653252828460046', 45459);
UPDATE `loan_address` SET `created_at` = '2022-01-02 10:56:46.890867', `updated_at` = '2022-01-02 10:56:46.890867', `province` = '黑龙江省', `city` = '鸡西市', `county` = '鸡东县', `town` = '鸡林乡', `detail` = '安图路169号' WHERE `loan_address`.`id` = 9089;
INSERT INTO `loan_address` (`id`, `created_at`, `updated_at`, `province`, `city`, `county`, `town`, `detail`) VALUES (9089, '2022-01-02 10:56:46.890867', '2022-01-02 10:56:46.890867', '黑龙江省', '鸡西市', '鸡东县', '鸡林乡', '安图路169号');
UPDATE `loan_customer` SET `created_at` = '2022-01-02 10:56:46.890867', `updated_at` = '2022-01-02 13:59:38.595038', `name` = '顾梦松', `id_number` = '331933754407210200', `gender` = 'f', `birthday` = '1980-08-08', `address_id` = 9089, `job_id` = 1868, `salary` = 35000 WHERE `loan_customer`.`id` = 5646;
INSERT INTO `loan_customer` (`id`, `created_at`, `updated_at`, `name`, `id_number`, `gender`, `birthday`, `address_id`, `job_id`, `salary`) VALUES (5646, '2022-01-02 10:56:46.890867', '2022-01-02 13:59:38.595038', '顾梦松', '331933754407210200', 'f', '1980-08-08', 9089, 1868, 35000);
UPDATE `loan_address` SET `created_at` = '2022-01-02 17:15:36.651615', `updated_at` = '2022-01-02 17:15:36.651615', `province` = '河南省', `city` = '平顶山市', `county` = '叶县', `town` = '马庄回族乡', `detail` = '白城路86号' WHERE `loan_address`.`id` = 9090;
INSERT INTO `loan_address` (`id`, `created_at`, `updated_at`, `province`, `city`, `county`, `town`, `detail`) VALUES (9090, '2022-01-02 17:15:36.651615', '2022-01-02 17:15:36.651615', '河南省', '平顶山市', '叶县', '马庄回族乡', '白城路86号');
UPDATE `loan_estate` SET `created_at` = '2022-01-02 17:15:36.651615', `updated_at` = '2022-01-02 17:15:36.651615', `customer_id` = 5646, `address_id` = 9090 WHERE `loan_estate`.`id` = 3357;
INSERT INTO `loan_estate` (`id`, `created_at`, `updated_at`, `customer_id`, `address_id`) VALUES (3357, '2022-01-02 17:15:36.651615', '2022-01-02 17:15:36.651615', 5646, 9090);
UPDATE `loan_account` SET `created_at` = '2022-01-02 16:25:13.155671', `updated_at` = '2022-01-02 16:25:13.155671', `customer_id` = 5646, `number` = '298331660555617580', `balance` = 4299 WHERE `loan_account`.`id` = 5168;
INSERT INTO `loan_account` (`id`, `created_at`, `updated_at`, `customer_id`, `number`, `balance`) VALUES (5168, '2022-01-02 16:25:13.155671', '2022-01-02 16:25:13.155671', 5646, '298331660555617580', 4299);
UPDATE `loan_address` SET `created_at` = '2022-01-02 03:36:56.527913', `updated_at` = '2022-01-02 03:36:56.527913', `province` = '青海省', `city` = '海东市', `county` = '化隆回族自治县', `town` = '雄先藏族乡', `detail` = '半淞园路114号' WHERE `loan_address`.`id` = 9091;
INSERT INTO `loan_address` (`id`, `created_at`, `updated_at`, `province`, `city`, `county`, `town`, `detail`) VALUES (9091, '2022-01-02 03:36:56.527913', '2022-01-02 03:36:56.527913', '青海省', '海东市', '化隆回族自治县', '雄先藏族乡', '半淞园路114号');
UPDATE `loan_customer` SET `created_at` = '2022-01-02 03:36:56.527913', `updated_at` = '2022-01-02 21:40:49.354232', `name` = '董怜晴', `id_number` = '921380339137775164', `gender` = 'f', `birthday` = '1993-02-26', `address_id` = 9091, `job_id` = 1868, `salary` = 9000 WHERE `loan_customer`.`id` = 5647;
INSERT INTO `loan_customer` (`id`, `created_at`, `updated_at`, `name`, `id_number`, `gender`, `birthday`, `address_id`, `job_id`, `salary`) VALUES (5647, '2022-01-02 03:36:56.527913', '2022-01-02 21:40:49.354232', '董怜晴', '921380339137775164', 'f', '1993-02-26', 9091, 1868, 9000);
UPDATE `loan_address` SET `created_at` = '2022-01-02 12:50:48.449786', `updated_at` = '2022-01-02 12:50:48.449786', `province` = '河北省', `city` = '石家庄市', `county` = '藁城区', `town` = '南营镇', `detail` = '安龙路69号' WHERE `loan_address`.`id` = 9092;
INSERT INTO `loan_address` (`id`, `created_at`, `updated_at`, `province`, `city`, `county`, `town`, `detail`) VALUES (9092, '2022-01-02 12:50:48.449786', '2022-01-02 12:50:48.449786', '河北省', '石家庄市', '藁城区', '南营镇', '安龙路69号');
UPDATE `loan_estate` SET `created_at` = '2022-01-02 12:50:48.449786', `updated_at` = '2022-01-02 12:50:48.449786', `customer_id` = 5647, `address_id` = 9092 WHERE `loan_estate`.`id` = 3358;
INSERT INTO `loan_estate` (`id`, `created_at`, `updated_at`, `customer_id`, `address_id`) VALUES (3358, '2022-01-02 12:50:48.449786', '2022-01-02 12:50:48.449786', 5647, 9092);
UPDATE `loan_car` SET `created_at` = '2022-01-02 03:47:09.570549', `updated_at` = '2022-01-02 03:47:09.570549', `customer_id` = 5647, `model_id` = 250, `vin_number` = '317285326402406230', `date_produced` = '2013-09-27', `value_estimated` = 580000 WHERE `loan_car`.`id` = 4542;
INSERT INTO `loan_car` (`id`, `created_at`, `updated_at`, `customer_id`, `model_id`, `vin_number`, `date_produced`, `value_estimated`) VALUES (4542, '2022-01-02 03:47:09.570549', '2022-01-02 03:47:09.570549', 5647, 250, '317285326402406230', '2013-09-27', 580000);
UPDATE `loan_account` SET `created_at` = '2022-01-02 17:30:17.187012', `updated_at` = '2022-01-02 23:31:21.894459', `customer_id` = 5647, `number` = '415756167405503001', `balance` = 0 WHERE `loan_account`.`id` = 5169;
INSERT INTO `loan_account` (`id`, `created_at`, `updated_at`, `customer_id`, `number`, `balance`) VALUES (5169, '2022-01-02 17:30:17.187012', '2022-01-02 23:31:21.894459', 5647, '415756167405503001', 0);
UPDATE `loan_address` SET `created_at` = '2022-01-02 15:23:39.513486', `updated_at` = '2022-01-02 15:23:39.513486', `province` = '吉林省', `city` = '四平市', `county` = '公主岭市', `town` = '大岭镇', `detail` = '白城南路住友嘉馨名园146号' WHERE `loan_address`.`id` = 9093;
INSERT INTO `loan_address` (`id`, `created_at`, `updated_at`, `province`, `city`, `county`, `town`, `detail`) VALUES (9093, '2022-01-02 15:23:39.513486', '2022-01-02 15:23:39.513486', '吉林省', '四平市', '公主岭市', '大岭镇', '白城南路住友嘉馨名园146号');
UPDATE `loan_customer` SET `created_at` = '2022-01-02 15:23:39.513486', `updated_at` = '2022-01-02 22:02:23.958434', `name` = '朱雄', `id_number` = '719056587886725087', `gender` = 'f', `birthday` = '2001-06-13', `address_id` = 9093, `job_id` = 1869, `salary` = 13000 WHERE `loan_customer`.`id` = 5648;
INSERT INTO `loan_customer` (`id`, `created_at`, `updated_at`, `name`, `id_number`, `gender`, `birthday`, `address_id`, `job_id`, `salary`) VALUES (5648, '2022-01-02 15:23:39.513486', '2022-01-02 22:02:23.958434', '朱雄', '719056587886725087', 'f', '2001-06-13', 9093, 1869, 13000);
UPDATE `loan_address` SET `created_at` = '2022-01-02 23:23:05.185002', `updated_at` = '2022-01-02 23:23:05.185002', `province` = '黑龙江省', `city` = '佳木斯市', `county` = '汤原县', `town` = '太平川乡', `detail` = '宝林路溢盈河畔别墅126号' WHERE `loan_address`.`id` = 9094;
INSERT INTO `loan_address` (`id`, `created_at`, `updated_at`, `province`, `city`, `county`, `town`, `detail`) VALUES (9094, '2022-01-02 23:23:05.185002', '2022-01-02 23:23:05.185002', '黑龙江省', '佳木斯市', '汤原县', '太平川乡', '宝林路溢盈河畔别墅126号');
UPDATE `loan_estate` SET `created_at` = '2022-01-02 23:23:05.185002', `updated_at` = '2022-01-02 23:23:05.185002', `customer_id` = 5648, `address_id` = 9094 WHERE `loan_estate`.`id` = 3359;
INSERT INTO `loan_estate` (`id`, `created_at`, `updated_at`, `customer_id`, `address_id`) VALUES (3359, '2022-01-02 23:23:05.185002', '2022-01-02 23:23:05.185002', 5648, 9094);
UPDATE `loan_account` SET `created_at` = '2022-01-02 17:37:05.142697', `updated_at` = '2022-01-02 17:37:05.142697', `customer_id` = 5648, `number` = '755505413928274088', `balance` = 34409 WHERE `loan_account`.`id` = 5170;
INSERT INTO `loan_account` (`id`, `created_at`, `updated_at`, `customer_id`, `number`, `balance`) VALUES (5170, '2022-01-02 17:37:05.142697', '2022-01-02 17:37:05.142697', 5648, '755505413928274088', 34409);
UPDATE `loan_address` SET `created_at` = '2022-01-02 12:26:46.064171', `updated_at` = '2022-01-02 12:26:46.064171', `province` = '广东省', `city` = '河源市', `county` = '连平县', `town` = '元善镇', `detail` = '安边路155号' WHERE `loan_address`.`id` = 9095;
INSERT INTO `loan_address` (`id`, `created_at`, `updated_at`, `province`, `city`, `county`, `town`, `detail`) VALUES (9095, '2022-01-02 12:26:46.064171', '2022-01-02 12:26:46.064171', '广东省', '河源市', '连平县', '元善镇', '安边路155号');
UPDATE `loan_customer` SET `created_at` = '2022-01-02 12:26:46.064171', `updated_at` = '2022-01-02 12:26:46.064171', `name` = '崔力言', `id_number` = '995632947125555099', `gender` = 'm', `birthday` = '1988-10-29', `address_id` = 9095, `job_id` = 1869, `salary` = 11000 WHERE `loan_customer`.`id` = 5649;
INSERT INTO `loan_customer` (`id`, `created_at`, `updated_at`, `name`, `id_number`, `gender`, `birthday`, `address_id`, `job_id`, `salary`) VALUES (5649, '2022-01-02 12:26:46.064171', '2022-01-02 12:26:46.064171', '崔力言', '995632947125555099', 'm', '1988-10-29', 9095, 1869, 11000);
UPDATE `loan_car` SET `created_at` = '2022-01-02 23:45:11.929149', `updated_at` = '2022-01-02 23:45:11.929149', `customer_id` = 5649, `model_id` = 35, `vin_number` = '460426345130230358', `date_produced` = '2019-05-20', `value_estimated` = 360000 WHERE `loan_car`.`id` = 4543;
INSERT INTO `loan_car` (`id`, `created_at`, `updated_at`, `customer_id`, `model_id`, `vin_number`, `date_produced`, `value_estimated`) VALUES (4543, '2022-01-02 23:45:11.929149', '2022-01-02 23:45:11.929149', 5649, 35, '460426345130230358', '2019-05-20', 360000);
UPDATE `loan_account` SET `created_at` = '2022-01-02 21:41:49.494469', `updated_at` = '2022-01-02 21:41:49.494469', `customer_id` = 5649, `number` = '498773480059107839', `balance` = 72171 WHERE `loan_account`.`id` = 5171;
INSERT INTO `loan_account` (`id`, `created_at`, `updated_at`, `customer_id`, `number`, `balance`) VALUES (5171, '2022-01-02 21:41:49.494469', '2022-01-02 21:41:49.494469', 5649, '498773480059107839', 72171);
UPDATE `loan_address` SET `created_at` = '2022-01-02 20:59:27.501060', `updated_at` = '2022-01-02 20:59:27.501060', `province` = '新疆维吾尔自治区', `city` = '喀什地区', `county` = '疏附县', `town` = '布拉克苏乡', `detail` = '白玉路复华城市花园2号' WHERE `loan_address`.`id` = 9096;
INSERT INTO `loan_address` (`id`, `created_at`, `updated_at`, `province`, `city`, `county`, `town`, `detail`) VALUES (9096, '2022-01-02 20:59:27.501060', '2022-01-02 20:59:27.501060', '新疆维吾尔自治区', '喀什地区', '疏附县', '布拉克苏乡', '白玉路复华城市花园2号');
UPDATE `loan_customer` SET `created_at` = '2022-01-02 20:59:27.501060', `updated_at` = '2022-01-02 21:11:01.703674', `name` = '石御', `id_number` = '957201759138899386', `gender` = 'm', `birthday` = '1983-02-22', `address_id` = 9096, `job_id` = 1869, `salary` = 32000 WHERE `loan_customer`.`id` = 5650;
INSERT INTO `loan_customer` (`id`, `created_at`, `updated_at`, `name`, `id_number`, `gender`, `birthday`, `address_id`, `job_id`, `salary`) VALUES (5650, '2022-01-02 20:59:27.501060', '2022-01-02 21:11:01.703674', '石御', '957201759138899386', 'm', '1983-02-22', 9096, 1869, 32000);
UPDATE `loan_address` SET `created_at` = '2022-01-02 22:20:36.155966', `updated_at` = '2022-01-02 22:20:36.155966', `province` = '黑龙江省', `city` = '双鸭山市', `county` = '饶河县', `town` = '饶河镇', `detail` = '爱国路17号' WHERE `loan_address`.`id` = 9097;
INSERT INTO `loan_address` (`id`, `created_at`, `updated_at`, `province`, `city`, `county`, `town`, `detail`) VALUES (9097, '2022-01-02 22:20:36.155966', '2022-01-02 22:20:36.155966', '黑龙江省', '双鸭山市', '饶河县', '饶河镇', '爱国路17号');
UPDATE `loan_estate` SET `created_at` = '2022-01-02 22:20:36.155966', `updated_at` = '2022-01-02 22:20:36.155966', `customer_id` = 5650, `address_id` = 9097 WHERE `loan_estate`.`id` = 3360;
INSERT INTO `loan_estate` (`id`, `created_at`, `updated_at`, `customer_id`, `address_id`) VALUES (3360, '2022-01-02 22:20:36.155966', '2022-01-02 22:20:36.155966', 5650, 9097);
UPDATE `loan_car` SET `created_at` = '2022-01-02 22:54:49.296420', `updated_at` = '2022-01-02 22:54:49.296420', `customer_id` = 5650, `model_id` = 65, `vin_number` = '224449744255482009', `date_produced` = '2016-01-23', `value_estimated` = 330000 WHERE `loan_car`.`id` = 4544;
INSERT INTO `loan_car` (`id`, `created_at`, `updated_at`, `customer_id`, `model_id`, `vin_number`, `date_produced`, `value_estimated`) VALUES (4544, '2022-01-02 22:54:49.296420', '2022-01-02 22:54:49.296420', 5650, 65, '224449744255482009', '2016-01-23', 330000);
UPDATE `loan_account` SET `created_at` = '2022-01-02 22:41:55.635575', `updated_at` = '2022-01-02 23:06:50.535981', `customer_id` = 5650, `number` = '586299529147872959', `balance` = 119268 WHERE `loan_account`.`id` = 5172;
INSERT INTO `loan_account` (`id`, `created_at`, `updated_at`, `customer_id`, `number`, `balance`) VALUES (5172, '2022-01-02 22:41:55.635575', '2022-01-02 23:06:50.535981', 5650, '586299529147872959', 119268);
UPDATE `loan_address` SET `created_at` = '2022-01-02 23:36:11.485376', `updated_at` = '2022-01-02 23:36:11.485376', `province` = '甘肃省', `city` = '临夏回族自治州', `county` = '广河县', `town` = '祁家集镇', `detail` = '安图路菊园五街坊38号' WHERE `loan_address`.`id` = 9098;
INSERT INTO `loan_address` (`id`, `created_at`, `updated_at`, `province`, `city`, `county`, `town`, `detail`) VALUES (9098, '2022-01-02 23:36:11.485376', '2022-01-02 23:36:11.485376', '甘肃省', '临夏回族自治州', '广河县', '祁家集镇', '安图路菊园五街坊38号');
UPDATE `loan_customer` SET `created_at` = '2022-01-02 23:36:11.485376', `updated_at` = '2022-01-02 23:58:53.837321', `name` = '钱依丝', `id_number` = '554183076067494646', `gender` = 'f', `birthday` = '1985-11-28', `address_id` = 9098, `job_id` = 1870, `salary` = 16000 WHERE `loan_customer`.`id` = 5651;
INSERT INTO `loan_customer` (`id`, `created_at`, `updated_at`, `name`, `id_number`, `gender`, `birthday`, `address_id`, `job_id`, `salary`) VALUES (5651, '2022-01-02 23:36:11.485376', '2022-01-02 23:58:53.837321', '钱依丝', '554183076067494646', 'f', '1985-11-28', 9098, 1870, 16000);
UPDATE `loan_address` SET `created_at` = '2022-01-02 23:59:07.451590', `updated_at` = '2022-01-02 23:59:07.451590', `province` = '甘肃省', `city` = '临夏回族自治州', `county` = '广河县', `town` = '祁家集镇', `detail` = '安仁路东新大厦110号' WHERE `loan_address`.`id` = 9099;
INSERT INTO `loan_address` (`id`, `created_at`, `updated_at`, `province`, `city`, `county`, `town`, `detail`) VALUES (9099, '2022-01-02 23:59:07.451590', '2022-01-02 23:59:07.451590', '甘肃省', '临夏回族自治州', '广河县', '祁家集镇', '安仁路东新大厦110号');
UPDATE `loan_estate` SET `created_at` = '2022-01-02 23:59:07.451590', `updated_at` = '2022-01-02 23:59:07.451590', `customer_id` = 5651, `address_id` = 9099 WHERE `loan_estate`.`id` = 3361;
INSERT INTO `loan_estate` (`id`, `created_at`, `updated_at`, `customer_id`, `address_id`) VALUES (3361, '2022-01-02 23:59:07.451590', '2022-01-02 23:59:07.451590', 5651, 9099);
UPDATE `loan_car` SET `created_at` = '2022-01-02 23:46:00.958153', `updated_at` = '2022-01-02 23:46:00.958153', `customer_id` = 5651, `model_id` = 3, `vin_number` = '739197671563339923', `date_produced` = '2012-02-10', `value_estimated` = 40000 WHERE `loan_car`.`id` = 4545;
INSERT INTO `loan_car` (`id`, `created_at`, `updated_at`, `customer_id`, `model_id`, `vin_number`, `date_produced`, `value_estimated`) VALUES (4545, '2022-01-02 23:46:00.958153', '2022-01-02 23:46:00.958153', 5651, 3, '739197671563339923', '2012-02-10', 40000);
UPDATE `loan_car` SET `created_at` = '2022-01-02 23:51:18.176554', `updated_at` = '2022-01-02 23:51:18.176554', `customer_id` = 5651, `model_id` = 203, `vin_number` = '500033603954691701', `date_produced` = '2013-05-25', `value_estimated` = 30000 WHERE `loan_car`.`id` = 4546;
INSERT INTO `loan_car` (`id`, `created_at`, `updated_at`, `customer_id`, `model_id`, `vin_number`, `date_produced`, `value_estimated`) VALUES (4546, '2022-01-02 23:51:18.176554', '2022-01-02 23:51:18.176554', 5651, 203, '500033603954691701', '2013-05-25', 30000);
UPDATE `loan_account` SET `created_at` = '2022-01-02 23:38:17.600571', `updated_at` = '2022-01-02 23:38:17.600571', `customer_id` = 5651, `number` = '840011248466243370', `balance` = 129408 WHERE `loan_account`.`id` = 5173;
INSERT INTO `loan_account` (`id`, `created_at`, `updated_at`, `customer_id`, `number`, `balance`) VALUES (5173, '2022-01-02 23:38:17.600571', '2022-01-02 23:38:17.600571', 5651, '840011248466243370', 129408);
UPDATE `loan_address` SET `created_at` = '2022-01-02 07:09:58.716319', `updated_at` = '2022-01-02 07:09:58.716319', `province` = '山东省', `city` = '菏泽市', `county` = '成武县', `town` = '成武县南鲁集镇', `detail` = '宝杨路126号' WHERE `loan_address`.`id` = 9100;
INSERT INTO `loan_address` (`id`, `created_at`, `updated_at`, `province`, `city`, `county`, `town`, `detail`) VALUES (9100, '2022-01-02 07:09:58.716319', '2022-01-02 07:09:58.716319', '山东省', '菏泽市', '成武县', '成武县南鲁集镇', '宝杨路126号');
UPDATE `loan_customer` SET `created_at` = '2022-01-02 07:09:58.716319', `updated_at` = '2022-01-02 07:09:58.716319', `name` = '文锐利', `id_number` = '519500493874631622', `gender` = 'm', `birthday` = '2008-12-01', `address_id` = 9100, `job_id` = 1870, `salary` = 18000 WHERE `loan_customer`.`id` = 5652;
INSERT INTO `loan_customer` (`id`, `created_at`, `updated_at`, `name`, `id_number`, `gender`, `birthday`, `address_id`, `job_id`, `salary`) VALUES (5652, '2022-01-02 07:09:58.716319', '2022-01-02 07:09:58.716319', '文锐利', '519500493874631622', 'm', '2008-12-01', 9100, 1870, 18000);
UPDATE `loan_car` SET `created_at` = '2022-01-02 23:30:28.732612', `updated_at` = '2022-01-02 23:30:28.732612', `customer_id` = 5652, `model_id` = 300, `vin_number` = '616398498100949051', `date_produced` = '2013-01-07', `value_estimated` = 190000 WHERE `loan_car`.`id` = 4547;
INSERT INTO `loan_car` (`id`, `created_at`, `updated_at`, `customer_id`, `model_id`, `vin_number`, `date_produced`, `value_estimated`) VALUES (4547, '2022-01-02 23:30:28.732612', '2022-01-02 23:30:28.732612', 5652, 300, '616398498100949051', '2013-01-07', 190000);
UPDATE `loan_address` SET `created_at` = '2022-01-02 07:14:00.974378', `updated_at` = '2022-01-02 07:14:00.974378', `province` = '吉林省', `city` = '长春市', `county` = '长春高新技术产业开发区', `town` = '硅谷街道办事处', `detail` = '澳门路住友嘉馨名园49号' WHERE `loan_address`.`id` = 9101;
INSERT INTO `loan_address` (`id`, `created_at`, `updated_at`, `province`, `city`, `county`, `town`, `detail`) VALUES (9101, '2022-01-02 07:14:00.974378', '2022-01-02 07:14:00.974378', '吉林省', '长春市', '长春高新技术产业开发区', '硅谷街道办事处', '澳门路住友嘉馨名园49号');
UPDATE `loan_customer` SET `created_at` = '2022-01-02 07:14:00.974378', `updated_at` = '2022-01-02 07:14:00.974378', `name` = '吴元', `id_number` = '964829829718539006', `gender` = 'f', `birthday` = '1995-01-31', `address_id` = 9101, `job_id` = 1870, `salary` = 28000 WHERE `loan_customer`.`id` = 5653;
INSERT INTO `loan_customer` (`id`, `created_at`, `updated_at`, `name`, `id_number`, `gender`, `birthday`, `address_id`, `job_id`, `salary`) VALUES (5653, '2022-01-02 07:14:00.974378', '2022-01-02 07:14:00.974378', '吴元', '964829829718539006', 'f', '1995-01-31', 9101, 1870, 28000);
UPDATE `loan_car` SET `created_at` = '2022-01-02 23:46:36.231511', `updated_at` = '2022-01-02 23:58:23.532623', `customer_id` = 5653, `model_id` = 248, `vin_number` = '731509759236365760', `date_produced` = '2019-09-08', `value_estimated` = 170000 WHERE `loan_car`.`id` = 4548;
INSERT INTO `loan_car` (`id`, `created_at`, `updated_at`, `customer_id`, `model_id`, `vin_number`, `date_produced`, `value_estimated`) VALUES (4548, '2022-01-02 23:46:36.231511', '2022-01-02 23:58:23.532623', 5653, 248, '731509759236365760', '2019-09-08', 170000);
UPDATE `loan_car` SET `created_at` = '2022-01-02 12:39:11.821258', `updated_at` = '2022-01-02 22:24:54.899799', `customer_id` = 5653, `model_id` = 197, `vin_number` = '793509598308934428', `date_produced` = '2015-11-29', `value_estimated` = 160000 WHERE `loan_car`.`id` = 4549;
INSERT INTO `loan_car` (`id`, `created_at`, `updated_at`, `customer_id`, `model_id`, `vin_number`, `date_produced`, `value_estimated`) VALUES (4549, '2022-01-02 12:39:11.821258', '2022-01-02 22:24:54.899799', 5653, 197, '793509598308934428', '2015-11-29', 160000);
UPDATE `loan_account` SET `created_at` = '2022-01-02 19:46:47.596551', `updated_at` = '2022-01-02 19:46:47.596551', `customer_id` = 5653, `number` = '969584904202580469', `balance` = 143693 WHERE `loan_account`.`id` = 5174;
INSERT INTO `loan_account` (`id`, `created_at`, `updated_at`, `customer_id`, `number`, `balance`) VALUES (5174, '2022-01-02 19:46:47.596551', '2022-01-02 19:46:47.596551', 5653, '969584904202580469', 143693);
UPDATE `loan_address` SET `created_at` = '2022-01-02 20:03:18.062353', `updated_at` = '2022-01-02 20:03:18.062353', `province` = '重庆市', `city` = '县', `county` = '彭水苗族土家族自治县', `town` = '大垭乡', `detail` = '澳门路阳光翠竹苑167号' WHERE `loan_address`.`id` = 9102;
INSERT INTO `loan_address` (`id`, `created_at`, `updated_at`, `province`, `city`, `county`, `town`, `detail`) VALUES (9102, '2022-01-02 20:03:18.062353', '2022-01-02 20:03:18.062353', '重庆市', '县', '彭水苗族土家族自治县', '大垭乡', '澳门路阳光翠竹苑167号');
UPDATE `loan_customer` SET `created_at` = '2022-01-02 20:03:18.062353', `updated_at` = '2022-01-02 20:40:39.987188', `name` = '汤乐游', `id_number` = '325082831394989663', `gender` = 'f', `birthday` = '1998-07-29', `address_id` = 9102, `job_id` = 1871, `salary` = 28000 WHERE `loan_customer`.`id` = 5654;
INSERT INTO `loan_customer` (`id`, `created_at`, `updated_at`, `name`, `id_number`, `gender`, `birthday`, `address_id`, `job_id`, `salary`) VALUES (5654, '2022-01-02 20:03:18.062353', '2022-01-02 20:40:39.987188', '汤乐游', '325082831394989663', 'f', '1998-07-29', 9102, 1871, 28000);
UPDATE `loan_chattel` SET `created_at` = '2022-01-02 20:45:31.825384', `updated_at` = '2022-01-02 20:45:31.825384', `customer_id` = 5654, `type` = 'bond', `description` = '一些信息', `value_amount` = 320000, `expired_at` = '2032-04-26' WHERE `loan_chattel`.`id` = 1653;
INSERT INTO `loan_chattel` (`id`, `created_at`, `updated_at`, `customer_id`, `type`, `description`, `value_amount`, `expired_at`) VALUES (1653, '2022-01-02 20:45:31.825384', '2022-01-02 20:45:31.825384', 5654, 'bond', '一些信息', 320000, '2032-04-26');
UPDATE `loan_account` SET `created_at` = '2022-01-02 20:14:39.635023', `updated_at` = '2022-01-02 20:14:39.635023', `customer_id` = 5654, `number` = '592637327182180823', `balance` = 26020 WHERE `loan_account`.`id` = 5175;
INSERT INTO `loan_account` (`id`, `created_at`, `updated_at`, `customer_id`, `number`, `balance`) VALUES (5175, '2022-01-02 20:14:39.635023', '2022-01-02 20:14:39.635023', 5654, '592637327182180823', 26020);
UPDATE `loan_address` SET `created_at` = '2022-01-02 23:38:05.905414', `updated_at` = '2022-01-02 23:38:05.905414', `province` = '四川省', `city` = '眉山市', `county` = '仁寿县', `town` = '彰加镇', `detail` = '安国路菊园五街坊175号' WHERE `loan_address`.`id` = 9103;
INSERT INTO `loan_address` (`id`, `created_at`, `updated_at`, `province`, `city`, `county`, `town`, `detail`) VALUES (9103, '2022-01-02 23:38:05.905414', '2022-01-02 23:38:05.905414', '四川省', '眉山市', '仁寿县', '彰加镇', '安国路菊园五街坊175号');
UPDATE `loan_customer` SET `created_at` = '2022-01-02 23:38:05.905414', `updated_at` = '2022-01-02 23:45:40.417487', `name` = '卢喜', `id_number` = '926232792548448158', `gender` = 'm', `birthday` = '2008-06-26', `address_id` = 9103, `job_id` = 1872, `salary` = 19000 WHERE `loan_customer`.`id` = 5655;
INSERT INTO `loan_customer` (`id`, `created_at`, `updated_at`, `name`, `id_number`, `gender`, `birthday`, `address_id`, `job_id`, `salary`) VALUES (5655, '2022-01-02 23:38:05.905414', '2022-01-02 23:45:40.417487', '卢喜', '926232792548448158', 'm', '2008-06-26', 9103, 1872, 19000);
UPDATE `loan_address` SET `created_at` = '2022-01-02 23:51:14.350241', `updated_at` = '2022-01-02 23:51:14.350241', `province` = '内蒙古自治区', `city` = '锡林郭勒盟', `county` = '锡林浩特市', `town` = '阿尔善宝拉格镇', `detail` = '宝山路东新大厦183号' WHERE `loan_address`.`id` = 9104;
INSERT INTO `loan_address` (`id`, `created_at`, `updated_at`, `province`, `city`, `county`, `town`, `detail`) VALUES (9104, '2022-01-02 23:51:14.350241', '2022-01-02 23:51:14.350241', '内蒙古自治区', '锡林郭勒盟', '锡林浩特市', '阿尔善宝拉格镇', '宝山路东新大厦183号');
UPDATE `loan_estate` SET `created_at` = '2022-01-02 23:51:14.350241', `updated_at` = '2022-01-02 23:51:14.350241', `customer_id` = 5655, `address_id` = 9104 WHERE `loan_estate`.`id` = 3362;
INSERT INTO `loan_estate` (`id`, `created_at`, `updated_at`, `customer_id`, `address_id`) VALUES (3362, '2022-01-02 23:51:14.350241', '2022-01-02 23:51:14.350241', 5655, 9104);
UPDATE `loan_car` SET `created_at` = '2022-01-02 23:50:19.398104', `updated_at` = '2022-01-02 23:50:19.398104', `customer_id` = 5655, `model_id` = 255, `vin_number` = '923717731037539176', `date_produced` = '2020-10-15', `value_estimated` = 280000 WHERE `loan_car`.`id` = 4550;
INSERT INTO `loan_car` (`id`, `created_at`, `updated_at`, `customer_id`, `model_id`, `vin_number`, `date_produced`, `value_estimated`) VALUES (4550, '2022-01-02 23:50:19.398104', '2022-01-02 23:50:19.398104', 5655, 255, '923717731037539176', '2020-10-15', 280000);
UPDATE `loan_account` SET `created_at` = '2022-01-02 23:38:24.236638', `updated_at` = '2022-01-02 23:38:24.236638', `customer_id` = 5655, `number` = '676333277194706123', `balance` = 12818 WHERE `loan_account`.`id` = 5176;
INSERT INTO `loan_account` (`id`, `created_at`, `updated_at`, `customer_id`, `number`, `balance`) VALUES (5176, '2022-01-02 23:38:24.236638', '2022-01-02 23:38:24.236638', 5655, '676333277194706123', 12818);
UPDATE `loan_address` SET `created_at` = '2022-01-02 14:28:13.773185', `updated_at` = '2022-01-02 14:28:13.773185', `province` = '四川省', `city` = '巴中市', `county` = '通江县', `town` = '新场镇', `detail` = '半淞园路66号' WHERE `loan_address`.`id` = 9105;
INSERT INTO `loan_address` (`id`, `created_at`, `updated_at`, `province`, `city`, `county`, `town`, `detail`) VALUES (9105, '2022-01-02 14:28:13.773185', '2022-01-02 14:28:13.773185', '四川省', '巴中市', '通江县', '新场镇', '半淞园路66号');
UPDATE `loan_customer` SET `created_at` = '2022-01-02 14:28:13.773185', `updated_at` = '2022-01-02 19:44:09.993007', `name` = '陆波', `id_number` = '524661898064536296', `gender` = 'm', `birthday` = '1985-01-16', `address_id` = 9105, `job_id` = 1873, `salary` = 24000 WHERE `loan_customer`.`id` = 5656;
INSERT INTO `loan_customer` (`id`, `created_at`, `updated_at`, `name`, `id_number`, `gender`, `birthday`, `address_id`, `job_id`, `salary`) VALUES (5656, '2022-01-02 14:28:13.773185', '2022-01-02 19:44:09.993007', '陆波', '524661898064536296', 'm', '1985-01-16', 9105, 1873, 24000);
UPDATE `loan_chattel` SET `created_at` = '2022-01-02 17:12:01.562629', `updated_at` = '2022-01-02 20:53:27.088376', `customer_id` = 5656, `type` = 'promissory_note', `description` = '一些信息', `value_amount` = 160000, `expired_at` = '2024-12-10' WHERE `loan_chattel`.`id` = 1654;
INSERT INTO `loan_chattel` (`id`, `created_at`, `updated_at`, `customer_id`, `type`, `description`, `value_amount`, `expired_at`) VALUES (1654, '2022-01-02 17:12:01.562629', '2022-01-02 20:53:27.088376', 5656, 'promissory_note', '一些信息', 160000, '2024-12-10');
UPDATE `loan_car` SET `created_at` = '2022-01-02 21:33:02.626812', `updated_at` = '2022-01-02 21:33:02.626812', `customer_id` = 5656, `model_id` = 180, `vin_number` = '879569827409722673', `date_produced` = '2016-06-11', `value_estimated` = 440000 WHERE `loan_car`.`id` = 4551;
INSERT INTO `loan_car` (`id`, `created_at`, `updated_at`, `customer_id`, `model_id`, `vin_number`, `date_produced`, `value_estimated`) VALUES (4551, '2022-01-02 21:33:02.626812', '2022-01-02 21:33:02.626812', 5656, 180, '879569827409722673', '2016-06-11', 440000);
UPDATE `loan_account` SET `created_at` = '2022-01-02 17:54:55.465771', `updated_at` = '2022-01-02 17:54:55.465771', `customer_id` = 5656, `number` = '425056907078726016', `balance` = 2748 WHERE `loan_account`.`id` = 5177;
INSERT INTO `loan_account` (`id`, `created_at`, `updated_at`, `customer_id`, `number`, `balance`) VALUES (5177, '2022-01-02 17:54:55.465771', '2022-01-02 17:54:55.465771', 5656, '425056907078726016', 2748);
UPDATE `loan_address` SET `created_at` = '2022-01-02 11:19:39.636329', `updated_at` = '2022-01-02 11:19:39.636329', `province` = '安徽省', `city` = '安庆市', `county` = '桐城市', `town` = '桐城双新经济开发区', `detail` = '安国路152号' WHERE `loan_address`.`id` = 9106;
INSERT INTO `loan_address` (`id`, `created_at`, `updated_at`, `province`, `city`, `county`, `town`, `detail`) VALUES (9106, '2022-01-02 11:19:39.636329', '2022-01-02 11:19:39.636329', '安徽省', '安庆市', '桐城市', '桐城双新经济开发区', '安国路152号');
UPDATE `loan_customer` SET `created_at` = '2022-01-02 11:19:39.636329', `updated_at` = '2022-01-02 11:19:39.636329', `name` = '董璧', `id_number` = '262947948972237659', `gender` = 'm', `birthday` = '1980-09-29', `address_id` = 9106, `job_id` = 1873, `salary` = 9000 WHERE `loan_customer`.`id` = 5657;
INSERT INTO `loan_customer` (`id`, `created_at`, `updated_at`, `name`, `id_number`, `gender`, `birthday`, `address_id`, `job_id`, `salary`) VALUES (5657, '2022-01-02 11:19:39.636329', '2022-01-02 11:19:39.636329', '董璧', '262947948972237659', 'm', '1980-09-29', 9106, 1873, 9000);
UPDATE `loan_address` SET `created_at` = '2022-01-02 22:13:31.535105', `updated_at` = '2022-01-02 22:13:31.535105', `province` = '四川省', `city` = '广安市', `county` = '岳池县', `town` = '坪滩镇', `detail` = '白城南路真新六街坊161号' WHERE `loan_address`.`id` = 9107;
INSERT INTO `loan_address` (`id`, `created_at`, `updated_at`, `province`, `city`, `county`, `town`, `detail`) VALUES (9107, '2022-01-02 22:13:31.535105', '2022-01-02 22:13:31.535105', '四川省', '广安市', '岳池县', '坪滩镇', '白城南路真新六街坊161号');
UPDATE `loan_estate` SET `created_at` = '2022-01-02 22:13:31.535105', `updated_at` = '2022-01-02 22:13:31.535105', `customer_id` = 5657, `address_id` = 9107 WHERE `loan_estate`.`id` = 3363;
INSERT INTO `loan_estate` (`id`, `created_at`, `updated_at`, `customer_id`, `address_id`) VALUES (3363, '2022-01-02 22:13:31.535105', '2022-01-02 22:13:31.535105', 5657, 9107);
UPDATE `loan_car` SET `created_at` = '2022-01-02 14:58:33.486038', `updated_at` = '2022-01-02 20:53:03.393257', `customer_id` = 5657, `model_id` = 298, `vin_number` = '961018058569301220', `date_produced` = '2019-07-08', `value_estimated` = 430000 WHERE `loan_car`.`id` = 4552;
INSERT INTO `loan_car` (`id`, `created_at`, `updated_at`, `customer_id`, `model_id`, `vin_number`, `date_produced`, `value_estimated`) VALUES (4552, '2022-01-02 14:58:33.486038', '2022-01-02 20:53:03.393257', 5657, 298, '961018058569301220', '2019-07-08', 430000);
UPDATE `loan_account` SET `created_at` = '2022-01-02 12:00:52.411576', `updated_at` = '2022-01-02 21:21:57.935071', `customer_id` = 5657, `number` = '331553011290577645', `balance` = 17441 WHERE `loan_account`.`id` = 5178;
INSERT INTO `loan_account` (`id`, `created_at`, `updated_at`, `customer_id`, `number`, `balance`) VALUES (5178, '2022-01-02 12:00:52.411576', '2022-01-02 21:21:57.935071', 5657, '331553011290577645', 17441);
UPDATE `loan_address` SET `created_at` = '2022-01-02 08:31:50.893806', `updated_at` = '2022-01-02 08:31:50.893806', `province` = '吉林省', `city` = '四平市', `county` = '公主岭市', `town` = '大岭镇', `detail` = '安仁路156号' WHERE `loan_address`.`id` = 9108;
INSERT INTO `loan_address` (`id`, `created_at`, `updated_at`, `province`, `city`, `county`, `town`, `detail`) VALUES (9108, '2022-01-02 08:31:50.893806', '2022-01-02 08:31:50.893806', '吉林省', '四平市', '公主岭市', '大岭镇', '安仁路156号');
UPDATE `loan_customer` SET `created_at` = '2022-01-02 08:31:50.893806', `updated_at` = '2022-01-02 17:15:12.880029', `name` = '乔纯', `id_number` = '579953338587385879', `gender` = 'f', `birthday` = '1984-06-26', `address_id` = 9108, `job_id` = 1873, `salary` = 41000 WHERE `loan_customer`.`id` = 5658;
INSERT INTO `loan_customer` (`id`, `created_at`, `updated_at`, `name`, `id_number`, `gender`, `birthday`, `address_id`, `job_id`, `salary`) VALUES (5658, '2022-01-02 08:31:50.893806', '2022-01-02 17:15:12.880029', '乔纯', '579953338587385879', 'f', '1984-06-26', 9108, 1873, 41000);
UPDATE `loan_chattel` SET `created_at` = '2022-01-02 09:55:56.432552', `updated_at` = '2022-01-02 09:55:56.432552', `customer_id` = 5658, `type` = 'bond', `description` = '一些信息', `value_amount` = 20000, `expired_at` = '2034-04-26' WHERE `loan_chattel`.`id` = 1655;
INSERT INTO `loan_chattel` (`id`, `created_at`, `updated_at`, `customer_id`, `type`, `description`, `value_amount`, `expired_at`) VALUES (1655, '2022-01-02 09:55:56.432552', '2022-01-02 09:55:56.432552', 5658, 'bond', '一些信息', 20000, '2034-04-26');
UPDATE `loan_chattel` SET `created_at` = '2022-01-02 21:58:49.929672', `updated_at` = '2022-01-02 21:58:49.929672', `customer_id` = 5658, `type` = 'patent', `description` = '一些信息', `value_amount` = 180000, `expired_at` = '2024-07-19' WHERE `loan_chattel`.`id` = 1656;
INSERT INTO `loan_chattel` (`id`, `created_at`, `updated_at`, `customer_id`, `type`, `description`, `value_amount`, `expired_at`) VALUES (1656, '2022-01-02 21:58:49.929672', '2022-01-02 21:58:49.929672', 5658, 'patent', '一些信息', 180000, '2024-07-19');
UPDATE `loan_car` SET `created_at` = '2022-01-02 10:20:44.901569', `updated_at` = '2022-01-02 10:20:44.901569', `customer_id` = 5658, `model_id` = 102, `vin_number` = '355731976816348652', `date_produced` = '2012-11-13', `value_estimated` = 480000 WHERE `loan_car`.`id` = 4553;
INSERT INTO `loan_car` (`id`, `created_at`, `updated_at`, `customer_id`, `model_id`, `vin_number`, `date_produced`, `value_estimated`) VALUES (4553, '2022-01-02 10:20:44.901569', '2022-01-02 10:20:44.901569', 5658, 102, '355731976816348652', '2012-11-13', 480000);
UPDATE `loan_account` SET `created_at` = '2022-01-02 16:42:31.707741', `updated_at` = '2022-01-02 22:37:47.993927', `customer_id` = 5658, `number` = '869159687237559584', `balance` = 95352 WHERE `loan_account`.`id` = 5179;
INSERT INTO `loan_account` (`id`, `created_at`, `updated_at`, `customer_id`, `number`, `balance`) VALUES (5179, '2022-01-02 16:42:31.707741', '2022-01-02 22:37:47.993927', 5658, '869159687237559584', 95352);
UPDATE `loan_address` SET `created_at` = '2022-01-02 12:19:53.129426', `updated_at` = '2022-01-02 12:19:53.129426', `province` = '广西壮族自治区', `city` = '桂林市', `county` = '阳朔县', `town` = '福利镇', `detail` = '北艾路爱里舍花园20号' WHERE `loan_address`.`id` = 9109;
INSERT INTO `loan_address` (`id`, `created_at`, `updated_at`, `province`, `city`, `county`, `town`, `detail`) VALUES (9109, '2022-01-02 12:19:53.129426', '2022-01-02 12:19:53.129426', '广西壮族自治区', '桂林市', '阳朔县', '福利镇', '北艾路爱里舍花园20号');
UPDATE `loan_customer` SET `created_at` = '2022-01-02 12:19:53.129426', `updated_at` = '2022-01-02 12:19:53.129426', `name` = '马博', `id_number` = '704046575748942694', `gender` = 'f', `birthday` = '2006-02-27', `address_id` = 9109, `job_id` = 1873, `salary` = 35000 WHERE `loan_customer`.`id` = 5659;
INSERT INTO `loan_customer` (`id`, `created_at`, `updated_at`, `name`, `id_number`, `gender`, `birthday`, `address_id`, `job_id`, `salary`) VALUES (5659, '2022-01-02 12:19:53.129426', '2022-01-02 12:19:53.129426', '马博', '704046575748942694', 'f', '2006-02-27', 9109, 1873, 35000);
UPDATE `loan_chattel` SET `created_at` = '2022-01-02 23:11:17.691178', `updated_at` = '2022-01-02 23:11:17.691178', `customer_id` = 5659, `type` = 'fund', `description` = '一些信息', `value_amount` = 20000, `expired_at` = '2026-05-13' WHERE `loan_chattel`.`id` = 1657;
INSERT INTO `loan_chattel` (`id`, `created_at`, `updated_at`, `customer_id`, `type`, `description`, `value_amount`, `expired_at`) VALUES (1657, '2022-01-02 23:11:17.691178', '2022-01-02 23:11:17.691178', 5659, 'fund', '一些信息', 20000, '2026-05-13');
UPDATE `loan_address` SET `created_at` = '2022-01-02 15:26:12.982209', `updated_at` = '2022-01-02 15:26:12.982209', `province` = '贵州省', `city` = '黔南布依族苗族自治州', `county` = '龙里县', `town` = '洗马镇', `detail` = '北艾路耀江花园142号' WHERE `loan_address`.`id` = 9110;
INSERT INTO `loan_address` (`id`, `created_at`, `updated_at`, `province`, `city`, `county`, `town`, `detail`) VALUES (9110, '2022-01-02 15:26:12.982209', '2022-01-02 15:26:12.982209', '贵州省', '黔南布依族苗族自治州', '龙里县', '洗马镇', '北艾路耀江花园142号');
UPDATE `loan_estate` SET `created_at` = '2022-01-02 15:26:12.982209', `updated_at` = '2022-01-02 15:26:12.982209', `customer_id` = 5659, `address_id` = 9110 WHERE `loan_estate`.`id` = 3364;
INSERT INTO `loan_estate` (`id`, `created_at`, `updated_at`, `customer_id`, `address_id`) VALUES (3364, '2022-01-02 15:26:12.982209', '2022-01-02 15:26:12.982209', 5659, 9110);
UPDATE `loan_address` SET `created_at` = '2022-01-02 22:17:31.791044', `updated_at` = '2022-01-02 22:17:31.791044', `province` = '四川省', `city` = '阿坝藏族羌族自治州', `county` = '马尔康市', `town` = '草登乡', `detail` = '宝安路真新六街坊41号' WHERE `loan_address`.`id` = 9111;
INSERT INTO `loan_address` (`id`, `created_at`, `updated_at`, `province`, `city`, `county`, `town`, `detail`) VALUES (9111, '2022-01-02 22:17:31.791044', '2022-01-02 22:17:31.791044', '四川省', '阿坝藏族羌族自治州', '马尔康市', '草登乡', '宝安路真新六街坊41号');
UPDATE `loan_estate` SET `created_at` = '2022-01-02 22:17:31.791044', `updated_at` = '2022-01-02 22:17:31.791044', `customer_id` = 5659, `address_id` = 9111 WHERE `loan_estate`.`id` = 3365;
INSERT INTO `loan_estate` (`id`, `created_at`, `updated_at`, `customer_id`, `address_id`) VALUES (3365, '2022-01-02 22:17:31.791044', '2022-01-02 22:17:31.791044', 5659, 9111);
UPDATE `loan_car` SET `created_at` = '2022-01-02 23:35:51.371622', `updated_at` = '2022-01-02 23:35:51.371622', `customer_id` = 5659, `model_id` = 69, `vin_number` = '038018045077464761', `date_produced` = '2019-06-25', `value_estimated` = 290000 WHERE `loan_car`.`id` = 4554;
INSERT INTO `loan_car` (`id`, `created_at`, `updated_at`, `customer_id`, `model_id`, `vin_number`, `date_produced`, `value_estimated`) VALUES (4554, '2022-01-02 23:35:51.371622', '2022-01-02 23:35:51.371622', 5659, 69, '038018045077464761', '2019-06-25', 290000);
UPDATE `loan_account` SET `created_at` = '2022-01-02 18:21:33.181208', `updated_at` = '2022-01-02 18:21:33.181208', `customer_id` = 5659, `number` = '705400606011696666', `balance` = 70304 WHERE `loan_account`.`id` = 5180;
INSERT INTO `loan_account` (`id`, `created_at`, `updated_at`, `customer_id`, `number`, `balance`) VALUES (5180, '2022-01-02 18:21:33.181208', '2022-01-02 18:21:33.181208', 5659, '705400606011696666', 70304);
UPDATE `loan_address` SET `created_at` = '2022-01-02 14:29:14.421708', `updated_at` = '2022-01-02 14:29:14.421708', `province` = '湖南省', `city` = '邵阳市', `county` = '隆回县', `town` = '鸭田镇', `detail` = '安亭路耀江花园134号' WHERE `loan_address`.`id` = 9112;
INSERT INTO `loan_address` (`id`, `created_at`, `updated_at`, `province`, `city`, `county`, `town`, `detail`) VALUES (9112, '2022-01-02 14:29:14.421708', '2022-01-02 14:29:14.421708', '湖南省', '邵阳市', '隆回县', '鸭田镇', '安亭路耀江花园134号');
UPDATE `loan_customer` SET `created_at` = '2022-01-02 14:29:14.421708', `updated_at` = '2022-01-02 14:29:14.421708', `name` = '郭妙思', `id_number` = '136828506595429458', `gender` = 'm', `birthday` = '2000-06-22', `address_id` = 9112, `job_id` = 1874, `salary` = 47000 WHERE `loan_customer`.`id` = 5660;
INSERT INTO `loan_customer` (`id`, `created_at`, `updated_at`, `name`, `id_number`, `gender`, `birthday`, `address_id`, `job_id`, `salary`) VALUES (5660, '2022-01-02 14:29:14.421708', '2022-01-02 14:29:14.421708', '郭妙思', '136828506595429458', 'm', '2000-06-22', 9112, 1874, 47000);
UPDATE `loan_chattel` SET `created_at` = '2022-01-02 15:02:09.620873', `updated_at` = '2022-01-02 15:02:09.620873', `customer_id` = 5660, `type` = 'fund', `description` = '一些信息', `value_amount` = 20000, `expired_at` = '2025-10-22' WHERE `loan_chattel`.`id` = 1658;
INSERT INTO `loan_chattel` (`id`, `created_at`, `updated_at`, `customer_id`, `type`, `description`, `value_amount`, `expired_at`) VALUES (1658, '2022-01-02 15:02:09.620873', '2022-01-02 15:02:09.620873', 5660, 'fund', '一些信息', 20000, '2025-10-22');
UPDATE `loan_car` SET `created_at` = '2022-01-02 14:51:55.085648', `updated_at` = '2022-01-02 15:26:23.458560', `customer_id` = 5660, `model_id` = 158, `vin_number` = '323227341631477100', `date_produced` = '2019-10-21', `value_estimated` = 720000 WHERE `loan_car`.`id` = 4555;
INSERT INTO `loan_car` (`id`, `created_at`, `updated_at`, `customer_id`, `model_id`, `vin_number`, `date_produced`, `value_estimated`) VALUES (4555, '2022-01-02 14:51:55.085648', '2022-01-02 15:26:23.458560', 5660, 158, '323227341631477100', '2019-10-21', 720000);
UPDATE `loan_account` SET `created_at` = '2022-01-02 18:05:00.519940', `updated_at` = '2022-01-02 18:05:00.519940', `customer_id` = 5660, `number` = '662961287271344636', `balance` = 0 WHERE `loan_account`.`id` = 5181;
INSERT INTO `loan_account` (`id`, `created_at`, `updated_at`, `customer_id`, `number`, `balance`) VALUES (5181, '2022-01-02 18:05:00.519940', '2022-01-02 18:05:00.519940', 5660, '662961287271344636', 0);
UPDATE `loan_address` SET `created_at` = '2022-01-02 00:58:55.289261', `updated_at` = '2022-01-02 00:58:55.289261', `province` = '黑龙江省', `city` = '伊春市', `county` = '带岭区', `town` = '环山林场', `detail` = '安顺路菊园五街坊99号' WHERE `loan_address`.`id` = 9113;
INSERT INTO `loan_address` (`id`, `created_at`, `updated_at`, `province`, `city`, `county`, `town`, `detail`) VALUES (9113, '2022-01-02 00:58:55.289261', '2022-01-02 00:58:55.289261', '黑龙江省', '伊春市', '带岭区', '环山林场', '安顺路菊园五街坊99号');
UPDATE `loan_customer` SET `created_at` = '2022-01-02 00:58:55.289261', `updated_at` = '2022-01-02 00:58:55.289261', `name` = '吴琦', `id_number` = '037162398815720546', `gender` = 'f', `birthday` = '1988-07-06', `address_id` = 9113, `job_id` = 1874, `salary` = 13000 WHERE `loan_customer`.`id` = 5661;
INSERT INTO `loan_customer` (`id`, `created_at`, `updated_at`, `name`, `id_number`, `gender`, `birthday`, `address_id`, `job_id`, `salary`) VALUES (5661, '2022-01-02 00:58:55.289261', '2022-01-02 00:58:55.289261', '吴琦', '037162398815720546', 'f', '1988-07-06', 9113, 1874, 13000);
UPDATE `loan_address` SET `created_at` = '2022-01-02 01:37:55.806692', `updated_at` = '2022-01-02 01:37:55.806692', `province` = '云南省', `city` = '普洱市', `county` = '江城哈尼族彝族自治县', `town` = '整董镇', `detail` = '百花街真新六街坊118号' WHERE `loan_address`.`id` = 9114;
INSERT INTO `loan_address` (`id`, `created_at`, `updated_at`, `province`, `city`, `county`, `town`, `detail`) VALUES (9114, '2022-01-02 01:37:55.806692', '2022-01-02 01:37:55.806692', '云南省', '普洱市', '江城哈尼族彝族自治县', '整董镇', '百花街真新六街坊118号');
UPDATE `loan_estate` SET `created_at` = '2022-01-02 01:37:55.806692', `updated_at` = '2022-01-02 01:37:55.806692', `customer_id` = 5661, `address_id` = 9114 WHERE `loan_estate`.`id` = 3366;
INSERT INTO `loan_estate` (`id`, `created_at`, `updated_at`, `customer_id`, `address_id`) VALUES (3366, '2022-01-02 01:37:55.806692', '2022-01-02 01:37:55.806692', 5661, 9114);
UPDATE `loan_address` SET `created_at` = '2022-01-02 09:21:06.808260', `updated_at` = '2022-01-02 09:21:06.808260', `province` = '山西省', `city` = '朔州市', `county` = '平鲁区', `town` = '井坪镇', `detail` = '安远路119号' WHERE `loan_address`.`id` = 9115;
INSERT INTO `loan_address` (`id`, `created_at`, `updated_at`, `province`, `city`, `county`, `town`, `detail`) VALUES (9115, '2022-01-02 09:21:06.808260', '2022-01-02 09:21:06.808260', '山西省', '朔州市', '平鲁区', '井坪镇', '安远路119号');
UPDATE `loan_estate` SET `created_at` = '2022-01-02 09:21:06.808260', `updated_at` = '2022-01-02 09:21:06.808260', `customer_id` = 5661, `address_id` = 9115 WHERE `loan_estate`.`id` = 3367;
INSERT INTO `loan_estate` (`id`, `created_at`, `updated_at`, `customer_id`, `address_id`) VALUES (3367, '2022-01-02 09:21:06.808260', '2022-01-02 09:21:06.808260', 5661, 9115);
UPDATE `loan_account` SET `created_at` = '2022-01-02 09:41:08.624046', `updated_at` = '2022-01-02 15:02:05.251950', `customer_id` = 5661, `number` = '474880624481401396', `balance` = 49615 WHERE `loan_account`.`id` = 5182;
INSERT INTO `loan_account` (`id`, `created_at`, `updated_at`, `customer_id`, `number`, `balance`) VALUES (5182, '2022-01-02 09:41:08.624046', '2022-01-02 15:02:05.251950', 5661, '474880624481401396', 49615);
UPDATE `loan_address` SET `created_at` = '2022-01-02 22:54:30.747866', `updated_at` = '2022-01-02 22:54:30.747866', `province` = '河南省', `city` = '平顶山市', `county` = '叶县', `town` = '马庄回族乡', `detail` = '百安路（方泰镇）阳光翠竹苑162号' WHERE `loan_address`.`id` = 9116;
INSERT INTO `loan_address` (`id`, `created_at`, `updated_at`, `province`, `city`, `county`, `town`, `detail`) VALUES (9116, '2022-01-02 22:54:30.747866', '2022-01-02 22:54:30.747866', '河南省', '平顶山市', '叶县', '马庄回族乡', '百安路（方泰镇）阳光翠竹苑162号');
UPDATE `loan_customer` SET `created_at` = '2022-01-02 22:54:30.747866', `updated_at` = '2022-01-02 23:32:30.391822', `name` = '刘巧娜', `id_number` = '571726954282484445', `gender` = 'm', `birthday` = '1986-09-10', `address_id` = 9116, `job_id` = 1875, `salary` = 67000 WHERE `loan_customer`.`id` = 5662;
INSERT INTO `loan_customer` (`id`, `created_at`, `updated_at`, `name`, `id_number`, `gender`, `birthday`, `address_id`, `job_id`, `salary`) VALUES (5662, '2022-01-02 22:54:30.747866', '2022-01-02 23:32:30.391822', '刘巧娜', '571726954282484445', 'm', '1986-09-10', 9116, 1875, 67000);
UPDATE `loan_address` SET `created_at` = '2022-01-02 23:39:41.209835', `updated_at` = '2022-01-02 23:39:41.209835', `province` = '贵州省', `city` = '毕节市', `county` = '织金县', `town` = '三塘镇', `detail` = '安边路163号' WHERE `loan_address`.`id` = 9117;
INSERT INTO `loan_address` (`id`, `created_at`, `updated_at`, `province`, `city`, `county`, `town`, `detail`) VALUES (9117, '2022-01-02 23:39:41.209835', '2022-01-02 23:39:41.209835', '贵州省', '毕节市', '织金县', '三塘镇', '安边路163号');
UPDATE `loan_estate` SET `created_at` = '2022-01-02 23:39:41.209835', `updated_at` = '2022-01-02 23:39:41.209835', `customer_id` = 5662, `address_id` = 9117 WHERE `loan_estate`.`id` = 3368;
INSERT INTO `loan_estate` (`id`, `created_at`, `updated_at`, `customer_id`, `address_id`) VALUES (3368, '2022-01-02 23:39:41.209835', '2022-01-02 23:39:41.209835', 5662, 9117);
UPDATE `loan_car` SET `created_at` = '2022-01-02 23:18:28.502790', `updated_at` = '2022-01-02 23:31:54.026953', `customer_id` = 5662, `model_id` = 272, `vin_number` = '071866442772529547', `date_produced` = '2016-05-02', `value_estimated` = 90000 WHERE `loan_car`.`id` = 4556;
INSERT INTO `loan_car` (`id`, `created_at`, `updated_at`, `customer_id`, `model_id`, `vin_number`, `date_produced`, `value_estimated`) VALUES (4556, '2022-01-02 23:18:28.502790', '2022-01-02 23:31:54.026953', 5662, 272, '071866442772529547', '2016-05-02', 90000);
UPDATE `loan_account` SET `created_at` = '2022-01-02 23:29:00.393127', `updated_at` = '2022-01-02 23:29:00.393127', `customer_id` = 5662, `number` = '772340835886143692', `balance` = 11501 WHERE `loan_account`.`id` = 5183;
INSERT INTO `loan_account` (`id`, `created_at`, `updated_at`, `customer_id`, `number`, `balance`) VALUES (5183, '2022-01-02 23:29:00.393127', '2022-01-02 23:29:00.393127', 5662, '772340835886143692', 11501);
UPDATE `loan_address` SET `created_at` = '2022-01-02 00:27:19.924970', `updated_at` = '2022-01-02 00:27:19.924970', `province` = '云南省', `city` = '普洱市', `county` = '景谷傣族彝族自治县', `town` = '凤山镇', `detail` = '白渡桥176号' WHERE `loan_address`.`id` = 9118;
INSERT INTO `loan_address` (`id`, `created_at`, `updated_at`, `province`, `city`, `county`, `town`, `detail`) VALUES (9118, '2022-01-02 00:27:19.924970', '2022-01-02 00:27:19.924970', '云南省', '普洱市', '景谷傣族彝族自治县', '凤山镇', '白渡桥176号');
UPDATE `loan_customer` SET `created_at` = '2022-01-02 00:27:19.924970', `updated_at` = '2022-01-02 08:22:28.252848', `name` = '夏博延', `id_number` = '601205288593076718', `gender` = 'm', `birthday` = '1999-12-17', `address_id` = 9118, `job_id` = 1875, `salary` = 30000 WHERE `loan_customer`.`id` = 5663;
INSERT INTO `loan_customer` (`id`, `created_at`, `updated_at`, `name`, `id_number`, `gender`, `birthday`, `address_id`, `job_id`, `salary`) VALUES (5663, '2022-01-02 00:27:19.924970', '2022-01-02 08:22:28.252848', '夏博延', '601205288593076718', 'm', '1999-12-17', 9118, 1875, 30000);
UPDATE `loan_chattel` SET `created_at` = '2022-01-02 12:27:30.956962', `updated_at` = '2022-01-02 12:27:30.956962', `customer_id` = 5663, `type` = 'patent', `description` = '一些信息', `value_amount` = 130000, `expired_at` = '2028-11-16' WHERE `loan_chattel`.`id` = 1659;
INSERT INTO `loan_chattel` (`id`, `created_at`, `updated_at`, `customer_id`, `type`, `description`, `value_amount`, `expired_at`) VALUES (1659, '2022-01-02 12:27:30.956962', '2022-01-02 12:27:30.956962', 5663, 'patent', '一些信息', 130000, '2028-11-16');
UPDATE `loan_address` SET `created_at` = '2022-01-02 19:19:19.718670', `updated_at` = '2022-01-02 19:19:19.718670', `province` = '云南省', `city` = '昆明市', `county` = '嵩明县', `town` = '嵩明杨林经济技术开发区', `detail` = '宝杨路协通公寓2号' WHERE `loan_address`.`id` = 9119;
INSERT INTO `loan_address` (`id`, `created_at`, `updated_at`, `province`, `city`, `county`, `town`, `detail`) VALUES (9119, '2022-01-02 19:19:19.718670', '2022-01-02 19:19:19.718670', '云南省', '昆明市', '嵩明县', '嵩明杨林经济技术开发区', '宝杨路协通公寓2号');
UPDATE `loan_estate` SET `created_at` = '2022-01-02 19:19:19.718670', `updated_at` = '2022-01-02 19:19:19.718670', `customer_id` = 5663, `address_id` = 9119 WHERE `loan_estate`.`id` = 3369;
INSERT INTO `loan_estate` (`id`, `created_at`, `updated_at`, `customer_id`, `address_id`) VALUES (3369, '2022-01-02 19:19:19.718670', '2022-01-02 19:19:19.718670', 5663, 9119);
UPDATE `loan_address` SET `created_at` = '2022-01-02 13:16:22.141168', `updated_at` = '2022-01-02 13:16:22.141168', `province` = '甘肃省', `city` = '陇南市', `county` = '礼县', `town` = '崖城镇', `detail` = '白玉路15号' WHERE `loan_address`.`id` = 9120;
INSERT INTO `loan_address` (`id`, `created_at`, `updated_at`, `province`, `city`, `county`, `town`, `detail`) VALUES (9120, '2022-01-02 13:16:22.141168', '2022-01-02 13:16:22.141168', '甘肃省', '陇南市', '礼县', '崖城镇', '白玉路15号');
UPDATE `loan_estate` SET `created_at` = '2022-01-02 13:16:22.141168', `updated_at` = '2022-01-02 13:16:22.141168', `customer_id` = 5663, `address_id` = 9120 WHERE `loan_estate`.`id` = 3370;
INSERT INTO `loan_estate` (`id`, `created_at`, `updated_at`, `customer_id`, `address_id`) VALUES (3370, '2022-01-02 13:16:22.141168', '2022-01-02 13:16:22.141168', 5663, 9120);
UPDATE `loan_car` SET `created_at` = '2022-01-02 13:54:04.154478', `updated_at` = '2022-01-02 13:54:04.154478', `customer_id` = 5663, `model_id` = 287, `vin_number` = '548304651178403625', `date_produced` = '2021-11-19', `value_estimated` = 900000 WHERE `loan_car`.`id` = 4557;
INSERT INTO `loan_car` (`id`, `created_at`, `updated_at`, `customer_id`, `model_id`, `vin_number`, `date_produced`, `value_estimated`) VALUES (4557, '2022-01-02 13:54:04.154478', '2022-01-02 13:54:04.154478', 5663, 287, '548304651178403625', '2021-11-19', 900000);
UPDATE `loan_car` SET `created_at` = '2022-01-02 10:55:36.592541', `updated_at` = '2022-01-02 10:55:36.592541', `customer_id` = 5663, `model_id` = 109, `vin_number` = '144324940953354999', `date_produced` = '2011-12-01', `value_estimated` = 50000 WHERE `loan_car`.`id` = 4558;
INSERT INTO `loan_car` (`id`, `created_at`, `updated_at`, `customer_id`, `model_id`, `vin_number`, `date_produced`, `value_estimated`) VALUES (4558, '2022-01-02 10:55:36.592541', '2022-01-02 10:55:36.592541', 5663, 109, '144324940953354999', '2011-12-01', 50000);
UPDATE `loan_account` SET `created_at` = '2022-01-02 21:45:01.600825', `updated_at` = '2022-01-02 21:45:01.600825', `customer_id` = 5663, `number` = '406575831656012779', `balance` = 75663 WHERE `loan_account`.`id` = 5184;
INSERT INTO `loan_account` (`id`, `created_at`, `updated_at`, `customer_id`, `number`, `balance`) VALUES (5184, '2022-01-02 21:45:01.600825', '2022-01-02 21:45:01.600825', 5663, '406575831656012779', 75663);
UPDATE `loan_address` SET `created_at` = '2022-01-02 12:36:55.652132', `updated_at` = '2022-01-02 12:36:55.652132', `province` = '湖北省', `city` = '恩施土家族苗族自治州', `county` = '巴东县', `town` = '金果坪乡', `detail` = '安波路63号' WHERE `loan_address`.`id` = 9121;
INSERT INTO `loan_address` (`id`, `created_at`, `updated_at`, `province`, `city`, `county`, `town`, `detail`) VALUES (9121, '2022-01-02 12:36:55.652132', '2022-01-02 12:36:55.652132', '湖北省', '恩施土家族苗族自治州', '巴东县', '金果坪乡', '安波路63号');
UPDATE `loan_customer` SET `created_at` = '2022-01-02 12:36:55.652132', `updated_at` = '2022-01-02 23:16:31.855762', `name` = '魏德惠', `id_number` = '977579491152460904', `gender` = 'f', `birthday` = '2007-06-23', `address_id` = 9121, `job_id` = 1875, `salary` = 6000 WHERE `loan_customer`.`id` = 5664;
INSERT INTO `loan_customer` (`id`, `created_at`, `updated_at`, `name`, `id_number`, `gender`, `birthday`, `address_id`, `job_id`, `salary`) VALUES (5664, '2022-01-02 12:36:55.652132', '2022-01-02 23:16:31.855762', '魏德惠', '977579491152460904', 'f', '2007-06-23', 9121, 1875, 6000);
UPDATE `loan_car` SET `created_at` = '2022-01-02 18:28:22.586881', `updated_at` = '2022-01-02 18:28:22.586881', `customer_id` = 5664, `model_id` = 43, `vin_number` = '813734287672245850', `date_produced` = '2010-02-10', `value_estimated` = 270000 WHERE `loan_car`.`id` = 4559;
INSERT INTO `loan_car` (`id`, `created_at`, `updated_at`, `customer_id`, `model_id`, `vin_number`, `date_produced`, `value_estimated`) VALUES (4559, '2022-01-02 18:28:22.586881', '2022-01-02 18:28:22.586881', 5664, 43, '813734287672245850', '2010-02-10', 270000);
UPDATE `loan_account` SET `created_at` = '2022-01-02 21:33:35.419387', `updated_at` = '2022-01-02 22:20:36.205287', `customer_id` = 5664, `number` = '703190144840077540', `balance` = 80970 WHERE `loan_account`.`id` = 5185;
INSERT INTO `loan_account` (`id`, `created_at`, `updated_at`, `customer_id`, `number`, `balance`) VALUES (5185, '2022-01-02 21:33:35.419387', '2022-01-02 22:20:36.205287', 5664, '703190144840077540', 80970);
UPDATE `loan_address` SET `created_at` = '2022-01-02 23:27:18.366682', `updated_at` = '2022-01-02 23:27:18.366682', `province` = '甘肃省', `city` = '陇南市', `county` = '礼县', `town` = '崖城镇', `detail` = '包头路耀江花园5号' WHERE `loan_address`.`id` = 9122;
INSERT INTO `loan_address` (`id`, `created_at`, `updated_at`, `province`, `city`, `county`, `town`, `detail`) VALUES (9122, '2022-01-02 23:27:18.366682', '2022-01-02 23:27:18.366682', '甘肃省', '陇南市', '礼县', '崖城镇', '包头路耀江花园5号');
UPDATE `loan_customer` SET `created_at` = '2022-01-02 23:27:18.366682', `updated_at` = '2022-01-02 23:55:59.847935', `name` = '唐修明', `id_number` = '728646311597295810', `gender` = 'm', `birthday` = '1992-12-09', `address_id` = 9122, `job_id` = 1875, `salary` = 93000 WHERE `loan_customer`.`id` = 5665;
INSERT INTO `loan_customer` (`id`, `created_at`, `updated_at`, `name`, `id_number`, `gender`, `birthday`, `address_id`, `job_id`, `salary`) VALUES (5665, '2022-01-02 23:27:18.366682', '2022-01-02 23:55:59.847935', '唐修明', '728646311597295810', 'm', '1992-12-09', 9122, 1875, 93000);
UPDATE `loan_address` SET `created_at` = '2022-01-02 23:33:33.041820', `updated_at` = '2022-01-02 23:33:33.041820', `province` = '四川省', `city` = '自贡市', `county` = '富顺县', `town` = '富和乡', `detail` = '白城南路158号' WHERE `loan_address`.`id` = 9123;
INSERT INTO `loan_address` (`id`, `created_at`, `updated_at`, `province`, `city`, `county`, `town`, `detail`) VALUES (9123, '2022-01-02 23:33:33.041820', '2022-01-02 23:33:33.041820', '四川省', '自贡市', '富顺县', '富和乡', '白城南路158号');
UPDATE `loan_estate` SET `created_at` = '2022-01-02 23:33:33.041820', `updated_at` = '2022-01-02 23:46:54.967979', `customer_id` = 5665, `address_id` = 9123 WHERE `loan_estate`.`id` = 3371;
INSERT INTO `loan_estate` (`id`, `created_at`, `updated_at`, `customer_id`, `address_id`) VALUES (3371, '2022-01-02 23:33:33.041820', '2022-01-02 23:46:54.967979', 5665, 9123);
UPDATE `loan_account` SET `created_at` = '2022-01-02 23:43:43.459377', `updated_at` = '2022-01-02 23:47:04.602192', `customer_id` = 5665, `number` = '216623827848064374', `balance` = 0 WHERE `loan_account`.`id` = 5186;
INSERT INTO `loan_account` (`id`, `created_at`, `updated_at`, `customer_id`, `number`, `balance`) VALUES (5186, '2022-01-02 23:43:43.459377', '2022-01-02 23:47:04.602192', 5665, '216623827848064374', 0);
UPDATE `loan_address` SET `created_at` = '2022-01-02 04:05:19.322677', `updated_at` = '2022-01-02 04:05:19.322677', `province` = '广西壮族自治区', `city` = '玉林市', `county` = '玉州区', `town` = '城西街道办事处', `detail` = '北艾路24号' WHERE `loan_address`.`id` = 9124;
INSERT INTO `loan_address` (`id`, `created_at`, `updated_at`, `province`, `city`, `county`, `town`, `detail`) VALUES (9124, '2022-01-02 04:05:19.322677', '2022-01-02 04:05:19.322677', '广西壮族自治区', '玉林市', '玉州区', '城西街道办事处', '北艾路24号');
UPDATE `loan_customer` SET `created_at` = '2022-01-02 04:05:19.322677', `updated_at` = '2022-01-02 06:33:12.564582', `name` = '方凡', `id_number` = '236280782183859846', `gender` = 'm', `birthday` = '2007-01-04', `address_id` = 9124, `job_id` = 1876, `salary` = 45000 WHERE `loan_customer`.`id` = 5666;
INSERT INTO `loan_customer` (`id`, `created_at`, `updated_at`, `name`, `id_number`, `gender`, `birthday`, `address_id`, `job_id`, `salary`) VALUES (5666, '2022-01-02 04:05:19.322677', '2022-01-02 06:33:12.564582', '方凡', '236280782183859846', 'm', '2007-01-04', 9124, 1876, 45000);
UPDATE `loan_address` SET `created_at` = '2022-01-02 06:33:12.060579', `updated_at` = '2022-01-02 06:33:12.060579', `province` = '河北省', `city` = '石家庄市', `county` = '藁城区', `town` = '南营镇', `detail` = '安业路41号' WHERE `loan_address`.`id` = 9125;
INSERT INTO `loan_address` (`id`, `created_at`, `updated_at`, `province`, `city`, `county`, `town`, `detail`) VALUES (9125, '2022-01-02 06:33:12.060579', '2022-01-02 06:33:12.060579', '河北省', '石家庄市', '藁城区', '南营镇', '安业路41号');
UPDATE `loan_estate` SET `created_at` = '2022-01-02 06:33:12.060579', `updated_at` = '2022-01-02 06:33:12.060579', `customer_id` = 5666, `address_id` = 9125 WHERE `loan_estate`.`id` = 3372;
INSERT INTO `loan_estate` (`id`, `created_at`, `updated_at`, `customer_id`, `address_id`) VALUES (3372, '2022-01-02 06:33:12.060579', '2022-01-02 06:33:12.060579', 5666, 9125);
UPDATE `loan_account` SET `created_at` = '2022-01-02 17:08:46.674665', `updated_at` = '2022-01-02 22:12:38.755494', `customer_id` = 5666, `number` = '117477947547333165', `balance` = 0 WHERE `loan_account`.`id` = 5187;
INSERT INTO `loan_account` (`id`, `created_at`, `updated_at`, `customer_id`, `number`, `balance`) VALUES (5187, '2022-01-02 17:08:46.674665', '2022-01-02 22:12:38.755494', 5666, '117477947547333165', 0);
UPDATE `loan_address` SET `created_at` = '2022-01-02 16:58:04.045685', `updated_at` = '2022-01-02 16:58:04.045685', `province` = '重庆市', `city` = '县', `county` = '彭水苗族土家族自治县', `town` = '大垭乡', `detail` = '爱国路178号' WHERE `loan_address`.`id` = 9126;
INSERT INTO `loan_address` (`id`, `created_at`, `updated_at`, `province`, `city`, `county`, `town`, `detail`) VALUES (9126, '2022-01-02 16:58:04.045685', '2022-01-02 16:58:04.045685', '重庆市', '县', '彭水苗族土家族自治县', '大垭乡', '爱国路178号');
UPDATE `loan_customer` SET `created_at` = '2022-01-02 16:58:04.045685', `updated_at` = '2022-01-02 18:42:51.377366', `name` = '卢瓶', `id_number` = '554851893560323112', `gender` = 'm', `birthday` = '1984-08-27', `address_id` = 9126, `job_id` = 1876, `salary` = 21000 WHERE `loan_customer`.`id` = 5667;
INSERT INTO `loan_customer` (`id`, `created_at`, `updated_at`, `name`, `id_number`, `gender`, `birthday`, `address_id`, `job_id`, `salary`) VALUES (5667, '2022-01-02 16:58:04.045685', '2022-01-02 18:42:51.377366', '卢瓶', '554851893560323112', 'm', '1984-08-27', 9126, 1876, 21000);
UPDATE `loan_address` SET `created_at` = '2022-01-02 20:49:10.671515', `updated_at` = '2022-01-02 20:49:10.671515', `province` = '江西省', `city` = '吉安市', `county` = '吉安县', `town` = '井冈山经济技术开发区', `detail` = '安德路东新大厦42号' WHERE `loan_address`.`id` = 9127;
INSERT INTO `loan_address` (`id`, `created_at`, `updated_at`, `province`, `city`, `county`, `town`, `detail`) VALUES (9127, '2022-01-02 20:49:10.671515', '2022-01-02 20:49:10.671515', '江西省', '吉安市', '吉安县', '井冈山经济技术开发区', '安德路东新大厦42号');
UPDATE `loan_estate` SET `created_at` = '2022-01-02 20:49:10.671515', `updated_at` = '2022-01-02 20:49:10.671515', `customer_id` = 5667, `address_id` = 9127 WHERE `loan_estate`.`id` = 3373;
INSERT INTO `loan_estate` (`id`, `created_at`, `updated_at`, `customer_id`, `address_id`) VALUES (3373, '2022-01-02 20:49:10.671515', '2022-01-02 20:49:10.671515', 5667, 9127);
UPDATE `loan_car` SET `created_at` = '2022-01-02 17:11:22.661694', `updated_at` = '2022-01-02 17:11:22.661694', `customer_id` = 5667, `model_id` = 40, `vin_number` = '276962999532995621', `date_produced` = '2019-06-10', `value_estimated` = 320000 WHERE `loan_car`.`id` = 4560;
INSERT INTO `loan_car` (`id`, `created_at`, `updated_at`, `customer_id`, `model_id`, `vin_number`, `date_produced`, `value_estimated`) VALUES (4560, '2022-01-02 17:11:22.661694', '2022-01-02 17:11:22.661694', 5667, 40, '276962999532995621', '2019-06-10', 320000);
UPDATE `loan_account` SET `created_at` = '2022-01-02 19:52:00.253962', `updated_at` = '2022-01-02 20:50:53.933587', `customer_id` = 5667, `number` = '146446296357198288', `balance` = 9678 WHERE `loan_account`.`id` = 5188;
INSERT INTO `loan_account` (`id`, `created_at`, `updated_at`, `customer_id`, `number`, `balance`) VALUES (5188, '2022-01-02 19:52:00.253962', '2022-01-02 20:50:53.933587', 5667, '146446296357198288', 9678);
UPDATE `loan_address` SET `created_at` = '2022-01-02 05:02:05.023446', `updated_at` = '2022-01-02 05:02:05.023446', `province` = '新疆维吾尔自治区', `city` = '塔城地区', `county` = '额敏县', `town` = '也木勒牧场', `detail` = '安边路和亭佳苑41号' WHERE `loan_address`.`id` = 9128;
INSERT INTO `loan_address` (`id`, `created_at`, `updated_at`, `province`, `city`, `county`, `town`, `detail`) VALUES (9128, '2022-01-02 05:02:05.023446', '2022-01-02 05:02:05.023446', '新疆维吾尔自治区', '塔城地区', '额敏县', '也木勒牧场', '安边路和亭佳苑41号');
UPDATE `loan_customer` SET `created_at` = '2022-01-02 05:02:05.023446', `updated_at` = '2022-01-02 18:18:58.092422', `name` = '冯亦', `id_number` = '632549304675206487', `gender` = 'm', `birthday` = '1990-09-15', `address_id` = 9128, `job_id` = 1876, `salary` = 24000 WHERE `loan_customer`.`id` = 5668;
INSERT INTO `loan_customer` (`id`, `created_at`, `updated_at`, `name`, `id_number`, `gender`, `birthday`, `address_id`, `job_id`, `salary`) VALUES (5668, '2022-01-02 05:02:05.023446', '2022-01-02 18:18:58.092422', '冯亦', '632549304675206487', 'm', '1990-09-15', 9128, 1876, 24000);
UPDATE `loan_address` SET `created_at` = '2022-01-02 16:28:20.678582', `updated_at` = '2022-01-02 16:28:20.678582', `province` = '吉林省', `city` = '长春市', `county` = '长春高新技术产业开发区', `town` = '硅谷街道办事处', `detail` = '澳门路111号' WHERE `loan_address`.`id` = 9129;
INSERT INTO `loan_address` (`id`, `created_at`, `updated_at`, `province`, `city`, `county`, `town`, `detail`) VALUES (9129, '2022-01-02 16:28:20.678582', '2022-01-02 16:28:20.678582', '吉林省', '长春市', '长春高新技术产业开发区', '硅谷街道办事处', '澳门路111号');
UPDATE `loan_estate` SET `created_at` = '2022-01-02 16:28:20.678582', `updated_at` = '2022-01-02 16:28:20.678582', `customer_id` = 5668, `address_id` = 9129 WHERE `loan_estate`.`id` = 3374;
INSERT INTO `loan_estate` (`id`, `created_at`, `updated_at`, `customer_id`, `address_id`) VALUES (3374, '2022-01-02 16:28:20.678582', '2022-01-02 16:28:20.678582', 5668, 9129);
UPDATE `loan_car` SET `created_at` = '2022-01-02 06:15:29.889912', `updated_at` = '2022-01-02 06:15:29.889912', `customer_id` = 5668, `model_id` = 178, `vin_number` = '963377491034961382', `date_produced` = '2013-08-28', `value_estimated` = 280000 WHERE `loan_car`.`id` = 4561;
INSERT INTO `loan_car` (`id`, `created_at`, `updated_at`, `customer_id`, `model_id`, `vin_number`, `date_produced`, `value_estimated`) VALUES (4561, '2022-01-02 06:15:29.889912', '2022-01-02 06:15:29.889912', 5668, 178, '963377491034961382', '2013-08-28', 280000);
UPDATE `loan_account` SET `created_at` = '2022-01-02 07:02:49.071592', `updated_at` = '2022-01-02 07:02:49.071592', `customer_id` = 5668, `number` = '978881475379605063', `balance` = 19540 WHERE `loan_account`.`id` = 5189;
INSERT INTO `loan_account` (`id`, `created_at`, `updated_at`, `customer_id`, `number`, `balance`) VALUES (5189, '2022-01-02 07:02:49.071592', '2022-01-02 07:02:49.071592', 5668, '978881475379605063', 19540);
UPDATE `loan_address` SET `created_at` = '2022-01-02 17:09:44.343774', `updated_at` = '2022-01-02 17:09:44.343774', `province` = '辽宁省', `city` = '鞍山市', `county` = '海城市', `town` = '析木镇', `detail` = '包头南路博泰新苑161号' WHERE `loan_address`.`id` = 9130;
INSERT INTO `loan_address` (`id`, `created_at`, `updated_at`, `province`, `city`, `county`, `town`, `detail`) VALUES (9130, '2022-01-02 17:09:44.343774', '2022-01-02 17:09:44.343774', '辽宁省', '鞍山市', '海城市', '析木镇', '包头南路博泰新苑161号');
UPDATE `loan_customer` SET `created_at` = '2022-01-02 17:09:44.343774', `updated_at` = '2022-01-02 17:09:44.343774', `name` = '潘绍', `id_number` = '138508408058102811', `gender` = 'm', `birthday` = '1982-03-31', `address_id` = 9130, `job_id` = 1876, `salary` = 33000 WHERE `loan_customer`.`id` = 5669;
INSERT INTO `loan_customer` (`id`, `created_at`, `updated_at`, `name`, `id_number`, `gender`, `birthday`, `address_id`, `job_id`, `salary`) VALUES (5669, '2022-01-02 17:09:44.343774', '2022-01-02 17:09:44.343774', '潘绍', '138508408058102811', 'm', '1982-03-31', 9130, 1876, 33000);
UPDATE `loan_address` SET `created_at` = '2022-01-02 22:42:47.795475', `updated_at` = '2022-01-02 22:42:47.795475', `province` = '黑龙江省', `city` = '鸡西市', `county` = '鸡东县', `town` = '鸡林乡', `detail` = '白玉路43号' WHERE `loan_address`.`id` = 9131;
INSERT INTO `loan_address` (`id`, `created_at`, `updated_at`, `province`, `city`, `county`, `town`, `detail`) VALUES (9131, '2022-01-02 22:42:47.795475', '2022-01-02 22:42:47.795475', '黑龙江省', '鸡西市', '鸡东县', '鸡林乡', '白玉路43号');
UPDATE `loan_estate` SET `created_at` = '2022-01-02 22:42:47.795475', `updated_at` = '2022-01-02 22:42:47.795475', `customer_id` = 5669, `address_id` = 9131 WHERE `loan_estate`.`id` = 3375;
INSERT INTO `loan_estate` (`id`, `created_at`, `updated_at`, `customer_id`, `address_id`) VALUES (3375, '2022-01-02 22:42:47.795475', '2022-01-02 22:42:47.795475', 5669, 9131);
UPDATE `loan_address` SET `created_at` = '2022-01-02 02:30:33.295867', `updated_at` = '2022-01-02 02:30:33.295867', `province` = '甘肃省', `city` = '平凉市', `county` = '泾川县', `town` = '温泉经济开发区', `detail` = '安亭路115号' WHERE `loan_address`.`id` = 9132;
INSERT INTO `loan_address` (`id`, `created_at`, `updated_at`, `province`, `city`, `county`, `town`, `detail`) VALUES (9132, '2022-01-02 02:30:33.295867', '2022-01-02 02:30:33.295867', '甘肃省', '平凉市', '泾川县', '温泉经济开发区', '安亭路115号');
UPDATE `loan_customer` SET `created_at` = '2022-01-02 02:30:33.295867', `updated_at` = '2022-01-02 18:15:23.945352', `name` = '谭青雪', `id_number` = '968475415565814822', `gender` = 'f', `birthday` = '2002-05-20', `address_id` = 9132, `job_id` = 1877, `salary` = 37000 WHERE `loan_customer`.`id` = 5670;
INSERT INTO `loan_customer` (`id`, `created_at`, `updated_at`, `name`, `id_number`, `gender`, `birthday`, `address_id`, `job_id`, `salary`) VALUES (5670, '2022-01-02 02:30:33.295867', '2022-01-02 18:15:23.945352', '谭青雪', '968475415565814822', 'f', '2002-05-20', 9132, 1877, 37000);
UPDATE `loan_address` SET `created_at` = '2022-01-02 14:20:26.588298', `updated_at` = '2022-01-02 14:20:26.588298', `province` = '湖北省', `city` = '黄冈市', `county` = '浠水县', `town` = '洗马镇', `detail` = '白城路协通公寓15号' WHERE `loan_address`.`id` = 9133;
INSERT INTO `loan_address` (`id`, `created_at`, `updated_at`, `province`, `city`, `county`, `town`, `detail`) VALUES (9133, '2022-01-02 14:20:26.588298', '2022-01-02 14:20:26.588298', '湖北省', '黄冈市', '浠水县', '洗马镇', '白城路协通公寓15号');
UPDATE `loan_customer` SET `created_at` = '2022-01-02 14:20:26.588298', `updated_at` = '2022-01-02 14:20:26.588298', `name` = '吴勤', `id_number` = '632343778635529058', `gender` = 'm', `birthday` = '1994-06-06', `address_id` = 9133, `job_id` = 1877, `salary` = 23000 WHERE `loan_customer`.`id` = 5671;
INSERT INTO `loan_customer` (`id`, `created_at`, `updated_at`, `name`, `id_number`, `gender`, `birthday`, `address_id`, `job_id`, `salary`) VALUES (5671, '2022-01-02 14:20:26.588298', '2022-01-02 14:20:26.588298', '吴勤', '632343778635529058', 'm', '1994-06-06', 9133, 1877, 23000);
UPDATE `loan_chattel` SET `created_at` = '2022-01-02 20:32:58.755863', `updated_at` = '2022-01-02 20:43:43.277962', `customer_id` = 5671, `type` = 'promissory_note', `description` = '一些信息', `value_amount` = 20000, `expired_at` = '2021-01-02' WHERE `loan_chattel`.`id` = 1660;
INSERT INTO `loan_chattel` (`id`, `created_at`, `updated_at`, `customer_id`, `type`, `description`, `value_amount`, `expired_at`) VALUES (1660, '2022-01-02 20:32:58.755863', '2022-01-02 20:43:43.277962', 5671, 'promissory_note', '一些信息', 20000, '2021-01-02');
UPDATE `loan_chattel` SET `created_at` = '2022-01-02 22:15:31.709298', `updated_at` = '2022-01-02 22:47:03.697985', `customer_id` = 5671, `type` = 'bond', `description` = '一些信息', `value_amount` = 930000, `expired_at` = '2025-09-20' WHERE `loan_chattel`.`id` = 1661;
INSERT INTO `loan_chattel` (`id`, `created_at`, `updated_at`, `customer_id`, `type`, `description`, `value_amount`, `expired_at`) VALUES (1661, '2022-01-02 22:15:31.709298', '2022-01-02 22:47:03.697985', 5671, 'bond', '一些信息', 930000, '2025-09-20');
UPDATE `loan_car` SET `created_at` = '2022-01-02 17:52:33.856603', `updated_at` = '2022-01-02 18:02:17.666755', `customer_id` = 5671, `model_id` = 52, `vin_number` = '416071791147075737', `date_produced` = '2014-07-25', `value_estimated` = 320000 WHERE `loan_car`.`id` = 4562;
INSERT INTO `loan_car` (`id`, `created_at`, `updated_at`, `customer_id`, `model_id`, `vin_number`, `date_produced`, `value_estimated`) VALUES (4562, '2022-01-02 17:52:33.856603', '2022-01-02 18:02:17.666755', 5671, 52, '416071791147075737', '2014-07-25', 320000);
UPDATE `loan_account` SET `created_at` = '2022-01-02 15:44:35.722179', `updated_at` = '2022-01-02 22:22:50.438757', `customer_id` = 5671, `number` = '791364696232374942', `balance` = 110249 WHERE `loan_account`.`id` = 5190;
INSERT INTO `loan_account` (`id`, `created_at`, `updated_at`, `customer_id`, `number`, `balance`) VALUES (5190, '2022-01-02 15:44:35.722179', '2022-01-02 22:22:50.438757', 5671, '791364696232374942', 110249);
UPDATE `loan_address` SET `created_at` = '2022-01-02 15:31:01.937253', `updated_at` = '2022-01-02 15:31:01.937253', `province` = '上海市', `city` = '市辖区', `county` = '嘉定区', `town` = '嘉定工业区', `detail` = '白玉路真新六街坊155号' WHERE `loan_address`.`id` = 9134;
INSERT INTO `loan_address` (`id`, `created_at`, `updated_at`, `province`, `city`, `county`, `town`, `detail`) VALUES (9134, '2022-01-02 15:31:01.937253', '2022-01-02 15:31:01.937253', '上海市', '市辖区', '嘉定区', '嘉定工业区', '白玉路真新六街坊155号');
UPDATE `loan_customer` SET `created_at` = '2022-01-02 15:31:01.937253', `updated_at` = '2022-01-02 21:33:08.984048', `name` = '曹夏青', `id_number` = '315591645201081226', `gender` = 'm', `birthday` = '1994-04-30', `address_id` = 9134, `job_id` = 1878, `salary` = 25000 WHERE `loan_customer`.`id` = 5672;
INSERT INTO `loan_customer` (`id`, `created_at`, `updated_at`, `name`, `id_number`, `gender`, `birthday`, `address_id`, `job_id`, `salary`) VALUES (5672, '2022-01-02 15:31:01.937253', '2022-01-02 21:33:08.984048', '曹夏青', '315591645201081226', 'm', '1994-04-30', 9134, 1878, 25000);
UPDATE `loan_address` SET `created_at` = '2022-01-02 17:19:01.994247', `updated_at` = '2022-01-02 17:19:01.994247', `province` = '四川省', `city` = '南充市', `county` = '仪陇县', `town` = '芭蕉乡', `detail` = '安边路住友嘉馨名园60号' WHERE `loan_address`.`id` = 9135;
INSERT INTO `loan_address` (`id`, `created_at`, `updated_at`, `province`, `city`, `county`, `town`, `detail`) VALUES (9135, '2022-01-02 17:19:01.994247', '2022-01-02 17:19:01.994247', '四川省', '南充市', '仪陇县', '芭蕉乡', '安边路住友嘉馨名园60号');
UPDATE `loan_estate` SET `created_at` = '2022-01-02 17:19:01.994247', `updated_at` = '2022-01-02 17:19:01.994247', `customer_id` = 5672, `address_id` = 9135 WHERE `loan_estate`.`id` = 3376;
INSERT INTO `loan_estate` (`id`, `created_at`, `updated_at`, `customer_id`, `address_id`) VALUES (3376, '2022-01-02 17:19:01.994247', '2022-01-02 17:19:01.994247', 5672, 9135);
UPDATE `loan_car` SET `created_at` = '2022-01-02 23:11:05.344315', `updated_at` = '2022-01-02 23:43:38.392219', `customer_id` = 5672, `model_id` = 186, `vin_number` = '777345396086611398', `date_produced` = '2012-04-09', `value_estimated` = 690000 WHERE `loan_car`.`id` = 4563;
INSERT INTO `loan_car` (`id`, `created_at`, `updated_at`, `customer_id`, `model_id`, `vin_number`, `date_produced`, `value_estimated`) VALUES (4563, '2022-01-02 23:11:05.344315', '2022-01-02 23:43:38.392219', 5672, 186, '777345396086611398', '2012-04-09', 690000);
UPDATE `loan_car` SET `created_at` = '2022-01-02 16:58:48.937523', `updated_at` = '2022-01-02 20:03:03.785180', `customer_id` = 5672, `model_id` = 74, `vin_number` = '827755619983928811', `date_produced` = '2019-06-23', `value_estimated` = 230000 WHERE `loan_car`.`id` = 4564;
INSERT INTO `loan_car` (`id`, `created_at`, `updated_at`, `customer_id`, `model_id`, `vin_number`, `date_produced`, `value_estimated`) VALUES (4564, '2022-01-02 16:58:48.937523', '2022-01-02 20:03:03.785180', 5672, 74, '827755619983928811', '2019-06-23', 230000);
UPDATE `loan_account` SET `created_at` = '2022-01-02 23:33:12.504633', `updated_at` = '2022-01-02 23:52:43.959089', `customer_id` = 5672, `number` = '537516725804178271', `balance` = 0 WHERE `loan_account`.`id` = 5191;
INSERT INTO `loan_account` (`id`, `created_at`, `updated_at`, `customer_id`, `number`, `balance`) VALUES (5191, '2022-01-02 23:33:12.504633', '2022-01-02 23:52:43.959089', 5672, '537516725804178271', 0);
UPDATE `loan_address` SET `created_at` = '2022-01-02 15:24:29.218309', `updated_at` = '2022-01-02 15:24:29.218309', `province` = '江西省', `city` = '吉安市', `county` = '井冈山市', `town` = '鹅岭乡', `detail` = '安龙路23号' WHERE `loan_address`.`id` = 9136;
INSERT INTO `loan_address` (`id`, `created_at`, `updated_at`, `province`, `city`, `county`, `town`, `detail`) VALUES (9136, '2022-01-02 15:24:29.218309', '2022-01-02 15:24:29.218309', '江西省', '吉安市', '井冈山市', '鹅岭乡', '安龙路23号');
UPDATE `loan_customer` SET `created_at` = '2022-01-02 15:24:29.218309', `updated_at` = '2022-01-02 15:24:29.218309', `name` = '杨修文', `id_number` = '726468637102078065', `gender` = 'f', `birthday` = '1986-08-07', `address_id` = 9136, `job_id` = 1879, `salary` = 22000 WHERE `loan_customer`.`id` = 5673;
INSERT INTO `loan_customer` (`id`, `created_at`, `updated_at`, `name`, `id_number`, `gender`, `birthday`, `address_id`, `job_id`, `salary`) VALUES (5673, '2022-01-02 15:24:29.218309', '2022-01-02 15:24:29.218309', '杨修文', '726468637102078065', 'f', '1986-08-07', 9136, 1879, 22000);
UPDATE `loan_chattel` SET `created_at` = '2022-01-02 17:13:26.253725', `updated_at` = '2022-01-02 17:13:26.253725', `customer_id` = 5673, `type` = 'patent', `description` = '一些信息', `value_amount` = 650000, `expired_at` = '2023-10-02' WHERE `loan_chattel`.`id` = 1662;
INSERT INTO `loan_chattel` (`id`, `created_at`, `updated_at`, `customer_id`, `type`, `description`, `value_amount`, `expired_at`) VALUES (1662, '2022-01-02 17:13:26.253725', '2022-01-02 17:13:26.253725', 5673, 'patent', '一些信息', 650000, '2023-10-02');
UPDATE `loan_car` SET `created_at` = '2022-01-02 22:17:57.247633', `updated_at` = '2022-01-02 22:17:57.247633', `customer_id` = 5673, `model_id` = 78, `vin_number` = '824919041911426029', `date_produced` = '2016-05-08', `value_estimated` = 460000 WHERE `loan_car`.`id` = 4565;
INSERT INTO `loan_car` (`id`, `created_at`, `updated_at`, `customer_id`, `model_id`, `vin_number`, `date_produced`, `value_estimated`) VALUES (4565, '2022-01-02 22:17:57.247633', '2022-01-02 22:17:57.247633', 5673, 78, '824919041911426029', '2016-05-08', 460000);
UPDATE `loan_address` SET `created_at` = '2022-01-02 14:17:14.491816', `updated_at` = '2022-01-02 14:17:14.491816', `province` = '湖南省', `city` = '岳阳市', `county` = '平江县', `town` = '福寿山镇', `detail` = '百色路114号' WHERE `loan_address`.`id` = 9137;
INSERT INTO `loan_address` (`id`, `created_at`, `updated_at`, `province`, `city`, `county`, `town`, `detail`) VALUES (9137, '2022-01-02 14:17:14.491816', '2022-01-02 14:17:14.491816', '湖南省', '岳阳市', '平江县', '福寿山镇', '百色路114号');
UPDATE `loan_customer` SET `created_at` = '2022-01-02 14:17:14.491816', `updated_at` = '2022-01-02 23:41:39.505872', `name` = '谢秋柏', `id_number` = '342647165432658845', `gender` = 'm', `birthday` = '1996-05-15', `address_id` = 9137, `job_id` = 1880, `salary` = 59000 WHERE `loan_customer`.`id` = 5674;
INSERT INTO `loan_customer` (`id`, `created_at`, `updated_at`, `name`, `id_number`, `gender`, `birthday`, `address_id`, `job_id`, `salary`) VALUES (5674, '2022-01-02 14:17:14.491816', '2022-01-02 23:41:39.505872', '谢秋柏', '342647165432658845', 'm', '1996-05-15', 9137, 1880, 59000);
UPDATE `loan_address` SET `created_at` = '2022-01-02 17:10:51.768550', `updated_at` = '2022-01-02 17:10:51.768550', `province` = '四川省', `city` = '南充市', `county` = '仪陇县', `town` = '芭蕉乡', `detail` = '白兰路阳光翠竹苑73号' WHERE `loan_address`.`id` = 9138;
INSERT INTO `loan_address` (`id`, `created_at`, `updated_at`, `province`, `city`, `county`, `town`, `detail`) VALUES (9138, '2022-01-02 17:10:51.768550', '2022-01-02 17:10:51.768550', '四川省', '南充市', '仪陇县', '芭蕉乡', '白兰路阳光翠竹苑73号');
UPDATE `loan_estate` SET `created_at` = '2022-01-02 17:10:51.768550', `updated_at` = '2022-01-02 17:50:49.575230', `customer_id` = 5674, `address_id` = 9138 WHERE `loan_estate`.`id` = 3377;
INSERT INTO `loan_estate` (`id`, `created_at`, `updated_at`, `customer_id`, `address_id`) VALUES (3377, '2022-01-02 17:10:51.768550', '2022-01-02 17:50:49.575230', 5674, 9138);
UPDATE `loan_car` SET `created_at` = '2022-01-02 23:36:12.220358', `updated_at` = '2022-01-02 23:59:49.477169', `customer_id` = 5674, `model_id` = 15, `vin_number` = '329016566419405392', `date_produced` = '2017-11-09', `value_estimated` = 70000 WHERE `loan_car`.`id` = 4566;
INSERT INTO `loan_car` (`id`, `created_at`, `updated_at`, `customer_id`, `model_id`, `vin_number`, `date_produced`, `value_estimated`) VALUES (4566, '2022-01-02 23:36:12.220358', '2022-01-02 23:59:49.477169', 5674, 15, '329016566419405392', '2017-11-09', 70000);
UPDATE `loan_car` SET `created_at` = '2022-01-02 20:57:21.460365', `updated_at` = '2022-01-02 23:39:39.190326', `customer_id` = 5674, `model_id` = 296, `vin_number` = '615343763077208264', `date_produced` = '2012-10-01', `value_estimated` = 230000 WHERE `loan_car`.`id` = 4567;
INSERT INTO `loan_car` (`id`, `created_at`, `updated_at`, `customer_id`, `model_id`, `vin_number`, `date_produced`, `value_estimated`) VALUES (4567, '2022-01-02 20:57:21.460365', '2022-01-02 23:39:39.190326', 5674, 296, '615343763077208264', '2012-10-01', 230000);
UPDATE `loan_account` SET `created_at` = '2022-01-02 17:14:18.214163', `updated_at` = '2022-01-02 21:23:08.354752', `customer_id` = 5674, `number` = '272441918961648410', `balance` = 25500 WHERE `loan_account`.`id` = 5192;
INSERT INTO `loan_account` (`id`, `created_at`, `updated_at`, `customer_id`, `number`, `balance`) VALUES (5192, '2022-01-02 17:14:18.214163', '2022-01-02 21:23:08.354752', 5674, '272441918961648410', 25500);
UPDATE `loan_address` SET `created_at` = '2022-01-02 19:14:41.033041', `updated_at` = '2022-01-02 19:14:41.033041', `province` = '河北省', `city` = '保定市', `county` = '涿州市', `town` = '义和庄镇', `detail` = '宝联路178号' WHERE `loan_address`.`id` = 9139;
INSERT INTO `loan_address` (`id`, `created_at`, `updated_at`, `province`, `city`, `county`, `town`, `detail`) VALUES (9139, '2022-01-02 19:14:41.033041', '2022-01-02 19:14:41.033041', '河北省', '保定市', '涿州市', '义和庄镇', '宝联路178号');
UPDATE `loan_customer` SET `created_at` = '2022-01-02 19:14:41.033041', `updated_at` = '2022-01-02 23:39:41.635995', `name` = '崔娉', `id_number` = '653980616353879078', `gender` = 'f', `birthday` = '1985-04-04', `address_id` = 9139, `job_id` = 1880, `salary` = 50000 WHERE `loan_customer`.`id` = 5675;
INSERT INTO `loan_customer` (`id`, `created_at`, `updated_at`, `name`, `id_number`, `gender`, `birthday`, `address_id`, `job_id`, `salary`) VALUES (5675, '2022-01-02 19:14:41.033041', '2022-01-02 23:39:41.635995', '崔娉', '653980616353879078', 'f', '1985-04-04', 9139, 1880, 50000);
UPDATE `loan_chattel` SET `created_at` = '2022-01-02 20:48:02.964339', `updated_at` = '2022-01-02 21:28:40.150854', `customer_id` = 5675, `type` = 'check', `description` = '一些信息', `value_amount` = 300000, `expired_at` = '2025-08-20' WHERE `loan_chattel`.`id` = 1663;
INSERT INTO `loan_chattel` (`id`, `created_at`, `updated_at`, `customer_id`, `type`, `description`, `value_amount`, `expired_at`) VALUES (1663, '2022-01-02 20:48:02.964339', '2022-01-02 21:28:40.150854', 5675, 'check', '一些信息', 300000, '2025-08-20');
UPDATE `loan_address` SET `created_at` = '2022-01-02 22:11:18.226939', `updated_at` = '2022-01-02 22:11:18.226939', `province` = '辽宁省', `city` = '鞍山市', `county` = '海城市', `town` = '响堂街道办事处', `detail` = '百花街真新六街坊42号' WHERE `loan_address`.`id` = 9140;
INSERT INTO `loan_address` (`id`, `created_at`, `updated_at`, `province`, `city`, `county`, `town`, `detail`) VALUES (9140, '2022-01-02 22:11:18.226939', '2022-01-02 22:11:18.226939', '辽宁省', '鞍山市', '海城市', '响堂街道办事处', '百花街真新六街坊42号');
UPDATE `loan_estate` SET `created_at` = '2022-01-02 22:11:18.226939', `updated_at` = '2022-01-02 22:11:18.226939', `customer_id` = 5675, `address_id` = 9140 WHERE `loan_estate`.`id` = 3378;
INSERT INTO `loan_estate` (`id`, `created_at`, `updated_at`, `customer_id`, `address_id`) VALUES (3378, '2022-01-02 22:11:18.226939', '2022-01-02 22:11:18.226939', 5675, 9140);
UPDATE `loan_car` SET `created_at` = '2022-01-02 21:39:32.981034', `updated_at` = '2022-01-02 23:59:50.021255', `customer_id` = 5675, `model_id` = 45, `vin_number` = '249452103377752379', `date_produced` = '2016-01-11', `value_estimated` = 600000 WHERE `loan_car`.`id` = 4568;
INSERT INTO `loan_car` (`id`, `created_at`, `updated_at`, `customer_id`, `model_id`, `vin_number`, `date_produced`, `value_estimated`) VALUES (4568, '2022-01-02 21:39:32.981034', '2022-01-02 23:59:50.021255', 5675, 45, '249452103377752379', '2016-01-11', 600000);
UPDATE `loan_account` SET `created_at` = '2022-01-02 23:50:15.475338', `updated_at` = '2022-01-02 23:50:15.475338', `customer_id` = 5675, `number` = '505912455575215325', `balance` = 0 WHERE `loan_account`.`id` = 5193;
INSERT INTO `loan_account` (`id`, `created_at`, `updated_at`, `customer_id`, `number`, `balance`) VALUES (5193, '2022-01-02 23:50:15.475338', '2022-01-02 23:50:15.475338', 5675, '505912455575215325', 0);
UPDATE `loan_address` SET `created_at` = '2022-01-02 10:06:01.605673', `updated_at` = '2022-01-02 10:06:01.605673', `province` = '北京市', `city` = '市辖区', `county` = '密云区', `town` = '石城镇', `detail` = '安业路62号' WHERE `loan_address`.`id` = 9141;
INSERT INTO `loan_address` (`id`, `created_at`, `updated_at`, `province`, `city`, `county`, `town`, `detail`) VALUES (9141, '2022-01-02 10:06:01.605673', '2022-01-02 10:06:01.605673', '北京市', '市辖区', '密云区', '石城镇', '安业路62号');
UPDATE `loan_customer` SET `created_at` = '2022-01-02 10:06:01.605673', `updated_at` = '2022-01-02 15:55:17.661343', `name` = '黎思云', `id_number` = '077376088193602077', `gender` = 'f', `birthday` = '1983-08-29', `address_id` = 9141, `job_id` = 1881, `salary` = 21000 WHERE `loan_customer`.`id` = 5676;
INSERT INTO `loan_customer` (`id`, `created_at`, `updated_at`, `name`, `id_number`, `gender`, `birthday`, `address_id`, `job_id`, `salary`) VALUES (5676, '2022-01-02 10:06:01.605673', '2022-01-02 15:55:17.661343', '黎思云', '077376088193602077', 'f', '1983-08-29', 9141, 1881, 21000);
UPDATE `loan_car` SET `created_at` = '2022-01-02 21:09:58.079363', `updated_at` = '2022-01-02 22:30:07.077818', `customer_id` = 5676, `model_id` = 248, `vin_number` = '949236532376133822', `date_produced` = '2011-11-06', `value_estimated` = 390000 WHERE `loan_car`.`id` = 4569;
INSERT INTO `loan_car` (`id`, `created_at`, `updated_at`, `customer_id`, `model_id`, `vin_number`, `date_produced`, `value_estimated`) VALUES (4569, '2022-01-02 21:09:58.079363', '2022-01-02 22:30:07.077818', 5676, 248, '949236532376133822', '2011-11-06', 390000);
UPDATE `loan_car` SET `created_at` = '2022-01-02 20:26:20.073132', `updated_at` = '2022-01-02 23:00:07.572491', `customer_id` = 5676, `model_id` = 280, `vin_number` = '560440011269536459', `date_produced` = '2017-02-11', `value_estimated` = 370000 WHERE `loan_car`.`id` = 4570;
INSERT INTO `loan_car` (`id`, `created_at`, `updated_at`, `customer_id`, `model_id`, `vin_number`, `date_produced`, `value_estimated`) VALUES (4570, '2022-01-02 20:26:20.073132', '2022-01-02 23:00:07.572491', 5676, 280, '560440011269536459', '2017-02-11', 370000);
UPDATE `loan_account` SET `created_at` = '2022-01-02 21:03:31.914598', `updated_at` = '2022-01-02 22:36:07.164971', `customer_id` = 5676, `number` = '541721627320130631', `balance` = 0 WHERE `loan_account`.`id` = 5194;
INSERT INTO `loan_account` (`id`, `created_at`, `updated_at`, `customer_id`, `number`, `balance`) VALUES (5194, '2022-01-02 21:03:31.914598', '2022-01-02 22:36:07.164971', 5676, '541721627320130631', 0);
UPDATE `loan_address` SET `created_at` = '2022-01-02 17:43:50.166700', `updated_at` = '2022-01-02 17:43:50.166700', `province` = '山东省', `city` = '青岛市', `county` = '黄岛区', `town` = '铁山街道办事处', `detail` = '白兰路26号' WHERE `loan_address`.`id` = 9142;
INSERT INTO `loan_address` (`id`, `created_at`, `updated_at`, `province`, `city`, `county`, `town`, `detail`) VALUES (9142, '2022-01-02 17:43:50.166700', '2022-01-02 17:43:50.166700', '山东省', '青岛市', '黄岛区', '铁山街道办事处', '白兰路26号');
UPDATE `loan_customer` SET `created_at` = '2022-01-02 17:43:50.166700', `updated_at` = '2022-01-02 17:43:50.166700', `name` = '武辰', `id_number` = '112122461808756924', `gender` = 'f', `birthday` = '1993-08-20', `address_id` = 9142, `job_id` = 1881, `salary` = 20000 WHERE `loan_customer`.`id` = 5677;
INSERT INTO `loan_customer` (`id`, `created_at`, `updated_at`, `name`, `id_number`, `gender`, `birthday`, `address_id`, `job_id`, `salary`) VALUES (5677, '2022-01-02 17:43:50.166700', '2022-01-02 17:43:50.166700', '武辰', '112122461808756924', 'f', '1993-08-20', 9142, 1881, 20000);
UPDATE `loan_chattel` SET `created_at` = '2022-01-02 18:43:46.927740', `updated_at` = '2022-01-02 18:43:46.927740', `customer_id` = 5677, `type` = 'receivable', `description` = '一些信息', `value_amount` = 250000, `expired_at` = '2019-03-02' WHERE `loan_chattel`.`id` = 1664;
INSERT INTO `loan_chattel` (`id`, `created_at`, `updated_at`, `customer_id`, `type`, `description`, `value_amount`, `expired_at`) VALUES (1664, '2022-01-02 18:43:46.927740', '2022-01-02 18:43:46.927740', 5677, 'receivable', '一些信息', 250000, '2019-03-02');
UPDATE `loan_address` SET `created_at` = '2022-01-02 20:48:38.785462', `updated_at` = '2022-01-02 20:48:38.785462', `province` = '甘肃省', `city` = '兰州市', `county` = '安宁区', `town` = '安宁堡街道', `detail` = '安福路金色家园101号' WHERE `loan_address`.`id` = 9143;
INSERT INTO `loan_address` (`id`, `created_at`, `updated_at`, `province`, `city`, `county`, `town`, `detail`) VALUES (9143, '2022-01-02 20:48:38.785462', '2022-01-02 20:48:38.785462', '甘肃省', '兰州市', '安宁区', '安宁堡街道', '安福路金色家园101号');
UPDATE `loan_estate` SET `created_at` = '2022-01-02 20:48:38.785462', `updated_at` = '2022-01-02 21:42:34.088951', `customer_id` = 5677, `address_id` = 9143 WHERE `loan_estate`.`id` = 3379;
INSERT INTO `loan_estate` (`id`, `created_at`, `updated_at`, `customer_id`, `address_id`) VALUES (3379, '2022-01-02 20:48:38.785462', '2022-01-02 21:42:34.088951', 5677, 9143);
UPDATE `loan_car` SET `created_at` = '2022-01-02 20:32:49.801512', `updated_at` = '2022-01-02 20:32:49.801512', `customer_id` = 5677, `model_id` = 82, `vin_number` = '188260786834626790', `date_produced` = '2017-09-09', `value_estimated` = 250000 WHERE `loan_car`.`id` = 4571;
INSERT INTO `loan_car` (`id`, `created_at`, `updated_at`, `customer_id`, `model_id`, `vin_number`, `date_produced`, `value_estimated`) VALUES (4571, '2022-01-02 20:32:49.801512', '2022-01-02 20:32:49.801512', 5677, 82, '188260786834626790', '2017-09-09', 250000);
UPDATE `loan_account` SET `created_at` = '2022-01-02 23:48:19.559535', `updated_at` = '2022-01-02 23:48:19.559535', `customer_id` = 5677, `number` = '844982853881488456', `balance` = 94324 WHERE `loan_account`.`id` = 5195;
INSERT INTO `loan_account` (`id`, `created_at`, `updated_at`, `customer_id`, `number`, `balance`) VALUES (5195, '2022-01-02 23:48:19.559535', '2022-01-02 23:48:19.559535', 5677, '844982853881488456', 94324);
UPDATE `loan_address` SET `created_at` = '2022-01-02 15:28:05.865658', `updated_at` = '2022-01-02 15:28:05.865658', `province` = '湖南省', `city` = '湘潭市', `county` = '湘潭昭山示范区', `town` = '昭山镇', `detail` = '宝通路145号' WHERE `loan_address`.`id` = 9144;
INSERT INTO `loan_address` (`id`, `created_at`, `updated_at`, `province`, `city`, `county`, `town`, `detail`) VALUES (9144, '2022-01-02 15:28:05.865658', '2022-01-02 15:28:05.865658', '湖南省', '湘潭市', '湘潭昭山示范区', '昭山镇', '宝通路145号');
UPDATE `loan_customer` SET `created_at` = '2022-01-02 15:28:05.865658', `updated_at` = '2022-01-02 17:25:00.161101', `name` = '田元思', `id_number` = '858111531497582579', `gender` = 'f', `birthday` = '1995-07-20', `address_id` = 9144, `job_id` = 1881, `salary` = 27000 WHERE `loan_customer`.`id` = 5678;
INSERT INTO `loan_customer` (`id`, `created_at`, `updated_at`, `name`, `id_number`, `gender`, `birthday`, `address_id`, `job_id`, `salary`) VALUES (5678, '2022-01-02 15:28:05.865658', '2022-01-02 17:25:00.161101', '田元思', '858111531497582579', 'f', '1995-07-20', 9144, 1881, 27000);
UPDATE `loan_car` SET `created_at` = '2022-01-02 21:39:33.673912', `updated_at` = '2022-01-02 22:55:48.935178', `customer_id` = 5678, `model_id` = 19, `vin_number` = '679918423953379405', `date_produced` = '2017-01-27', `value_estimated` = 170000 WHERE `loan_car`.`id` = 4572;
INSERT INTO `loan_car` (`id`, `created_at`, `updated_at`, `customer_id`, `model_id`, `vin_number`, `date_produced`, `value_estimated`) VALUES (4572, '2022-01-02 21:39:33.673912', '2022-01-02 22:55:48.935178', 5678, 19, '679918423953379405', '2017-01-27', 170000);
UPDATE `loan_account` SET `created_at` = '2022-01-02 17:39:17.284636', `updated_at` = '2022-01-02 17:39:17.284636', `customer_id` = 5678, `number` = '086275127175565478', `balance` = 0 WHERE `loan_account`.`id` = 5196;
INSERT INTO `loan_account` (`id`, `created_at`, `updated_at`, `customer_id`, `number`, `balance`) VALUES (5196, '2022-01-02 17:39:17.284636', '2022-01-02 17:39:17.284636', 5678, '086275127175565478', 0);
UPDATE `loan_address` SET `created_at` = '2022-01-02 01:59:17.780700', `updated_at` = '2022-01-02 01:59:17.780700', `province` = '黑龙江省', `city` = '黑河市', `county` = '北安市', `town` = '庆华街道办事处', `detail` = '宝安公路25号' WHERE `loan_address`.`id` = 9145;
INSERT INTO `loan_address` (`id`, `created_at`, `updated_at`, `province`, `city`, `county`, `town`, `detail`) VALUES (9145, '2022-01-02 01:59:17.780700', '2022-01-02 01:59:17.780700', '黑龙江省', '黑河市', '北安市', '庆华街道办事处', '宝安公路25号');
UPDATE `loan_customer` SET `created_at` = '2022-01-02 01:59:17.780700', `updated_at` = '2022-01-02 22:12:18.690412', `name` = '郝乐水', `id_number` = '915628585280175326', `gender` = 'f', `birthday` = '1989-10-27', `address_id` = 9145, `job_id` = 1881, `salary` = 20000 WHERE `loan_customer`.`id` = 5679;
INSERT INTO `loan_customer` (`id`, `created_at`, `updated_at`, `name`, `id_number`, `gender`, `birthday`, `address_id`, `job_id`, `salary`) VALUES (5679, '2022-01-02 01:59:17.780700', '2022-01-02 22:12:18.690412', '郝乐水', '915628585280175326', 'f', '1989-10-27', 9145, 1881, 20000);
UPDATE `loan_chattel` SET `created_at` = '2022-01-02 16:41:02.556710', `updated_at` = '2022-01-02 16:41:02.556710', `customer_id` = 5679, `type` = 'deposit', `description` = '一些信息', `value_amount` = 60000, `expired_at` = '2031-01-31' WHERE `loan_chattel`.`id` = 1665;
INSERT INTO `loan_chattel` (`id`, `created_at`, `updated_at`, `customer_id`, `type`, `description`, `value_amount`, `expired_at`) VALUES (1665, '2022-01-02 16:41:02.556710', '2022-01-02 16:41:02.556710', 5679, 'deposit', '一些信息', 60000, '2031-01-31');
UPDATE `loan_address` SET `created_at` = '2022-01-02 11:42:40.897022', `updated_at` = '2022-01-02 11:42:40.897022', `province` = '广西壮族自治区', `city` = '玉林市', `county` = '玉州区', `town` = '城西街道办事处', `detail` = '安龙路173号' WHERE `loan_address`.`id` = 9146;
INSERT INTO `loan_address` (`id`, `created_at`, `updated_at`, `province`, `city`, `county`, `town`, `detail`) VALUES (9146, '2022-01-02 11:42:40.897022', '2022-01-02 11:42:40.897022', '广西壮族自治区', '玉林市', '玉州区', '城西街道办事处', '安龙路173号');
UPDATE `loan_estate` SET `created_at` = '2022-01-02 11:42:40.897022', `updated_at` = '2022-01-02 11:42:40.897022', `customer_id` = 5679, `address_id` = 9146 WHERE `loan_estate`.`id` = 3380;
INSERT INTO `loan_estate` (`id`, `created_at`, `updated_at`, `customer_id`, `address_id`) VALUES (3380, '2022-01-02 11:42:40.897022', '2022-01-02 11:42:40.897022', 5679, 9146);
UPDATE `loan_address` SET `created_at` = '2022-01-02 06:49:08.158488', `updated_at` = '2022-01-02 06:49:08.158488', `province` = '四川省', `city` = '眉山市', `county` = '仁寿县', `town` = '彰加镇', `detail` = '八一路金色家园162号' WHERE `loan_address`.`id` = 9147;
INSERT INTO `loan_address` (`id`, `created_at`, `updated_at`, `province`, `city`, `county`, `town`, `detail`) VALUES (9147, '2022-01-02 06:49:08.158488', '2022-01-02 06:49:08.158488', '四川省', '眉山市', '仁寿县', '彰加镇', '八一路金色家园162号');
UPDATE `loan_customer` SET `created_at` = '2022-01-02 06:49:08.158488', `updated_at` = '2022-01-02 09:35:33.412456', `name` = '朱纨', `id_number` = '770787800347245320', `gender` = 'f', `birthday` = '1989-06-23', `address_id` = 9147, `job_id` = 1882, `salary` = 38000 WHERE `loan_customer`.`id` = 5680;
INSERT INTO `loan_customer` (`id`, `created_at`, `updated_at`, `name`, `id_number`, `gender`, `birthday`, `address_id`, `job_id`, `salary`) VALUES (5680, '2022-01-02 06:49:08.158488', '2022-01-02 09:35:33.412456', '朱纨', '770787800347245320', 'f', '1989-06-23', 9147, 1882, 38000);
UPDATE `loan_account` SET `created_at` = '2022-01-02 08:34:27.568758', `updated_at` = '2022-01-02 12:52:26.023576', `customer_id` = 5680, `number` = '453093604408470312', `balance` = 96959 WHERE `loan_account`.`id` = 5197;
INSERT INTO `loan_account` (`id`, `created_at`, `updated_at`, `customer_id`, `number`, `balance`) VALUES (5197, '2022-01-02 08:34:27.568758', '2022-01-02 12:52:26.023576', 5680, '453093604408470312', 96959);
UPDATE `loan_address` SET `created_at` = '2022-01-02 00:09:24.329193', `updated_at` = '2022-01-02 00:09:24.329193', `province` = '重庆市', `city` = '县', `county` = '秀山土家族苗族自治县', `town` = '溪口镇', `detail` = '百官街182号' WHERE `loan_address`.`id` = 9148;
INSERT INTO `loan_address` (`id`, `created_at`, `updated_at`, `province`, `city`, `county`, `town`, `detail`) VALUES (9148, '2022-01-02 00:09:24.329193', '2022-01-02 00:09:24.329193', '重庆市', '县', '秀山土家族苗族自治县', '溪口镇', '百官街182号');
UPDATE `loan_customer` SET `created_at` = '2022-01-02 00:09:24.329193', `updated_at` = '2022-01-02 17:44:10.712202', `name` = '苏曼婉', `id_number` = '352591114711574520', `gender` = 'f', `birthday` = '1986-03-11', `address_id` = 9148, `job_id` = 1882, `salary` = 41000 WHERE `loan_customer`.`id` = 5681;
INSERT INTO `loan_customer` (`id`, `created_at`, `updated_at`, `name`, `id_number`, `gender`, `birthday`, `address_id`, `job_id`, `salary`) VALUES (5681, '2022-01-02 00:09:24.329193', '2022-01-02 17:44:10.712202', '苏曼婉', '352591114711574520', 'f', '1986-03-11', 9148, 1882, 41000);
UPDATE `loan_chattel` SET `created_at` = '2022-01-02 22:19:34.490003', `updated_at` = '2022-01-02 22:19:34.490003', `customer_id` = 5681, `type` = 'draft', `description` = '一些信息', `value_amount` = 20000, `expired_at` = '2019-10-05' WHERE `loan_chattel`.`id` = 1666;
INSERT INTO `loan_chattel` (`id`, `created_at`, `updated_at`, `customer_id`, `type`, `description`, `value_amount`, `expired_at`) VALUES (1666, '2022-01-02 22:19:34.490003', '2022-01-02 22:19:34.490003', 5681, 'draft', '一些信息', 20000, '2019-10-05');
UPDATE `loan_car` SET `created_at` = '2022-01-02 05:31:27.519715', `updated_at` = '2022-01-02 15:15:07.339519', `customer_id` = 5681, `model_id` = 112, `vin_number` = '485418139115899340', `date_produced` = '2015-02-26', `value_estimated` = 210000 WHERE `loan_car`.`id` = 4573;
INSERT INTO `loan_car` (`id`, `created_at`, `updated_at`, `customer_id`, `model_id`, `vin_number`, `date_produced`, `value_estimated`) VALUES (4573, '2022-01-02 05:31:27.519715', '2022-01-02 15:15:07.339519', 5681, 112, '485418139115899340', '2015-02-26', 210000);
UPDATE `loan_car` SET `created_at` = '2022-01-02 22:13:56.172281', `updated_at` = '2022-01-02 22:56:11.632828', `customer_id` = 5681, `model_id` = 10, `vin_number` = '178049129517021731', `date_produced` = '2010-05-29', `value_estimated` = 240000 WHERE `loan_car`.`id` = 4574;
INSERT INTO `loan_car` (`id`, `created_at`, `updated_at`, `customer_id`, `model_id`, `vin_number`, `date_produced`, `value_estimated`) VALUES (4574, '2022-01-02 22:13:56.172281', '2022-01-02 22:56:11.632828', 5681, 10, '178049129517021731', '2010-05-29', 240000);
UPDATE `loan_account` SET `created_at` = '2022-01-02 15:40:44.144753', `updated_at` = '2022-01-02 15:40:44.144753', `customer_id` = 5681, `number` = '377326030846544224', `balance` = 30226 WHERE `loan_account`.`id` = 5198;
INSERT INTO `loan_account` (`id`, `created_at`, `updated_at`, `customer_id`, `number`, `balance`) VALUES (5198, '2022-01-02 15:40:44.144753', '2022-01-02 15:40:44.144753', 5681, '377326030846544224', 30226);
UPDATE `loan_address` SET `created_at` = '2022-01-02 07:22:07.394280', `updated_at` = '2022-01-02 07:22:07.394280', `province` = '山西省', `city` = '朔州市', `county` = '平鲁区', `town` = '井坪镇', `detail` = '鞍山路菊园五街坊50号' WHERE `loan_address`.`id` = 9149;
INSERT INTO `loan_address` (`id`, `created_at`, `updated_at`, `province`, `city`, `county`, `town`, `detail`) VALUES (9149, '2022-01-02 07:22:07.394280', '2022-01-02 07:22:07.394280', '山西省', '朔州市', '平鲁区', '井坪镇', '鞍山路菊园五街坊50号');
UPDATE `loan_customer` SET `created_at` = '2022-01-02 07:22:07.394280', `updated_at` = '2022-01-02 07:22:07.394280', `name` = '谭高旻', `id_number` = '489889296990569493', `gender` = 'm', `birthday` = '1999-07-25', `address_id` = 9149, `job_id` = 1882, `salary` = 59000 WHERE `loan_customer`.`id` = 5682;
INSERT INTO `loan_customer` (`id`, `created_at`, `updated_at`, `name`, `id_number`, `gender`, `birthday`, `address_id`, `job_id`, `salary`) VALUES (5682, '2022-01-02 07:22:07.394280', '2022-01-02 07:22:07.394280', '谭高旻', '489889296990569493', 'm', '1999-07-25', 9149, 1882, 59000);
UPDATE `loan_car` SET `created_at` = '2022-01-02 18:22:51.509763', `updated_at` = '2022-01-02 21:30:25.730287', `customer_id` = 5682, `model_id` = 188, `vin_number` = '054209749734322705', `date_produced` = '2017-03-28', `value_estimated` = 130000 WHERE `loan_car`.`id` = 4575;
INSERT INTO `loan_car` (`id`, `created_at`, `updated_at`, `customer_id`, `model_id`, `vin_number`, `date_produced`, `value_estimated`) VALUES (4575, '2022-01-02 18:22:51.509763', '2022-01-02 21:30:25.730287', 5682, 188, '054209749734322705', '2017-03-28', 130000);
UPDATE `loan_car` SET `created_at` = '2022-01-02 12:40:29.675382', `updated_at` = '2022-01-02 23:38:09.831088', `customer_id` = 5682, `model_id` = 275, `vin_number` = '732824141467363389', `date_produced` = '2011-07-10', `value_estimated` = 90000 WHERE `loan_car`.`id` = 4576;
INSERT INTO `loan_car` (`id`, `created_at`, `updated_at`, `customer_id`, `model_id`, `vin_number`, `date_produced`, `value_estimated`) VALUES (4576, '2022-01-02 12:40:29.675382', '2022-01-02 23:38:09.831088', 5682, 275, '732824141467363389', '2011-07-10', 90000);
UPDATE `loan_account` SET `created_at` = '2022-01-02 12:11:57.284274', `updated_at` = '2022-01-02 21:22:31.810681', `customer_id` = 5682, `number` = '694976560170319776', `balance` = 75383 WHERE `loan_account`.`id` = 5199;
INSERT INTO `loan_account` (`id`, `created_at`, `updated_at`, `customer_id`, `number`, `balance`) VALUES (5199, '2022-01-02 12:11:57.284274', '2022-01-02 21:22:31.810681', 5682, '694976560170319776', 75383);
UPDATE `loan_address` SET `created_at` = '2022-01-02 16:41:37.092293', `updated_at` = '2022-01-02 16:41:37.092293', `province` = '山西省', `city` = '临汾市', `county` = '尧都区', `town` = '乔李镇', `detail` = '白玉路26号' WHERE `loan_address`.`id` = 9150;
INSERT INTO `loan_address` (`id`, `created_at`, `updated_at`, `province`, `city`, `county`, `town`, `detail`) VALUES (9150, '2022-01-02 16:41:37.092293', '2022-01-02 16:41:37.092293', '山西省', '临汾市', '尧都区', '乔李镇', '白玉路26号');
UPDATE `loan_customer` SET `created_at` = '2022-01-02 16:41:37.092293', `updated_at` = '2022-01-02 16:57:33.129587', `name` = '江基', `id_number` = '703253526356413337', `gender` = 'f', `birthday` = '2002-08-15', `address_id` = 9150, `job_id` = 1882, `salary` = 6000 WHERE `loan_customer`.`id` = 5683;
INSERT INTO `loan_customer` (`id`, `created_at`, `updated_at`, `name`, `id_number`, `gender`, `birthday`, `address_id`, `job_id`, `salary`) VALUES (5683, '2022-01-02 16:41:37.092293', '2022-01-02 16:57:33.129587', '江基', '703253526356413337', 'f', '2002-08-15', 9150, 1882, 6000);
UPDATE `loan_car` SET `created_at` = '2022-01-02 23:18:27.393654', `updated_at` = '2022-01-02 23:42:27.932338', `customer_id` = 5683, `model_id` = 304, `vin_number` = '148756096964162761', `date_produced` = '2014-03-23', `value_estimated` = 20000 WHERE `loan_car`.`id` = 4577;
INSERT INTO `loan_car` (`id`, `created_at`, `updated_at`, `customer_id`, `model_id`, `vin_number`, `date_produced`, `value_estimated`) VALUES (4577, '2022-01-02 23:18:27.393654', '2022-01-02 23:42:27.932338', 5683, 304, '148756096964162761', '2014-03-23', 20000);
UPDATE `loan_account` SET `created_at` = '2022-01-02 18:12:06.869802', `updated_at` = '2022-01-02 20:27:20.033382', `customer_id` = 5683, `number` = '163209434082642798', `balance` = 17330 WHERE `loan_account`.`id` = 5200;
INSERT INTO `loan_account` (`id`, `created_at`, `updated_at`, `customer_id`, `number`, `balance`) VALUES (5200, '2022-01-02 18:12:06.869802', '2022-01-02 20:27:20.033382', 5683, '163209434082642798', 17330);
UPDATE `loan_address` SET `created_at` = '2022-01-02 02:34:08.229931', `updated_at` = '2022-01-02 02:34:08.229931', `province` = '新疆维吾尔自治区', `city` = '喀什地区', `county` = '疏附县', `town` = '布拉克苏乡', `detail` = '白兰路78号' WHERE `loan_address`.`id` = 9151;
INSERT INTO `loan_address` (`id`, `created_at`, `updated_at`, `province`, `city`, `county`, `town`, `detail`) VALUES (9151, '2022-01-02 02:34:08.229931', '2022-01-02 02:34:08.229931', '新疆维吾尔自治区', '喀什地区', '疏附县', '布拉克苏乡', '白兰路78号');
UPDATE `loan_customer` SET `created_at` = '2022-01-02 02:34:08.229931', `updated_at` = '2022-01-02 10:43:43.846400', `name` = '文浦', `id_number` = '893685676772740209', `gender` = 'f', `birthday` = '1982-05-22', `address_id` = 9151, `job_id` = 1883, `salary` = 13000 WHERE `loan_customer`.`id` = 5684;
INSERT INTO `loan_customer` (`id`, `created_at`, `updated_at`, `name`, `id_number`, `gender`, `birthday`, `address_id`, `job_id`, `salary`) VALUES (5684, '2022-01-02 02:34:08.229931', '2022-01-02 10:43:43.846400', '文浦', '893685676772740209', 'f', '1982-05-22', 9151, 1883, 13000);
UPDATE `loan_chattel` SET `created_at` = '2022-01-02 09:22:34.440044', `updated_at` = '2022-01-02 09:22:34.440044', `customer_id` = 5684, `type` = 'check', `description` = '一些信息', `value_amount` = 20000, `expired_at` = '2026-08-26' WHERE `loan_chattel`.`id` = 1667;
INSERT INTO `loan_chattel` (`id`, `created_at`, `updated_at`, `customer_id`, `type`, `description`, `value_amount`, `expired_at`) VALUES (1667, '2022-01-02 09:22:34.440044', '2022-01-02 09:22:34.440044', 5684, 'check', '一些信息', 20000, '2026-08-26');
UPDATE `loan_car` SET `created_at` = '2022-01-02 05:41:30.794672', `updated_at` = '2022-01-02 05:41:30.794672', `customer_id` = 5684, `model_id` = 189, `vin_number` = '027464672239913107', `date_produced` = '2016-01-03', `value_estimated` = 230000 WHERE `loan_car`.`id` = 4578;
INSERT INTO `loan_car` (`id`, `created_at`, `updated_at`, `customer_id`, `model_id`, `vin_number`, `date_produced`, `value_estimated`) VALUES (4578, '2022-01-02 05:41:30.794672', '2022-01-02 05:41:30.794672', 5684, 189, '027464672239913107', '2016-01-03', 230000);
UPDATE `loan_account` SET `created_at` = '2022-01-02 19:38:37.785459', `updated_at` = '2022-01-02 19:38:37.785459', `customer_id` = 5684, `number` = '890726127231455615', `balance` = 49140 WHERE `loan_account`.`id` = 5201;
INSERT INTO `loan_account` (`id`, `created_at`, `updated_at`, `customer_id`, `number`, `balance`) VALUES (5201, '2022-01-02 19:38:37.785459', '2022-01-02 19:38:37.785459', 5684, '890726127231455615', 49140);
UPDATE `loan_address` SET `created_at` = '2022-01-02 22:39:07.576542', `updated_at` = '2022-01-02 22:39:07.576542', `province` = '新疆维吾尔自治区', `city` = '自治区直辖县级行政区划', `county` = '图木舒克市', `town` = '兵团四十一团', `detail` = '白玉路172号' WHERE `loan_address`.`id` = 9152;
INSERT INTO `loan_address` (`id`, `created_at`, `updated_at`, `province`, `city`, `county`, `town`, `detail`) VALUES (9152, '2022-01-02 22:39:07.576542', '2022-01-02 22:39:07.576542', '新疆维吾尔自治区', '自治区直辖县级行政区划', '图木舒克市', '兵团四十一团', '白玉路172号');
UPDATE `loan_customer` SET `created_at` = '2022-01-02 22:39:07.576542', `updated_at` = '2022-01-02 23:43:41.334413', `name` = '赖嫣', `id_number` = '643407014744809090', `gender` = 'm', `birthday` = '1997-11-17', `address_id` = 9152, `job_id` = 1883, `salary` = 77000 WHERE `loan_customer`.`id` = 5685;
INSERT INTO `loan_customer` (`id`, `created_at`, `updated_at`, `name`, `id_number`, `gender`, `birthday`, `address_id`, `job_id`, `salary`) VALUES (5685, '2022-01-02 22:39:07.576542', '2022-01-02 23:43:41.334413', '赖嫣', '643407014744809090', 'm', '1997-11-17', 9152, 1883, 77000);
UPDATE `loan_chattel` SET `created_at` = '2022-01-02 23:26:26.605773', `updated_at` = '2022-01-02 23:26:26.605773', `customer_id` = 5685, `type` = 'draft', `description` = '一些信息', `value_amount` = 20000, `expired_at` = '2028-07-12' WHERE `loan_chattel`.`id` = 1668;
INSERT INTO `loan_chattel` (`id`, `created_at`, `updated_at`, `customer_id`, `type`, `description`, `value_amount`, `expired_at`) VALUES (1668, '2022-01-02 23:26:26.605773', '2022-01-02 23:26:26.605773', 5685, 'draft', '一些信息', 20000, '2028-07-12');
UPDATE `loan_address` SET `created_at` = '2022-01-02 23:20:51.900608', `updated_at` = '2022-01-02 23:20:51.900608', `province` = '广西壮族自治区', `city` = '桂林市', `county` = '阳朔县', `town` = '福利镇', `detail` = '八一路爱里舍花园159号' WHERE `loan_address`.`id` = 9153;
INSERT INTO `loan_address` (`id`, `created_at`, `updated_at`, `province`, `city`, `county`, `town`, `detail`) VALUES (9153, '2022-01-02 23:20:51.900608', '2022-01-02 23:20:51.900608', '广西壮族自治区', '桂林市', '阳朔县', '福利镇', '八一路爱里舍花园159号');
UPDATE `loan_estate` SET `created_at` = '2022-01-02 23:20:51.900608', `updated_at` = '2022-01-02 23:20:51.900608', `customer_id` = 5685, `address_id` = 9153 WHERE `loan_estate`.`id` = 3381;
INSERT INTO `loan_estate` (`id`, `created_at`, `updated_at`, `customer_id`, `address_id`) VALUES (3381, '2022-01-02 23:20:51.900608', '2022-01-02 23:20:51.900608', 5685, 9153);
UPDATE `loan_address` SET `created_at` = '2022-01-02 23:55:22.910518', `updated_at` = '2022-01-02 23:55:22.910518', `province` = '辽宁省', `city` = '铁岭市', `county` = '昌图县', `town` = '十八家子镇', `detail` = '宝昌路博泰新苑85号' WHERE `loan_address`.`id` = 9154;
INSERT INTO `loan_address` (`id`, `created_at`, `updated_at`, `province`, `city`, `county`, `town`, `detail`) VALUES (9154, '2022-01-02 23:55:22.910518', '2022-01-02 23:55:22.910518', '辽宁省', '铁岭市', '昌图县', '十八家子镇', '宝昌路博泰新苑85号');
UPDATE `loan_estate` SET `created_at` = '2022-01-02 23:55:22.910518', `updated_at` = '2022-01-02 23:55:22.910518', `customer_id` = 5685, `address_id` = 9154 WHERE `loan_estate`.`id` = 3382;
INSERT INTO `loan_estate` (`id`, `created_at`, `updated_at`, `customer_id`, `address_id`) VALUES (3382, '2022-01-02 23:55:22.910518', '2022-01-02 23:55:22.910518', 5685, 9154);
UPDATE `loan_account` SET `created_at` = '2022-01-02 23:25:15.506810', `updated_at` = '2022-01-02 23:25:15.506810', `customer_id` = 5685, `number` = '424402612908435582', `balance` = 147915 WHERE `loan_account`.`id` = 5202;
INSERT INTO `loan_account` (`id`, `created_at`, `updated_at`, `customer_id`, `number`, `balance`) VALUES (5202, '2022-01-02 23:25:15.506810', '2022-01-02 23:25:15.506810', 5685, '424402612908435582', 147915);
UPDATE `loan_address` SET `created_at` = '2022-01-02 13:18:17.298652', `updated_at` = '2022-01-02 13:18:17.298652', `province` = '甘肃省', `city` = '定西市', `county` = '通渭县', `town` = '平襄镇', `detail` = '白兰路182号' WHERE `loan_address`.`id` = 9155;
INSERT INTO `loan_address` (`id`, `created_at`, `updated_at`, `province`, `city`, `county`, `town`, `detail`) VALUES (9155, '2022-01-02 13:18:17.298652', '2022-01-02 13:18:17.298652', '甘肃省', '定西市', '通渭县', '平襄镇', '白兰路182号');
UPDATE `loan_customer` SET `created_at` = '2022-01-02 13:18:17.298652', `updated_at` = '2022-01-02 13:18:17.298652', `name` = '张苹', `id_number` = '799980398151000120', `gender` = 'f', `birthday` = '1985-04-17', `address_id` = 9155, `job_id` = 1883, `salary` = 11000 WHERE `loan_customer`.`id` = 5686;
INSERT INTO `loan_customer` (`id`, `created_at`, `updated_at`, `name`, `id_number`, `gender`, `birthday`, `address_id`, `job_id`, `salary`) VALUES (5686, '2022-01-02 13:18:17.298652', '2022-01-02 13:18:17.298652', '张苹', '799980398151000120', 'f', '1985-04-17', 9155, 1883, 11000);
UPDATE `loan_chattel` SET `created_at` = '2022-01-02 22:56:44.350914', `updated_at` = '2022-01-02 22:56:44.350914', `customer_id` = 5686, `type` = 'check', `description` = '一些信息', `value_amount` = 260000, `expired_at` = '2030-05-15' WHERE `loan_chattel`.`id` = 1669;
INSERT INTO `loan_chattel` (`id`, `created_at`, `updated_at`, `customer_id`, `type`, `description`, `value_amount`, `expired_at`) VALUES (1669, '2022-01-02 22:56:44.350914', '2022-01-02 22:56:44.350914', 5686, 'check', '一些信息', 260000, '2030-05-15');
UPDATE `loan_car` SET `created_at` = '2022-01-02 19:17:04.226662', `updated_at` = '2022-01-02 23:30:18.668143', `customer_id` = 5686, `model_id` = 204, `vin_number` = '638539148537674418', `date_produced` = '2014-05-12', `value_estimated` = 140000 WHERE `loan_car`.`id` = 4579;
INSERT INTO `loan_car` (`id`, `created_at`, `updated_at`, `customer_id`, `model_id`, `vin_number`, `date_produced`, `value_estimated`) VALUES (4579, '2022-01-02 19:17:04.226662', '2022-01-02 23:30:18.668143', 5686, 204, '638539148537674418', '2014-05-12', 140000);
UPDATE `loan_account` SET `created_at` = '2022-01-02 20:39:37.404737', `updated_at` = '2022-01-02 20:39:37.404737', `customer_id` = 5686, `number` = '164454280800044982', `balance` = 44176 WHERE `loan_account`.`id` = 5203;
INSERT INTO `loan_account` (`id`, `created_at`, `updated_at`, `customer_id`, `number`, `balance`) VALUES (5203, '2022-01-02 20:39:37.404737', '2022-01-02 20:39:37.404737', 5686, '164454280800044982', 44176);
UPDATE `loan_address` SET `created_at` = '2022-01-02 08:27:54.717781', `updated_at` = '2022-01-02 08:27:54.717781', `province` = '河南省', `city` = '平顶山市', `county` = '叶县', `town` = '马庄回族乡', `detail` = '安顺路真新六街坊155号' WHERE `loan_address`.`id` = 9156;
INSERT INTO `loan_address` (`id`, `created_at`, `updated_at`, `province`, `city`, `county`, `town`, `detail`) VALUES (9156, '2022-01-02 08:27:54.717781', '2022-01-02 08:27:54.717781', '河南省', '平顶山市', '叶县', '马庄回族乡', '安顺路真新六街坊155号');
UPDATE `loan_customer` SET `created_at` = '2022-01-02 08:27:54.717781', `updated_at` = '2022-01-02 08:27:54.717781', `name` = '陆波', `id_number` = '184014214806734179', `gender` = 'f', `birthday` = '1982-05-25', `address_id` = 9156, `job_id` = 1883, `salary` = 35000 WHERE `loan_customer`.`id` = 5687;
INSERT INTO `loan_customer` (`id`, `created_at`, `updated_at`, `name`, `id_number`, `gender`, `birthday`, `address_id`, `job_id`, `salary`) VALUES (5687, '2022-01-02 08:27:54.717781', '2022-01-02 08:27:54.717781', '陆波', '184014214806734179', 'f', '1982-05-25', 9156, 1883, 35000);
UPDATE `loan_address` SET `created_at` = '2022-01-02 12:59:46.569293', `updated_at` = '2022-01-02 12:59:46.569293', `province` = '陕西省', `city` = '延安市', `county` = '延川县', `town` = '永坪镇', `detail` = '宝联路协通公寓36号' WHERE `loan_address`.`id` = 9157;
INSERT INTO `loan_address` (`id`, `created_at`, `updated_at`, `province`, `city`, `county`, `town`, `detail`) VALUES (9157, '2022-01-02 12:59:46.569293', '2022-01-02 12:59:46.569293', '陕西省', '延安市', '延川县', '永坪镇', '宝联路协通公寓36号');
UPDATE `loan_estate` SET `created_at` = '2022-01-02 12:59:46.569293', `updated_at` = '2022-01-02 12:59:46.569293', `customer_id` = 5687, `address_id` = 9157 WHERE `loan_estate`.`id` = 3383;
INSERT INTO `loan_estate` (`id`, `created_at`, `updated_at`, `customer_id`, `address_id`) VALUES (3383, '2022-01-02 12:59:46.569293', '2022-01-02 12:59:46.569293', 5687, 9157);
UPDATE `loan_car` SET `created_at` = '2022-01-02 20:04:35.856156', `updated_at` = '2022-01-02 20:04:35.856156', `customer_id` = 5687, `model_id` = 21, `vin_number` = '847208328012269321', `date_produced` = '2021-05-07', `value_estimated` = 540000 WHERE `loan_car`.`id` = 4580;
INSERT INTO `loan_car` (`id`, `created_at`, `updated_at`, `customer_id`, `model_id`, `vin_number`, `date_produced`, `value_estimated`) VALUES (4580, '2022-01-02 20:04:35.856156', '2022-01-02 20:04:35.856156', 5687, 21, '847208328012269321', '2021-05-07', 540000);
UPDATE `loan_account` SET `created_at` = '2022-01-02 18:46:34.726844', `updated_at` = '2022-01-02 18:46:34.726844', `customer_id` = 5687, `number` = '966718643917818564', `balance` = 2592 WHERE `loan_account`.`id` = 5204;
INSERT INTO `loan_account` (`id`, `created_at`, `updated_at`, `customer_id`, `number`, `balance`) VALUES (5204, '2022-01-02 18:46:34.726844', '2022-01-02 18:46:34.726844', 5687, '966718643917818564', 2592);
UPDATE `loan_address` SET `created_at` = '2022-01-02 20:56:23.636668', `updated_at` = '2022-01-02 20:56:23.636668', `province` = '广西壮族自治区', `city` = '玉林市', `county` = '玉州区', `town` = '城西街道办事处', `detail` = '白城路溢盈河畔别墅30号' WHERE `loan_address`.`id` = 9158;
INSERT INTO `loan_address` (`id`, `created_at`, `updated_at`, `province`, `city`, `county`, `town`, `detail`) VALUES (9158, '2022-01-02 20:56:23.636668', '2022-01-02 20:56:23.636668', '广西壮族自治区', '玉林市', '玉州区', '城西街道办事处', '白城路溢盈河畔别墅30号');
UPDATE `loan_customer` SET `created_at` = '2022-01-02 20:56:23.636668', `updated_at` = '2022-01-02 21:59:17.788449', `name` = '漕元亮', `id_number` = '436574905464013493', `gender` = 'm', `birthday` = '2002-03-04', `address_id` = 9158, `job_id` = 1883, `salary` = 60000 WHERE `loan_customer`.`id` = 5688;
INSERT INTO `loan_customer` (`id`, `created_at`, `updated_at`, `name`, `id_number`, `gender`, `birthday`, `address_id`, `job_id`, `salary`) VALUES (5688, '2022-01-02 20:56:23.636668', '2022-01-02 21:59:17.788449', '漕元亮', '436574905464013493', 'm', '2002-03-04', 9158, 1883, 60000);
UPDATE `loan_address` SET `created_at` = '2022-01-02 21:09:15.074506', `updated_at` = '2022-01-02 21:09:15.074506', `province` = '云南省', `city` = '昆明市', `county` = '嵩明县', `town` = '嵩明杨林经济技术开发区', `detail` = '安福路16号' WHERE `loan_address`.`id` = 9159;
INSERT INTO `loan_address` (`id`, `created_at`, `updated_at`, `province`, `city`, `county`, `town`, `detail`) VALUES (9159, '2022-01-02 21:09:15.074506', '2022-01-02 21:09:15.074506', '云南省', '昆明市', '嵩明县', '嵩明杨林经济技术开发区', '安福路16号');
UPDATE `loan_estate` SET `created_at` = '2022-01-02 21:09:15.074506', `updated_at` = '2022-01-02 21:09:15.074506', `customer_id` = 5688, `address_id` = 9159 WHERE `loan_estate`.`id` = 3384;
INSERT INTO `loan_estate` (`id`, `created_at`, `updated_at`, `customer_id`, `address_id`) VALUES (3384, '2022-01-02 21:09:15.074506', '2022-01-02 21:09:15.074506', 5688, 9159);
UPDATE `loan_car` SET `created_at` = '2022-01-02 22:13:23.343560', `updated_at` = '2022-01-02 23:36:01.448115', `customer_id` = 5688, `model_id` = 85, `vin_number` = '251158351523023706', `date_produced` = '2014-12-04', `value_estimated` = 490000 WHERE `loan_car`.`id` = 4581;
INSERT INTO `loan_car` (`id`, `created_at`, `updated_at`, `customer_id`, `model_id`, `vin_number`, `date_produced`, `value_estimated`) VALUES (4581, '2022-01-02 22:13:23.343560', '2022-01-02 23:36:01.448115', 5688, 85, '251158351523023706', '2014-12-04', 490000);
UPDATE `loan_account` SET `created_at` = '2022-01-02 21:08:53.126036', `updated_at` = '2022-01-02 21:08:53.126036', `customer_id` = 5688, `number` = '254832510071183828', `balance` = 26180 WHERE `loan_account`.`id` = 5205;
INSERT INTO `loan_account` (`id`, `created_at`, `updated_at`, `customer_id`, `number`, `balance`) VALUES (5205, '2022-01-02 21:08:53.126036', '2022-01-02 21:08:53.126036', 5688, '254832510071183828', 26180);
UPDATE `loan_address` SET `created_at` = '2022-01-02 13:52:07.955231', `updated_at` = '2022-01-02 13:52:07.955231', `province` = '河南省', `city` = '三门峡市', `county` = '陕州区', `town` = '西张村镇', `detail` = '保屯路和亭佳苑109号' WHERE `loan_address`.`id` = 9160;
INSERT INTO `loan_address` (`id`, `created_at`, `updated_at`, `province`, `city`, `county`, `town`, `detail`) VALUES (9160, '2022-01-02 13:52:07.955231', '2022-01-02 13:52:07.955231', '河南省', '三门峡市', '陕州区', '西张村镇', '保屯路和亭佳苑109号');
UPDATE `loan_customer` SET `created_at` = '2022-01-02 13:52:07.955231', `updated_at` = '2022-01-02 19:13:18.735949', `name` = '汤俊民', `id_number` = '256074466545837859', `gender` = 'm', `birthday` = '2004-03-17', `address_id` = 9160, `job_id` = 1884, `salary` = 23000 WHERE `loan_customer`.`id` = 5689;
INSERT INTO `loan_customer` (`id`, `created_at`, `updated_at`, `name`, `id_number`, `gender`, `birthday`, `address_id`, `job_id`, `salary`) VALUES (5689, '2022-01-02 13:52:07.955231', '2022-01-02 19:13:18.735949', '汤俊民', '256074466545837859', 'm', '2004-03-17', 9160, 1884, 23000);
UPDATE `loan_car` SET `created_at` = '2022-01-02 21:35:46.304718', `updated_at` = '2022-01-02 23:52:37.501796', `customer_id` = 5689, `model_id` = 256, `vin_number` = '658030631405707282', `date_produced` = '2012-09-29', `value_estimated` = 1090000 WHERE `loan_car`.`id` = 4582;
INSERT INTO `loan_car` (`id`, `created_at`, `updated_at`, `customer_id`, `model_id`, `vin_number`, `date_produced`, `value_estimated`) VALUES (4582, '2022-01-02 21:35:46.304718', '2022-01-02 23:52:37.501796', 5689, 256, '658030631405707282', '2012-09-29', 1090000);
UPDATE `loan_account` SET `created_at` = '2022-01-02 19:51:54.081632', `updated_at` = '2022-01-02 19:51:54.081632', `customer_id` = 5689, `number` = '898327113716292816', `balance` = 61976 WHERE `loan_account`.`id` = 5206;
INSERT INTO `loan_account` (`id`, `created_at`, `updated_at`, `customer_id`, `number`, `balance`) VALUES (5206, '2022-01-02 19:51:54.081632', '2022-01-02 19:51:54.081632', 5689, '898327113716292816', 61976);
UPDATE `loan_address` SET `created_at` = '2022-01-02 15:55:38.229871', `updated_at` = '2022-01-02 15:55:38.229871', `province` = '辽宁省', `city` = '鞍山市', `county` = '海城市', `town` = '响堂街道办事处', `detail` = '安龙路溢盈河畔别墅140号' WHERE `loan_address`.`id` = 9161;
INSERT INTO `loan_address` (`id`, `created_at`, `updated_at`, `province`, `city`, `county`, `town`, `detail`) VALUES (9161, '2022-01-02 15:55:38.229871', '2022-01-02 15:55:38.229871', '辽宁省', '鞍山市', '海城市', '响堂街道办事处', '安龙路溢盈河畔别墅140号');
UPDATE `loan_customer` SET `created_at` = '2022-01-02 15:55:38.229871', `updated_at` = '2022-01-02 18:13:54.696201', `name` = '常旁', `id_number` = '185409333795655393', `gender` = 'f', `birthday` = '1993-01-08', `address_id` = 9161, `job_id` = 1884, `salary` = 27000 WHERE `loan_customer`.`id` = 5690;
INSERT INTO `loan_customer` (`id`, `created_at`, `updated_at`, `name`, `id_number`, `gender`, `birthday`, `address_id`, `job_id`, `salary`) VALUES (5690, '2022-01-02 15:55:38.229871', '2022-01-02 18:13:54.696201', '常旁', '185409333795655393', 'f', '1993-01-08', 9161, 1884, 27000);
UPDATE `loan_account` SET `created_at` = '2022-01-02 20:57:59.015087', `updated_at` = '2022-01-02 23:29:57.804154', `customer_id` = 5690, `number` = '012865923259572877', `balance` = 100987 WHERE `loan_account`.`id` = 5207;
INSERT INTO `loan_account` (`id`, `created_at`, `updated_at`, `customer_id`, `number`, `balance`) VALUES (5207, '2022-01-02 20:57:59.015087', '2022-01-02 23:29:57.804154', 5690, '012865923259572877', 100987);
UPDATE `loan_address` SET `created_at` = '2022-01-02 19:04:39.093767', `updated_at` = '2022-01-02 19:04:39.093767', `province` = '云南省', `city` = '昆明市', `county` = '嵩明县', `town` = '嵩明杨林经济技术开发区', `detail` = '白玉路60号' WHERE `loan_address`.`id` = 9162;
INSERT INTO `loan_address` (`id`, `created_at`, `updated_at`, `province`, `city`, `county`, `town`, `detail`) VALUES (9162, '2022-01-02 19:04:39.093767', '2022-01-02 19:04:39.093767', '云南省', '昆明市', '嵩明县', '嵩明杨林经济技术开发区', '白玉路60号');
UPDATE `loan_customer` SET `created_at` = '2022-01-02 19:04:39.093767', `updated_at` = '2022-01-02 19:04:39.093767', `name` = '石禅', `id_number` = '881049596109192636', `gender` = 'm', `birthday` = '1984-09-14', `address_id` = 9162, `job_id` = 1884, `salary` = 39000 WHERE `loan_customer`.`id` = 5691;
INSERT INTO `loan_customer` (`id`, `created_at`, `updated_at`, `name`, `id_number`, `gender`, `birthday`, `address_id`, `job_id`, `salary`) VALUES (5691, '2022-01-02 19:04:39.093767', '2022-01-02 19:04:39.093767', '石禅', '881049596109192636', 'm', '1984-09-14', 9162, 1884, 39000);
UPDATE `loan_address` SET `created_at` = '2022-01-02 21:37:32.081300', `updated_at` = '2022-01-02 21:37:32.081300', `province` = '广西壮族自治区', `city` = '玉林市', `county` = '玉州区', `town` = '城西街道办事处', `detail` = '宝源路溢盈河畔别墅141号' WHERE `loan_address`.`id` = 9163;
INSERT INTO `loan_address` (`id`, `created_at`, `updated_at`, `province`, `city`, `county`, `town`, `detail`) VALUES (9163, '2022-01-02 21:37:32.081300', '2022-01-02 21:37:32.081300', '广西壮族自治区', '玉林市', '玉州区', '城西街道办事处', '宝源路溢盈河畔别墅141号');
UPDATE `loan_estate` SET `created_at` = '2022-01-02 21:37:32.081300', `updated_at` = '2022-01-02 21:37:32.081300', `customer_id` = 5691, `address_id` = 9163 WHERE `loan_estate`.`id` = 3385;
INSERT INTO `loan_estate` (`id`, `created_at`, `updated_at`, `customer_id`, `address_id`) VALUES (3385, '2022-01-02 21:37:32.081300', '2022-01-02 21:37:32.081300', 5691, 9163);
UPDATE `loan_account` SET `created_at` = '2022-01-02 20:38:02.027582', `updated_at` = '2022-01-02 20:38:02.027582', `customer_id` = 5691, `number` = '529755187424846397', `balance` = 80218 WHERE `loan_account`.`id` = 5208;
INSERT INTO `loan_account` (`id`, `created_at`, `updated_at`, `customer_id`, `number`, `balance`) VALUES (5208, '2022-01-02 20:38:02.027582', '2022-01-02 20:38:02.027582', 5691, '529755187424846397', 80218);
UPDATE `loan_address` SET `created_at` = '2022-01-02 04:42:49.884006', `updated_at` = '2022-01-02 04:42:49.884006', `province` = '福建省', `city` = '泉州市', `county` = '惠安县', `town` = '崇武镇', `detail` = '鞍山路59号' WHERE `loan_address`.`id` = 9164;
INSERT INTO `loan_address` (`id`, `created_at`, `updated_at`, `province`, `city`, `county`, `town`, `detail`) VALUES (9164, '2022-01-02 04:42:49.884006', '2022-01-02 04:42:49.884006', '福建省', '泉州市', '惠安县', '崇武镇', '鞍山路59号');
UPDATE `loan_customer` SET `created_at` = '2022-01-02 04:42:49.884006', `updated_at` = '2022-01-02 04:42:49.884006', `name` = '姚颇', `id_number` = '821268513852280065', `gender` = 'f', `birthday` = '1993-02-13', `address_id` = 9164, `job_id` = 1885, `salary` = 11000 WHERE `loan_customer`.`id` = 5692;
INSERT INTO `loan_customer` (`id`, `created_at`, `updated_at`, `name`, `id_number`, `gender`, `birthday`, `address_id`, `job_id`, `salary`) VALUES (5692, '2022-01-02 04:42:49.884006', '2022-01-02 04:42:49.884006', '姚颇', '821268513852280065', 'f', '1993-02-13', 9164, 1885, 11000);
UPDATE `loan_chattel` SET `created_at` = '2022-01-02 23:46:26.779938', `updated_at` = '2022-01-02 23:46:26.779938', `customer_id` = 5692, `type` = 'promissory_note', `description` = '一些信息', `value_amount` = 310000, `expired_at` = '2026-10-12' WHERE `loan_chattel`.`id` = 1670;
INSERT INTO `loan_chattel` (`id`, `created_at`, `updated_at`, `customer_id`, `type`, `description`, `value_amount`, `expired_at`) VALUES (1670, '2022-01-02 23:46:26.779938', '2022-01-02 23:46:26.779938', 5692, 'promissory_note', '一些信息', 310000, '2026-10-12');
UPDATE `loan_car` SET `created_at` = '2022-01-02 18:57:31.969108', `updated_at` = '2022-01-02 18:57:31.969108', `customer_id` = 5692, `model_id` = 259, `vin_number` = '601125976685308611', `date_produced` = '2021-02-11', `value_estimated` = 730000 WHERE `loan_car`.`id` = 4583;
INSERT INTO `loan_car` (`id`, `created_at`, `updated_at`, `customer_id`, `model_id`, `vin_number`, `date_produced`, `value_estimated`) VALUES (4583, '2022-01-02 18:57:31.969108', '2022-01-02 18:57:31.969108', 5692, 259, '601125976685308611', '2021-02-11', 730000);
UPDATE `loan_account` SET `created_at` = '2022-01-02 17:37:36.894381', `updated_at` = '2022-01-02 17:37:36.894381', `customer_id` = 5692, `number` = '350170793985635395', `balance` = 3951 WHERE `loan_account`.`id` = 5209;
INSERT INTO `loan_account` (`id`, `created_at`, `updated_at`, `customer_id`, `number`, `balance`) VALUES (5209, '2022-01-02 17:37:36.894381', '2022-01-02 17:37:36.894381', 5692, '350170793985635395', 3951);
UPDATE `loan_address` SET `created_at` = '2022-01-02 08:55:04.583729', `updated_at` = '2022-01-02 08:55:04.583729', `province` = '山东省', `city` = '菏泽市', `county` = '成武县', `town` = '成武县南鲁集镇', `detail` = '宝联路107号' WHERE `loan_address`.`id` = 9165;
INSERT INTO `loan_address` (`id`, `created_at`, `updated_at`, `province`, `city`, `county`, `town`, `detail`) VALUES (9165, '2022-01-02 08:55:04.583729', '2022-01-02 08:55:04.583729', '山东省', '菏泽市', '成武县', '成武县南鲁集镇', '宝联路107号');
UPDATE `loan_customer` SET `created_at` = '2022-01-02 08:55:04.583729', `updated_at` = '2022-01-02 19:21:50.849034', `name` = '周欣瑶', `id_number` = '370795913438919668', `gender` = 'm', `birthday` = '1988-11-29', `address_id` = 9165, `job_id` = 1885, `salary` = 39000 WHERE `loan_customer`.`id` = 5693;
INSERT INTO `loan_customer` (`id`, `created_at`, `updated_at`, `name`, `id_number`, `gender`, `birthday`, `address_id`, `job_id`, `salary`) VALUES (5693, '2022-01-02 08:55:04.583729', '2022-01-02 19:21:50.849034', '周欣瑶', '370795913438919668', 'm', '1988-11-29', 9165, 1885, 39000);
UPDATE `loan_chattel` SET `created_at` = '2022-01-02 17:23:55.020561', `updated_at` = '2022-01-02 21:15:52.721813', `customer_id` = 5693, `type` = 'copyright', `description` = '一些信息', `value_amount` = 410000, `expired_at` = '2031-03-17' WHERE `loan_chattel`.`id` = 1671;
INSERT INTO `loan_chattel` (`id`, `created_at`, `updated_at`, `customer_id`, `type`, `description`, `value_amount`, `expired_at`) VALUES (1671, '2022-01-02 17:23:55.020561', '2022-01-02 21:15:52.721813', 5693, 'copyright', '一些信息', 410000, '2031-03-17');
UPDATE `loan_car` SET `created_at` = '2022-01-02 23:42:51.429069', `updated_at` = '2022-01-02 23:42:51.429069', `customer_id` = 5693, `model_id` = 6, `vin_number` = '312242854314477236', `date_produced` = '2010-02-23', `value_estimated` = 280000 WHERE `loan_car`.`id` = 4584;
INSERT INTO `loan_car` (`id`, `created_at`, `updated_at`, `customer_id`, `model_id`, `vin_number`, `date_produced`, `value_estimated`) VALUES (4584, '2022-01-02 23:42:51.429069', '2022-01-02 23:42:51.429069', 5693, 6, '312242854314477236', '2010-02-23', 280000);
UPDATE `loan_car` SET `created_at` = '2022-01-02 13:55:16.621316', `updated_at` = '2022-01-02 13:55:16.621316', `customer_id` = 5693, `model_id` = 261, `vin_number` = '721317988204138278', `date_produced` = '2020-05-24', `value_estimated` = 380000 WHERE `loan_car`.`id` = 4585;
INSERT INTO `loan_car` (`id`, `created_at`, `updated_at`, `customer_id`, `model_id`, `vin_number`, `date_produced`, `value_estimated`) VALUES (4585, '2022-01-02 13:55:16.621316', '2022-01-02 13:55:16.621316', 5693, 261, '721317988204138278', '2020-05-24', 380000);
UPDATE `loan_account` SET `created_at` = '2022-01-02 15:47:13.283563', `updated_at` = '2022-01-02 15:47:13.283563', `customer_id` = 5693, `number` = '761905385032040044', `balance` = 38979 WHERE `loan_account`.`id` = 5210;
INSERT INTO `loan_account` (`id`, `created_at`, `updated_at`, `customer_id`, `number`, `balance`) VALUES (5210, '2022-01-02 15:47:13.283563', '2022-01-02 15:47:13.283563', 5693, '761905385032040044', 38979);
UPDATE `loan_address` SET `created_at` = '2022-01-02 07:05:00.482237', `updated_at` = '2022-01-02 07:05:00.482237', `province` = '甘肃省', `city` = '兰州市', `county` = '安宁区', `town` = '安宁堡街道', `detail` = '安波路金色家园52号' WHERE `loan_address`.`id` = 9166;
INSERT INTO `loan_address` (`id`, `created_at`, `updated_at`, `province`, `city`, `county`, `town`, `detail`) VALUES (9166, '2022-01-02 07:05:00.482237', '2022-01-02 07:05:00.482237', '甘肃省', '兰州市', '安宁区', '安宁堡街道', '安波路金色家园52号');
UPDATE `loan_customer` SET `created_at` = '2022-01-02 07:05:00.482237', `updated_at` = '2022-01-02 07:05:00.482237', `name` = '吴文光', `id_number` = '611546063272295911', `gender` = 'm', `birthday` = '1985-02-16', `address_id` = 9166, `job_id` = 1886, `salary` = 37000 WHERE `loan_customer`.`id` = 5694;
INSERT INTO `loan_customer` (`id`, `created_at`, `updated_at`, `name`, `id_number`, `gender`, `birthday`, `address_id`, `job_id`, `salary`) VALUES (5694, '2022-01-02 07:05:00.482237', '2022-01-02 07:05:00.482237', '吴文光', '611546063272295911', 'm', '1985-02-16', 9166, 1886, 37000);
UPDATE `loan_car` SET `created_at` = '2022-01-02 17:26:32.169293', `updated_at` = '2022-01-02 17:26:32.169293', `customer_id` = 5694, `model_id` = 123, `vin_number` = '605636771571623386', `date_produced` = '2012-12-11', `value_estimated` = 160000 WHERE `loan_car`.`id` = 4586;
INSERT INTO `loan_car` (`id`, `created_at`, `updated_at`, `customer_id`, `model_id`, `vin_number`, `date_produced`, `value_estimated`) VALUES (4586, '2022-01-02 17:26:32.169293', '2022-01-02 17:26:32.169293', 5694, 123, '605636771571623386', '2012-12-11', 160000);
UPDATE `loan_account` SET `created_at` = '2022-01-02 16:19:18.579697', `updated_at` = '2022-01-02 21:04:09.545802', `customer_id` = 5694, `number` = '338400576649456071', `balance` = 61149 WHERE `loan_account`.`id` = 5211;
INSERT INTO `loan_account` (`id`, `created_at`, `updated_at`, `customer_id`, `number`, `balance`) VALUES (5211, '2022-01-02 16:19:18.579697', '2022-01-02 21:04:09.545802', 5694, '338400576649456071', 61149);
UPDATE `loan_address` SET `created_at` = '2022-01-02 01:47:49.464292', `updated_at` = '2022-01-02 01:47:49.464292', `province` = '新疆维吾尔自治区', `city` = '喀什地区', `county` = '疏附县', `town` = '布拉克苏乡', `detail` = '宝昌路195号' WHERE `loan_address`.`id` = 9167;
INSERT INTO `loan_address` (`id`, `created_at`, `updated_at`, `province`, `city`, `county`, `town`, `detail`) VALUES (9167, '2022-01-02 01:47:49.464292', '2022-01-02 01:47:49.464292', '新疆维吾尔自治区', '喀什地区', '疏附县', '布拉克苏乡', '宝昌路195号');
UPDATE `loan_customer` SET `created_at` = '2022-01-02 01:47:49.464292', `updated_at` = '2022-01-02 01:47:49.464292', `name` = '傅友', `id_number` = '639686229730863912', `gender` = 'f', `birthday` = '1997-08-02', `address_id` = 9167, `job_id` = 1886, `salary` = 3000 WHERE `loan_customer`.`id` = 5695;
INSERT INTO `loan_customer` (`id`, `created_at`, `updated_at`, `name`, `id_number`, `gender`, `birthday`, `address_id`, `job_id`, `salary`) VALUES (5695, '2022-01-02 01:47:49.464292', '2022-01-02 01:47:49.464292', '傅友', '639686229730863912', 'f', '1997-08-02', 9167, 1886, 3000);
UPDATE `loan_account` SET `created_at` = '2022-01-02 11:35:41.961835', `updated_at` = '2022-01-02 18:49:02.906081', `customer_id` = 5695, `number` = '421605107456517234', `balance` = 15095 WHERE `loan_account`.`id` = 5212;
INSERT INTO `loan_account` (`id`, `created_at`, `updated_at`, `customer_id`, `number`, `balance`) VALUES (5212, '2022-01-02 11:35:41.961835', '2022-01-02 18:49:02.906081', 5695, '421605107456517234', 15095);
UPDATE `loan_address` SET `created_at` = '2022-01-02 12:45:03.937876', `updated_at` = '2022-01-02 12:45:03.937876', `province` = '甘肃省', `city` = '临夏回族自治州', `county` = '广河县', `town` = '祁家集镇', `detail` = '宝联路阳光翠竹苑161号' WHERE `loan_address`.`id` = 9168;
INSERT INTO `loan_address` (`id`, `created_at`, `updated_at`, `province`, `city`, `county`, `town`, `detail`) VALUES (9168, '2022-01-02 12:45:03.937876', '2022-01-02 12:45:03.937876', '甘肃省', '临夏回族自治州', '广河县', '祁家集镇', '宝联路阳光翠竹苑161号');
UPDATE `loan_customer` SET `created_at` = '2022-01-02 12:45:03.937876', `updated_at` = '2022-01-02 21:26:11.534617', `name` = '黎振国', `id_number` = '095001461739550438', `gender` = 'f', `birthday` = '1984-06-04', `address_id` = 9168, `job_id` = 1886, `salary` = 23000 WHERE `loan_customer`.`id` = 5696;
INSERT INTO `loan_customer` (`id`, `created_at`, `updated_at`, `name`, `id_number`, `gender`, `birthday`, `address_id`, `job_id`, `salary`) VALUES (5696, '2022-01-02 12:45:03.937876', '2022-01-02 21:26:11.534617', '黎振国', '095001461739550438', 'f', '1984-06-04', 9168, 1886, 23000);
UPDATE `loan_chattel` SET `created_at` = '2022-01-02 12:59:48.780992', `updated_at` = '2022-01-02 12:59:48.780992', `customer_id` = 5696, `type` = 'draft', `description` = '一些信息', `value_amount` = 240000, `expired_at` = '2026-07-18' WHERE `loan_chattel`.`id` = 1672;
INSERT INTO `loan_chattel` (`id`, `created_at`, `updated_at`, `customer_id`, `type`, `description`, `value_amount`, `expired_at`) VALUES (1672, '2022-01-02 12:59:48.780992', '2022-01-02 12:59:48.780992', 5696, 'draft', '一些信息', 240000, '2026-07-18');
UPDATE `loan_address` SET `created_at` = '2022-01-02 15:22:56.752808', `updated_at` = '2022-01-02 15:22:56.752808', `province` = '云南省', `city` = '保山市', `county` = '施甸县', `town` = '摆榔彝族布朗族乡', `detail` = '安龙路59号' WHERE `loan_address`.`id` = 9169;
INSERT INTO `loan_address` (`id`, `created_at`, `updated_at`, `province`, `city`, `county`, `town`, `detail`) VALUES (9169, '2022-01-02 15:22:56.752808', '2022-01-02 15:22:56.752808', '云南省', '保山市', '施甸县', '摆榔彝族布朗族乡', '安龙路59号');
UPDATE `loan_estate` SET `created_at` = '2022-01-02 15:22:56.752808', `updated_at` = '2022-01-02 15:22:56.752808', `customer_id` = 5696, `address_id` = 9169 WHERE `loan_estate`.`id` = 3386;
INSERT INTO `loan_estate` (`id`, `created_at`, `updated_at`, `customer_id`, `address_id`) VALUES (3386, '2022-01-02 15:22:56.752808', '2022-01-02 15:22:56.752808', 5696, 9169);
UPDATE `loan_car` SET `created_at` = '2022-01-02 15:33:23.508832', `updated_at` = '2022-01-02 15:33:23.508832', `customer_id` = 5696, `model_id` = 91, `vin_number` = '097893497372213201', `date_produced` = '2018-04-28', `value_estimated` = 460000 WHERE `loan_car`.`id` = 4587;
INSERT INTO `loan_car` (`id`, `created_at`, `updated_at`, `customer_id`, `model_id`, `vin_number`, `date_produced`, `value_estimated`) VALUES (4587, '2022-01-02 15:33:23.508832', '2022-01-02 15:33:23.508832', 5696, 91, '097893497372213201', '2018-04-28', 460000);
UPDATE `loan_car` SET `created_at` = '2022-01-02 14:40:12.853463', `updated_at` = '2022-01-02 14:40:12.853463', `customer_id` = 5696, `model_id` = 75, `vin_number` = '314401132621196819', `date_produced` = '2011-08-14', `value_estimated` = 750000 WHERE `loan_car`.`id` = 4588;
INSERT INTO `loan_car` (`id`, `created_at`, `updated_at`, `customer_id`, `model_id`, `vin_number`, `date_produced`, `value_estimated`) VALUES (4588, '2022-01-02 14:40:12.853463', '2022-01-02 14:40:12.853463', 5696, 75, '314401132621196819', '2011-08-14', 750000);
UPDATE `loan_account` SET `created_at` = '2022-01-02 20:24:45.282167', `updated_at` = '2022-01-02 20:38:00.025399', `customer_id` = 5696, `number` = '646698653723966070', `balance` = 13215 WHERE `loan_account`.`id` = 5213;
INSERT INTO `loan_account` (`id`, `created_at`, `updated_at`, `customer_id`, `number`, `balance`) VALUES (5213, '2022-01-02 20:24:45.282167', '2022-01-02 20:38:00.025399', 5696, '646698653723966070', 13215);
UPDATE `loan_address` SET `created_at` = '2022-01-02 04:18:26.141379', `updated_at` = '2022-01-02 04:18:26.141379', `province` = '青海省', `city` = '海东市', `county` = '化隆回族自治县', `town` = '雄先藏族乡', `detail` = '安义路139号' WHERE `loan_address`.`id` = 9170;
INSERT INTO `loan_address` (`id`, `created_at`, `updated_at`, `province`, `city`, `county`, `town`, `detail`) VALUES (9170, '2022-01-02 04:18:26.141379', '2022-01-02 04:18:26.141379', '青海省', '海东市', '化隆回族自治县', '雄先藏族乡', '安义路139号');
UPDATE `loan_customer` SET `created_at` = '2022-01-02 04:18:26.141379', `updated_at` = '2022-01-02 18:44:35.813052', `name` = '程睿聪', `id_number` = '199324969526351249', `gender` = 'm', `birthday` = '1993-05-19', `address_id` = 9170, `job_id` = 1886, `salary` = 27000 WHERE `loan_customer`.`id` = 5697;
INSERT INTO `loan_customer` (`id`, `created_at`, `updated_at`, `name`, `id_number`, `gender`, `birthday`, `address_id`, `job_id`, `salary`) VALUES (5697, '2022-01-02 04:18:26.141379', '2022-01-02 18:44:35.813052', '程睿聪', '199324969526351249', 'm', '1993-05-19', 9170, 1886, 27000);
UPDATE `loan_chattel` SET `created_at` = '2022-01-02 21:15:25.370150', `updated_at` = '2022-01-02 21:15:25.370150', `customer_id` = 5697, `type` = 'copyright', `description` = '一些信息', `value_amount` = 360000, `expired_at` = '2030-08-28' WHERE `loan_chattel`.`id` = 1673;
INSERT INTO `loan_chattel` (`id`, `created_at`, `updated_at`, `customer_id`, `type`, `description`, `value_amount`, `expired_at`) VALUES (1673, '2022-01-02 21:15:25.370150', '2022-01-02 21:15:25.370150', 5697, 'copyright', '一些信息', 360000, '2030-08-28');
UPDATE `loan_chattel` SET `created_at` = '2022-01-02 22:31:09.928262', `updated_at` = '2022-01-02 22:31:09.928262', `customer_id` = 5697, `type` = 'fund', `description` = '一些信息', `value_amount` = 150000, `expired_at` = '2020-06-12' WHERE `loan_chattel`.`id` = 1674;
INSERT INTO `loan_chattel` (`id`, `created_at`, `updated_at`, `customer_id`, `type`, `description`, `value_amount`, `expired_at`) VALUES (1674, '2022-01-02 22:31:09.928262', '2022-01-02 22:31:09.928262', 5697, 'fund', '一些信息', 150000, '2020-06-12');
UPDATE `loan_account` SET `created_at` = '2022-01-02 08:17:32.517054', `updated_at` = '2022-01-02 08:17:32.517054', `customer_id` = 5697, `number` = '477360128784541776', `balance` = 51471 WHERE `loan_account`.`id` = 5214;
INSERT INTO `loan_account` (`id`, `created_at`, `updated_at`, `customer_id`, `number`, `balance`) VALUES (5214, '2022-01-02 08:17:32.517054', '2022-01-02 08:17:32.517054', 5697, '477360128784541776', 51471);
UPDATE `loan_address` SET `created_at` = '2022-01-02 12:44:52.666604', `updated_at` = '2022-01-02 12:44:52.666604', `province` = '黑龙江省', `city` = '伊春市', `county` = '带岭区', `town` = '环山林场', `detail` = '宝源路爱里舍花园71号' WHERE `loan_address`.`id` = 9171;
INSERT INTO `loan_address` (`id`, `created_at`, `updated_at`, `province`, `city`, `county`, `town`, `detail`) VALUES (9171, '2022-01-02 12:44:52.666604', '2022-01-02 12:44:52.666604', '黑龙江省', '伊春市', '带岭区', '环山林场', '宝源路爱里舍花园71号');
UPDATE `loan_customer` SET `created_at` = '2022-01-02 12:44:52.666604', `updated_at` = '2022-01-02 22:27:39.160116', `name` = '陈夜午', `id_number` = '863770436821832201', `gender` = 'm', `birthday` = '2004-08-14', `address_id` = 9171, `job_id` = 1887, `salary` = 58000 WHERE `loan_customer`.`id` = 5698;
INSERT INTO `loan_customer` (`id`, `created_at`, `updated_at`, `name`, `id_number`, `gender`, `birthday`, `address_id`, `job_id`, `salary`) VALUES (5698, '2022-01-02 12:44:52.666604', '2022-01-02 22:27:39.160116', '陈夜午', '863770436821832201', 'm', '2004-08-14', 9171, 1887, 58000);
UPDATE `loan_car` SET `created_at` = '2022-01-02 14:38:07.299768', `updated_at` = '2022-01-02 14:38:07.299768', `customer_id` = 5698, `model_id` = 84, `vin_number` = '636656605883281546', `date_produced` = '2010-03-11', `value_estimated` = 340000 WHERE `loan_car`.`id` = 4589;
INSERT INTO `loan_car` (`id`, `created_at`, `updated_at`, `customer_id`, `model_id`, `vin_number`, `date_produced`, `value_estimated`) VALUES (4589, '2022-01-02 14:38:07.299768', '2022-01-02 14:38:07.299768', 5698, 84, '636656605883281546', '2010-03-11', 340000);
UPDATE `loan_account` SET `created_at` = '2022-01-02 20:43:32.617219', `updated_at` = '2022-01-02 23:16:47.161018', `customer_id` = 5698, `number` = '186850913934412691', `balance` = 86236 WHERE `loan_account`.`id` = 5215;
INSERT INTO `loan_account` (`id`, `created_at`, `updated_at`, `customer_id`, `number`, `balance`) VALUES (5215, '2022-01-02 20:43:32.617219', '2022-01-02 23:16:47.161018', 5698, '186850913934412691', 86236);
UPDATE `loan_address` SET `created_at` = '2022-01-02 11:34:13.023457', `updated_at` = '2022-01-02 11:34:13.023457', `province` = '吉林省', `city` = '四平市', `county` = '公主岭市', `town` = '大岭镇', `detail` = '白城南路住友嘉馨名园40号' WHERE `loan_address`.`id` = 9172;
INSERT INTO `loan_address` (`id`, `created_at`, `updated_at`, `province`, `city`, `county`, `town`, `detail`) VALUES (9172, '2022-01-02 11:34:13.023457', '2022-01-02 11:34:13.023457', '吉林省', '四平市', '公主岭市', '大岭镇', '白城南路住友嘉馨名园40号');
UPDATE `loan_customer` SET `created_at` = '2022-01-02 11:34:13.023457', `updated_at` = '2022-01-02 11:34:13.023457', `name` = '吕姞', `id_number` = '207516433649363847', `gender` = 'f', `birthday` = '1985-07-13', `address_id` = 9172, `job_id` = 1887, `salary` = 16000 WHERE `loan_customer`.`id` = 5699;
INSERT INTO `loan_customer` (`id`, `created_at`, `updated_at`, `name`, `id_number`, `gender`, `birthday`, `address_id`, `job_id`, `salary`) VALUES (5699, '2022-01-02 11:34:13.023457', '2022-01-02 11:34:13.023457', '吕姞', '207516433649363847', 'f', '1985-07-13', 9172, 1887, 16000);
UPDATE `loan_account` SET `created_at` = '2022-01-02 15:00:39.727549', `updated_at` = '2022-01-02 15:15:01.223652', `customer_id` = 5699, `number` = '205452337682387926', `balance` = 0 WHERE `loan_account`.`id` = 5216;
INSERT INTO `loan_account` (`id`, `created_at`, `updated_at`, `customer_id`, `number`, `balance`) VALUES (5216, '2022-01-02 15:00:39.727549', '2022-01-02 15:15:01.223652', 5699, '205452337682387926', 0);
UPDATE `loan_address` SET `created_at` = '2022-01-02 20:39:22.220438', `updated_at` = '2022-01-02 20:39:22.220438', `province` = '河北省', `city` = '石家庄市', `county` = '藁城区', `town` = '南营镇', `detail` = '爱国路132号' WHERE `loan_address`.`id` = 9173;
INSERT INTO `loan_address` (`id`, `created_at`, `updated_at`, `province`, `city`, `county`, `town`, `detail`) VALUES (9173, '2022-01-02 20:39:22.220438', '2022-01-02 20:39:22.220438', '河北省', '石家庄市', '藁城区', '南营镇', '爱国路132号');
UPDATE `loan_customer` SET `created_at` = '2022-01-02 20:39:22.220438', `updated_at` = '2022-01-02 23:40:01.983797', `name` = '尹俟', `id_number` = '121598972352290915', `gender` = 'm', `birthday` = '1991-01-07', `address_id` = 9173, `job_id` = 1888, `salary` = 75000 WHERE `loan_customer`.`id` = 5700;
INSERT INTO `loan_customer` (`id`, `created_at`, `updated_at`, `name`, `id_number`, `gender`, `birthday`, `address_id`, `job_id`, `salary`) VALUES (5700, '2022-01-02 20:39:22.220438', '2022-01-02 23:40:01.983797', '尹俟', '121598972352290915', 'm', '1991-01-07', 9173, 1888, 75000);
UPDATE `loan_address` SET `created_at` = '2022-01-02 22:21:16.143643', `updated_at` = '2022-01-02 22:21:16.143643', `province` = '内蒙古自治区', `city` = '呼和浩特市', `county` = '托克托县', `town` = '古城镇', `detail` = '安亭路博泰新苑71号' WHERE `loan_address`.`id` = 9174;
INSERT INTO `loan_address` (`id`, `created_at`, `updated_at`, `province`, `city`, `county`, `town`, `detail`) VALUES (9174, '2022-01-02 22:21:16.143643', '2022-01-02 22:21:16.143643', '内蒙古自治区', '呼和浩特市', '托克托县', '古城镇', '安亭路博泰新苑71号');
UPDATE `loan_estate` SET `created_at` = '2022-01-02 22:21:16.143643', `updated_at` = '2022-01-02 22:21:16.143643', `customer_id` = 5700, `address_id` = 9174 WHERE `loan_estate`.`id` = 3387;
INSERT INTO `loan_estate` (`id`, `created_at`, `updated_at`, `customer_id`, `address_id`) VALUES (3387, '2022-01-02 22:21:16.143643', '2022-01-02 22:21:16.143643', 5700, 9174);
UPDATE `loan_address` SET `created_at` = '2022-01-02 21:29:14.028914', `updated_at` = '2022-01-02 21:29:14.028914', `province` = '四川省', `city` = '甘孜藏族自治州', `county` = '甘孜县', `town` = '茶扎乡', `detail` = '白玉路20号' WHERE `loan_address`.`id` = 9175;
INSERT INTO `loan_address` (`id`, `created_at`, `updated_at`, `province`, `city`, `county`, `town`, `detail`) VALUES (9175, '2022-01-02 21:29:14.028914', '2022-01-02 21:29:14.028914', '四川省', '甘孜藏族自治州', '甘孜县', '茶扎乡', '白玉路20号');
UPDATE `loan_estate` SET `created_at` = '2022-01-02 21:29:14.028914', `updated_at` = '2022-01-02 21:29:14.028914', `customer_id` = 5700, `address_id` = 9175 WHERE `loan_estate`.`id` = 3388;
INSERT INTO `loan_estate` (`id`, `created_at`, `updated_at`, `customer_id`, `address_id`) VALUES (3388, '2022-01-02 21:29:14.028914', '2022-01-02 21:29:14.028914', 5700, 9175);
UPDATE `loan_car` SET `created_at` = '2022-01-02 21:20:46.298330', `updated_at` = '2022-01-02 21:27:37.643796', `customer_id` = 5700, `model_id` = 92, `vin_number` = '907072389657947697', `date_produced` = '2012-09-02', `value_estimated` = 610000 WHERE `loan_car`.`id` = 4590;
INSERT INTO `loan_car` (`id`, `created_at`, `updated_at`, `customer_id`, `model_id`, `vin_number`, `date_produced`, `value_estimated`) VALUES (4590, '2022-01-02 21:20:46.298330', '2022-01-02 21:27:37.643796', 5700, 92, '907072389657947697', '2012-09-02', 610000);
UPDATE `loan_account` SET `created_at` = '2022-01-02 21:18:29.542603', `updated_at` = '2022-01-02 23:36:20.907633', `customer_id` = 5700, `number` = '284017155352441897', `balance` = 0 WHERE `loan_account`.`id` = 5217;
INSERT INTO `loan_account` (`id`, `created_at`, `updated_at`, `customer_id`, `number`, `balance`) VALUES (5217, '2022-01-02 21:18:29.542603', '2022-01-02 23:36:20.907633', 5700, '284017155352441897', 0);
UPDATE `loan_address` SET `created_at` = '2022-01-02 02:40:25.091964', `updated_at` = '2022-01-02 02:40:25.091964', `province` = '黑龙江省', `city` = '佳木斯市', `county` = '汤原县', `town` = '太平川乡', `detail` = '安图路36号' WHERE `loan_address`.`id` = 9176;
INSERT INTO `loan_address` (`id`, `created_at`, `updated_at`, `province`, `city`, `county`, `town`, `detail`) VALUES (9176, '2022-01-02 02:40:25.091964', '2022-01-02 02:40:25.091964', '黑龙江省', '佳木斯市', '汤原县', '太平川乡', '安图路36号');
UPDATE `loan_customer` SET `created_at` = '2022-01-02 02:40:25.091964', `updated_at` = '2022-01-02 02:40:25.091964', `name` = '尹俟', `id_number` = '422857742922935112', `gender` = 'f', `birthday` = '1994-01-22', `address_id` = 9176, `job_id` = 1888, `salary` = 24000 WHERE `loan_customer`.`id` = 5701;
INSERT INTO `loan_customer` (`id`, `created_at`, `updated_at`, `name`, `id_number`, `gender`, `birthday`, `address_id`, `job_id`, `salary`) VALUES (5701, '2022-01-02 02:40:25.091964', '2022-01-02 02:40:25.091964', '尹俟', '422857742922935112', 'f', '1994-01-22', 9176, 1888, 24000);
UPDATE `loan_address` SET `created_at` = '2022-01-02 09:25:32.543232', `updated_at` = '2022-01-02 09:25:32.543232', `province` = '湖北省', `city` = '黄冈市', `county` = '浠水县', `town` = '洗马镇', `detail` = '安业路协通公寓44号' WHERE `loan_address`.`id` = 9177;
INSERT INTO `loan_address` (`id`, `created_at`, `updated_at`, `province`, `city`, `county`, `town`, `detail`) VALUES (9177, '2022-01-02 09:25:32.543232', '2022-01-02 09:25:32.543232', '湖北省', '黄冈市', '浠水县', '洗马镇', '安业路协通公寓44号');
UPDATE `loan_estate` SET `created_at` = '2022-01-02 09:25:32.543232', `updated_at` = '2022-01-02 23:32:55.961523', `customer_id` = 5701, `address_id` = 9177 WHERE `loan_estate`.`id` = 3389;
INSERT INTO `loan_estate` (`id`, `created_at`, `updated_at`, `customer_id`, `address_id`) VALUES (3389, '2022-01-02 09:25:32.543232', '2022-01-02 23:32:55.961523', 5701, 9177);
UPDATE `loan_car` SET `created_at` = '2022-01-02 18:57:04.302656', `updated_at` = '2022-01-02 22:23:03.789229', `customer_id` = 5701, `model_id` = 156, `vin_number` = '845121002441978512', `date_produced` = '2018-04-15', `value_estimated` = 320000 WHERE `loan_car`.`id` = 4591;
INSERT INTO `loan_car` (`id`, `created_at`, `updated_at`, `customer_id`, `model_id`, `vin_number`, `date_produced`, `value_estimated`) VALUES (4591, '2022-01-02 18:57:04.302656', '2022-01-02 22:23:03.789229', 5701, 156, '845121002441978512', '2018-04-15', 320000);
UPDATE `loan_account` SET `created_at` = '2022-01-02 23:45:44.990045', `updated_at` = '2022-01-02 23:58:05.008878', `customer_id` = 5701, `number` = '327748833355274810', `balance` = 79182 WHERE `loan_account`.`id` = 5218;
INSERT INTO `loan_account` (`id`, `created_at`, `updated_at`, `customer_id`, `number`, `balance`) VALUES (5218, '2022-01-02 23:45:44.990045', '2022-01-02 23:58:05.008878', 5701, '327748833355274810', 79182);
UPDATE `loan_address` SET `created_at` = '2022-01-02 00:09:28.840475', `updated_at` = '2022-01-02 00:09:28.840475', `province` = '安徽省', `city` = '阜阳市', `county` = '太和县', `town` = '皮条孙镇', `detail` = '安远路东新大厦7号' WHERE `loan_address`.`id` = 9178;
INSERT INTO `loan_address` (`id`, `created_at`, `updated_at`, `province`, `city`, `county`, `town`, `detail`) VALUES (9178, '2022-01-02 00:09:28.840475', '2022-01-02 00:09:28.840475', '安徽省', '阜阳市', '太和县', '皮条孙镇', '安远路东新大厦7号');
UPDATE `loan_customer` SET `created_at` = '2022-01-02 00:09:28.840475', `updated_at` = '2022-01-02 18:29:24.749285', `name` = '吕蕴秀', `id_number` = '215938320835420054', `gender` = 'm', `birthday` = '2009-04-18', `address_id` = 9178, `job_id` = 1888, `salary` = 49000 WHERE `loan_customer`.`id` = 5702;
INSERT INTO `loan_customer` (`id`, `created_at`, `updated_at`, `name`, `id_number`, `gender`, `birthday`, `address_id`, `job_id`, `salary`) VALUES (5702, '2022-01-02 00:09:28.840475', '2022-01-02 18:29:24.749285', '吕蕴秀', '215938320835420054', 'm', '2009-04-18', 9178, 1888, 49000);
UPDATE `loan_car` SET `created_at` = '2022-01-02 22:59:38.095623', `updated_at` = '2022-01-02 22:59:38.095623', `customer_id` = 5702, `model_id` = 35, `vin_number` = '884641152329165070', `date_produced` = '2019-10-19', `value_estimated` = 1080000 WHERE `loan_car`.`id` = 4592;
INSERT INTO `loan_car` (`id`, `created_at`, `updated_at`, `customer_id`, `model_id`, `vin_number`, `date_produced`, `value_estimated`) VALUES (4592, '2022-01-02 22:59:38.095623', '2022-01-02 22:59:38.095623', 5702, 35, '884641152329165070', '2019-10-19', 1080000);
UPDATE `loan_car` SET `created_at` = '2022-01-02 19:20:42.261733', `updated_at` = '2022-01-02 19:20:42.261733', `customer_id` = 5702, `model_id` = 174, `vin_number` = '044769578389954979', `date_produced` = '2017-10-05', `value_estimated` = 620000 WHERE `loan_car`.`id` = 4593;
INSERT INTO `loan_car` (`id`, `created_at`, `updated_at`, `customer_id`, `model_id`, `vin_number`, `date_produced`, `value_estimated`) VALUES (4593, '2022-01-02 19:20:42.261733', '2022-01-02 19:20:42.261733', 5702, 174, '044769578389954979', '2017-10-05', 620000);
UPDATE `loan_account` SET `created_at` = '2022-01-02 14:04:44.374429', `updated_at` = '2022-01-02 14:04:44.374429', `customer_id` = 5702, `number` = '139347158542382152', `balance` = 17981 WHERE `loan_account`.`id` = 5219;
INSERT INTO `loan_account` (`id`, `created_at`, `updated_at`, `customer_id`, `number`, `balance`) VALUES (5219, '2022-01-02 14:04:44.374429', '2022-01-02 14:04:44.374429', 5702, '139347158542382152', 17981);
UPDATE `loan_address` SET `created_at` = '2022-01-02 17:37:34.347278', `updated_at` = '2022-01-02 17:37:34.347278', `province` = '黑龙江省', `city` = '鸡西市', `county` = '鸡东县', `town` = '鸡林乡', `detail` = '白城南路175号' WHERE `loan_address`.`id` = 9179;
INSERT INTO `loan_address` (`id`, `created_at`, `updated_at`, `province`, `city`, `county`, `town`, `detail`) VALUES (9179, '2022-01-02 17:37:34.347278', '2022-01-02 17:37:34.347278', '黑龙江省', '鸡西市', '鸡东县', '鸡林乡', '白城南路175号');
UPDATE `loan_customer` SET `created_at` = '2022-01-02 17:37:34.347278', `updated_at` = '2022-01-02 21:57:02.744598', `name` = '邹眉', `id_number` = '445948333488841548', `gender` = 'f', `birthday` = '1998-03-22', `address_id` = 9179, `job_id` = 1889, `salary` = 5000 WHERE `loan_customer`.`id` = 5703;
INSERT INTO `loan_customer` (`id`, `created_at`, `updated_at`, `name`, `id_number`, `gender`, `birthday`, `address_id`, `job_id`, `salary`) VALUES (5703, '2022-01-02 17:37:34.347278', '2022-01-02 21:57:02.744598', '邹眉', '445948333488841548', 'f', '1998-03-22', 9179, 1889, 5000);
UPDATE `loan_chattel` SET `created_at` = '2022-01-02 19:45:48.915998', `updated_at` = '2022-01-02 19:45:48.915998', `customer_id` = 5703, `type` = 'promissory_note', `description` = '一些信息', `value_amount` = 270000, `expired_at` = '2033-01-25' WHERE `loan_chattel`.`id` = 1675;
INSERT INTO `loan_chattel` (`id`, `created_at`, `updated_at`, `customer_id`, `type`, `description`, `value_amount`, `expired_at`) VALUES (1675, '2022-01-02 19:45:48.915998', '2022-01-02 19:45:48.915998', 5703, 'promissory_note', '一些信息', 270000, '2033-01-25');
UPDATE `loan_account` SET `created_at` = '2022-01-02 20:22:39.010188', `updated_at` = '2022-01-02 21:19:41.530984', `customer_id` = 5703, `number` = '078556343513503871', `balance` = 0 WHERE `loan_account`.`id` = 5220;
INSERT INTO `loan_account` (`id`, `created_at`, `updated_at`, `customer_id`, `number`, `balance`) VALUES (5220, '2022-01-02 20:22:39.010188', '2022-01-02 21:19:41.530984', 5703, '078556343513503871', 0);
UPDATE `loan_address` SET `created_at` = '2022-01-02 21:49:25.628036', `updated_at` = '2022-01-02 21:49:25.628036', `province` = '吉林省', `city` = '长春市', `county` = '长春高新技术产业开发区', `town` = '硅谷街道办事处', `detail` = '宝山路28号' WHERE `loan_address`.`id` = 9180;
INSERT INTO `loan_address` (`id`, `created_at`, `updated_at`, `province`, `city`, `county`, `town`, `detail`) VALUES (9180, '2022-01-02 21:49:25.628036', '2022-01-02 21:49:25.628036', '吉林省', '长春市', '长春高新技术产业开发区', '硅谷街道办事处', '宝山路28号');
UPDATE `loan_customer` SET `created_at` = '2022-01-02 21:49:25.628036', `updated_at` = '2022-01-02 21:49:25.628036', `name` = '唐韩', `id_number` = '015887628811079744', `gender` = 'm', `birthday` = '1993-05-23', `address_id` = 9180, `job_id` = 1889, `salary` = 72000 WHERE `loan_customer`.`id` = 5704;
INSERT INTO `loan_customer` (`id`, `created_at`, `updated_at`, `name`, `id_number`, `gender`, `birthday`, `address_id`, `job_id`, `salary`) VALUES (5704, '2022-01-02 21:49:25.628036', '2022-01-02 21:49:25.628036', '唐韩', '015887628811079744', 'm', '1993-05-23', 9180, 1889, 72000);
UPDATE `loan_account` SET `created_at` = '2022-01-02 22:30:29.290453', `updated_at` = '2022-01-02 23:39:04.385575', `customer_id` = 5704, `number` = '333178070658522136', `balance` = 21616 WHERE `loan_account`.`id` = 5221;
INSERT INTO `loan_account` (`id`, `created_at`, `updated_at`, `customer_id`, `number`, `balance`) VALUES (5221, '2022-01-02 22:30:29.290453', '2022-01-02 23:39:04.385575', 5704, '333178070658522136', 21616);
UPDATE `loan_address` SET `created_at` = '2022-01-02 00:52:14.264308', `updated_at` = '2022-01-02 00:52:14.264308', `province` = '广西壮族自治区', `city` = '贵港市', `county` = '平南县', `town` = '同和镇', `detail` = '安波路真新六街坊179号' WHERE `loan_address`.`id` = 9181;
INSERT INTO `loan_address` (`id`, `created_at`, `updated_at`, `province`, `city`, `county`, `town`, `detail`) VALUES (9181, '2022-01-02 00:52:14.264308', '2022-01-02 00:52:14.264308', '广西壮族自治区', '贵港市', '平南县', '同和镇', '安波路真新六街坊179号');
UPDATE `loan_customer` SET `created_at` = '2022-01-02 00:52:14.264308', `updated_at` = '2022-01-02 20:11:51.262886', `name` = '傅蕴涵', `id_number` = '122622677671300428', `gender` = 'f', `birthday` = '2004-09-29', `address_id` = 9181, `job_id` = 1889, `salary` = 14000 WHERE `loan_customer`.`id` = 5705;
INSERT INTO `loan_customer` (`id`, `created_at`, `updated_at`, `name`, `id_number`, `gender`, `birthday`, `address_id`, `job_id`, `salary`) VALUES (5705, '2022-01-02 00:52:14.264308', '2022-01-02 20:11:51.262886', '傅蕴涵', '122622677671300428', 'f', '2004-09-29', 9181, 1889, 14000);
UPDATE `loan_address` SET `created_at` = '2022-01-02 15:06:23.007900', `updated_at` = '2022-01-02 15:06:23.007900', `province` = '贵州省', `city` = '黔南布依族苗族自治州', `county` = '三都水族自治县', `town` = '中和镇', `detail` = '安德路和亭佳苑85号' WHERE `loan_address`.`id` = 9182;
INSERT INTO `loan_address` (`id`, `created_at`, `updated_at`, `province`, `city`, `county`, `town`, `detail`) VALUES (9182, '2022-01-02 15:06:23.007900', '2022-01-02 15:06:23.007900', '贵州省', '黔南布依族苗族自治州', '三都水族自治县', '中和镇', '安德路和亭佳苑85号');
UPDATE `loan_customer` SET `created_at` = '2022-01-02 15:06:23.007900', `updated_at` = '2022-01-02 16:06:25.417951', `name` = '苏琼音', `id_number` = '715280959401228201', `gender` = 'f', `birthday` = '2000-11-04', `address_id` = 9182, `job_id` = 1889, `salary` = 53000 WHERE `loan_customer`.`id` = 5706;
INSERT INTO `loan_customer` (`id`, `created_at`, `updated_at`, `name`, `id_number`, `gender`, `birthday`, `address_id`, `job_id`, `salary`) VALUES (5706, '2022-01-02 15:06:23.007900', '2022-01-02 16:06:25.417951', '苏琼音', '715280959401228201', 'f', '2000-11-04', 9182, 1889, 53000);
UPDATE `loan_address` SET `created_at` = '2022-01-02 11:06:21.376646', `updated_at` = '2022-01-02 11:06:21.376646', `province` = '内蒙古自治区', `city` = '锡林郭勒盟', `county` = '锡林浩特市', `town` = '阿尔善宝拉格镇', `detail` = '安亭路金色家园198号' WHERE `loan_address`.`id` = 9183;
INSERT INTO `loan_address` (`id`, `created_at`, `updated_at`, `province`, `city`, `county`, `town`, `detail`) VALUES (9183, '2022-01-02 11:06:21.376646', '2022-01-02 11:06:21.376646', '内蒙古自治区', '锡林郭勒盟', '锡林浩特市', '阿尔善宝拉格镇', '安亭路金色家园198号');
UPDATE `loan_customer` SET `created_at` = '2022-01-02 11:06:21.376646', `updated_at` = '2022-01-02 20:15:49.523154', `name` = '吕蕴秀', `id_number` = '971919925171066574', `gender` = 'm', `birthday` = '1991-01-08', `address_id` = 9183, `job_id` = 1890, `salary` = 21000 WHERE `loan_customer`.`id` = 5707;
INSERT INTO `loan_customer` (`id`, `created_at`, `updated_at`, `name`, `id_number`, `gender`, `birthday`, `address_id`, `job_id`, `salary`) VALUES (5707, '2022-01-02 11:06:21.376646', '2022-01-02 20:15:49.523154', '吕蕴秀', '971919925171066574', 'm', '1991-01-08', 9183, 1890, 21000);
UPDATE `loan_chattel` SET `created_at` = '2022-01-02 13:10:21.509125', `updated_at` = '2022-01-02 13:10:21.509125', `customer_id` = 5707, `type` = 'deposit', `description` = '一些信息', `value_amount` = 20000, `expired_at` = '2025-03-19' WHERE `loan_chattel`.`id` = 1676;
INSERT INTO `loan_chattel` (`id`, `created_at`, `updated_at`, `customer_id`, `type`, `description`, `value_amount`, `expired_at`) VALUES (1676, '2022-01-02 13:10:21.509125', '2022-01-02 13:10:21.509125', 5707, 'deposit', '一些信息', 20000, '2025-03-19');
UPDATE `loan_address` SET `created_at` = '2022-01-02 12:10:28.087509', `updated_at` = '2022-01-02 12:10:28.087509', `province` = '贵州省', `city` = '毕节市', `county` = '织金县', `town` = '三塘镇', `detail` = '安化路住友嘉馨名园188号' WHERE `loan_address`.`id` = 9184;
INSERT INTO `loan_address` (`id`, `created_at`, `updated_at`, `province`, `city`, `county`, `town`, `detail`) VALUES (9184, '2022-01-02 12:10:28.087509', '2022-01-02 12:10:28.087509', '贵州省', '毕节市', '织金县', '三塘镇', '安化路住友嘉馨名园188号');
UPDATE `loan_estate` SET `created_at` = '2022-01-02 12:10:28.087509', `updated_at` = '2022-01-02 12:10:28.087509', `customer_id` = 5707, `address_id` = 9184 WHERE `loan_estate`.`id` = 3390;
INSERT INTO `loan_estate` (`id`, `created_at`, `updated_at`, `customer_id`, `address_id`) VALUES (3390, '2022-01-02 12:10:28.087509', '2022-01-02 12:10:28.087509', 5707, 9184);
UPDATE `loan_car` SET `created_at` = '2022-01-02 19:08:32.360808', `updated_at` = '2022-01-02 21:23:12.010220', `customer_id` = 5707, `model_id` = 178, `vin_number` = '916872318797089001', `date_produced` = '2011-08-06', `value_estimated` = 720000 WHERE `loan_car`.`id` = 4594;
INSERT INTO `loan_car` (`id`, `created_at`, `updated_at`, `customer_id`, `model_id`, `vin_number`, `date_produced`, `value_estimated`) VALUES (4594, '2022-01-02 19:08:32.360808', '2022-01-02 21:23:12.010220', 5707, 178, '916872318797089001', '2011-08-06', 720000);
UPDATE `loan_address` SET `created_at` = '2022-01-02 09:50:29.192149', `updated_at` = '2022-01-02 09:50:29.192149', `province` = '广西壮族自治区', `city` = '贵港市', `county` = '平南县', `town` = '同和镇', `detail` = '百色路18号' WHERE `loan_address`.`id` = 9185;
INSERT INTO `loan_address` (`id`, `created_at`, `updated_at`, `province`, `city`, `county`, `town`, `detail`) VALUES (9185, '2022-01-02 09:50:29.192149', '2022-01-02 09:50:29.192149', '广西壮族自治区', '贵港市', '平南县', '同和镇', '百色路18号');
UPDATE `loan_customer` SET `created_at` = '2022-01-02 09:50:29.192149', `updated_at` = '2022-01-02 09:50:29.192149', `name` = '毛弘扬', `id_number` = '294689692376079877', `gender` = 'm', `birthday` = '1990-11-07', `address_id` = 9185, `job_id` = 1891, `salary` = 17000 WHERE `loan_customer`.`id` = 5708;
INSERT INTO `loan_customer` (`id`, `created_at`, `updated_at`, `name`, `id_number`, `gender`, `birthday`, `address_id`, `job_id`, `salary`) VALUES (5708, '2022-01-02 09:50:29.192149', '2022-01-02 09:50:29.192149', '毛弘扬', '294689692376079877', 'm', '1990-11-07', 9185, 1891, 17000);
UPDATE `loan_address` SET `created_at` = '2022-01-02 13:02:11.907713', `updated_at` = '2022-01-02 13:02:11.907713', `province` = '重庆市', `city` = '县', `county` = '丰都县', `town` = '包鸾镇', `detail` = '包头路116号' WHERE `loan_address`.`id` = 9186;
INSERT INTO `loan_address` (`id`, `created_at`, `updated_at`, `province`, `city`, `county`, `town`, `detail`) VALUES (9186, '2022-01-02 13:02:11.907713', '2022-01-02 13:02:11.907713', '重庆市', '县', '丰都县', '包鸾镇', '包头路116号');
UPDATE `loan_estate` SET `created_at` = '2022-01-02 13:02:11.907713', `updated_at` = '2022-01-02 13:02:11.907713', `customer_id` = 5708, `address_id` = 9186 WHERE `loan_estate`.`id` = 3391;
INSERT INTO `loan_estate` (`id`, `created_at`, `updated_at`, `customer_id`, `address_id`) VALUES (3391, '2022-01-02 13:02:11.907713', '2022-01-02 13:02:11.907713', 5708, 9186);
UPDATE `loan_account` SET `created_at` = '2022-01-02 13:17:45.570012', `updated_at` = '2022-01-02 23:37:57.796368', `customer_id` = 5708, `number` = '971970718907042764', `balance` = 0 WHERE `loan_account`.`id` = 5222;
INSERT INTO `loan_account` (`id`, `created_at`, `updated_at`, `customer_id`, `number`, `balance`) VALUES (5222, '2022-01-02 13:17:45.570012', '2022-01-02 23:37:57.796368', 5708, '971970718907042764', 0);
UPDATE `loan_address` SET `created_at` = '2022-01-02 16:33:28.549035', `updated_at` = '2022-01-02 16:33:28.549035', `province` = '山东省', `city` = '菏泽市', `county` = '单县', `town` = '谢集镇', `detail` = '安仁路86号' WHERE `loan_address`.`id` = 9187;
INSERT INTO `loan_address` (`id`, `created_at`, `updated_at`, `province`, `city`, `county`, `town`, `detail`) VALUES (9187, '2022-01-02 16:33:28.549035', '2022-01-02 16:33:28.549035', '山东省', '菏泽市', '单县', '谢集镇', '安仁路86号');
UPDATE `loan_customer` SET `created_at` = '2022-01-02 16:33:28.549035', `updated_at` = '2022-01-02 16:33:28.549035', `name` = '贺隽洁', `id_number` = '888649097246353332', `gender` = 'f', `birthday` = '1997-01-21', `address_id` = 9187, `job_id` = 1892, `salary` = 34000 WHERE `loan_customer`.`id` = 5709;
INSERT INTO `loan_customer` (`id`, `created_at`, `updated_at`, `name`, `id_number`, `gender`, `birthday`, `address_id`, `job_id`, `salary`) VALUES (5709, '2022-01-02 16:33:28.549035', '2022-01-02 16:33:28.549035', '贺隽洁', '888649097246353332', 'f', '1997-01-21', 9187, 1892, 34000);
UPDATE `loan_address` SET `created_at` = '2022-01-02 17:35:55.188820', `updated_at` = '2022-01-02 17:35:55.188820', `province` = '黑龙江省', `city` = '鸡西市', `county` = '鸡东县', `town` = '鸡林乡', `detail` = '保屯路协通公寓142号' WHERE `loan_address`.`id` = 9188;
INSERT INTO `loan_address` (`id`, `created_at`, `updated_at`, `province`, `city`, `county`, `town`, `detail`) VALUES (9188, '2022-01-02 17:35:55.188820', '2022-01-02 17:35:55.188820', '黑龙江省', '鸡西市', '鸡东县', '鸡林乡', '保屯路协通公寓142号');
UPDATE `loan_estate` SET `created_at` = '2022-01-02 17:35:55.188820', `updated_at` = '2022-01-02 17:35:55.188820', `customer_id` = 5709, `address_id` = 9188 WHERE `loan_estate`.`id` = 3392;
INSERT INTO `loan_estate` (`id`, `created_at`, `updated_at`, `customer_id`, `address_id`) VALUES (3392, '2022-01-02 17:35:55.188820', '2022-01-02 17:35:55.188820', 5709, 9188);
UPDATE `loan_car` SET `created_at` = '2022-01-02 22:44:06.882885', `updated_at` = '2022-01-02 22:44:06.882885', `customer_id` = 5709, `model_id` = 93, `vin_number` = '718353849626627306', `date_produced` = '2013-10-18', `value_estimated` = 880000 WHERE `loan_car`.`id` = 4595;
INSERT INTO `loan_car` (`id`, `created_at`, `updated_at`, `customer_id`, `model_id`, `vin_number`, `date_produced`, `value_estimated`) VALUES (4595, '2022-01-02 22:44:06.882885', '2022-01-02 22:44:06.882885', 5709, 93, '718353849626627306', '2013-10-18', 880000);
UPDATE `loan_car` SET `created_at` = '2022-01-02 19:56:39.380312', `updated_at` = '2022-01-02 19:56:39.380312', `customer_id` = 5709, `model_id` = 194, `vin_number` = '696985916866550535', `date_produced` = '2019-03-16', `value_estimated` = 300000 WHERE `loan_car`.`id` = 4596;
INSERT INTO `loan_car` (`id`, `created_at`, `updated_at`, `customer_id`, `model_id`, `vin_number`, `date_produced`, `value_estimated`) VALUES (4596, '2022-01-02 19:56:39.380312', '2022-01-02 19:56:39.380312', 5709, 194, '696985916866550535', '2019-03-16', 300000);
UPDATE `loan_account` SET `created_at` = '2022-01-02 23:51:58.811280', `updated_at` = '2022-01-02 23:56:17.309292', `customer_id` = 5709, `number` = '304609137390042434', `balance` = 135851 WHERE `loan_account`.`id` = 5223;
INSERT INTO `loan_account` (`id`, `created_at`, `updated_at`, `customer_id`, `number`, `balance`) VALUES (5223, '2022-01-02 23:51:58.811280', '2022-01-02 23:56:17.309292', 5709, '304609137390042434', 135851);
UPDATE `loan_address` SET `created_at` = '2022-01-02 02:43:13.873365', `updated_at` = '2022-01-02 02:43:13.873365', `province` = '广西壮族自治区', `city` = '玉林市', `county` = '北流市', `town` = '山围镇', `detail` = '宝杨路19号' WHERE `loan_address`.`id` = 9189;
INSERT INTO `loan_address` (`id`, `created_at`, `updated_at`, `province`, `city`, `county`, `town`, `detail`) VALUES (9189, '2022-01-02 02:43:13.873365', '2022-01-02 02:43:13.873365', '广西壮族自治区', '玉林市', '北流市', '山围镇', '宝杨路19号');
UPDATE `loan_customer` SET `created_at` = '2022-01-02 02:43:13.873365', `updated_at` = '2022-01-02 02:43:13.873365', `name` = '钱欣', `id_number` = '589162448482254929', `gender` = 'f', `birthday` = '1997-02-09', `address_id` = 9189, `job_id` = 1892, `salary` = 5000 WHERE `loan_customer`.`id` = 5710;
INSERT INTO `loan_customer` (`id`, `created_at`, `updated_at`, `name`, `id_number`, `gender`, `birthday`, `address_id`, `job_id`, `salary`) VALUES (5710, '2022-01-02 02:43:13.873365', '2022-01-02 02:43:13.873365', '钱欣', '589162448482254929', 'f', '1997-02-09', 9189, 1892, 5000);
UPDATE `loan_account` SET `created_at` = '2022-01-02 17:51:17.531677', `updated_at` = '2022-01-02 17:51:17.531677', `customer_id` = 5710, `number` = '765083134770971410', `balance` = 0 WHERE `loan_account`.`id` = 5224;
INSERT INTO `loan_account` (`id`, `created_at`, `updated_at`, `customer_id`, `number`, `balance`) VALUES (5224, '2022-01-02 17:51:17.531677', '2022-01-02 17:51:17.531677', 5710, '765083134770971410', 0);
UPDATE `loan_address` SET `created_at` = '2022-01-02 09:26:45.537919', `updated_at` = '2022-01-02 09:26:45.537919', `province` = '河南省', `city` = '商丘市', `county` = '永城市', `town` = '薛湖镇', `detail` = '安国路阳光翠竹苑116号' WHERE `loan_address`.`id` = 9190;
INSERT INTO `loan_address` (`id`, `created_at`, `updated_at`, `province`, `city`, `county`, `town`, `detail`) VALUES (9190, '2022-01-02 09:26:45.537919', '2022-01-02 09:26:45.537919', '河南省', '商丘市', '永城市', '薛湖镇', '安国路阳光翠竹苑116号');
UPDATE `loan_customer` SET `created_at` = '2022-01-02 09:26:45.537919', `updated_at` = '2022-01-02 13:51:48.760516', `name` = '康飞', `id_number` = '156624633407006957', `gender` = 'm', `birthday` = '2001-02-16', `address_id` = 9190, `job_id` = 1893, `salary` = 41000 WHERE `loan_customer`.`id` = 5711;
INSERT INTO `loan_customer` (`id`, `created_at`, `updated_at`, `name`, `id_number`, `gender`, `birthday`, `address_id`, `job_id`, `salary`) VALUES (5711, '2022-01-02 09:26:45.537919', '2022-01-02 13:51:48.760516', '康飞', '156624633407006957', 'm', '2001-02-16', 9190, 1893, 41000);
UPDATE `loan_address` SET `created_at` = '2022-01-02 14:53:20.641770', `updated_at` = '2022-01-02 14:53:20.641770', `province` = '云南省', `city` = '玉溪市', `county` = '澄江县', `town` = '龙街街道办事处', `detail` = '安德路爱里舍花园79号' WHERE `loan_address`.`id` = 9191;
INSERT INTO `loan_address` (`id`, `created_at`, `updated_at`, `province`, `city`, `county`, `town`, `detail`) VALUES (9191, '2022-01-02 14:53:20.641770', '2022-01-02 14:53:20.641770', '云南省', '玉溪市', '澄江县', '龙街街道办事处', '安德路爱里舍花园79号');
UPDATE `loan_estate` SET `created_at` = '2022-01-02 14:53:20.641770', `updated_at` = '2022-01-02 14:53:20.641770', `customer_id` = 5711, `address_id` = 9191 WHERE `loan_estate`.`id` = 3393;
INSERT INTO `loan_estate` (`id`, `created_at`, `updated_at`, `customer_id`, `address_id`) VALUES (3393, '2022-01-02 14:53:20.641770', '2022-01-02 14:53:20.641770', 5711, 9191);
UPDATE `loan_address` SET `created_at` = '2022-01-02 06:18:06.835810', `updated_at` = '2022-01-02 06:18:06.835810', `province` = '辽宁省', `city` = '大连市', `county` = '瓦房店市', `town` = '岭东办事处', `detail` = '白城路真新六街坊140号' WHERE `loan_address`.`id` = 9192;
INSERT INTO `loan_address` (`id`, `created_at`, `updated_at`, `province`, `city`, `county`, `town`, `detail`) VALUES (9192, '2022-01-02 06:18:06.835810', '2022-01-02 06:18:06.835810', '辽宁省', '大连市', '瓦房店市', '岭东办事处', '白城路真新六街坊140号');
UPDATE `loan_customer` SET `created_at` = '2022-01-02 06:18:06.835810', `updated_at` = '2022-01-02 06:18:06.835810', `name` = '陆波', `id_number` = '522402111708581238', `gender` = 'f', `birthday` = '1983-01-19', `address_id` = 9192, `job_id` = 1893, `salary` = 10000 WHERE `loan_customer`.`id` = 5712;
INSERT INTO `loan_customer` (`id`, `created_at`, `updated_at`, `name`, `id_number`, `gender`, `birthday`, `address_id`, `job_id`, `salary`) VALUES (5712, '2022-01-02 06:18:06.835810', '2022-01-02 06:18:06.835810', '陆波', '522402111708581238', 'f', '1983-01-19', 9192, 1893, 10000);
UPDATE `loan_address` SET `created_at` = '2022-01-02 15:18:50.419954', `updated_at` = '2022-01-02 15:18:50.419954', `province` = '山东省', `city` = '青岛市', `county` = '黄岛区', `town` = '铁山街道办事处', `detail` = '安仁路1号' WHERE `loan_address`.`id` = 9193;
INSERT INTO `loan_address` (`id`, `created_at`, `updated_at`, `province`, `city`, `county`, `town`, `detail`) VALUES (9193, '2022-01-02 15:18:50.419954', '2022-01-02 15:18:50.419954', '山东省', '青岛市', '黄岛区', '铁山街道办事处', '安仁路1号');
UPDATE `loan_estate` SET `created_at` = '2022-01-02 15:18:50.419954', `updated_at` = '2022-01-02 15:18:50.419954', `customer_id` = 5712, `address_id` = 9193 WHERE `loan_estate`.`id` = 3394;
INSERT INTO `loan_estate` (`id`, `created_at`, `updated_at`, `customer_id`, `address_id`) VALUES (3394, '2022-01-02 15:18:50.419954', '2022-01-02 15:18:50.419954', 5712, 9193);
UPDATE `loan_car` SET `created_at` = '2022-01-02 18:36:48.028257', `updated_at` = '2022-01-02 23:54:16.873765', `customer_id` = 5712, `model_id` = 167, `vin_number` = '286584196520926987', `date_produced` = '2019-03-02', `value_estimated` = 210000 WHERE `loan_car`.`id` = 4597;
INSERT INTO `loan_car` (`id`, `created_at`, `updated_at`, `customer_id`, `model_id`, `vin_number`, `date_produced`, `value_estimated`) VALUES (4597, '2022-01-02 18:36:48.028257', '2022-01-02 23:54:16.873765', 5712, 167, '286584196520926987', '2019-03-02', 210000);
UPDATE `loan_account` SET `created_at` = '2022-01-02 14:38:10.422127', `updated_at` = '2022-01-02 16:22:57.840426', `customer_id` = 5712, `number` = '328996900365060878', `balance` = 0 WHERE `loan_account`.`id` = 5225;
INSERT INTO `loan_account` (`id`, `created_at`, `updated_at`, `customer_id`, `number`, `balance`) VALUES (5225, '2022-01-02 14:38:10.422127', '2022-01-02 16:22:57.840426', 5712, '328996900365060878', 0);
UPDATE `loan_address` SET `created_at` = '2022-01-02 10:35:34.881251', `updated_at` = '2022-01-02 10:35:34.881251', `province` = '湖南省', `city` = '岳阳市', `county` = '平江县', `town` = '福寿山镇', `detail` = '包头南路185号' WHERE `loan_address`.`id` = 9194;
INSERT INTO `loan_address` (`id`, `created_at`, `updated_at`, `province`, `city`, `county`, `town`, `detail`) VALUES (9194, '2022-01-02 10:35:34.881251', '2022-01-02 10:35:34.881251', '湖南省', '岳阳市', '平江县', '福寿山镇', '包头南路185号');
UPDATE `loan_customer` SET `created_at` = '2022-01-02 10:35:34.881251', `updated_at` = '2022-01-02 23:27:11.043506', `name` = '张冰之', `id_number` = '103004436099174351', `gender` = 'm', `birthday` = '2006-11-15', `address_id` = 9194, `job_id` = 1893, `salary` = 10000 WHERE `loan_customer`.`id` = 5713;
INSERT INTO `loan_customer` (`id`, `created_at`, `updated_at`, `name`, `id_number`, `gender`, `birthday`, `address_id`, `job_id`, `salary`) VALUES (5713, '2022-01-02 10:35:34.881251', '2022-01-02 23:27:11.043506', '张冰之', '103004436099174351', 'm', '2006-11-15', 9194, 1893, 10000);
UPDATE `loan_chattel` SET `created_at` = '2022-01-02 18:59:15.981000', `updated_at` = '2022-01-02 19:30:02.589597', `customer_id` = 5713, `type` = 'receivable', `description` = '一些信息', `value_amount` = 620000, `expired_at` = '2027-04-12' WHERE `loan_chattel`.`id` = 1677;
INSERT INTO `loan_chattel` (`id`, `created_at`, `updated_at`, `customer_id`, `type`, `description`, `value_amount`, `expired_at`) VALUES (1677, '2022-01-02 18:59:15.981000', '2022-01-02 19:30:02.589597', 5713, 'receivable', '一些信息', 620000, '2027-04-12');
UPDATE `loan_address` SET `created_at` = '2022-01-02 19:20:36.191415', `updated_at` = '2022-01-02 19:20:36.191415', `province` = '福建省', `city` = '泉州市', `county` = '惠安县', `town` = '崇武镇', `detail` = '安图路56号' WHERE `loan_address`.`id` = 9195;
INSERT INTO `loan_address` (`id`, `created_at`, `updated_at`, `province`, `city`, `county`, `town`, `detail`) VALUES (9195, '2022-01-02 19:20:36.191415', '2022-01-02 19:20:36.191415', '福建省', '泉州市', '惠安县', '崇武镇', '安图路56号');
UPDATE `loan_estate` SET `created_at` = '2022-01-02 19:20:36.191415', `updated_at` = '2022-01-02 19:20:36.191415', `customer_id` = 5713, `address_id` = 9195 WHERE `loan_estate`.`id` = 3395;
INSERT INTO `loan_estate` (`id`, `created_at`, `updated_at`, `customer_id`, `address_id`) VALUES (3395, '2022-01-02 19:20:36.191415', '2022-01-02 19:20:36.191415', 5713, 9195);
UPDATE `loan_car` SET `created_at` = '2022-01-02 11:48:47.320975', `updated_at` = '2022-01-02 11:48:47.320975', `customer_id` = 5713, `model_id` = 275, `vin_number` = '253241313283297071', `date_produced` = '2012-12-09', `value_estimated` = 200000 WHERE `loan_car`.`id` = 4598;
INSERT INTO `loan_car` (`id`, `created_at`, `updated_at`, `customer_id`, `model_id`, `vin_number`, `date_produced`, `value_estimated`) VALUES (4598, '2022-01-02 11:48:47.320975', '2022-01-02 11:48:47.320975', 5713, 275, '253241313283297071', '2012-12-09', 200000);
UPDATE `loan_car` SET `created_at` = '2022-01-02 12:26:44.723134', `updated_at` = '2022-01-02 12:26:44.723134', `customer_id` = 5713, `model_id` = 262, `vin_number` = '851407690727836419', `date_produced` = '2020-10-27', `value_estimated` = 280000 WHERE `loan_car`.`id` = 4599;
INSERT INTO `loan_car` (`id`, `created_at`, `updated_at`, `customer_id`, `model_id`, `vin_number`, `date_produced`, `value_estimated`) VALUES (4599, '2022-01-02 12:26:44.723134', '2022-01-02 12:26:44.723134', 5713, 262, '851407690727836419', '2020-10-27', 280000);
UPDATE `loan_account` SET `created_at` = '2022-01-02 11:56:34.602553', `updated_at` = '2022-01-02 20:18:20.484057', `customer_id` = 5713, `number` = '496706132133625564', `balance` = 0 WHERE `loan_account`.`id` = 5226;
INSERT INTO `loan_account` (`id`, `created_at`, `updated_at`, `customer_id`, `number`, `balance`) VALUES (5226, '2022-01-02 11:56:34.602553', '2022-01-02 20:18:20.484057', 5713, '496706132133625564', 0);
UPDATE `loan_address` SET `created_at` = '2022-01-02 11:29:58.228125', `updated_at` = '2022-01-02 11:29:58.228125', `province` = '安徽省', `city` = '安庆市', `county` = '桐城市', `town` = '桐城双新经济开发区', `detail` = '保屯路162号' WHERE `loan_address`.`id` = 9196;
INSERT INTO `loan_address` (`id`, `created_at`, `updated_at`, `province`, `city`, `county`, `town`, `detail`) VALUES (9196, '2022-01-02 11:29:58.228125', '2022-01-02 11:29:58.228125', '安徽省', '安庆市', '桐城市', '桐城双新经济开发区', '保屯路162号');
UPDATE `loan_customer` SET `created_at` = '2022-01-02 11:29:58.228125', `updated_at` = '2022-01-02 13:55:12.293338', `name` = '贾俯', `id_number` = '370294195926166006', `gender` = 'f', `birthday` = '1996-02-03', `address_id` = 9196, `job_id` = 1893, `salary` = 12000 WHERE `loan_customer`.`id` = 5714;
INSERT INTO `loan_customer` (`id`, `created_at`, `updated_at`, `name`, `id_number`, `gender`, `birthday`, `address_id`, `job_id`, `salary`) VALUES (5714, '2022-01-02 11:29:58.228125', '2022-01-02 13:55:12.293338', '贾俯', '370294195926166006', 'f', '1996-02-03', 9196, 1893, 12000);
UPDATE `loan_account` SET `created_at` = '2022-01-02 14:48:29.099670', `updated_at` = '2022-01-02 14:48:29.099670', `customer_id` = 5714, `number` = '458365545179706952', `balance` = 20598 WHERE `loan_account`.`id` = 5227;
INSERT INTO `loan_account` (`id`, `created_at`, `updated_at`, `customer_id`, `number`, `balance`) VALUES (5227, '2022-01-02 14:48:29.099670', '2022-01-02 14:48:29.099670', 5714, '458365545179706952', 20598);
UPDATE `loan_address` SET `created_at` = '2022-01-02 08:05:15.326260', `updated_at` = '2022-01-02 08:05:15.326260', `province` = '湖南省', `city` = '邵阳市', `county` = '隆回县', `town` = '鸭田镇', `detail` = '安亭路真新六街坊119号' WHERE `loan_address`.`id` = 9197;
INSERT INTO `loan_address` (`id`, `created_at`, `updated_at`, `province`, `city`, `county`, `town`, `detail`) VALUES (9197, '2022-01-02 08:05:15.326260', '2022-01-02 08:05:15.326260', '湖南省', '邵阳市', '隆回县', '鸭田镇', '安亭路真新六街坊119号');
UPDATE `loan_customer` SET `created_at` = '2022-01-02 08:05:15.326260', `updated_at` = '2022-01-02 23:01:22.176211', `name` = '李博学', `id_number` = '369227472023979224', `gender` = 'm', `birthday` = '2001-07-14', `address_id` = 9197, `job_id` = 1893, `salary` = 52000 WHERE `loan_customer`.`id` = 5715;
INSERT INTO `loan_customer` (`id`, `created_at`, `updated_at`, `name`, `id_number`, `gender`, `birthday`, `address_id`, `job_id`, `salary`) VALUES (5715, '2022-01-02 08:05:15.326260', '2022-01-02 23:01:22.176211', '李博学', '369227472023979224', 'm', '2001-07-14', 9197, 1893, 52000);
UPDATE `loan_chattel` SET `created_at` = '2022-01-02 17:01:32.435420', `updated_at` = '2022-01-02 17:01:32.435420', `customer_id` = 5715, `type` = 'promissory_note', `description` = '一些信息', `value_amount` = 20000, `expired_at` = '2020-08-17' WHERE `loan_chattel`.`id` = 1678;
INSERT INTO `loan_chattel` (`id`, `created_at`, `updated_at`, `customer_id`, `type`, `description`, `value_amount`, `expired_at`) VALUES (1678, '2022-01-02 17:01:32.435420', '2022-01-02 17:01:32.435420', 5715, 'promissory_note', '一些信息', 20000, '2020-08-17');
UPDATE `loan_chattel` SET `created_at` = '2022-01-02 11:08:11.838409', `updated_at` = '2022-01-02 13:56:52.243929', `customer_id` = 5715, `type` = 'copyright', `description` = '一些信息', `value_amount` = 200000, `expired_at` = '2021-02-12' WHERE `loan_chattel`.`id` = 1679;
INSERT INTO `loan_chattel` (`id`, `created_at`, `updated_at`, `customer_id`, `type`, `description`, `value_amount`, `expired_at`) VALUES (1679, '2022-01-02 11:08:11.838409', '2022-01-02 13:56:52.243929', 5715, 'copyright', '一些信息', 200000, '2021-02-12');
UPDATE `loan_address` SET `created_at` = '2022-01-02 14:46:52.707702', `updated_at` = '2022-01-02 14:46:52.707702', `province` = '四川省', `city` = '甘孜藏族自治州', `county` = '甘孜县', `town` = '茶扎乡', `detail` = '安边路住友嘉馨名园22号' WHERE `loan_address`.`id` = 9198;
INSERT INTO `loan_address` (`id`, `created_at`, `updated_at`, `province`, `city`, `county`, `town`, `detail`) VALUES (9198, '2022-01-02 14:46:52.707702', '2022-01-02 14:46:52.707702', '四川省', '甘孜藏族自治州', '甘孜县', '茶扎乡', '安边路住友嘉馨名园22号');
UPDATE `loan_estate` SET `created_at` = '2022-01-02 14:46:52.707702', `updated_at` = '2022-01-02 17:19:25.892378', `customer_id` = 5715, `address_id` = 9198 WHERE `loan_estate`.`id` = 3396;
INSERT INTO `loan_estate` (`id`, `created_at`, `updated_at`, `customer_id`, `address_id`) VALUES (3396, '2022-01-02 14:46:52.707702', '2022-01-02 17:19:25.892378', 5715, 9198);
UPDATE `loan_account` SET `created_at` = '2022-01-02 08:32:54.363900', `updated_at` = '2022-01-02 08:32:54.363900', `customer_id` = 5715, `number` = '325338910363770511', `balance` = 76684 WHERE `loan_account`.`id` = 5228;
INSERT INTO `loan_account` (`id`, `created_at`, `updated_at`, `customer_id`, `number`, `balance`) VALUES (5228, '2022-01-02 08:32:54.363900', '2022-01-02 08:32:54.363900', 5715, '325338910363770511', 76684);
UPDATE `loan_address` SET `created_at` = '2022-01-02 06:54:28.416662', `updated_at` = '2022-01-02 06:54:28.416662', `province` = '山西省', `city` = '临汾市', `county` = '尧都区', `town` = '乔李镇', `detail` = '澳门路162号' WHERE `loan_address`.`id` = 9199;
INSERT INTO `loan_address` (`id`, `created_at`, `updated_at`, `province`, `city`, `county`, `town`, `detail`) VALUES (9199, '2022-01-02 06:54:28.416662', '2022-01-02 06:54:28.416662', '山西省', '临汾市', '尧都区', '乔李镇', '澳门路162号');
UPDATE `loan_customer` SET `created_at` = '2022-01-02 06:54:28.416662', `updated_at` = '2022-01-02 23:18:42.315372', `name` = '吕蕴秀', `id_number` = '358794936378514611', `gender` = 'f', `birthday` = '2008-08-06', `address_id` = 9199, `job_id` = 1894, `salary` = 29000 WHERE `loan_customer`.`id` = 5716;
INSERT INTO `loan_customer` (`id`, `created_at`, `updated_at`, `name`, `id_number`, `gender`, `birthday`, `address_id`, `job_id`, `salary`) VALUES (5716, '2022-01-02 06:54:28.416662', '2022-01-02 23:18:42.315372', '吕蕴秀', '358794936378514611', 'f', '2008-08-06', 9199, 1894, 29000);
UPDATE `loan_account` SET `created_at` = '2022-01-02 13:33:32.719407', `updated_at` = '2022-01-02 16:39:58.274060', `customer_id` = 5716, `number` = '466152252257106571', `balance` = 112848 WHERE `loan_account`.`id` = 5229;
INSERT INTO `loan_account` (`id`, `created_at`, `updated_at`, `customer_id`, `number`, `balance`) VALUES (5229, '2022-01-02 13:33:32.719407', '2022-01-02 16:39:58.274060', 5716, '466152252257106571', 112848);
UPDATE `loan_address` SET `created_at` = '2022-01-02 13:19:34.771018', `updated_at` = '2022-01-02 13:19:34.771018', `province` = '安徽省', `city` = '安庆市', `county` = '桐城市', `town` = '桐城双新经济开发区', `detail` = '巴林路溢盈河畔别墅195号' WHERE `loan_address`.`id` = 9200;
INSERT INTO `loan_address` (`id`, `created_at`, `updated_at`, `province`, `city`, `county`, `town`, `detail`) VALUES (9200, '2022-01-02 13:19:34.771018', '2022-01-02 13:19:34.771018', '安徽省', '安庆市', '桐城市', '桐城双新经济开发区', '巴林路溢盈河畔别墅195号');
UPDATE `loan_customer` SET `created_at` = '2022-01-02 13:19:34.771018', `updated_at` = '2022-01-02 13:19:34.771018', `name` = '汪佳', `id_number` = '137108956295816971', `gender` = 'm', `birthday` = '2007-01-30', `address_id` = 9200, `job_id` = 1894, `salary` = 14000 WHERE `loan_customer`.`id` = 5717;
INSERT INTO `loan_customer` (`id`, `created_at`, `updated_at`, `name`, `id_number`, `gender`, `birthday`, `address_id`, `job_id`, `salary`) VALUES (5717, '2022-01-02 13:19:34.771018', '2022-01-02 13:19:34.771018', '汪佳', '137108956295816971', 'm', '2007-01-30', 9200, 1894, 14000);
UPDATE `loan_address` SET `created_at` = '2022-01-02 17:36:55.082188', `updated_at` = '2022-01-02 17:36:55.082188', `province` = '辽宁省', `city` = '沈阳市', `county` = '辽中区', `town` = '潘家堡镇', `detail` = '宝林路和亭佳苑105号' WHERE `loan_address`.`id` = 9201;
INSERT INTO `loan_address` (`id`, `created_at`, `updated_at`, `province`, `city`, `county`, `town`, `detail`) VALUES (9201, '2022-01-02 17:36:55.082188', '2022-01-02 17:36:55.082188', '辽宁省', '沈阳市', '辽中区', '潘家堡镇', '宝林路和亭佳苑105号');
UPDATE `loan_estate` SET `created_at` = '2022-01-02 17:36:55.082188', `updated_at` = '2022-01-02 17:36:55.082188', `customer_id` = 5717, `address_id` = 9201 WHERE `loan_estate`.`id` = 3397;
INSERT INTO `loan_estate` (`id`, `created_at`, `updated_at`, `customer_id`, `address_id`) VALUES (3397, '2022-01-02 17:36:55.082188', '2022-01-02 17:36:55.082188', 5717, 9201);
UPDATE `loan_address` SET `created_at` = '2022-01-02 22:58:10.801271', `updated_at` = '2022-01-02 22:58:10.801271', `province` = '江西省', `city` = '吉安市', `county` = '安福县', `town` = '彭坊乡', `detail` = '百官街59号' WHERE `loan_address`.`id` = 9202;
INSERT INTO `loan_address` (`id`, `created_at`, `updated_at`, `province`, `city`, `county`, `town`, `detail`) VALUES (9202, '2022-01-02 22:58:10.801271', '2022-01-02 22:58:10.801271', '江西省', '吉安市', '安福县', '彭坊乡', '百官街59号');
UPDATE `loan_estate` SET `created_at` = '2022-01-02 22:58:10.801271', `updated_at` = '2022-01-02 22:58:10.801271', `customer_id` = 5717, `address_id` = 9202 WHERE `loan_estate`.`id` = 3398;
INSERT INTO `loan_estate` (`id`, `created_at`, `updated_at`, `customer_id`, `address_id`) VALUES (3398, '2022-01-02 22:58:10.801271', '2022-01-02 22:58:10.801271', 5717, 9202);
UPDATE `loan_account` SET `created_at` = '2022-01-02 19:48:44.738446', `updated_at` = '2022-01-02 20:04:36.937485', `customer_id` = 5717, `number` = '998122546343051573', `balance` = 25850 WHERE `loan_account`.`id` = 5230;
INSERT INTO `loan_account` (`id`, `created_at`, `updated_at`, `customer_id`, `number`, `balance`) VALUES (5230, '2022-01-02 19:48:44.738446', '2022-01-02 20:04:36.937485', 5717, '998122546343051573', 25850);
UPDATE `loan_address` SET `created_at` = '2022-01-02 07:20:20.733120', `updated_at` = '2022-01-02 07:20:20.733120', `province` = '吉林省', `city` = '长春市', `county` = '长春高新技术产业开发区', `town` = '硅谷街道办事处', `detail` = '安亭路117号' WHERE `loan_address`.`id` = 9203;
INSERT INTO `loan_address` (`id`, `created_at`, `updated_at`, `province`, `city`, `county`, `town`, `detail`) VALUES (9203, '2022-01-02 07:20:20.733120', '2022-01-02 07:20:20.733120', '吉林省', '长春市', '长春高新技术产业开发区', '硅谷街道办事处', '安亭路117号');
UPDATE `loan_customer` SET `created_at` = '2022-01-02 07:20:20.733120', `updated_at` = '2022-01-02 17:59:14.218022', `name` = '陆漪', `id_number` = '593351778941171385', `gender` = 'f', `birthday` = '1982-07-15', `address_id` = 9203, `job_id` = 1894, `salary` = 61000 WHERE `loan_customer`.`id` = 5718;
INSERT INTO `loan_customer` (`id`, `created_at`, `updated_at`, `name`, `id_number`, `gender`, `birthday`, `address_id`, `job_id`, `salary`) VALUES (5718, '2022-01-02 07:20:20.733120', '2022-01-02 17:59:14.218022', '陆漪', '593351778941171385', 'f', '1982-07-15', 9203, 1894, 61000);
UPDATE `loan_chattel` SET `created_at` = '2022-01-02 18:04:21.263955', `updated_at` = '2022-01-02 21:16:01.394423', `customer_id` = 5718, `type` = 'check', `description` = '一些信息', `value_amount` = 190000, `expired_at` = '2028-06-20' WHERE `loan_chattel`.`id` = 1680;
INSERT INTO `loan_chattel` (`id`, `created_at`, `updated_at`, `customer_id`, `type`, `description`, `value_amount`, `expired_at`) VALUES (1680, '2022-01-02 18:04:21.263955', '2022-01-02 21:16:01.394423', 5718, 'check', '一些信息', 190000, '2028-06-20');
UPDATE `loan_car` SET `created_at` = '2022-01-02 08:12:02.229851', `updated_at` = '2022-01-02 16:14:05.194731', `customer_id` = 5718, `model_id` = 11, `vin_number` = '341950437540802421', `date_produced` = '2013-10-13', `value_estimated` = 190000 WHERE `loan_car`.`id` = 4600;
INSERT INTO `loan_car` (`id`, `created_at`, `updated_at`, `customer_id`, `model_id`, `vin_number`, `date_produced`, `value_estimated`) VALUES (4600, '2022-01-02 08:12:02.229851', '2022-01-02 16:14:05.194731', 5718, 11, '341950437540802421', '2013-10-13', 190000);
UPDATE `loan_account` SET `created_at` = '2022-01-02 08:35:06.508290', `updated_at` = '2022-01-02 08:35:06.508290', `customer_id` = 5718, `number` = '142418918847818608', `balance` = 0 WHERE `loan_account`.`id` = 5231;
INSERT INTO `loan_account` (`id`, `created_at`, `updated_at`, `customer_id`, `number`, `balance`) VALUES (5231, '2022-01-02 08:35:06.508290', '2022-01-02 08:35:06.508290', 5718, '142418918847818608', 0);
UPDATE `loan_loan` SET `created_at` = '2022-01-02 19:27:45.355223', `updated_at` = '2022-01-02 19:27:45.355223', `customer_id` = 5712, `type` = 'car', `amount` = 190000, `status` = 'Settled', `usage` = '买车', `payment_method` = 'equal_corpus_and_interest', `started_at` = NULL, `expired_at` = NULL, `payment_periods` = NULL WHERE `loan_loan`.`id` = 402;
INSERT INTO `loan_loan` (`id`, `created_at`, `updated_at`, `customer_id`, `type`, `amount`, `status`, `usage`, `payment_method`, `started_at`, `expired_at`, `payment_periods`) VALUES (402, '2022-01-02 19:27:45.355223', '2022-01-02 19:27:45.355223', 5712, 'car', 190000, 'Settled', '买车', 'equal_corpus_and_interest', NULL, NULL, NULL);
UPDATE `loan_carloan` SET `created_at` = '2022-01-02 19:27:45.355223', `updated_at` = '2022-01-02 19:27:45.355223', `loan_id` = 402, `car_id` = 4597 WHERE `loan_carloan`.`id` = 402;
INSERT INTO `loan_carloan` (`id`, `created_at`, `updated_at`, `loan_id`, `car_id`) VALUES (402, '2022-01-02 19:27:45.355223', '2022-01-02 19:27:45.355223', 402, 4597);
UPDATE `loan_loanmortgage` SET `created_at` = '2022-01-02 21:08:48.899088', `updated_at` = '2022-01-02 21:08:48.899088', `loan_id` = 402, `type` = 'estate', `is_pledge` = TRUE, `car_id` = NULL, `estate_id` = 3394, `chattel_id` = NULL WHERE `loan_loanmortgage`.`id` = 62;
INSERT INTO `loan_loanmortgage` (`id`, `created_at`, `updated_at`, `loan_id`, `type`, `is_pledge`, `car_id`, `estate_id`, `chattel_id`) VALUES (62, '2022-01-02 21:08:48.899088', '2022-01-02 21:08:48.899088', 402, 'estate', TRUE, NULL, 3394, NULL);
UPDATE `loan_loanapproval` SET `created_at` = '2022-01-02 23:59:59', `updated_at` = '2022-01-02 23:59:59', `loan_id` = 402, `approved` = FALSE, `message` = '资料不足' WHERE `loan_loanapproval`.`id` = 318;
INSERT INTO `loan_loanapproval` (`id`, `created_at`, `updated_at`, `loan_id`, `approved`, `message`) VALUES (318, '2022-01-02 23:59:59', '2022-01-02 23:59:59', 402, FALSE, '资料不足');
UPDATE `loan_loanapproval` SET `created_at` = '2022-01-02 23:59:59', `updated_at` = '2022-01-02 23:59:59', `loan_id` = 402, `approved` = TRUE, `message` = NULL WHERE `loan_loanapproval`.`id` = 319;
INSERT INTO `loan_loanapproval` (`id`, `created_at`, `updated_at`, `loan_id`, `approved`, `message`) VALUES (319, '2022-01-02 23:59:59', '2022-01-02 23:59:59', 402, TRUE, NULL);
UPDATE `loan_loan` SET `created_at` = '2022-01-02 19:27:45.355223', `updated_at` = '2022-01-02 23:59:59', `customer_id` = 5712, `type` = 'car', `amount` = 190000, `status` = 'Overdue', `usage` = '买车', `payment_method` = 'equal_corpus_and_interest', `started_at` = '2022-01-01', `expired_at` = '2024-01-01', `payment_periods` = 24 WHERE `loan_loan`.`id` = 402;
UPDATE `loan_loan` SET `created_at` = '2022-01-02 20:08:06.641383', `updated_at` = '2022-01-02 20:08:06.641383', `customer_id` = 5563, `type` = 'car', `amount` = 210000, `status` = 'Settled', `usage` = '买车', `payment_method` = 'equal_corpus_and_interest', `started_at` = NULL, `expired_at` = NULL, `payment_periods` = NULL WHERE `loan_loan`.`id` = 403;
INSERT INTO `loan_loan` (`id`, `created_at`, `updated_at`, `customer_id`, `type`, `amount`, `status`, `usage`, `payment_method`, `started_at`, `expired_at`, `payment_periods`) VALUES (403, '2022-01-02 20:08:06.641383', '2022-01-02 20:08:06.641383', 5563, 'car', 210000, 'Settled', '买车', 'equal_corpus_and_interest', NULL, NULL, NULL);
UPDATE `loan_carloan` SET `created_at` = '2022-01-02 20:08:06.641383', `updated_at` = '2022-01-02 20:08:06.641383', `loan_id` = 403, `car_id` = 4474 WHERE `loan_carloan`.`id` = 403;
INSERT INTO `loan_carloan` (`id`, `created_at`, `updated_at`, `loan_id`, `car_id`) VALUES (403, '2022-01-02 20:08:06.641383', '2022-01-02 20:08:06.641383', 403, 4474);
UPDATE `loan_loanapproval` SET `created_at` = '2022-01-02 23:59:59', `updated_at` = '2022-01-02 23:59:59', `loan_id` = 403, `approved` = TRUE, `message` = NULL WHERE `loan_loanapproval`.`id` = 320;
INSERT INTO `loan_loanapproval` (`id`, `created_at`, `updated_at`, `loan_id`, `approved`, `message`) VALUES (320, '2022-01-02 23:59:59', '2022-01-02 23:59:59', 403, TRUE, NULL);
UPDATE `loan_badloan` SET `created_at` = '2022-01-03 11:21:49', `updated_at` = '2022-01-03 11:21:49', `loan_id` = 403, `message` = '客户无力还款' WHERE `loan_badloan`.`id` = 106;
INSERT INTO `loan_badloan` (`id`, `created_at`, `updated_at`, `loan_id`, `message`) VALUES (106, '2022-01-03 11:21:49', '2022-01-03 11:21:49', 403, '客户无力还款');
UPDATE `loan_loancollection` SET `created_at` = '2022-01-02 09:49:20', `updated_at` = '2022-01-02 09:49:20', `loan_id` = 403, `type` = 'email', `message` = '一些催收内容', `result` = 'other', `result_detail` = '一些催收结果详情', `collect_at` = '2022-01-02' WHERE `loan_loancollection`.`id` = 245;
INSERT INTO `loan_loancollection` (`id`, `created_at`, `updated_at`, `loan_id`, `type`, `message`, `result`, `result_detail`, `collect_at`) VALUES (245, '2022-01-02 09:49:20', '2022-01-02 09:49:20', 403, 'email', '一些催收内容', 'other', '一些催收结果详情', '2022-01-02');
UPDATE `loan_loancollection` SET `created_at` = '2022-01-01 23:21:06', `updated_at` = '2022-01-01 23:21:06', `loan_id` = 403, `type` = 'judiciary', `message` = '一些催收内容', `result` = 'other', `result_detail` = '一些催收结果详情', `collect_at` = '2022-01-01' WHERE `loan_loancollection`.`id` = 246;
INSERT INTO `loan_loancollection` (`id`, `created_at`, `updated_at`, `loan_id`, `type`, `message`, `result`, `result_detail`, `collect_at`) VALUES (246, '2022-01-01 23:21:06', '2022-01-01 23:21:06', 403, 'judiciary', '一些催收内容', 'other', '一些催收结果详情', '2022-01-01');
UPDATE `loan_loan` SET `created_at` = '2022-01-02 20:08:06.641383', `updated_at` = '2022-01-02 23:59:59', `customer_id` = 5563, `type` = 'car', `amount` = 210000, `status` = 'Overdue', `usage` = '买车', `payment_method` = 'equal_corpus_and_interest', `started_at` = '2022-01-01', `expired_at` = '2023-07-01', `payment_periods` = 18 WHERE `loan_loan`.`id` = 403;
UPDATE `loan_loan` SET `created_at` = '2022-01-02 21:42:57.504364', `updated_at` = '2022-01-02 21:42:57.504364', `customer_id` = 5603, `type` = 'car', `amount` = 130000, `status` = 'Approving', `usage` = '买车', `payment_method` = 'equal_corpus', `started_at` = NULL, `expired_at` = NULL, `payment_periods` = NULL WHERE `loan_loan`.`id` = 404;
INSERT INTO `loan_loan` (`id`, `created_at`, `updated_at`, `customer_id`, `type`, `amount`, `status`, `usage`, `payment_method`, `started_at`, `expired_at`, `payment_periods`) VALUES (404, '2022-01-02 21:42:57.504364', '2022-01-02 21:42:57.504364', 5603, 'car', 130000, 'Approving', '买车', 'equal_corpus', NULL, NULL, NULL);
UPDATE `loan_carloan` SET `created_at` = '2022-01-02 21:42:57.504364', `updated_at` = '2022-01-02 21:42:57.504364', `loan_id` = 404, `car_id` = 4506 WHERE `loan_carloan`.`id` = 404;
INSERT INTO `loan_carloan` (`id`, `created_at`, `updated_at`, `loan_id`, `car_id`) VALUES (404, '2022-01-02 21:42:57.504364', '2022-01-02 21:42:57.504364', 404, 4506);
UPDATE `loan_loan` SET `created_at` = '2022-01-02 21:42:57.504364', `updated_at` = '2022-01-02 21:42:57.504364', `customer_id` = 5603, `type` = 'car', `amount` = 130000, `status` = 'Overdue', `usage` = '买车', `payment_method` = 'equal_corpus', `started_at` = '2022-01-01', `expired_at` = '2023-07-01', `payment_periods` = 18 WHERE `loan_loan`.`id` = 404;
UPDATE `loan_loan` SET `created_at` = '2022-01-02 23:41:10.735313', `updated_at` = '2022-01-02 23:41:10.735313', `customer_id` = 5589, `type` = 'car', `amount` = 140000, `status` = 'Applying', `usage` = '买车', `payment_method` = 'equal_corpus', `started_at` = NULL, `expired_at` = NULL, `payment_periods` = NULL WHERE `loan_loan`.`id` = 405;
INSERT INTO `loan_loan` (`id`, `created_at`, `updated_at`, `customer_id`, `type`, `amount`, `status`, `usage`, `payment_method`, `started_at`, `expired_at`, `payment_periods`) VALUES (405, '2022-01-02 23:41:10.735313', '2022-01-02 23:41:10.735313', 5589, 'car', 140000, 'Applying', '买车', 'equal_corpus', NULL, NULL, NULL);
UPDATE `loan_carloan` SET `created_at` = '2022-01-02 23:41:10.735313', `updated_at` = '2022-01-02 23:41:10.735313', `loan_id` = 405, `car_id` = 4495 WHERE `loan_carloan`.`id` = 405;
INSERT INTO `loan_carloan` (`id`, `created_at`, `updated_at`, `loan_id`, `car_id`) VALUES (405, '2022-01-02 23:41:10.735313', '2022-01-02 23:41:10.735313', 405, 4495);
UPDATE `loan_loan` SET `created_at` = '2022-01-02 23:41:10.735313', `updated_at` = '2022-01-02 23:41:10.735313', `customer_id` = 5589, `type` = 'car', `amount` = 140000, `status` = 'Overdue', `usage` = '买车', `payment_method` = 'equal_corpus', `started_at` = '2022-01-01', `expired_at` = '2023-07-01', `payment_periods` = 18 WHERE `loan_loan`.`id` = 405;
UPDATE `loan_loan` SET `created_at` = '2022-01-02 19:42:54.249609', `updated_at` = '2022-01-02 19:42:54.249609', `customer_id` = 5682, `type` = 'car', `amount` = 200000, `status` = 'Overdue', `usage` = '买车', `payment_method` = 'equal_corpus_and_interest', `started_at` = NULL, `expired_at` = NULL, `payment_periods` = NULL WHERE `loan_loan`.`id` = 406;
INSERT INTO `loan_loan` (`id`, `created_at`, `updated_at`, `customer_id`, `type`, `amount`, `status`, `usage`, `payment_method`, `started_at`, `expired_at`, `payment_periods`) VALUES (406, '2022-01-02 19:42:54.249609', '2022-01-02 19:42:54.249609', 5682, 'car', 200000, 'Overdue', '买车', 'equal_corpus_and_interest', NULL, NULL, NULL);
UPDATE `loan_carloan` SET `created_at` = '2022-01-02 19:42:54.249609', `updated_at` = '2022-01-02 19:42:54.249609', `loan_id` = 406, `car_id` = 4575 WHERE `loan_carloan`.`id` = 406;
INSERT INTO `loan_carloan` (`id`, `created_at`, `updated_at`, `loan_id`, `car_id`) VALUES (406, '2022-01-02 19:42:54.249609', '2022-01-02 19:42:54.249609', 406, 4575);
UPDATE `loan_loanapproval` SET `created_at` = '2022-01-02 23:59:59', `updated_at` = '2022-01-02 23:59:59', `loan_id` = 406, `approved` = FALSE, `message` = '资料不足' WHERE `loan_loanapproval`.`id` = 321;
INSERT INTO `loan_loanapproval` (`id`, `created_at`, `updated_at`, `loan_id`, `approved`, `message`) VALUES (321, '2022-01-02 23:59:59', '2022-01-02 23:59:59', 406, FALSE, '资料不足');
UPDATE `loan_loanapproval` SET `created_at` = '2022-01-02 23:59:59', `updated_at` = '2022-01-02 23:59:59', `loan_id` = 406, `approved` = TRUE, `message` = NULL WHERE `loan_loanapproval`.`id` = 322;
INSERT INTO `loan_loanapproval` (`id`, `created_at`, `updated_at`, `loan_id`, `approved`, `message`) VALUES (322, '2022-01-02 23:59:59', '2022-01-02 23:59:59', 406, TRUE, NULL);
UPDATE `loan_loan` SET `created_at` = '2022-01-02 19:42:54.249609', `updated_at` = '2022-01-02 23:59:59', `customer_id` = 5682, `type` = 'car', `amount` = 200000, `status` = 'Overdue', `usage` = '买车', `payment_method` = 'equal_corpus_and_interest', `started_at` = '2022-01-01', `expired_at` = '2024-01-01', `payment_periods` = 24 WHERE `loan_loan`.`id` = 406;
UPDATE `loan_loan` SET `created_at` = '2022-01-02 17:59:09.929630', `updated_at` = '2022-01-02 17:59:09.929630', `customer_id` = 5517, `type` = 'car', `amount` = 290000, `status` = 'Applying', `usage` = '买车', `payment_method` = 'equal_corpus', `started_at` = NULL, `expired_at` = NULL, `payment_periods` = NULL WHERE `loan_loan`.`id` = 407;
INSERT INTO `loan_loan` (`id`, `created_at`, `updated_at`, `customer_id`, `type`, `amount`, `status`, `usage`, `payment_method`, `started_at`, `expired_at`, `payment_periods`) VALUES (407, '2022-01-02 17:59:09.929630', '2022-01-02 17:59:09.929630', 5517, 'car', 290000, 'Applying', '买车', 'equal_corpus', NULL, NULL, NULL);
UPDATE `loan_carloan` SET `created_at` = '2022-01-02 17:59:09.929630', `updated_at` = '2022-01-02 17:59:09.929630', `loan_id` = 407, `car_id` = 4436 WHERE `loan_carloan`.`id` = 407;
INSERT INTO `loan_carloan` (`id`, `created_at`, `updated_at`, `loan_id`, `car_id`) VALUES (407, '2022-01-02 17:59:09.929630', '2022-01-02 17:59:09.929630', 407, 4436);
UPDATE `loan_badloan` SET `created_at` = '2022-01-03 14:44:23', `updated_at` = '2022-01-03 14:44:23', `loan_id` = 407, `message` = '客户无力还款' WHERE `loan_badloan`.`id` = 107;
INSERT INTO `loan_badloan` (`id`, `created_at`, `updated_at`, `loan_id`, `message`) VALUES (107, '2022-01-03 14:44:23', '2022-01-03 14:44:23', 407, '客户无力还款');
UPDATE `loan_loancollection` SET `created_at` = '2022-01-02 21:18:04', `updated_at` = '2022-01-02 21:18:04', `loan_id` = 407, `type` = 'visit', `message` = '一些催收内容', `result` = 'no_response', `result_detail` = '一些催收结果详情', `collect_at` = '2022-01-02' WHERE `loan_loancollection`.`id` = 247;
INSERT INTO `loan_loancollection` (`id`, `created_at`, `updated_at`, `loan_id`, `type`, `message`, `result`, `result_detail`, `collect_at`) VALUES (247, '2022-01-02 21:18:04', '2022-01-02 21:18:04', 407, 'visit', '一些催收内容', 'no_response', '一些催收结果详情', '2022-01-02');
UPDATE `loan_loan` SET `created_at` = '2022-01-02 17:59:09.929630', `updated_at` = '2022-01-02 17:59:09.929630', `customer_id` = 5517, `type` = 'car', `amount` = 290000, `status` = 'Overdue', `usage` = '买车', `payment_method` = 'equal_corpus', `started_at` = '2022-01-01', `expired_at` = '2023-07-01', `payment_periods` = 18 WHERE `loan_loan`.`id` = 407;
UPDATE `loan_loan` SET `created_at` = '2022-01-02 16:16:30.695482', `updated_at` = '2022-01-02 16:16:30.695482', `customer_id` = 5681, `type` = 'car', `amount` = 180000, `status` = 'Applying', `usage` = '买车', `payment_method` = 'equal_corpus', `started_at` = NULL, `expired_at` = NULL, `payment_periods` = NULL WHERE `loan_loan`.`id` = 408;
INSERT INTO `loan_loan` (`id`, `created_at`, `updated_at`, `customer_id`, `type`, `amount`, `status`, `usage`, `payment_method`, `started_at`, `expired_at`, `payment_periods`) VALUES (408, '2022-01-02 16:16:30.695482', '2022-01-02 16:16:30.695482', 5681, 'car', 180000, 'Applying', '买车', 'equal_corpus', NULL, NULL, NULL);
UPDATE `loan_carloan` SET `created_at` = '2022-01-02 16:16:30.695482', `updated_at` = '2022-01-02 16:16:30.695482', `loan_id` = 408, `car_id` = 4573 WHERE `loan_carloan`.`id` = 408;
INSERT INTO `loan_carloan` (`id`, `created_at`, `updated_at`, `loan_id`, `car_id`) VALUES (408, '2022-01-02 16:16:30.695482', '2022-01-02 16:16:30.695482', 408, 4573);
UPDATE `loan_loanmortgage` SET `created_at` = '2022-01-02 18:36:55.768002', `updated_at` = '2022-01-02 18:36:55.768002', `loan_id` = 408, `type` = 'car', `is_pledge` = FALSE, `car_id` = 4574, `estate_id` = NULL, `chattel_id` = NULL WHERE `loan_loanmortgage`.`id` = 63;
INSERT INTO `loan_loanmortgage` (`id`, `created_at`, `updated_at`, `loan_id`, `type`, `is_pledge`, `car_id`, `estate_id`, `chattel_id`) VALUES (63, '2022-01-02 18:36:55.768002', '2022-01-02 18:36:55.768002', 408, 'car', FALSE, 4574, NULL, NULL);
UPDATE `loan_loan` SET `created_at` = '2022-01-02 16:16:30.695482', `updated_at` = '2022-01-02 16:16:30.695482', `customer_id` = 5681, `type` = 'car', `amount` = 180000, `status` = 'Overdue', `usage` = '买车', `payment_method` = 'equal_corpus', `started_at` = '2022-01-01', `expired_at` = '2023-07-01', `payment_periods` = 18 WHERE `loan_loan`.`id` = 408;
UPDATE `loan_loan` SET `created_at` = '2022-01-02 17:03:12.008590', `updated_at` = '2022-01-02 17:03:12.008590', `customer_id` = 5626, `type` = 'car', `amount` = 40000, `status` = 'Applying', `usage` = '买车', `payment_method` = 'equal_corpus', `started_at` = NULL, `expired_at` = NULL, `payment_periods` = NULL WHERE `loan_loan`.`id` = 409;
INSERT INTO `loan_loan` (`id`, `created_at`, `updated_at`, `customer_id`, `type`, `amount`, `status`, `usage`, `payment_method`, `started_at`, `expired_at`, `payment_periods`) VALUES (409, '2022-01-02 17:03:12.008590', '2022-01-02 17:03:12.008590', 5626, 'car', 40000, 'Applying', '买车', 'equal_corpus', NULL, NULL, NULL);
UPDATE `loan_carloan` SET `created_at` = '2022-01-02 17:03:12.008590', `updated_at` = '2022-01-02 17:03:12.008590', `loan_id` = 409, `car_id` = 4526 WHERE `loan_carloan`.`id` = 409;
INSERT INTO `loan_carloan` (`id`, `created_at`, `updated_at`, `loan_id`, `car_id`) VALUES (409, '2022-01-02 17:03:12.008590', '2022-01-02 17:03:12.008590', 409, 4526);
UPDATE `loan_badloan` SET `created_at` = '2022-01-03 21:10:43', `updated_at` = '2022-01-03 21:10:43', `loan_id` = 409, `message` = '客户无力还款' WHERE `loan_badloan`.`id` = 108;
INSERT INTO `loan_badloan` (`id`, `created_at`, `updated_at`, `loan_id`, `message`) VALUES (108, '2022-01-03 21:10:43', '2022-01-03 21:10:43', 409, '客户无力还款');
UPDATE `loan_loancollection` SET `created_at` = '2022-01-02 12:15:35', `updated_at` = '2022-01-02 12:15:35', `loan_id` = 409, `type` = 'phone', `message` = '一些催收内容', `result` = 'other', `result_detail` = '一些催收结果详情', `collect_at` = '2022-01-02' WHERE `loan_loancollection`.`id` = 248;
INSERT INTO `loan_loancollection` (`id`, `created_at`, `updated_at`, `loan_id`, `type`, `message`, `result`, `result_detail`, `collect_at`) VALUES (248, '2022-01-02 12:15:35', '2022-01-02 12:15:35', 409, 'phone', '一些催收内容', 'other', '一些催收结果详情', '2022-01-02');
UPDATE `loan_loancollection` SET `created_at` = '2022-01-01 23:13:44', `updated_at` = '2022-01-01 23:13:44', `loan_id` = 409, `type` = 'judiciary', `message` = '一些催收内容', `result` = 'no_pay', `result_detail` = '一些催收结果详情', `collect_at` = '2022-01-01' WHERE `loan_loancollection`.`id` = 249;
INSERT INTO `loan_loancollection` (`id`, `created_at`, `updated_at`, `loan_id`, `type`, `message`, `result`, `result_detail`, `collect_at`) VALUES (249, '2022-01-01 23:13:44', '2022-01-01 23:13:44', 409, 'judiciary', '一些催收内容', 'no_pay', '一些催收结果详情', '2022-01-01');
UPDATE `loan_loancollection` SET `created_at` = '2022-01-02 07:51:24', `updated_at` = '2022-01-02 07:51:24', `loan_id` = 409, `type` = 'judiciary', `message` = '一些催收内容', `result` = 'other', `result_detail` = '一些催收结果详情', `collect_at` = '2022-01-02' WHERE `loan_loancollection`.`id` = 250;
INSERT INTO `loan_loancollection` (`id`, `created_at`, `updated_at`, `loan_id`, `type`, `message`, `result`, `result_detail`, `collect_at`) VALUES (250, '2022-01-02 07:51:24', '2022-01-02 07:51:24', 409, 'judiciary', '一些催收内容', 'other', '一些催收结果详情', '2022-01-02');
UPDATE `loan_loancollection` SET `created_at` = '2022-01-02 01:30:21', `updated_at` = '2022-01-02 01:30:21', `loan_id` = 409, `type` = 'judiciary', `message` = '一些催收内容', `result` = 'no_pay', `result_detail` = '一些催收结果详情', `collect_at` = '2022-01-02' WHERE `loan_loancollection`.`id` = 251;
INSERT INTO `loan_loancollection` (`id`, `created_at`, `updated_at`, `loan_id`, `type`, `message`, `result`, `result_detail`, `collect_at`) VALUES (251, '2022-01-02 01:30:21', '2022-01-02 01:30:21', 409, 'judiciary', '一些催收内容', 'no_pay', '一些催收结果详情', '2022-01-02');
UPDATE `loan_loancollection` SET `created_at` = '2022-01-01 04:12:40', `updated_at` = '2022-01-01 04:12:40', `loan_id` = 409, `type` = 'message', `message` = '一些催收内容', `result` = 'no_response', `result_detail` = '一些催收结果详情', `collect_at` = '2022-01-01' WHERE `loan_loancollection`.`id` = 252;
INSERT INTO `loan_loancollection` (`id`, `created_at`, `updated_at`, `loan_id`, `type`, `message`, `result`, `result_detail`, `collect_at`) VALUES (252, '2022-01-01 04:12:40', '2022-01-01 04:12:40', 409, 'message', '一些催收内容', 'no_response', '一些催收结果详情', '2022-01-01');
UPDATE `loan_loan` SET `created_at` = '2022-01-02 17:03:12.008590', `updated_at` = '2022-01-02 17:03:12.008590', `customer_id` = 5626, `type` = 'car', `amount` = 40000, `status` = 'Overdue', `usage` = '买车', `payment_method` = 'equal_corpus', `started_at` = '2022-01-01', `expired_at` = '2023-07-01', `payment_periods` = 18 WHERE `loan_loan`.`id` = 409;
UPDATE `loan_loan` SET `created_at` = '2022-01-02 04:00:44.630815', `updated_at` = '2022-01-02 04:00:44.630815', `customer_id` = 5616, `type` = 'car', `amount` = 230000, `status` = 'Settled', `usage` = '买车', `payment_method` = 'equal_corpus', `started_at` = NULL, `expired_at` = NULL, `payment_periods` = NULL WHERE `loan_loan`.`id` = 410;
INSERT INTO `loan_loan` (`id`, `created_at`, `updated_at`, `customer_id`, `type`, `amount`, `status`, `usage`, `payment_method`, `started_at`, `expired_at`, `payment_periods`) VALUES (410, '2022-01-02 04:00:44.630815', '2022-01-02 04:00:44.630815', 5616, 'car', 230000, 'Settled', '买车', 'equal_corpus', NULL, NULL, NULL);
UPDATE `loan_carloan` SET `created_at` = '2022-01-02 04:00:44.630815', `updated_at` = '2022-01-02 04:00:44.630815', `loan_id` = 410, `car_id` = 4516 WHERE `loan_carloan`.`id` = 410;
INSERT INTO `loan_carloan` (`id`, `created_at`, `updated_at`, `loan_id`, `car_id`) VALUES (410, '2022-01-02 04:00:44.630815', '2022-01-02 04:00:44.630815', 410, 4516);
UPDATE `loan_loanapproval` SET `created_at` = '2022-01-02 14:40:53.630815', `updated_at` = '2022-01-02 14:40:53.630815', `loan_id` = 410, `approved` = TRUE, `message` = NULL WHERE `loan_loanapproval`.`id` = 323;
INSERT INTO `loan_loanapproval` (`id`, `created_at`, `updated_at`, `loan_id`, `approved`, `message`) VALUES (323, '2022-01-02 14:40:53.630815', '2022-01-02 14:40:53.630815', 410, TRUE, NULL);
UPDATE `loan_badloan` SET `created_at` = '2022-01-03 07:43:09', `updated_at` = '2022-01-03 07:43:09', `loan_id` = 410, `message` = '客户无力还款' WHERE `loan_badloan`.`id` = 109;
INSERT INTO `loan_badloan` (`id`, `created_at`, `updated_at`, `loan_id`, `message`) VALUES (109, '2022-01-03 07:43:09', '2022-01-03 07:43:09', 410, '客户无力还款');
UPDATE `loan_loancollection` SET `created_at` = '2022-01-02 00:41:45', `updated_at` = '2022-01-02 00:41:45', `loan_id` = 410, `type` = 'judiciary', `message` = '一些催收内容', `result` = 'pay_soon', `result_detail` = '一些催收结果详情', `collect_at` = '2022-01-02' WHERE `loan_loancollection`.`id` = 253;
INSERT INTO `loan_loancollection` (`id`, `created_at`, `updated_at`, `loan_id`, `type`, `message`, `result`, `result_detail`, `collect_at`) VALUES (253, '2022-01-02 00:41:45', '2022-01-02 00:41:45', 410, 'judiciary', '一些催收内容', 'pay_soon', '一些催收结果详情', '2022-01-02');
UPDATE `loan_loancollection` SET `created_at` = '2022-01-01 05:03:27', `updated_at` = '2022-01-01 05:03:27', `loan_id` = 410, `type` = 'phone', `message` = '一些催收内容', `result` = 'no_response', `result_detail` = '一些催收结果详情', `collect_at` = '2022-01-01' WHERE `loan_loancollection`.`id` = 254;
INSERT INTO `loan_loancollection` (`id`, `created_at`, `updated_at`, `loan_id`, `type`, `message`, `result`, `result_detail`, `collect_at`) VALUES (254, '2022-01-01 05:03:27', '2022-01-01 05:03:27', 410, 'phone', '一些催收内容', 'no_response', '一些催收结果详情', '2022-01-01');
UPDATE `loan_loancollection` SET `created_at` = '2022-01-02 15:24:33', `updated_at` = '2022-01-02 15:24:33', `loan_id` = 410, `type` = 'judiciary', `message` = '一些催收内容', `result` = 'no_pay', `result_detail` = '一些催收结果详情', `collect_at` = '2022-01-02' WHERE `loan_loancollection`.`id` = 255;
INSERT INTO `loan_loancollection` (`id`, `created_at`, `updated_at`, `loan_id`, `type`, `message`, `result`, `result_detail`, `collect_at`) VALUES (255, '2022-01-02 15:24:33', '2022-01-02 15:24:33', 410, 'judiciary', '一些催收内容', 'no_pay', '一些催收结果详情', '2022-01-02');
UPDATE `loan_loancollection` SET `created_at` = '2022-01-02 00:59:46', `updated_at` = '2022-01-02 00:59:46', `loan_id` = 410, `type` = 'phone', `message` = '一些催收内容', `result` = 'pay_soon', `result_detail` = '一些催收结果详情', `collect_at` = '2022-01-02' WHERE `loan_loancollection`.`id` = 256;
INSERT INTO `loan_loancollection` (`id`, `created_at`, `updated_at`, `loan_id`, `type`, `message`, `result`, `result_detail`, `collect_at`) VALUES (256, '2022-01-02 00:59:46', '2022-01-02 00:59:46', 410, 'phone', '一些催收内容', 'pay_soon', '一些催收结果详情', '2022-01-02');
UPDATE `loan_loan` SET `created_at` = '2022-01-02 04:00:44.630815', `updated_at` = '2022-01-02 14:40:53.630815', `customer_id` = 5616, `type` = 'car', `amount` = 230000, `status` = 'Overdue', `usage` = '买车', `payment_method` = 'equal_corpus', `started_at` = '2022-01-01', `expired_at` = '2023-07-01', `payment_periods` = 18 WHERE `loan_loan`.`id` = 410;
UPDATE `loan_loan` SET `created_at` = '2022-01-02 23:10:43.803185', `updated_at` = '2022-01-02 23:10:43.803185', `customer_id` = 5641, `type` = 'car', `amount` = 160000, `status` = 'Settled', `usage` = '买车', `payment_method` = 'equal_corpus_and_interest', `started_at` = NULL, `expired_at` = NULL, `payment_periods` = NULL WHERE `loan_loan`.`id` = 411;
INSERT INTO `loan_loan` (`id`, `created_at`, `updated_at`, `customer_id`, `type`, `amount`, `status`, `usage`, `payment_method`, `started_at`, `expired_at`, `payment_periods`) VALUES (411, '2022-01-02 23:10:43.803185', '2022-01-02 23:10:43.803185', 5641, 'car', 160000, 'Settled', '买车', 'equal_corpus_and_interest', NULL, NULL, NULL);
UPDATE `loan_carloan` SET `created_at` = '2022-01-02 23:10:43.803185', `updated_at` = '2022-01-02 23:10:43.803185', `loan_id` = 411, `car_id` = 4538 WHERE `loan_carloan`.`id` = 411;
INSERT INTO `loan_carloan` (`id`, `created_at`, `updated_at`, `loan_id`, `car_id`) VALUES (411, '2022-01-02 23:10:43.803185', '2022-01-02 23:10:43.803185', 411, 4538);
UPDATE `loan_loanapproval` SET `created_at` = '2022-01-02 23:59:59', `updated_at` = '2022-01-02 23:59:59', `loan_id` = 411, `approved` = TRUE, `message` = NULL WHERE `loan_loanapproval`.`id` = 324;
INSERT INTO `loan_loanapproval` (`id`, `created_at`, `updated_at`, `loan_id`, `approved`, `message`) VALUES (324, '2022-01-02 23:59:59', '2022-01-02 23:59:59', 411, TRUE, NULL);
UPDATE `loan_loan` SET `created_at` = '2022-01-02 23:10:43.803185', `updated_at` = '2022-01-02 23:59:59', `customer_id` = 5641, `type` = 'car', `amount` = 160000, `status` = 'Overdue', `usage` = '买车', `payment_method` = 'equal_corpus_and_interest', `started_at` = '2022-01-01', `expired_at` = '2023-07-01', `payment_periods` = 18 WHERE `loan_loan`.`id` = 411;
UPDATE `loan_loan` SET `created_at` = '2022-01-02 22:53:37.973054', `updated_at` = '2022-01-02 22:53:37.973054', `customer_id` = 5635, `type` = 'car', `amount` = 50000, `status` = 'Settled', `usage` = '买车', `payment_method` = 'equal_corpus_and_interest', `started_at` = NULL, `expired_at` = NULL, `payment_periods` = NULL WHERE `loan_loan`.`id` = 412;
INSERT INTO `loan_loan` (`id`, `created_at`, `updated_at`, `customer_id`, `type`, `amount`, `status`, `usage`, `payment_method`, `started_at`, `expired_at`, `payment_periods`) VALUES (412, '2022-01-02 22:53:37.973054', '2022-01-02 22:53:37.973054', 5635, 'car', 50000, 'Settled', '买车', 'equal_corpus_and_interest', NULL, NULL, NULL);
UPDATE `loan_carloan` SET `created_at` = '2022-01-02 22:53:37.973054', `updated_at` = '2022-01-02 22:53:37.973054', `loan_id` = 412, `car_id` = 4531 WHERE `loan_carloan`.`id` = 412;
INSERT INTO `loan_carloan` (`id`, `created_at`, `updated_at`, `loan_id`, `car_id`) VALUES (412, '2022-01-02 22:53:37.973054', '2022-01-02 22:53:37.973054', 412, 4531);
UPDATE `loan_loanmortgage` SET `created_at` = '2022-01-02 23:44:11.450825', `updated_at` = '2022-01-02 23:44:11.450825', `loan_id` = 412, `type` = 'car', `is_pledge` = TRUE, `car_id` = 4532, `estate_id` = NULL, `chattel_id` = NULL WHERE `loan_loanmortgage`.`id` = 64;
INSERT INTO `loan_loanmortgage` (`id`, `created_at`, `updated_at`, `loan_id`, `type`, `is_pledge`, `car_id`, `estate_id`, `chattel_id`) VALUES (64, '2022-01-02 23:44:11.450825', '2022-01-02 23:44:11.450825', 412, 'car', TRUE, 4532, NULL, NULL);
UPDATE `loan_loanapproval` SET `created_at` = '2022-01-02 23:59:59', `updated_at` = '2022-01-02 23:59:59', `loan_id` = 412, `approved` = FALSE, `message` = '资料不足' WHERE `loan_loanapproval`.`id` = 325;
INSERT INTO `loan_loanapproval` (`id`, `created_at`, `updated_at`, `loan_id`, `approved`, `message`) VALUES (325, '2022-01-02 23:59:59', '2022-01-02 23:59:59', 412, FALSE, '资料不足');
UPDATE `loan_loanapproval` SET `created_at` = '2022-01-02 23:59:59', `updated_at` = '2022-01-02 23:59:59', `loan_id` = 412, `approved` = TRUE, `message` = NULL WHERE `loan_loanapproval`.`id` = 326;
INSERT INTO `loan_loanapproval` (`id`, `created_at`, `updated_at`, `loan_id`, `approved`, `message`) VALUES (326, '2022-01-02 23:59:59', '2022-01-02 23:59:59', 412, TRUE, NULL);
UPDATE `loan_loan` SET `created_at` = '2022-01-02 22:53:37.973054', `updated_at` = '2022-01-02 23:59:59', `customer_id` = 5635, `type` = 'car', `amount` = 50000, `status` = 'Overdue', `usage` = '买车', `payment_method` = 'equal_corpus_and_interest', `started_at` = '2022-01-01', `expired_at` = '2023-07-01', `payment_periods` = 18 WHERE `loan_loan`.`id` = 412;
UPDATE `loan_loan` SET `created_at` = '2022-01-02 22:48:15.734558', `updated_at` = '2022-01-02 22:48:15.734558', `customer_id` = 5709, `type` = 'car', `amount` = 220000, `status` = 'Applying', `usage` = '买车', `payment_method` = 'equal_corpus', `started_at` = NULL, `expired_at` = NULL, `payment_periods` = NULL WHERE `loan_loan`.`id` = 413;
INSERT INTO `loan_loan` (`id`, `created_at`, `updated_at`, `customer_id`, `type`, `amount`, `status`, `usage`, `payment_method`, `started_at`, `expired_at`, `payment_periods`) VALUES (413, '2022-01-02 22:48:15.734558', '2022-01-02 22:48:15.734558', 5709, 'car', 220000, 'Applying', '买车', 'equal_corpus', NULL, NULL, NULL);
UPDATE `loan_carloan` SET `created_at` = '2022-01-02 22:48:15.734558', `updated_at` = '2022-01-02 22:48:15.734558', `loan_id` = 413, `car_id` = 4595 WHERE `loan_carloan`.`id` = 413;
INSERT INTO `loan_carloan` (`id`, `created_at`, `updated_at`, `loan_id`, `car_id`) VALUES (413, '2022-01-02 22:48:15.734558', '2022-01-02 22:48:15.734558', 413, 4595);
UPDATE `loan_loanapproval` SET `created_at` = '2022-01-02 23:59:59', `updated_at` = '2022-01-02 23:59:59', `loan_id` = 413, `approved` = FALSE, `message` = '资料不足' WHERE `loan_loanapproval`.`id` = 327;
INSERT INTO `loan_loanapproval` (`id`, `created_at`, `updated_at`, `loan_id`, `approved`, `message`) VALUES (327, '2022-01-02 23:59:59', '2022-01-02 23:59:59', 413, FALSE, '资料不足');
UPDATE `loan_loan` SET `created_at` = '2022-01-02 22:48:15.734558', `updated_at` = '2022-01-02 23:59:59', `customer_id` = 5709, `type` = 'car', `amount` = 220000, `status` = 'Overdue', `usage` = '买车', `payment_method` = 'equal_corpus', `started_at` = '2022-01-01', `expired_at` = '2023-07-01', `payment_periods` = 18 WHERE `loan_loan`.`id` = 413;
UPDATE `loan_loan` SET `created_at` = '2022-01-02 21:50:04.787621', `updated_at` = '2022-01-02 21:50:04.787621', `customer_id` = 5629, `type` = 'car', `amount` = 140000, `status` = 'Applying', `usage` = '买车', `payment_method` = 'equal_corpus', `started_at` = NULL, `expired_at` = NULL, `payment_periods` = NULL WHERE `loan_loan`.`id` = 414;
INSERT INTO `loan_loan` (`id`, `created_at`, `updated_at`, `customer_id`, `type`, `amount`, `status`, `usage`, `payment_method`, `started_at`, `expired_at`, `payment_periods`) VALUES (414, '2022-01-02 21:50:04.787621', '2022-01-02 21:50:04.787621', 5629, 'car', 140000, 'Applying', '买车', 'equal_corpus', NULL, NULL, NULL);
UPDATE `loan_carloan` SET `created_at` = '2022-01-02 21:50:04.787621', `updated_at` = '2022-01-02 21:50:04.787621', `loan_id` = 414, `car_id` = 4527 WHERE `loan_carloan`.`id` = 414;
INSERT INTO `loan_carloan` (`id`, `created_at`, `updated_at`, `loan_id`, `car_id`) VALUES (414, '2022-01-02 21:50:04.787621', '2022-01-02 21:50:04.787621', 414, 4527);
UPDATE `loan_loanmortgage` SET `created_at` = '2022-01-02 23:14:04.849226', `updated_at` = '2022-01-02 23:14:04.849226', `loan_id` = 414, `type` = 'estate', `is_pledge` = TRUE, `car_id` = NULL, `estate_id` = 3349, `chattel_id` = NULL WHERE `loan_loanmortgage`.`id` = 65;
INSERT INTO `loan_loanmortgage` (`id`, `created_at`, `updated_at`, `loan_id`, `type`, `is_pledge`, `car_id`, `estate_id`, `chattel_id`) VALUES (65, '2022-01-02 23:14:04.849226', '2022-01-02 23:14:04.849226', 414, 'estate', TRUE, NULL, 3349, NULL);
UPDATE `loan_loan` SET `created_at` = '2022-01-02 21:50:04.787621', `updated_at` = '2022-01-02 21:50:04.787621', `customer_id` = 5629, `type` = 'car', `amount` = 140000, `status` = 'Overdue', `usage` = '买车', `payment_method` = 'equal_corpus', `started_at` = '2022-01-01', `expired_at` = '2024-01-01', `payment_periods` = 24 WHERE `loan_loan`.`id` = 414;
UPDATE `loan_loan` SET `created_at` = '2022-01-02 15:52:12.746644', `updated_at` = '2022-01-02 15:52:12.746644', `customer_id` = 5632, `type` = 'car', `amount` = 240000, `status` = 'Overdue', `usage` = '买车', `payment_method` = 'equal_corpus', `started_at` = NULL, `expired_at` = NULL, `payment_periods` = NULL WHERE `loan_loan`.`id` = 415;
INSERT INTO `loan_loan` (`id`, `created_at`, `updated_at`, `customer_id`, `type`, `amount`, `status`, `usage`, `payment_method`, `started_at`, `expired_at`, `payment_periods`) VALUES (415, '2022-01-02 15:52:12.746644', '2022-01-02 15:52:12.746644', 5632, 'car', 240000, 'Overdue', '买车', 'equal_corpus', NULL, NULL, NULL);
UPDATE `loan_carloan` SET `created_at` = '2022-01-02 15:52:12.746644', `updated_at` = '2022-01-02 15:52:12.746644', `loan_id` = 415, `car_id` = 4529 WHERE `loan_carloan`.`id` = 415;
INSERT INTO `loan_carloan` (`id`, `created_at`, `updated_at`, `loan_id`, `car_id`) VALUES (415, '2022-01-02 15:52:12.746644', '2022-01-02 15:52:12.746644', 415, 4529);
UPDATE `loan_loanapproval` SET `created_at` = '2022-01-02 23:59:59', `updated_at` = '2022-01-02 23:59:59', `loan_id` = 415, `approved` = TRUE, `message` = NULL WHERE `loan_loanapproval`.`id` = 328;
INSERT INTO `loan_loanapproval` (`id`, `created_at`, `updated_at`, `loan_id`, `approved`, `message`) VALUES (328, '2022-01-02 23:59:59', '2022-01-02 23:59:59', 415, TRUE, NULL);
UPDATE `loan_loan` SET `created_at` = '2022-01-02 15:52:12.746644', `updated_at` = '2022-01-02 23:59:59', `customer_id` = 5632, `type` = 'car', `amount` = 240000, `status` = 'Overdue', `usage` = '买车', `payment_method` = 'equal_corpus', `started_at` = '2022-01-01', `expired_at` = '2023-07-01', `payment_periods` = 18 WHERE `loan_loan`.`id` = 415;
UPDATE `loan_loan` SET `created_at` = '2022-01-02 19:08:03.373121', `updated_at` = '2022-01-02 19:08:03.373121', `customer_id` = 5671, `type` = 'car', `amount` = 280000, `status` = 'Applying', `usage` = '买车', `payment_method` = 'equal_corpus', `started_at` = NULL, `expired_at` = NULL, `payment_periods` = NULL WHERE `loan_loan`.`id` = 416;
INSERT INTO `loan_loan` (`id`, `created_at`, `updated_at`, `customer_id`, `type`, `amount`, `status`, `usage`, `payment_method`, `started_at`, `expired_at`, `payment_periods`) VALUES (416, '2022-01-02 19:08:03.373121', '2022-01-02 19:08:03.373121', 5671, 'car', 280000, 'Applying', '买车', 'equal_corpus', NULL, NULL, NULL);
UPDATE `loan_carloan` SET `created_at` = '2022-01-02 19:08:03.373121', `updated_at` = '2022-01-02 19:08:03.373121', `loan_id` = 416, `car_id` = 4562 WHERE `loan_carloan`.`id` = 416;
INSERT INTO `loan_carloan` (`id`, `created_at`, `updated_at`, `loan_id`, `car_id`) VALUES (416, '2022-01-02 19:08:03.373121', '2022-01-02 19:08:03.373121', 416, 4562);
UPDATE `loan_badloan` SET `created_at` = '2022-01-03 17:54:34', `updated_at` = '2022-01-03 17:54:34', `loan_id` = 416, `message` = '客户无力还款' WHERE `loan_badloan`.`id` = 110;
INSERT INTO `loan_badloan` (`id`, `created_at`, `updated_at`, `loan_id`, `message`) VALUES (110, '2022-01-03 17:54:34', '2022-01-03 17:54:34', 416, '客户无力还款');
UPDATE `loan_loancollection` SET `created_at` = '2022-01-01 04:44:53', `updated_at` = '2022-01-01 04:44:53', `loan_id` = 416, `type` = 'phone', `message` = '一些催收内容', `result` = 'other', `result_detail` = '一些催收结果详情', `collect_at` = '2022-01-01' WHERE `loan_loancollection`.`id` = 257;
INSERT INTO `loan_loancollection` (`id`, `created_at`, `updated_at`, `loan_id`, `type`, `message`, `result`, `result_detail`, `collect_at`) VALUES (257, '2022-01-01 04:44:53', '2022-01-01 04:44:53', 416, 'phone', '一些催收内容', 'other', '一些催收结果详情', '2022-01-01');
UPDATE `loan_loancollection` SET `created_at` = '2022-01-01 08:05:15', `updated_at` = '2022-01-01 08:05:15', `loan_id` = 416, `type` = 'judiciary', `message` = '一些催收内容', `result` = 'pay_soon', `result_detail` = '一些催收结果详情', `collect_at` = '2022-01-01' WHERE `loan_loancollection`.`id` = 258;
INSERT INTO `loan_loancollection` (`id`, `created_at`, `updated_at`, `loan_id`, `type`, `message`, `result`, `result_detail`, `collect_at`) VALUES (258, '2022-01-01 08:05:15', '2022-01-01 08:05:15', 416, 'judiciary', '一些催收内容', 'pay_soon', '一些催收结果详情', '2022-01-01');
UPDATE `loan_loan` SET `created_at` = '2022-01-02 19:08:03.373121', `updated_at` = '2022-01-02 19:08:03.373121', `customer_id` = 5671, `type` = 'car', `amount` = 280000, `status` = 'Overdue', `usage` = '买车', `payment_method` = 'equal_corpus', `started_at` = '2022-01-01', `expired_at` = '2023-07-01', `payment_periods` = 18 WHERE `loan_loan`.`id` = 416;
UPDATE `loan_loan` SET `created_at` = '2022-01-02 23:02:09.705196', `updated_at` = '2022-01-02 23:02:09.705196', `customer_id` = 5686, `type` = 'car', `amount` = 100000, `status` = 'Settled', `usage` = '买车', `payment_method` = 'equal_corpus_and_interest', `started_at` = NULL, `expired_at` = NULL, `payment_periods` = NULL WHERE `loan_loan`.`id` = 417;
INSERT INTO `loan_loan` (`id`, `created_at`, `updated_at`, `customer_id`, `type`, `amount`, `status`, `usage`, `payment_method`, `started_at`, `expired_at`, `payment_periods`) VALUES (417, '2022-01-02 23:02:09.705196', '2022-01-02 23:02:09.705196', 5686, 'car', 100000, 'Settled', '买车', 'equal_corpus_and_interest', NULL, NULL, NULL);
UPDATE `loan_carloan` SET `created_at` = '2022-01-02 23:02:09.705196', `updated_at` = '2022-01-02 23:02:09.705196', `loan_id` = 417, `car_id` = 4579 WHERE `loan_carloan`.`id` = 417;
INSERT INTO `loan_carloan` (`id`, `created_at`, `updated_at`, `loan_id`, `car_id`) VALUES (417, '2022-01-02 23:02:09.705196', '2022-01-02 23:02:09.705196', 417, 4579);
UPDATE `loan_loanapproval` SET `created_at` = '2022-01-02 23:59:59', `updated_at` = '2022-01-02 23:59:59', `loan_id` = 417, `approved` = FALSE, `message` = '资料不足' WHERE `loan_loanapproval`.`id` = 329;
INSERT INTO `loan_loanapproval` (`id`, `created_at`, `updated_at`, `loan_id`, `approved`, `message`) VALUES (329, '2022-01-02 23:59:59', '2022-01-02 23:59:59', 417, FALSE, '资料不足');
UPDATE `loan_loanapproval` SET `created_at` = '2022-01-02 23:59:59', `updated_at` = '2022-01-02 23:59:59', `loan_id` = 417, `approved` = TRUE, `message` = NULL WHERE `loan_loanapproval`.`id` = 330;
INSERT INTO `loan_loanapproval` (`id`, `created_at`, `updated_at`, `loan_id`, `approved`, `message`) VALUES (330, '2022-01-02 23:59:59', '2022-01-02 23:59:59', 417, TRUE, NULL);
UPDATE `loan_loan` SET `created_at` = '2022-01-02 23:02:09.705196', `updated_at` = '2022-01-02 23:59:59', `customer_id` = 5686, `type` = 'car', `amount` = 100000, `status` = 'Overdue', `usage` = '买车', `payment_method` = 'equal_corpus_and_interest', `started_at` = '2022-01-01', `expired_at` = '2024-01-01', `payment_periods` = 24 WHERE `loan_loan`.`id` = 417;
UPDATE `loan_loan` SET `created_at` = '2022-01-02 15:28:45.822877', `updated_at` = '2022-01-02 15:28:45.822877', `customer_id` = 5663, `type` = 'car', `amount` = 370000, `status` = 'InProgress', `usage` = '买车', `payment_method` = 'equal_corpus', `started_at` = NULL, `expired_at` = NULL, `payment_periods` = NULL WHERE `loan_loan`.`id` = 418;
INSERT INTO `loan_loan` (`id`, `created_at`, `updated_at`, `customer_id`, `type`, `amount`, `status`, `usage`, `payment_method`, `started_at`, `expired_at`, `payment_periods`) VALUES (418, '2022-01-02 15:28:45.822877', '2022-01-02 15:28:45.822877', 5663, 'car', 370000, 'InProgress', '买车', 'equal_corpus', NULL, NULL, NULL);
UPDATE `loan_carloan` SET `created_at` = '2022-01-02 15:28:45.822877', `updated_at` = '2022-01-02 15:28:45.822877', `loan_id` = 418, `car_id` = 4557 WHERE `loan_carloan`.`id` = 418;
INSERT INTO `loan_carloan` (`id`, `created_at`, `updated_at`, `loan_id`, `car_id`) VALUES (418, '2022-01-02 15:28:45.822877', '2022-01-02 15:28:45.822877', 418, 4557);
UPDATE `loan_loanmortgage` SET `created_at` = '2022-01-02 22:19:46.917852', `updated_at` = '2022-01-02 22:19:46.917852', `loan_id` = 418, `type` = 'car', `is_pledge` = TRUE, `car_id` = 4558, `estate_id` = NULL, `chattel_id` = NULL WHERE `loan_loanmortgage`.`id` = 66;
INSERT INTO `loan_loanmortgage` (`id`, `created_at`, `updated_at`, `loan_id`, `type`, `is_pledge`, `car_id`, `estate_id`, `chattel_id`) VALUES (66, '2022-01-02 22:19:46.917852', '2022-01-02 22:19:46.917852', 418, 'car', TRUE, 4558, NULL, NULL);
UPDATE `loan_loanapproval` SET `created_at` = '2022-01-02 23:59:59', `updated_at` = '2022-01-02 23:59:59', `loan_id` = 418, `approved` = TRUE, `message` = NULL WHERE `loan_loanapproval`.`id` = 331;
INSERT INTO `loan_loanapproval` (`id`, `created_at`, `updated_at`, `loan_id`, `approved`, `message`) VALUES (331, '2022-01-02 23:59:59', '2022-01-02 23:59:59', 418, TRUE, NULL);
UPDATE `loan_badloan` SET `created_at` = '2022-01-03 11:57:28', `updated_at` = '2022-01-03 11:57:28', `loan_id` = 418, `message` = '客户无力还款' WHERE `loan_badloan`.`id` = 111;
INSERT INTO `loan_badloan` (`id`, `created_at`, `updated_at`, `loan_id`, `message`) VALUES (111, '2022-01-03 11:57:28', '2022-01-03 11:57:28', 418, '客户无力还款');
UPDATE `loan_loan` SET `created_at` = '2022-01-02 15:28:45.822877', `updated_at` = '2022-01-02 23:59:59', `customer_id` = 5663, `type` = 'car', `amount` = 370000, `status` = 'Overdue', `usage` = '买车', `payment_method` = 'equal_corpus', `started_at` = '2022-01-01', `expired_at` = '2023-07-01', `payment_periods` = 18 WHERE `loan_loan`.`id` = 418;
UPDATE `loan_loan` SET `created_at` = '2022-01-02 23:50:11.394026', `updated_at` = '2022-01-02 23:50:11.394026', `customer_id` = 5653, `type` = 'car', `amount` = 260000, `status` = 'Overdue', `usage` = '买车', `payment_method` = 'equal_corpus_and_interest', `started_at` = NULL, `expired_at` = NULL, `payment_periods` = NULL WHERE `loan_loan`.`id` = 419;
INSERT INTO `loan_loan` (`id`, `created_at`, `updated_at`, `customer_id`, `type`, `amount`, `status`, `usage`, `payment_method`, `started_at`, `expired_at`, `payment_periods`) VALUES (419, '2022-01-02 23:50:11.394026', '2022-01-02 23:50:11.394026', 5653, 'car', 260000, 'Overdue', '买车', 'equal_corpus_and_interest', NULL, NULL, NULL);
UPDATE `loan_carloan` SET `created_at` = '2022-01-02 23:50:11.394026', `updated_at` = '2022-01-02 23:50:11.394026', `loan_id` = 419, `car_id` = 4548 WHERE `loan_carloan`.`id` = 419;
INSERT INTO `loan_carloan` (`id`, `created_at`, `updated_at`, `loan_id`, `car_id`) VALUES (419, '2022-01-02 23:50:11.394026', '2022-01-02 23:50:11.394026', 419, 4548);
UPDATE `loan_loanapproval` SET `created_at` = '2022-01-02 23:59:59', `updated_at` = '2022-01-02 23:59:59', `loan_id` = 419, `approved` = FALSE, `message` = '资料不足' WHERE `loan_loanapproval`.`id` = 332;
INSERT INTO `loan_loanapproval` (`id`, `created_at`, `updated_at`, `loan_id`, `approved`, `message`) VALUES (332, '2022-01-02 23:59:59', '2022-01-02 23:59:59', 419, FALSE, '资料不足');
UPDATE `loan_loanapproval` SET `created_at` = '2022-01-02 23:59:59', `updated_at` = '2022-01-02 23:59:59', `loan_id` = 419, `approved` = TRUE, `message` = NULL WHERE `loan_loanapproval`.`id` = 333;
INSERT INTO `loan_loanapproval` (`id`, `created_at`, `updated_at`, `loan_id`, `approved`, `message`) VALUES (333, '2022-01-02 23:59:59', '2022-01-02 23:59:59', 419, TRUE, NULL);
UPDATE `loan_badloan` SET `created_at` = '2022-01-03 07:04:59', `updated_at` = '2022-01-03 07:04:59', `loan_id` = 419, `message` = '客户无力还款' WHERE `loan_badloan`.`id` = 112;
INSERT INTO `loan_badloan` (`id`, `created_at`, `updated_at`, `loan_id`, `message`) VALUES (112, '2022-01-03 07:04:59', '2022-01-03 07:04:59', 419, '客户无力还款');
UPDATE `loan_loancollection` SET `created_at` = '2022-01-02 11:24:57', `updated_at` = '2022-01-02 11:24:57', `loan_id` = 419, `type` = 'phone', `message` = '一些催收内容', `result` = 'other', `result_detail` = '一些催收结果详情', `collect_at` = '2022-01-02' WHERE `loan_loancollection`.`id` = 259;
INSERT INTO `loan_loancollection` (`id`, `created_at`, `updated_at`, `loan_id`, `type`, `message`, `result`, `result_detail`, `collect_at`) VALUES (259, '2022-01-02 11:24:57', '2022-01-02 11:24:57', 419, 'phone', '一些催收内容', 'other', '一些催收结果详情', '2022-01-02');
UPDATE `loan_loancollection` SET `created_at` = '2022-01-02 08:57:06', `updated_at` = '2022-01-02 08:57:06', `loan_id` = 419, `type` = 'visit', `message` = '一些催收内容', `result` = 'other', `result_detail` = '一些催收结果详情', `collect_at` = '2022-01-02' WHERE `loan_loancollection`.`id` = 260;
INSERT INTO `loan_loancollection` (`id`, `created_at`, `updated_at`, `loan_id`, `type`, `message`, `result`, `result_detail`, `collect_at`) VALUES (260, '2022-01-02 08:57:06', '2022-01-02 08:57:06', 419, 'visit', '一些催收内容', 'other', '一些催收结果详情', '2022-01-02');
UPDATE `loan_loancollection` SET `created_at` = '2022-01-01 09:00:38', `updated_at` = '2022-01-01 09:00:38', `loan_id` = 419, `type` = 'judiciary', `message` = '一些催收内容', `result` = 'no_pay', `result_detail` = '一些催收结果详情', `collect_at` = '2022-01-01' WHERE `loan_loancollection`.`id` = 261;
INSERT INTO `loan_loancollection` (`id`, `created_at`, `updated_at`, `loan_id`, `type`, `message`, `result`, `result_detail`, `collect_at`) VALUES (261, '2022-01-01 09:00:38', '2022-01-01 09:00:38', 419, 'judiciary', '一些催收内容', 'no_pay', '一些催收结果详情', '2022-01-01');
UPDATE `loan_loan` SET `created_at` = '2022-01-02 23:50:11.394026', `updated_at` = '2022-01-02 23:59:59', `customer_id` = 5653, `type` = 'car', `amount` = 260000, `status` = 'Overdue', `usage` = '买车', `payment_method` = 'equal_corpus_and_interest', `started_at` = '2022-01-01', `expired_at` = '2024-01-01', `payment_periods` = 24 WHERE `loan_loan`.`id` = 419;
UPDATE `loan_loan` SET `created_at` = '2022-01-02 23:58:27.243723', `updated_at` = '2022-01-02 23:58:27.243723', `customer_id` = 5649, `type` = 'car', `amount` = 160000, `status` = 'Settled', `usage` = '买车', `payment_method` = 'equal_corpus_and_interest', `started_at` = NULL, `expired_at` = NULL, `payment_periods` = NULL WHERE `loan_loan`.`id` = 420;
INSERT INTO `loan_loan` (`id`, `created_at`, `updated_at`, `customer_id`, `type`, `amount`, `status`, `usage`, `payment_method`, `started_at`, `expired_at`, `payment_periods`) VALUES (420, '2022-01-02 23:58:27.243723', '2022-01-02 23:58:27.243723', 5649, 'car', 160000, 'Settled', '买车', 'equal_corpus_and_interest', NULL, NULL, NULL);
UPDATE `loan_carloan` SET `created_at` = '2022-01-02 23:58:27.243723', `updated_at` = '2022-01-02 23:58:27.243723', `loan_id` = 420, `car_id` = 4543 WHERE `loan_carloan`.`id` = 420;
INSERT INTO `loan_carloan` (`id`, `created_at`, `updated_at`, `loan_id`, `car_id`) VALUES (420, '2022-01-02 23:58:27.243723', '2022-01-02 23:58:27.243723', 420, 4543);
UPDATE `loan_loanapproval` SET `created_at` = '2022-01-02 23:59:59', `updated_at` = '2022-01-02 23:59:59', `loan_id` = 420, `approved` = TRUE, `message` = NULL WHERE `loan_loanapproval`.`id` = 334;
INSERT INTO `loan_loanapproval` (`id`, `created_at`, `updated_at`, `loan_id`, `approved`, `message`) VALUES (334, '2022-01-02 23:59:59', '2022-01-02 23:59:59', 420, TRUE, NULL);
UPDATE `loan_loan` SET `created_at` = '2022-01-02 23:58:27.243723', `updated_at` = '2022-01-02 23:59:59', `customer_id` = 5649, `type` = 'car', `amount` = 160000, `status` = 'Overdue', `usage` = '买车', `payment_method` = 'equal_corpus_and_interest', `started_at` = '2022-01-02', `expired_at` = '2023-07-01', `payment_periods` = 18 WHERE `loan_loan`.`id` = 420;
UPDATE `loan_loan` SET `created_at` = '2022-01-02 21:54:10.669689', `updated_at` = '2022-01-02 21:54:10.669689', `customer_id` = 5645, `type` = 'car', `amount` = 330000, `status` = 'Approving', `usage` = '买车', `payment_method` = 'equal_corpus', `started_at` = NULL, `expired_at` = NULL, `payment_periods` = NULL WHERE `loan_loan`.`id` = 421;
INSERT INTO `loan_loan` (`id`, `created_at`, `updated_at`, `customer_id`, `type`, `amount`, `status`, `usage`, `payment_method`, `started_at`, `expired_at`, `payment_periods`) VALUES (421, '2022-01-02 21:54:10.669689', '2022-01-02 21:54:10.669689', 5645, 'car', 330000, 'Approving', '买车', 'equal_corpus', NULL, NULL, NULL);
UPDATE `loan_carloan` SET `created_at` = '2022-01-02 21:54:10.669689', `updated_at` = '2022-01-02 21:54:10.669689', `loan_id` = 421, `car_id` = 4541 WHERE `loan_carloan`.`id` = 421;
INSERT INTO `loan_carloan` (`id`, `created_at`, `updated_at`, `loan_id`, `car_id`) VALUES (421, '2022-01-02 21:54:10.669689', '2022-01-02 21:54:10.669689', 421, 4541);
UPDATE `loan_loan` SET `created_at` = '2022-01-02 21:54:10.669689', `updated_at` = '2022-01-02 21:54:10.669689', `customer_id` = 5645, `type` = 'car', `amount` = 330000, `status` = 'Overdue', `usage` = '买车', `payment_method` = 'equal_corpus', `started_at` = '2022-01-02', `expired_at` = '2024-01-01', `payment_periods` = 24 WHERE `loan_loan`.`id` = 421;
UPDATE `loan_loan` SET `created_at` = '2022-01-02 22:29:48.620751', `updated_at` = '2022-01-02 22:29:48.620751', `customer_id` = 5678, `type` = 'car', `amount` = 420000, `status` = 'InProgress', `usage` = '买车', `payment_method` = 'equal_corpus_and_interest', `started_at` = NULL, `expired_at` = NULL, `payment_periods` = NULL WHERE `loan_loan`.`id` = 422;
INSERT INTO `loan_loan` (`id`, `created_at`, `updated_at`, `customer_id`, `type`, `amount`, `status`, `usage`, `payment_method`, `started_at`, `expired_at`, `payment_periods`) VALUES (422, '2022-01-02 22:29:48.620751', '2022-01-02 22:29:48.620751', 5678, 'car', 420000, 'InProgress', '买车', 'equal_corpus_and_interest', NULL, NULL, NULL);
UPDATE `loan_carloan` SET `created_at` = '2022-01-02 22:29:48.620751', `updated_at` = '2022-01-02 22:29:48.620751', `loan_id` = 422, `car_id` = 4572 WHERE `loan_carloan`.`id` = 422;
INSERT INTO `loan_carloan` (`id`, `created_at`, `updated_at`, `loan_id`, `car_id`) VALUES (422, '2022-01-02 22:29:48.620751', '2022-01-02 22:29:48.620751', 422, 4572);
UPDATE `loan_loanapproval` SET `created_at` = '2022-01-02 23:59:59', `updated_at` = '2022-01-02 23:59:59', `loan_id` = 422, `approved` = TRUE, `message` = NULL WHERE `loan_loanapproval`.`id` = 335;
INSERT INTO `loan_loanapproval` (`id`, `created_at`, `updated_at`, `loan_id`, `approved`, `message`) VALUES (335, '2022-01-02 23:59:59', '2022-01-02 23:59:59', 422, TRUE, NULL);
UPDATE `loan_loan` SET `created_at` = '2022-01-02 22:29:48.620751', `updated_at` = '2022-01-02 23:59:59', `customer_id` = 5678, `type` = 'car', `amount` = 420000, `status` = 'Overdue', `usage` = '买车', `payment_method` = 'equal_corpus_and_interest', `started_at` = '2022-01-01', `expired_at` = '2024-01-01', `payment_periods` = 24 WHERE `loan_loan`.`id` = 422;
UPDATE `loan_loan` SET `created_at` = '2022-01-02 21:16:02.935591', `updated_at` = '2022-01-02 21:16:02.935591', `customer_id` = 5622, `type` = 'car', `amount` = 490000, `status` = 'Approving', `usage` = '买车', `payment_method` = 'equal_corpus_and_interest', `started_at` = NULL, `expired_at` = NULL, `payment_periods` = NULL WHERE `loan_loan`.`id` = 423;
INSERT INTO `loan_loan` (`id`, `created_at`, `updated_at`, `customer_id`, `type`, `amount`, `status`, `usage`, `payment_method`, `started_at`, `expired_at`, `payment_periods`) VALUES (423, '2022-01-02 21:16:02.935591', '2022-01-02 21:16:02.935591', 5622, 'car', 490000, 'Approving', '买车', 'equal_corpus_and_interest', NULL, NULL, NULL);
UPDATE `loan_carloan` SET `created_at` = '2022-01-02 21:16:02.935591', `updated_at` = '2022-01-02 21:16:02.935591', `loan_id` = 423, `car_id` = 4522 WHERE `loan_carloan`.`id` = 423;
INSERT INTO `loan_carloan` (`id`, `created_at`, `updated_at`, `loan_id`, `car_id`) VALUES (423, '2022-01-02 21:16:02.935591', '2022-01-02 21:16:02.935591', 423, 4522);
UPDATE `loan_badloan` SET `created_at` = '2022-01-03 09:36:12', `updated_at` = '2022-01-03 09:36:12', `loan_id` = 423, `message` = '客户无力还款' WHERE `loan_badloan`.`id` = 113;
INSERT INTO `loan_badloan` (`id`, `created_at`, `updated_at`, `loan_id`, `message`) VALUES (113, '2022-01-03 09:36:12', '2022-01-03 09:36:12', 423, '客户无力还款');
UPDATE `loan_loancollection` SET `created_at` = '2022-01-01 16:27:11', `updated_at` = '2022-01-01 16:27:11', `loan_id` = 423, `type` = 'email', `message` = '一些催收内容', `result` = 'no_response', `result_detail` = '一些催收结果详情', `collect_at` = '2022-01-01' WHERE `loan_loancollection`.`id` = 262;
INSERT INTO `loan_loancollection` (`id`, `created_at`, `updated_at`, `loan_id`, `type`, `message`, `result`, `result_detail`, `collect_at`) VALUES (262, '2022-01-01 16:27:11', '2022-01-01 16:27:11', 423, 'email', '一些催收内容', 'no_response', '一些催收结果详情', '2022-01-01');
UPDATE `loan_loan` SET `created_at` = '2022-01-02 21:16:02.935591', `updated_at` = '2022-01-02 21:16:02.935591', `customer_id` = 5622, `type` = 'car', `amount` = 490000, `status` = 'Overdue', `usage` = '买车', `payment_method` = 'equal_corpus_and_interest', `started_at` = '2022-01-01', `expired_at` = '2023-07-01', `payment_periods` = 18 WHERE `loan_loan`.`id` = 423;
UPDATE `loan_loan` SET `created_at` = '2022-01-02 20:15:18.063011', `updated_at` = '2022-01-02 20:15:18.063011', `customer_id` = 5609, `type` = 'car', `amount` = 130000, `status` = 'Approving', `usage` = '买车', `payment_method` = 'equal_corpus', `started_at` = NULL, `expired_at` = NULL, `payment_periods` = NULL WHERE `loan_loan`.`id` = 424;
INSERT INTO `loan_loan` (`id`, `created_at`, `updated_at`, `customer_id`, `type`, `amount`, `status`, `usage`, `payment_method`, `started_at`, `expired_at`, `payment_periods`) VALUES (424, '2022-01-02 20:15:18.063011', '2022-01-02 20:15:18.063011', 5609, 'car', 130000, 'Approving', '买车', 'equal_corpus', NULL, NULL, NULL);
UPDATE `loan_carloan` SET `created_at` = '2022-01-02 20:15:18.063011', `updated_at` = '2022-01-02 20:15:18.063011', `loan_id` = 424, `car_id` = 4510 WHERE `loan_carloan`.`id` = 424;
INSERT INTO `loan_carloan` (`id`, `created_at`, `updated_at`, `loan_id`, `car_id`) VALUES (424, '2022-01-02 20:15:18.063011', '2022-01-02 20:15:18.063011', 424, 4510);
UPDATE `loan_loanguarantee` SET `created_at` = '2022-01-02 20:44:04.182132', `updated_at` = '2022-01-02 20:44:04.182132', `loan_id` = 424, `guarantor_id` = 5690 WHERE `loan_loanguarantee`.`id` = 43;
INSERT INTO `loan_loanguarantee` (`id`, `created_at`, `updated_at`, `loan_id`, `guarantor_id`) VALUES (43, '2022-01-02 20:44:04.182132', '2022-01-02 20:44:04.182132', 424, 5690);
UPDATE `loan_badloan` SET `created_at` = '2022-01-03 20:11:35', `updated_at` = '2022-01-03 20:11:35', `loan_id` = 424, `message` = '客户无力还款' WHERE `loan_badloan`.`id` = 114;
INSERT INTO `loan_badloan` (`id`, `created_at`, `updated_at`, `loan_id`, `message`) VALUES (114, '2022-01-03 20:11:35', '2022-01-03 20:11:35', 424, '客户无力还款');
UPDATE `loan_loancollection` SET `created_at` = '2022-01-02 13:11:05', `updated_at` = '2022-01-02 13:11:05', `loan_id` = 424, `type` = 'judiciary', `message` = '一些催收内容', `result` = 'no_response', `result_detail` = '一些催收结果详情', `collect_at` = '2022-01-02' WHERE `loan_loancollection`.`id` = 263;
INSERT INTO `loan_loancollection` (`id`, `created_at`, `updated_at`, `loan_id`, `type`, `message`, `result`, `result_detail`, `collect_at`) VALUES (263, '2022-01-02 13:11:05', '2022-01-02 13:11:05', 424, 'judiciary', '一些催收内容', 'no_response', '一些催收结果详情', '2022-01-02');
UPDATE `loan_loancollection` SET `created_at` = '2022-01-02 18:26:39', `updated_at` = '2022-01-02 18:26:39', `loan_id` = 424, `type` = 'judiciary', `message` = '一些催收内容', `result` = 'other', `result_detail` = '一些催收结果详情', `collect_at` = '2022-01-02' WHERE `loan_loancollection`.`id` = 264;
INSERT INTO `loan_loancollection` (`id`, `created_at`, `updated_at`, `loan_id`, `type`, `message`, `result`, `result_detail`, `collect_at`) VALUES (264, '2022-01-02 18:26:39', '2022-01-02 18:26:39', 424, 'judiciary', '一些催收内容', 'other', '一些催收结果详情', '2022-01-02');
UPDATE `loan_loancollection` SET `created_at` = '2022-01-02 02:53:00', `updated_at` = '2022-01-02 02:53:00', `loan_id` = 424, `type` = 'email', `message` = '一些催收内容', `result` = 'other', `result_detail` = '一些催收结果详情', `collect_at` = '2022-01-02' WHERE `loan_loancollection`.`id` = 265;
INSERT INTO `loan_loancollection` (`id`, `created_at`, `updated_at`, `loan_id`, `type`, `message`, `result`, `result_detail`, `collect_at`) VALUES (265, '2022-01-02 02:53:00', '2022-01-02 02:53:00', 424, 'email', '一些催收内容', 'other', '一些催收结果详情', '2022-01-02');
UPDATE `loan_loan` SET `created_at` = '2022-01-02 20:15:18.063011', `updated_at` = '2022-01-02 20:15:18.063011', `customer_id` = 5609, `type` = 'car', `amount` = 130000, `status` = 'Overdue', `usage` = '买车', `payment_method` = 'equal_corpus', `started_at` = '2022-01-02', `expired_at` = '2023-07-01', `payment_periods` = 18 WHERE `loan_loan`.`id` = 424;
UPDATE `loan_loan` SET `created_at` = '2022-01-02 23:10:56.023189', `updated_at` = '2022-01-02 23:10:56.023189', `customer_id` = 5528, `type` = 'car', `amount` = 40000, `status` = 'InProgress', `usage` = '买车', `payment_method` = 'equal_corpus_and_interest', `started_at` = NULL, `expired_at` = NULL, `payment_periods` = NULL WHERE `loan_loan`.`id` = 425;
INSERT INTO `loan_loan` (`id`, `created_at`, `updated_at`, `customer_id`, `type`, `amount`, `status`, `usage`, `payment_method`, `started_at`, `expired_at`, `payment_periods`) VALUES (425, '2022-01-02 23:10:56.023189', '2022-01-02 23:10:56.023189', 5528, 'car', 40000, 'InProgress', '买车', 'equal_corpus_and_interest', NULL, NULL, NULL);
UPDATE `loan_carloan` SET `created_at` = '2022-01-02 23:10:56.023189', `updated_at` = '2022-01-02 23:10:56.023189', `loan_id` = 425, `car_id` = 4448 WHERE `loan_carloan`.`id` = 425;
INSERT INTO `loan_carloan` (`id`, `created_at`, `updated_at`, `loan_id`, `car_id`) VALUES (425, '2022-01-02 23:10:56.023189', '2022-01-02 23:10:56.023189', 425, 4448);
UPDATE `loan_loanapproval` SET `created_at` = '2022-01-02 23:59:59', `updated_at` = '2022-01-02 23:59:59', `loan_id` = 425, `approved` = TRUE, `message` = NULL WHERE `loan_loanapproval`.`id` = 336;
INSERT INTO `loan_loanapproval` (`id`, `created_at`, `updated_at`, `loan_id`, `approved`, `message`) VALUES (336, '2022-01-02 23:59:59', '2022-01-02 23:59:59', 425, TRUE, NULL);
UPDATE `loan_badloan` SET `created_at` = '2022-01-03 13:19:29', `updated_at` = '2022-01-03 13:19:29', `loan_id` = 425, `message` = '客户无力还款' WHERE `loan_badloan`.`id` = 115;
INSERT INTO `loan_badloan` (`id`, `created_at`, `updated_at`, `loan_id`, `message`) VALUES (115, '2022-01-03 13:19:29', '2022-01-03 13:19:29', 425, '客户无力还款');
UPDATE `loan_loancollection` SET `created_at` = '2022-01-02 04:16:14', `updated_at` = '2022-01-02 04:16:14', `loan_id` = 425, `type` = 'phone', `message` = '一些催收内容', `result` = 'no_pay', `result_detail` = '一些催收结果详情', `collect_at` = '2022-01-02' WHERE `loan_loancollection`.`id` = 266;
INSERT INTO `loan_loancollection` (`id`, `created_at`, `updated_at`, `loan_id`, `type`, `message`, `result`, `result_detail`, `collect_at`) VALUES (266, '2022-01-02 04:16:14', '2022-01-02 04:16:14', 425, 'phone', '一些催收内容', 'no_pay', '一些催收结果详情', '2022-01-02');
UPDATE `loan_loancollection` SET `created_at` = '2022-01-02 11:40:49', `updated_at` = '2022-01-02 11:40:49', `loan_id` = 425, `type` = 'phone', `message` = '一些催收内容', `result` = 'no_pay', `result_detail` = '一些催收结果详情', `collect_at` = '2022-01-02' WHERE `loan_loancollection`.`id` = 267;
INSERT INTO `loan_loancollection` (`id`, `created_at`, `updated_at`, `loan_id`, `type`, `message`, `result`, `result_detail`, `collect_at`) VALUES (267, '2022-01-02 11:40:49', '2022-01-02 11:40:49', 425, 'phone', '一些催收内容', 'no_pay', '一些催收结果详情', '2022-01-02');
UPDATE `loan_loan` SET `created_at` = '2022-01-02 23:10:56.023189', `updated_at` = '2022-01-02 23:59:59', `customer_id` = 5528, `type` = 'car', `amount` = 40000, `status` = 'Overdue', `usage` = '买车', `payment_method` = 'equal_corpus_and_interest', `started_at` = '2022-01-01', `expired_at` = '2023-07-01', `payment_periods` = 18 WHERE `loan_loan`.`id` = 425;
UPDATE `loan_loan` SET `created_at` = '2022-01-02 23:50:24.006711', `updated_at` = '2022-01-02 23:50:24.006711', `customer_id` = 5672, `type` = 'car', `amount` = 400000, `status` = 'InProgress', `usage` = '买车', `payment_method` = 'equal_corpus_and_interest', `started_at` = NULL, `expired_at` = NULL, `payment_periods` = NULL WHERE `loan_loan`.`id` = 426;
INSERT INTO `loan_loan` (`id`, `created_at`, `updated_at`, `customer_id`, `type`, `amount`, `status`, `usage`, `payment_method`, `started_at`, `expired_at`, `payment_periods`) VALUES (426, '2022-01-02 23:50:24.006711', '2022-01-02 23:50:24.006711', 5672, 'car', 400000, 'InProgress', '买车', 'equal_corpus_and_interest', NULL, NULL, NULL);
UPDATE `loan_carloan` SET `created_at` = '2022-01-02 23:50:24.006711', `updated_at` = '2022-01-02 23:50:24.006711', `loan_id` = 426, `car_id` = 4563 WHERE `loan_carloan`.`id` = 426;
INSERT INTO `loan_carloan` (`id`, `created_at`, `updated_at`, `loan_id`, `car_id`) VALUES (426, '2022-01-02 23:50:24.006711', '2022-01-02 23:50:24.006711', 426, 4563);
UPDATE `loan_loanapproval` SET `created_at` = '2022-01-02 23:59:59', `updated_at` = '2022-01-02 23:59:59', `loan_id` = 426, `approved` = TRUE, `message` = NULL WHERE `loan_loanapproval`.`id` = 337;
INSERT INTO `loan_loanapproval` (`id`, `created_at`, `updated_at`, `loan_id`, `approved`, `message`) VALUES (337, '2022-01-02 23:59:59', '2022-01-02 23:59:59', 426, TRUE, NULL);
UPDATE `loan_loan` SET `created_at` = '2022-01-02 23:50:24.006711', `updated_at` = '2022-01-02 23:59:59', `customer_id` = 5672, `type` = 'car', `amount` = 400000, `status` = 'Overdue', `usage` = '买车', `payment_method` = 'equal_corpus_and_interest', `started_at` = '2022-01-01', `expired_at` = '2023-07-01', `payment_periods` = 18 WHERE `loan_loan`.`id` = 426;
UPDATE `loan_loan` SET `created_at` = '2022-01-02 23:27:51.039099', `updated_at` = '2022-01-02 23:27:51.039099', `customer_id` = 5688, `type` = 'car', `amount` = 290000, `status` = 'InProgress', `usage` = '买车', `payment_method` = 'equal_corpus', `started_at` = NULL, `expired_at` = NULL, `payment_periods` = NULL WHERE `loan_loan`.`id` = 427;
INSERT INTO `loan_loan` (`id`, `created_at`, `updated_at`, `customer_id`, `type`, `amount`, `status`, `usage`, `payment_method`, `started_at`, `expired_at`, `payment_periods`) VALUES (427, '2022-01-02 23:27:51.039099', '2022-01-02 23:27:51.039099', 5688, 'car', 290000, 'InProgress', '买车', 'equal_corpus', NULL, NULL, NULL);
UPDATE `loan_carloan` SET `created_at` = '2022-01-02 23:27:51.039099', `updated_at` = '2022-01-02 23:27:51.039099', `loan_id` = 427, `car_id` = 4581 WHERE `loan_carloan`.`id` = 427;
INSERT INTO `loan_carloan` (`id`, `created_at`, `updated_at`, `loan_id`, `car_id`) VALUES (427, '2022-01-02 23:27:51.039099', '2022-01-02 23:27:51.039099', 427, 4581);
UPDATE `loan_loanguarantee` SET `created_at` = '2022-01-02 23:34:32.341822', `updated_at` = '2022-01-02 23:34:32.341822', `loan_id` = 427, `guarantor_id` = 5520 WHERE `loan_loanguarantee`.`id` = 44;
INSERT INTO `loan_loanguarantee` (`id`, `created_at`, `updated_at`, `loan_id`, `guarantor_id`) VALUES (44, '2022-01-02 23:34:32.341822', '2022-01-02 23:34:32.341822', 427, 5520);
UPDATE `loan_loanapproval` SET `created_at` = '2022-01-02 23:59:59', `updated_at` = '2022-01-02 23:59:59', `loan_id` = 427, `approved` = TRUE, `message` = NULL WHERE `loan_loanapproval`.`id` = 338;
INSERT INTO `loan_loanapproval` (`id`, `created_at`, `updated_at`, `loan_id`, `approved`, `message`) VALUES (338, '2022-01-02 23:59:59', '2022-01-02 23:59:59', 427, TRUE, NULL);
UPDATE `loan_badloan` SET `created_at` = '2022-01-03 03:20:52', `updated_at` = '2022-01-03 03:20:52', `loan_id` = 427, `message` = '客户无力还款' WHERE `loan_badloan`.`id` = 116;
INSERT INTO `loan_badloan` (`id`, `created_at`, `updated_at`, `loan_id`, `message`) VALUES (116, '2022-01-03 03:20:52', '2022-01-03 03:20:52', 427, '客户无力还款');
UPDATE `loan_loan` SET `created_at` = '2022-01-02 23:27:51.039099', `updated_at` = '2022-01-02 23:59:59', `customer_id` = 5688, `type` = 'car', `amount` = 290000, `status` = 'Overdue', `usage` = '买车', `payment_method` = 'equal_corpus', `started_at` = '2022-01-01', `expired_at` = '2023-07-01', `payment_periods` = 18 WHERE `loan_loan`.`id` = 427;
UPDATE `loan_loan` SET `created_at` = '2022-01-02 22:03:57.204447', `updated_at` = '2022-01-02 22:03:57.204447', `customer_id` = 5675, `type` = 'car', `amount` = 70000, `status` = 'Settled', `usage` = '买车', `payment_method` = 'equal_corpus', `started_at` = NULL, `expired_at` = NULL, `payment_periods` = NULL WHERE `loan_loan`.`id` = 428;
INSERT INTO `loan_loan` (`id`, `created_at`, `updated_at`, `customer_id`, `type`, `amount`, `status`, `usage`, `payment_method`, `started_at`, `expired_at`, `payment_periods`) VALUES (428, '2022-01-02 22:03:57.204447', '2022-01-02 22:03:57.204447', 5675, 'car', 70000, 'Settled', '买车', 'equal_corpus', NULL, NULL, NULL);
UPDATE `loan_carloan` SET `created_at` = '2022-01-02 22:03:57.204447', `updated_at` = '2022-01-02 22:03:57.204447', `loan_id` = 428, `car_id` = 4568 WHERE `loan_carloan`.`id` = 428;
INSERT INTO `loan_carloan` (`id`, `created_at`, `updated_at`, `loan_id`, `car_id`) VALUES (428, '2022-01-02 22:03:57.204447', '2022-01-02 22:03:57.204447', 428, 4568);
UPDATE `loan_loanapproval` SET `created_at` = '2022-01-02 23:59:59', `updated_at` = '2022-01-02 23:59:59', `loan_id` = 428, `approved` = TRUE, `message` = NULL WHERE `loan_loanapproval`.`id` = 339;
INSERT INTO `loan_loanapproval` (`id`, `created_at`, `updated_at`, `loan_id`, `approved`, `message`) VALUES (339, '2022-01-02 23:59:59', '2022-01-02 23:59:59', 428, TRUE, NULL);
UPDATE `loan_loan` SET `created_at` = '2022-01-02 22:03:57.204447', `updated_at` = '2022-01-02 23:59:59', `customer_id` = 5675, `type` = 'car', `amount` = 70000, `status` = 'Overdue', `usage` = '买车', `payment_method` = 'equal_corpus', `started_at` = '2022-01-01', `expired_at` = '2023-07-01', `payment_periods` = 18 WHERE `loan_loan`.`id` = 428;UPDATE `loan_carmodel` SET `created_at` = '2017-06-09 16:37:22.795156', `updated_at` = '2022-01-02 14:30:46.497772', `name` = '奥迪Q5L', `manufacturer` = '奥迪', `color` = '银色', `configuration` = '中配' WHERE `loan_carmodel`.`id` = 5;
UPDATE `loan_address` SET `created_at` = '2017-08-15 02:39:59.572752', `updated_at` = '2022-01-02 21:34:24.412062', `province` = '江苏省', `city` = '南京市', `county` = '江宁区', `town` = '汤山街道', `detail` = '宝源路109号' WHERE `loan_address`.`id` = 8658;
UPDATE `loan_address` SET `created_at` = '2020-05-12 09:18:00.589882', `updated_at` = '2022-01-02 08:02:44.660168', `province` = '河南省', `city` = '安阳市', `county` = '内黄县', `town` = '田氏镇', `detail` = '包头南路协通公寓176号' WHERE `loan_address`.`id` = 3873;
UPDATE `loan_address` SET `created_at` = '2019-02-12 06:17:29.771135', `updated_at` = '2022-01-02 00:20:05.923259', `province` = '广东省', `city` = '深圳市', `county` = '龙岗区', `town` = '布吉街道办事处', `detail` = '百色路68号' WHERE `loan_address`.`id` = 3723;
UPDATE `loan_address` SET `created_at` = '2021-05-26 01:19:20.420424', `updated_at` = '2022-01-02 23:54:26.334306', `province` = '湖南省', `city` = '衡阳市', `county` = '常宁市', `town` = '板桥镇', `detail` = '保屯路55号' WHERE `loan_address`.`id` = 8588;
UPDATE `loan_address` SET `created_at` = '2020-12-05 03:32:36.884746', `updated_at` = '2022-01-02 13:43:19.488363', `province` = '江苏省', `city` = '南京市', `county` = '鼓楼区', `town` = '凤凰街道', `detail` = '宝联路185号' WHERE `loan_address`.`id` = 2840;
UPDATE `loan_address` SET `created_at` = '2019-07-09 02:26:29.501788', `updated_at` = '2022-01-02 00:42:34.354774', `province` = '新疆维吾尔自治区', `city` = '巴音郭楞蒙古自治州', `county` = '博湖县', `town` = '博斯腾湖乡', `detail` = '安亭路阳光翠竹苑5号' WHERE `loan_address`.`id` = 164;
UPDATE `loan_address` SET `created_at` = '2021-04-21 19:53:47.271336', `updated_at` = '2022-01-02 09:24:28.628609', `province` = '贵州省', `city` = '铜仁市', `county` = '思南县', `town` = '文家店镇', `detail` = '宝安公路东新大厦17号' WHERE `loan_address`.`id` = 5929;
UPDATE `loan_address` SET `created_at` = '2017-09-22 11:15:43.995725', `updated_at` = '2022-01-02 21:02:07.787670', `province` = '广东省', `city` = '惠州市', `county` = '博罗县', `town` = '杨侨镇', `detail` = '爱国路21号' WHERE `loan_address`.`id` = 2425;
UPDATE `loan_address` SET `created_at` = '2018-02-01 17:00:13.697242', `updated_at` = '2022-01-02 21:22:19.688567', `province` = '广东省', `city` = '惠州市', `county` = '惠城区', `town` = '陈江街道办事处', `detail` = '白城南路和亭佳苑160号' WHERE `loan_address`.`id` = 3713;
UPDATE `loan_address` SET `created_at` = '2021-07-02 16:30:27.569379', `updated_at` = '2022-01-02 05:00:24.755195', `province` = '海南省', `city` = '三沙市', `county` = '西沙群岛', `town` = '永乐群岛管委会', `detail` = '八一路住友嘉馨名园158号' WHERE `loan_address`.`id` = 8611;
UPDATE `loan_address` SET `created_at` = '2021-11-01 20:26:55.478670', `updated_at` = '2022-01-02 22:59:23.626469', `province` = '河南省', `city` = '南阳市', `county` = '社旗县', `town` = '李店镇', `detail` = '板泉路爱里舍花园60号' WHERE `loan_address`.`id` = 962;
UPDATE `loan_job` SET `created_at` = '2019-06-12 22:44:49.772805', `updated_at` = '2022-01-02 19:28:12.083459', `company_id` = 32, `position` = '装修项目经理' WHERE `loan_job`.`id` = 649;
UPDATE `loan_customer` SET `created_at` = '2017-03-12 13:44:35.194293', `updated_at` = '2022-01-02 05:21:28.510537', `name` = '郭娜', `id_number` = '648590217380831898', `gender` = 'f', `birthday` = '1989-11-28', `address_id` = 5734, `job_id` = 1159, `salary` = 17000 WHERE `loan_customer`.`id` = 3507;
UPDATE `loan_customer` SET `created_at` = '2021-10-15 03:52:23.850524', `updated_at` = '2022-01-02 11:37:27.322342', `name` = '田语海', `id_number` = '693504796858548896', `gender` = 'f', `birthday` = '2004-09-28', `address_id` = 5799, `job_id` = 1175, `salary` = 30000 WHERE `loan_customer`.`id` = 3552;
UPDATE `loan_customer` SET `created_at` = '2020-03-08 11:24:13.093974', `updated_at` = '2022-01-02 10:10:23.714529', `name` = '姚晓莉', `id_number` = '171737195087194523', `gender` = 'f', `birthday` = '2007-01-30', `address_id` = 5280, `job_id` = 1058, `salary` = 14000 WHERE `loan_customer`.`id` = 3221;
UPDATE `loan_customer` SET `created_at` = '2018-09-11 19:15:55.975579', `updated_at` = '2022-01-02 06:09:29.244521', `name` = '马珠', `id_number` = '469059986281627887', `gender` = 'f', `birthday` = '2001-06-10', `address_id` = 358, `job_id` = 58, `salary` = 3000 WHERE `loan_customer`.`id` = 172;
UPDATE `loan_customer` SET `created_at` = '2020-09-28 03:11:15.742956', `updated_at` = '2022-01-02 22:43:08.405870', `name` = '武绍', `id_number` = '745937747385022576', `gender` = 'm', `birthday` = '2007-07-25', `address_id` = 4130, `job_id` = 808, `salary` = 9000 WHERE `loan_customer`.`id` = 2490;
UPDATE `loan_customer` SET `created_at` = '2017-04-22 22:57:47.105484', `updated_at` = '2022-01-02 08:09:18.294500', `name` = '江基', `id_number` = '123705136461859771', `gender` = 'f', `birthday` = '2008-03-25', `address_id` = 3937, `job_id` = 775, `salary` = 54000 WHERE `loan_customer`.`id` = 2382;
UPDATE `loan_customer` SET `created_at` = '2020-07-10 16:42:43.169347', `updated_at` = '2022-01-02 14:20:19.938556', `name` = '吴娴', `id_number` = '667195609177031406', `gender` = 'f', `birthday` = '2001-07-27', `address_id` = 5485, `job_id` = 1104, `salary` = 11000 WHERE `loan_customer`.`id` = 3351;
UPDATE `loan_customer` SET `created_at` = '2022-01-02 08:53:18.859770', `updated_at` = '2022-01-02 22:06:39.233203', `name` = '田涵意', `id_number` = '485081397015676865', `gender` = 'f', `birthday` = '1983-10-18', `address_id` = 8899, `job_id` = 1821, `salary` = 19000 WHERE `loan_customer`.`id` = 5517;
UPDATE `loan_customer` SET `created_at` = '2020-11-19 19:12:48.712432', `updated_at` = '2022-01-02 09:14:09.601581', `name` = '叶建木', `id_number` = '999290092506839625', `gender` = 'f', `birthday` = '2003-10-30', `address_id` = 8548, `job_id` = 1744, `salary` = 44000 WHERE `loan_customer`.`id` = 5295;
UPDATE `loan_customer` SET `created_at` = '2021-10-22 02:10:56.026277', `updated_at` = '2022-01-02 05:00:11.388985', `name` = '范真', `id_number` = '556664622654574686', `gender` = 'f', `birthday` = '1991-04-01', `address_id` = 2623, `job_id` = 503, `salary` = 24000 WHERE `loan_customer`.`id` = 1579;
UPDATE `loan_customer` SET `created_at` = '2021-01-17 21:28:51.071873', `updated_at` = '2022-01-02 00:45:28.036733', `name` = '苏裕', `id_number` = '994618294825193421', `gender` = 'm', `birthday` = '2001-09-05', `address_id` = 826, `job_id` = 151, `salary` = 45000 WHERE `loan_customer`.`id` = 464;
UPDATE `loan_customer` SET `created_at` = '2020-12-05 19:46:31.503456', `updated_at` = '2022-01-02 04:43:31.654240', `name` = '宋宣', `id_number` = '570821455123581517', `gender` = 'f', `birthday` = '2005-09-15', `address_id` = 2321, `job_id` = 440, `salary` = 4000 WHERE `loan_customer`.`id` = 1391;
UPDATE `loan_customer` SET `created_at` = '2020-04-20 14:43:26.886882', `updated_at` = '2022-01-02 14:18:04.847886', `name` = '丁晋', `id_number` = '052489572091811027', `gender` = 'f', `birthday` = '1996-06-02', `address_id` = 2796, `job_id` = 538, `salary` = 7000 WHERE `loan_customer`.`id` = 1688;
UPDATE `loan_customer` SET `created_at` = '2017-07-13 03:43:45.475938', `updated_at` = '2022-01-02 12:11:58.837409', `name` = '白瀛', `id_number` = '011888919805398672', `gender` = 'm', `birthday` = '1996-09-01', `address_id` = 1196, `job_id` = 227, `salary` = 26000 WHERE `loan_customer`.`id` = 692;
UPDATE `loan_customer` SET `created_at` = '2019-07-30 04:00:51.695484', `updated_at` = '2022-01-02 11:20:31.483894', `name` = '叶芮欢', `id_number` = '481633497104884957', `gender` = 'f', `birthday` = '1992-04-30', `address_id` = 4047, `job_id` = 796, `salary` = 35000 WHERE `loan_customer`.`id` = 2446;
UPDATE `loan_customer` SET `created_at` = '2019-04-20 10:25:58.508305', `updated_at` = '2022-01-02 18:41:10.396029', `name` = '曾喜悦', `id_number` = '948895715186177614', `gender` = 'f', `birthday` = '1996-07-31', `address_id` = 3462, `job_id` = 670, `salary` = 95000 WHERE `loan_customer`.`id` = 2094;
UPDATE `loan_customer` SET `created_at` = '2021-01-09 19:27:57.134364', `updated_at` = '2022-01-02 07:05:00.333997', `name` = '潘绍', `id_number` = '270396793643291172', `gender` = 'f', `birthday` = '1987-02-05', `address_id` = 3868, `job_id` = 759, `salary` = 7000 WHERE `loan_customer`.`id` = 2337;
UPDATE `loan_customer` SET `created_at` = '2020-03-13 19:10:56.824329', `updated_at` = '2022-01-02 15:31:46.089782', `name` = '方慧', `id_number` = '412995397529339543', `gender` = 'f', `birthday` = '1999-07-21', `address_id` = 8812, `job_id` = 1802, `salary` = 26000 WHERE `loan_customer`.`id` = 5463;
UPDATE `loan_customer` SET `created_at` = '2021-03-31 10:35:20.890486', `updated_at` = '2022-01-02 15:08:39.618915', `name` = '吴琦', `id_number` = '859011010555397878', `gender` = 'm', `birthday` = '2009-03-25', `address_id` = 3268, `job_id` = 634, `salary` = 28000 WHERE `loan_customer`.`id` = 1972;
UPDATE `loan_customer` SET `created_at` = '2017-06-22 00:54:37.958823', `updated_at` = '2022-01-02 05:23:50.954092', `name` = '张晋鹏', `id_number` = '353974856629654097', `gender` = 'm', `birthday` = '2004-07-20', `address_id` = 3077, `job_id` = 596, `salary` = 50000 WHERE `loan_customer`.`id` = 1860;
UPDATE `loan_customer` SET `created_at` = '2021-04-17 19:40:18.651274', `updated_at` = '2022-01-02 11:26:51.508845', `name` = '马博', `id_number` = '052330830600266984', `gender` = 'f', `birthday` = '1989-07-31', `address_id` = 7437, `job_id` = 1517, `salary` = 22000 WHERE `loan_customer`.`id` = 4598;
UPDATE `loan_customer` SET `created_at` = '2017-12-17 00:17:57.049213', `updated_at` = '2022-01-02 21:21:15.996410', `name` = '万航', `id_number` = '898947094916218863', `gender` = 'f', `birthday` = '1981-07-07', `address_id` = 741, `job_id` = 134, `salary` = 9000 WHERE `loan_customer`.`id` = 415;
UPDATE `loan_customer` SET `created_at` = '2018-03-26 15:26:20.087446', `updated_at` = '2022-01-02 06:04:59.310552', `name` = '姜鸿羲', `id_number` = '154336142094143600', `gender` = 'm', `birthday` = '1995-08-27', `address_id` = 3026, `job_id` = 587, `salary` = 11000 WHERE `loan_customer`.`id` = 1829;
UPDATE `loan_customer` SET `created_at` = '2019-08-14 12:07:34.282669', `updated_at` = '2022-01-02 15:51:14.775400', `name` = '唐紫', `id_number` = '740552334017394336', `gender` = 'm', `birthday` = '1997-04-05', `address_id` = 5569, `job_id` = 1122, `salary` = 21000 WHERE `loan_customer`.`id` = 3405;
UPDATE `loan_customer` SET `created_at` = '2021-01-12 22:11:12.369214', `updated_at` = '2022-01-02 21:54:11.382798', `name` = '万幼枫', `id_number` = '229100343536279849', `gender` = 'f', `birthday` = '2001-06-20', `address_id` = 5798, `job_id` = 1174, `salary` = 38000 WHERE `loan_customer`.`id` = 3551;
UPDATE `loan_customer` SET `created_at` = '2018-03-13 08:13:41.861823', `updated_at` = '2022-01-02 05:03:54.571327', `name` = '沈沧', `id_number` = '922990713100224536', `gender` = 'm', `birthday` = '1996-02-04', `address_id` = 2576, `job_id` = 495, `salary` = 21000 WHERE `loan_customer`.`id` = 1548;
UPDATE `loan_customer` SET `created_at` = '2022-01-02 07:56:23.905087', `updated_at` = '2022-01-02 23:05:01.128172', `name` = '袁鹏', `id_number` = '468365025483081235', `gender` = 'm', `birthday` = '1990-09-25', `address_id` = 9031, `job_id` = 1856, `salary` = 11000 WHERE `loan_customer`.`id` = 5606;
UPDATE `loan_chattel` SET `created_at` = '2020-12-22 20:05:30.685845', `updated_at` = '2022-01-02 20:46:01.292186', `customer_id` = 479, `type` = 'deposit', `description` = '一些信息', `value_amount` = 300000, `expired_at` = '2022-01-30' WHERE `loan_chattel`.`id` = 144;
UPDATE `loan_chattel` SET `created_at` = '2021-06-23 23:12:21.738069', `updated_at` = '2022-01-02 19:41:38.368265', `customer_id` = 3531, `type` = 'receivable', `description` = '一些信息', `value_amount` = 20000, `expired_at` = '2034-11-12' WHERE `loan_chattel`.`id` = 1020;
UPDATE `loan_chattel` SET `created_at` = '2019-08-23 16:21:11.996220', `updated_at` = '2022-01-02 04:04:59.600561', `customer_id` = 3292, `type` = 'receivable', `description` = '一些信息', `value_amount` = 60000, `expired_at` = '2027-07-15' WHERE `loan_chattel`.`id` = 953;
UPDATE `loan_chattel` SET `created_at` = '2020-02-19 00:23:37.403009', `updated_at` = '2022-01-02 16:39:22.708210', `customer_id` = 3629, `type` = 'patent', `description` = '一些信息', `value_amount` = 80000, `expired_at` = '2028-08-14' WHERE `loan_chattel`.`id` = 1056;
UPDATE `loan_chattel` SET `created_at` = '2020-02-13 13:51:42.666139', `updated_at` = '2022-01-02 05:21:50.920215', `customer_id` = 5221, `type` = 'patent', `description` = '一些信息', `value_amount` = 230000, `expired_at` = '2025-05-09' WHERE `loan_chattel`.`id` = 1537;
UPDATE `loan_chattel` SET `created_at` = '2021-04-04 15:27:12.297058', `updated_at` = '2022-01-02 15:58:37.435042', `customer_id` = 3728, `type` = 'promissory_note', `description` = '一些信息', `value_amount` = 20000, `expired_at` = '2022-01-23' WHERE `loan_chattel`.`id` = 1084;
UPDATE `loan_car` SET `created_at` = '2020-08-02 17:31:01.939249', `updated_at` = '2022-01-02 17:03:47.699326', `customer_id` = 3810, `model_id` = 264, `vin_number` = '682276293047349580', `date_produced` = '2011-03-28', `value_estimated` = 210000 WHERE `loan_car`.`id` = 3075;
UPDATE `loan_car` SET `created_at` = '2021-12-29 06:01:44.316688', `updated_at` = '2022-01-02 09:49:15.191966', `customer_id` = 2486, `model_id` = 97, `vin_number` = '655853576591952375', `date_produced` = '2015-10-11', `value_estimated` = 490000 WHERE `loan_car`.`id` = 1983;
UPDATE `loan_car` SET `created_at` = '2020-07-07 06:34:59.522601', `updated_at` = '2022-01-02 02:53:01.124129', `customer_id` = 618, `model_id` = 39, `vin_number` = '928154947155823266', `date_produced` = '2016-12-30', `value_estimated` = 450000 WHERE `loan_car`.`id` = 479;
UPDATE `loan_car` SET `created_at` = '2019-10-24 10:46:36.648950', `updated_at` = '2022-01-02 22:02:58.976219', `customer_id` = 2722, `model_id` = 94, `vin_number` = '745167566721466843', `date_produced` = '2017-04-03', `value_estimated` = 350000 WHERE `loan_car`.`id` = 2182;
UPDATE `loan_car` SET `created_at` = '2021-10-11 19:33:23.055470', `updated_at` = '2022-01-02 13:44:34.649000', `customer_id` = 4422, `model_id` = 251, `vin_number` = '755893308660382658', `date_produced` = '2011-07-16', `value_estimated` = 290000 WHERE `loan_car`.`id` = 3566;
UPDATE `loan_car` SET `created_at` = '2020-07-15 01:11:16.315109', `updated_at` = '2022-01-02 03:26:36.535129', `customer_id` = 2808, `model_id` = 301, `vin_number` = '343500472002615789', `date_produced` = '2020-05-01', `value_estimated` = 360000 WHERE `loan_car`.`id` = 2256;
UPDATE `loan_car` SET `created_at` = '2021-12-23 22:47:33.676740', `updated_at` = '2022-01-02 08:10:49.423877', `customer_id` = 1791, `model_id` = 60, `vin_number` = '416258005385616110', `date_produced` = '2011-10-09', `value_estimated` = 150000 WHERE `loan_car`.`id` = 1409;
UPDATE `loan_car` SET `created_at` = '2021-12-30 14:13:21.679890', `updated_at` = '2022-01-02 14:53:42.866587', `customer_id` = 515, `model_id` = 291, `vin_number` = '988743726518310349', `date_produced` = '2020-02-13', `value_estimated` = 80000 WHERE `loan_car`.`id` = 398;
UPDATE `loan_car` SET `created_at` = '2021-12-02 01:42:17.433716', `updated_at` = '2022-01-02 19:52:13.031312', `customer_id` = 2063, `model_id` = 104, `vin_number` = '073339202661701938', `date_produced` = '2011-09-25', `value_estimated` = 630000 WHERE `loan_car`.`id` = 1632;
UPDATE `loan_car` SET `created_at` = '2021-09-28 13:13:56.859077', `updated_at` = '2022-01-02 12:39:26.777573', `customer_id` = 3567, `model_id` = 35, `vin_number` = '083504023657293635', `date_produced` = '2017-01-14', `value_estimated` = 440000 WHERE `loan_car`.`id` = 2865;
UPDATE `loan_car` SET `created_at` = '2019-05-27 12:16:57.958831', `updated_at` = '2022-01-02 19:09:39.413223', `customer_id` = 1200, `model_id` = 128, `vin_number` = '194593581862116269', `date_produced` = '2010-04-10', `value_estimated` = 80000 WHERE `loan_car`.`id` = 929;
UPDATE `loan_car` SET `created_at` = '2020-06-23 14:00:29.151932', `updated_at` = '2022-01-02 04:11:40.422608', `customer_id` = 2076, `model_id` = 124, `vin_number` = '431279293861811885', `date_produced` = '2014-12-08', `value_estimated` = 160000 WHERE `loan_car`.`id` = 1646;
UPDATE `loan_car` SET `created_at` = '2021-12-29 11:49:53.280924', `updated_at` = '2022-01-02 03:54:38.122673', `customer_id` = 3202, `model_id` = 251, `vin_number` = '056482597380010801', `date_produced` = '2013-08-04', `value_estimated` = 20000 WHERE `loan_car`.`id` = 2565;
UPDATE `loan_car` SET `created_at` = '2021-08-04 06:12:05.740604', `updated_at` = '2022-01-02 23:28:17.470383', `customer_id` = 1838, `model_id` = 285, `vin_number` = '568781011823984786', `date_produced` = '2010-02-18', `value_estimated` = 570000 WHERE `loan_car`.`id` = 1453;
UPDATE `loan_car` SET `created_at` = '2019-10-27 23:04:37.547526', `updated_at` = '2022-01-02 11:32:57.434127', `customer_id` = 2239, `model_id` = 186, `vin_number` = '323515112308616256', `date_produced` = '2021-11-26', `value_estimated` = 80000 WHERE `loan_car`.`id` = 1775;
UPDATE `loan_car` SET `created_at` = '2021-07-25 05:23:59.205884', `updated_at` = '2022-01-02 20:39:39.671033', `customer_id` = 2281, `model_id` = 188, `vin_number` = '844992307815062109', `date_produced` = '2016-08-07', `value_estimated` = 410000 WHERE `loan_car`.`id` = 1810;
UPDATE `loan_car` SET `created_at` = '2021-10-04 00:17:36.360915', `updated_at` = '2022-01-02 12:17:20.701747', `customer_id` = 1530, `model_id` = 100, `vin_number` = '642164194741855666', `date_produced` = '2018-04-07', `value_estimated` = 490000 WHERE `loan_car`.`id` = 1201;
UPDATE `loan_car` SET `created_at` = '2020-02-15 06:03:26.307717', `updated_at` = '2022-01-02 03:32:41.431396', `customer_id` = 2939, `model_id` = 113, `vin_number` = '510512725964468230', `date_produced` = '2010-05-16', `value_estimated` = 290000 WHERE `loan_car`.`id` = 2356;
UPDATE `loan_car` SET `created_at` = '2020-05-16 11:27:48.170160', `updated_at` = '2022-01-02 16:17:00.793575', `customer_id` = 245, `model_id` = 224, `vin_number` = '661484853465544495', `date_produced` = '2019-07-31', `value_estimated` = 680000 WHERE `loan_car`.`id` = 185;
UPDATE `loan_account` SET `created_at` = '2019-10-21 08:35:19.824330', `updated_at` = '2022-01-02 17:35:14.668123', `customer_id` = 1846, `number` = '882235218654534490', `balance` = 48708 WHERE `loan_account`.`id` = 1691;
UPDATE `loan_account` SET `created_at` = '2021-08-19 06:00:37.004004', `updated_at` = '2022-01-02 09:20:22.021082', `customer_id` = 1871, `number` = '220622408803168986', `balance` = 20103 WHERE `loan_account`.`id` = 1712;
UPDATE `loan_account` SET `created_at` = '2019-06-30 23:56:16.923321', `updated_at` = '2022-01-02 17:47:32.780025', `customer_id` = 3406, `number` = '551439964722116530', `balance` = 70401 WHERE `loan_account`.`id` = 3124;
UPDATE `loan_account` SET `created_at` = '2018-08-10 09:07:32.868244', `updated_at` = '2022-01-02 21:16:49.163470', `customer_id` = 4061, `number` = '112576190878226123', `balance` = 60922 WHERE `loan_account`.`id` = 3722;
UPDATE `loan_account` SET `created_at` = '2021-01-03 18:22:13.469935', `updated_at` = '2022-01-02 15:25:43.759389', `customer_id` = 2627, `number` = '959240760719581800', `balance` = 77789 WHERE `loan_account`.`id` = 2397;
UPDATE `loan_account` SET `created_at` = '2021-07-19 18:18:48.934068', `updated_at` = '2022-01-02 08:12:44.278546', `customer_id` = 2258, `number` = '728767569737946768', `balance` = 47881 WHERE `loan_account`.`id` = 2060;
UPDATE `loan_account` SET `created_at` = '2020-08-26 07:54:23.847029', `updated_at` = '2022-01-02 09:14:06.739136', `customer_id` = 3064, `number` = '377464628017354322', `balance` = 26368 WHERE `loan_account`.`id` = 2810;
UPDATE `loan_account` SET `created_at` = '2020-06-07 17:39:36.662431', `updated_at` = '2022-01-02 04:40:06.806325', `customer_id` = 992, `number` = '250710344609374010', `balance` = 0 WHERE `loan_account`.`id` = 901;
UPDATE `loan_account` SET `created_at` = '2021-05-09 05:44:29.805474', `updated_at` = '2022-01-02 22:46:53.508111', `customer_id` = 2343, `number` = '612482737944584320', `balance` = 61269 WHERE `loan_account`.`id` = 2135;
UPDATE `loan_account` SET `created_at` = '2020-09-08 04:59:55.391426', `updated_at` = '2022-01-02 14:04:34.157130', `customer_id` = 4191, `number` = '921163869772852037', `balance` = 52471 WHERE `loan_account`.`id` = 3832;