UPDATE `loan_address` SET `created_at` = '2022-01-04 14:31:06.092132', `updated_at` = '2022-01-04 15:17:03.545690', `province` = '四川省', `city` = '达州市', `county` = '大竹县', `town` = '蒲包乡', `detail` = '宝通路住友嘉馨名园81号' WHERE `loan_address`.`id` = 9391;
INSERT INTO `loan_address` (`id`, `created_at`, `updated_at`, `province`, `city`, `county`, `town`, `detail`) VALUES (9391, '2022-01-04 14:31:06.092132', '2022-01-04 15:17:03.545690', '四川省', '达州市', '大竹县', '蒲包乡', '宝通路住友嘉馨名园81号');
UPDATE `loan_company` SET `created_at` = '2022-01-04 14:31:06.092132', `updated_at` = '2022-01-04 14:31:06.092132', `name` = '芮欢科技', `industry` = '医疗健康', `phone_number` = '034-286643', `cellphone_number` = '11584295385', `address_id` = 9391 WHERE `loan_company`.`id` = 89;
INSERT INTO `loan_company` (`id`, `created_at`, `updated_at`, `name`, `industry`, `phone_number`, `cellphone_number`, `address_id`) VALUES (89, '2022-01-04 14:31:06.092132', '2022-01-04 14:31:06.092132', '芮欢科技', '医疗健康', '034-286643', '11584295385', 9391);
UPDATE `loan_job` SET `created_at` = '2022-01-04 14:31:06.092132', `updated_at` = '2022-01-04 14:31:06.092132', `company_id` = 89, `position` = '中医' WHERE `loan_job`.`id` = 1937;
INSERT INTO `loan_job` (`id`, `created_at`, `updated_at`, `company_id`, `position`) VALUES (1937, '2022-01-04 14:31:06.092132', '2022-01-04 14:31:06.092132', 89, '中医');
UPDATE `loan_job` SET `created_at` = '2022-01-04 14:31:06.092132', `updated_at` = '2022-01-04 14:31:06.092132', `company_id` = 89, `position` = '康复治疗师' WHERE `loan_job`.`id` = 1938;
INSERT INTO `loan_job` (`id`, `created_at`, `updated_at`, `company_id`, `position`) VALUES (1938, '2022-01-04 14:31:06.092132', '2022-01-04 14:31:06.092132', 89, '康复治疗师');
UPDATE `loan_job` SET `created_at` = '2022-01-04 14:31:06.092132', `updated_at` = '2022-01-04 14:31:06.092132', `company_id` = 89, `position` = 'B超医生' WHERE `loan_job`.`id` = 1939;
INSERT INTO `loan_job` (`id`, `created_at`, `updated_at`, `company_id`, `position`) VALUES (1939, '2022-01-04 14:31:06.092132', '2022-01-04 14:31:06.092132', 89, 'B超医生');
UPDATE `loan_job` SET `created_at` = '2022-01-04 14:31:06.092132', `updated_at` = '2022-01-04 19:14:29.259852', `company_id` = 89, `position` = '内科医生' WHERE `loan_job`.`id` = 1940;
INSERT INTO `loan_job` (`id`, `created_at`, `updated_at`, `company_id`, `position`) VALUES (1940, '2022-01-04 14:31:06.092132', '2022-01-04 19:14:29.259852', 89, '内科医生');
UPDATE `loan_job` SET `created_at` = '2022-01-04 14:31:06.092132', `updated_at` = '2022-01-04 14:31:06.092132', `company_id` = 89, `position` = '药店店长' WHERE `loan_job`.`id` = 1941;
INSERT INTO `loan_job` (`id`, `created_at`, `updated_at`, `company_id`, `position`) VALUES (1941, '2022-01-04 14:31:06.092132', '2022-01-04 14:31:06.092132', 89, '药店店长');
UPDATE `loan_job` SET `created_at` = '2022-01-04 14:31:06.092132', `updated_at` = '2022-01-04 14:31:06.092132', `company_id` = 89, `position` = '心理医生' WHERE `loan_job`.`id` = 1942;
INSERT INTO `loan_job` (`id`, `created_at`, `updated_at`, `company_id`, `position`) VALUES (1942, '2022-01-04 14:31:06.092132', '2022-01-04 14:31:06.092132', 89, '心理医生');
UPDATE `loan_job` SET `created_at` = '2022-01-04 14:31:06.092132', `updated_at` = '2022-01-04 14:31:06.092132', `company_id` = 89, `position` = '牙科医生' WHERE `loan_job`.`id` = 1943;
INSERT INTO `loan_job` (`id`, `created_at`, `updated_at`, `company_id`, `position`) VALUES (1943, '2022-01-04 14:31:06.092132', '2022-01-04 14:31:06.092132', 89, '牙科医生');
UPDATE `loan_job` SET `created_at` = '2022-01-04 14:31:06.092132', `updated_at` = '2022-01-04 14:31:06.092132', `company_id` = 89, `position` = '其他医生职位' WHERE `loan_job`.`id` = 1944;
INSERT INTO `loan_job` (`id`, `created_at`, `updated_at`, `company_id`, `position`) VALUES (1944, '2022-01-04 14:31:06.092132', '2022-01-04 14:31:06.092132', 89, '其他医生职位');
UPDATE `loan_job` SET `created_at` = '2022-01-04 14:31:06.092132', `updated_at` = '2022-01-04 21:52:46.095845', `company_id` = 89, `position` = '医药研发' WHERE `loan_job`.`id` = 1945;
INSERT INTO `loan_job` (`id`, `created_at`, `updated_at`, `company_id`, `position`) VALUES (1945, '2022-01-04 14:31:06.092132', '2022-01-04 21:52:46.095845', 89, '医药研发');
UPDATE `loan_job` SET `created_at` = '2022-01-04 14:31:06.092132', `updated_at` = '2022-01-04 14:31:06.092132', `company_id` = 89, `position` = '全科医生' WHERE `loan_job`.`id` = 1946;
INSERT INTO `loan_job` (`id`, `created_at`, `updated_at`, `company_id`, `position`) VALUES (1946, '2022-01-04 14:31:06.092132', '2022-01-04 14:31:06.092132', 89, '全科医生');
UPDATE `loan_job` SET `created_at` = '2022-01-04 18:50:03.523825', `updated_at` = '2022-01-04 18:50:03.523825', `company_id` = 89, `position` = '医药项目经理' WHERE `loan_job`.`id` = 1947;
INSERT INTO `loan_job` (`id`, `created_at`, `updated_at`, `company_id`, `position`) VALUES (1947, '2022-01-04 18:50:03.523825', '2022-01-04 18:50:03.523825', 89, '医药项目经理');
UPDATE `loan_job` SET `created_at` = '2022-01-04 21:31:43.766949', `updated_at` = '2022-01-04 21:31:43.766949', `company_id` = 89, `position` = '医药代表' WHERE `loan_job`.`id` = 1948;
INSERT INTO `loan_job` (`id`, `created_at`, `updated_at`, `company_id`, `position`) VALUES (1948, '2022-01-04 21:31:43.766949', '2022-01-04 21:31:43.766949', 89, '医药代表');
UPDATE `loan_job` SET `created_at` = '2022-01-04 14:31:06.092132', `updated_at` = '2022-01-04 14:31:06.092132', `company_id` = 89, `position` = '医疗器械销售' WHERE `loan_job`.`id` = 1949;
INSERT INTO `loan_job` (`id`, `created_at`, `updated_at`, `company_id`, `position`) VALUES (1949, '2022-01-04 14:31:06.092132', '2022-01-04 14:31:06.092132', 89, '医疗器械销售');
UPDATE `loan_job` SET `created_at` = '2022-01-04 14:31:06.092132', `updated_at` = '2022-01-04 21:36:31.378153', `company_id` = 89, `position` = '检验科医师' WHERE `loan_job`.`id` = 1950;
INSERT INTO `loan_job` (`id`, `created_at`, `updated_at`, `company_id`, `position`) VALUES (1950, '2022-01-04 14:31:06.092132', '2022-01-04 21:36:31.378153', 89, '检验科医师');
UPDATE `loan_job` SET `created_at` = '2022-01-04 14:31:06.092132', `updated_at` = '2022-01-04 23:53:57.863080', `company_id` = 89, `position` = '临床协调' WHERE `loan_job`.`id` = 1951;
INSERT INTO `loan_job` (`id`, `created_at`, `updated_at`, `company_id`, `position`) VALUES (1951, '2022-01-04 14:31:06.092132', '2022-01-04 23:53:57.863080', 89, '临床协调');
UPDATE `loan_job` SET `created_at` = '2022-01-04 14:31:06.092132', `updated_at` = '2022-01-04 14:31:06.092132', `company_id` = 89, `position` = '医学影像' WHERE `loan_job`.`id` = 1952;
INSERT INTO `loan_job` (`id`, `created_at`, `updated_at`, `company_id`, `position`) VALUES (1952, '2022-01-04 14:31:06.092132', '2022-01-04 14:31:06.092132', 89, '医学影像');
UPDATE `loan_job` SET `created_at` = '2022-01-04 14:31:06.092132', `updated_at` = '2022-01-04 14:31:06.092132', `company_id` = 89, `position` = '护士长' WHERE `loan_job`.`id` = 1953;
INSERT INTO `loan_job` (`id`, `created_at`, `updated_at`, `company_id`, `position`) VALUES (1953, '2022-01-04 14:31:06.092132', '2022-01-04 14:31:06.092132', 89, '护士长');
UPDATE `loan_job` SET `created_at` = '2022-01-04 14:31:06.092132', `updated_at` = '2022-01-04 20:11:10.392655', `company_id` = 89, `position` = '药品生产' WHERE `loan_job`.`id` = 1954;
INSERT INTO `loan_job` (`id`, `created_at`, `updated_at`, `company_id`, `position`) VALUES (1954, '2022-01-04 14:31:06.092132', '2022-01-04 20:11:10.392655', 89, '药品生产');
UPDATE `loan_job` SET `created_at` = '2022-01-04 14:31:06.092132', `updated_at` = '2022-01-04 14:31:06.092132', `company_id` = 89, `position` = '护士' WHERE `loan_job`.`id` = 1955;
INSERT INTO `loan_job` (`id`, `created_at`, `updated_at`, `company_id`, `position`) VALUES (1955, '2022-01-04 14:31:06.092132', '2022-01-04 14:31:06.092132', 89, '护士');
UPDATE `loan_job` SET `created_at` = '2022-01-04 14:31:06.092132', `updated_at` = '2022-01-04 16:01:26.020843', `company_id` = 89, `position` = '临床项目经理' WHERE `loan_job`.`id` = 1956;
INSERT INTO `loan_job` (`id`, `created_at`, `updated_at`, `company_id`, `position`) VALUES (1956, '2022-01-04 14:31:06.092132', '2022-01-04 16:01:26.020843', 89, '临床项目经理');
UPDATE `loan_job` SET `created_at` = '2022-01-04 14:31:06.092132', `updated_at` = '2022-01-04 14:31:06.092132', `company_id` = 89, `position` = '导医' WHERE `loan_job`.`id` = 1957;
INSERT INTO `loan_job` (`id`, `created_at`, `updated_at`, `company_id`, `position`) VALUES (1957, '2022-01-04 14:31:06.092132', '2022-01-04 14:31:06.092132', 89, '导医');
UPDATE `loan_address` SET `created_at` = '2022-01-04 09:28:17.973117', `updated_at` = '2022-01-04 09:28:17.973117', `province` = '甘肃省', `city` = '陇南市', `county` = '宕昌县', `town` = '竹院乡', `detail` = '保屯路105号' WHERE `loan_address`.`id` = 9392;
INSERT INTO `loan_address` (`id`, `created_at`, `updated_at`, `province`, `city`, `county`, `town`, `detail`) VALUES (9392, '2022-01-04 09:28:17.973117', '2022-01-04 09:28:17.973117', '甘肃省', '陇南市', '宕昌县', '竹院乡', '保屯路105号');
UPDATE `loan_customer` SET `created_at` = '2022-01-04 09:28:17.973117', `updated_at` = '2022-01-04 23:38:40.139873', `name` = '宋娜', `id_number` = '521667724475827302', `gender` = 'm', `birthday` = '2006-01-27', `address_id` = 9392, `job_id` = 1937, `salary` = 3000 WHERE `loan_customer`.`id` = 5835;
INSERT INTO `loan_customer` (`id`, `created_at`, `updated_at`, `name`, `id_number`, `gender`, `birthday`, `address_id`, `job_id`, `salary`) VALUES (5835, '2022-01-04 09:28:17.973117', '2022-01-04 23:38:40.139873', '宋娜', '521667724475827302', 'm', '2006-01-27', 9392, 1937, 3000);
UPDATE `loan_address` SET `created_at` = '2022-01-04 15:55:20.186355', `updated_at` = '2022-01-04 15:55:20.186355', `province` = '河北省', `city` = '衡水市', `county` = '深州市', `town` = '穆村乡', `detail` = '宝林路150号' WHERE `loan_address`.`id` = 9393;
INSERT INTO `loan_address` (`id`, `created_at`, `updated_at`, `province`, `city`, `county`, `town`, `detail`) VALUES (9393, '2022-01-04 15:55:20.186355', '2022-01-04 15:55:20.186355', '河北省', '衡水市', '深州市', '穆村乡', '宝林路150号');
UPDATE `loan_estate` SET `created_at` = '2022-01-04 15:55:20.186355', `updated_at` = '2022-01-04 15:55:20.186355', `customer_id` = 5835, `address_id` = 9393 WHERE `loan_estate`.`id` = 3469;
INSERT INTO `loan_estate` (`id`, `created_at`, `updated_at`, `customer_id`, `address_id`) VALUES (3469, '2022-01-04 15:55:20.186355', '2022-01-04 15:55:20.186355', 5835, 9393);
UPDATE `loan_car` SET `created_at` = '2022-01-04 21:29:48.387888', `updated_at` = '2022-01-04 23:47:29.529667', `customer_id` = 5835, `model_id` = 94, `vin_number` = '594621269405227142', `date_produced` = '2014-03-15', `value_estimated` = 460000 WHERE `loan_car`.`id` = 4694;
INSERT INTO `loan_car` (`id`, `created_at`, `updated_at`, `customer_id`, `model_id`, `vin_number`, `date_produced`, `value_estimated`) VALUES (4694, '2022-01-04 21:29:48.387888', '2022-01-04 23:47:29.529667', 5835, 94, '594621269405227142', '2014-03-15', 460000);
UPDATE `loan_account` SET `created_at` = '2022-01-04 18:48:59.059660', `updated_at` = '2022-01-04 18:48:59.059660', `customer_id` = 5835, `number` = '676186191613142438', `balance` = 0 WHERE `loan_account`.`id` = 5329;
INSERT INTO `loan_account` (`id`, `created_at`, `updated_at`, `customer_id`, `number`, `balance`) VALUES (5329, '2022-01-04 18:48:59.059660', '2022-01-04 18:48:59.059660', 5835, '676186191613142438', 0);
UPDATE `loan_address` SET `created_at` = '2022-01-04 11:45:32.368107', `updated_at` = '2022-01-04 11:45:32.368107', `province` = '河北省', `city` = '邢台市', `county` = '桥西区', `town` = '钢铁路街道办事处', `detail` = '安顺路180号' WHERE `loan_address`.`id` = 9394;
INSERT INTO `loan_address` (`id`, `created_at`, `updated_at`, `province`, `city`, `county`, `town`, `detail`) VALUES (9394, '2022-01-04 11:45:32.368107', '2022-01-04 11:45:32.368107', '河北省', '邢台市', '桥西区', '钢铁路街道办事处', '安顺路180号');
UPDATE `loan_customer` SET `created_at` = '2022-01-04 11:45:32.368107', `updated_at` = '2022-01-04 11:45:32.368107', `name` = '史丝微', `id_number` = '803084519140880517', `gender` = 'f', `birthday` = '2008-11-14', `address_id` = 9394, `job_id` = 1937, `salary` = 14000 WHERE `loan_customer`.`id` = 5836;
INSERT INTO `loan_customer` (`id`, `created_at`, `updated_at`, `name`, `id_number`, `gender`, `birthday`, `address_id`, `job_id`, `salary`) VALUES (5836, '2022-01-04 11:45:32.368107', '2022-01-04 11:45:32.368107', '史丝微', '803084519140880517', 'f', '2008-11-14', 9394, 1937, 14000);
UPDATE `loan_address` SET `created_at` = '2022-01-04 20:46:51.012458', `updated_at` = '2022-01-04 20:46:51.012458', `province` = '甘肃省', `city` = '武威市', `county` = '天祝藏族自治县', `town` = '西大滩镇', `detail` = '宝安路160号' WHERE `loan_address`.`id` = 9395;
INSERT INTO `loan_address` (`id`, `created_at`, `updated_at`, `province`, `city`, `county`, `town`, `detail`) VALUES (9395, '2022-01-04 20:46:51.012458', '2022-01-04 20:46:51.012458', '甘肃省', '武威市', '天祝藏族自治县', '西大滩镇', '宝安路160号');
UPDATE `loan_estate` SET `created_at` = '2022-01-04 20:46:51.012458', `updated_at` = '2022-01-04 20:46:51.012458', `customer_id` = 5836, `address_id` = 9395 WHERE `loan_estate`.`id` = 3470;
INSERT INTO `loan_estate` (`id`, `created_at`, `updated_at`, `customer_id`, `address_id`) VALUES (3470, '2022-01-04 20:46:51.012458', '2022-01-04 20:46:51.012458', 5836, 9395);
UPDATE `loan_address` SET `created_at` = '2022-01-04 15:37:09.494433', `updated_at` = '2022-01-04 15:37:09.494433', `province` = '河北省', `city` = '保定市', `county` = '蠡县', `town` = '大百尺镇', `detail` = '安福路溢盈河畔别墅100号' WHERE `loan_address`.`id` = 9396;
INSERT INTO `loan_address` (`id`, `created_at`, `updated_at`, `province`, `city`, `county`, `town`, `detail`) VALUES (9396, '2022-01-04 15:37:09.494433', '2022-01-04 15:37:09.494433', '河北省', '保定市', '蠡县', '大百尺镇', '安福路溢盈河畔别墅100号');
UPDATE `loan_estate` SET `created_at` = '2022-01-04 15:37:09.494433', `updated_at` = '2022-01-04 15:37:09.494433', `customer_id` = 5836, `address_id` = 9396 WHERE `loan_estate`.`id` = 3471;
INSERT INTO `loan_estate` (`id`, `created_at`, `updated_at`, `customer_id`, `address_id`) VALUES (3471, '2022-01-04 15:37:09.494433', '2022-01-04 15:37:09.494433', 5836, 9396);
UPDATE `loan_account` SET `created_at` = '2022-01-04 22:29:49.075500', `updated_at` = '2022-01-04 22:29:49.075500', `customer_id` = 5836, `number` = '579547460661985084', `balance` = 58354 WHERE `loan_account`.`id` = 5330;
INSERT INTO `loan_account` (`id`, `created_at`, `updated_at`, `customer_id`, `number`, `balance`) VALUES (5330, '2022-01-04 22:29:49.075500', '2022-01-04 22:29:49.075500', 5836, '579547460661985084', 58354);
UPDATE `loan_address` SET `created_at` = '2022-01-04 12:16:27.834161', `updated_at` = '2022-01-04 12:16:27.834161', `province` = '江西省', `city` = '吉安市', `county` = '永丰县', `town` = '潭头乡', `detail` = '宝安公路爱里舍花园67号' WHERE `loan_address`.`id` = 9397;
INSERT INTO `loan_address` (`id`, `created_at`, `updated_at`, `province`, `city`, `county`, `town`, `detail`) VALUES (9397, '2022-01-04 12:16:27.834161', '2022-01-04 12:16:27.834161', '江西省', '吉安市', '永丰县', '潭头乡', '宝安公路爱里舍花园67号');
UPDATE `loan_customer` SET `created_at` = '2022-01-04 12:16:27.834161', `updated_at` = '2022-01-04 12:16:27.834161', `name` = '陈仁', `id_number` = '930286465934953600', `gender` = 'f', `birthday` = '1996-09-10', `address_id` = 9397, `job_id` = 1937, `salary` = 43000 WHERE `loan_customer`.`id` = 5837;
INSERT INTO `loan_customer` (`id`, `created_at`, `updated_at`, `name`, `id_number`, `gender`, `birthday`, `address_id`, `job_id`, `salary`) VALUES (5837, '2022-01-04 12:16:27.834161', '2022-01-04 12:16:27.834161', '陈仁', '930286465934953600', 'f', '1996-09-10', 9397, 1937, 43000);
UPDATE `loan_account` SET `created_at` = '2022-01-04 12:48:22.058715', `updated_at` = '2022-01-04 23:28:25.679032', `customer_id` = 5837, `number` = '593517498063064276', `balance` = 117174 WHERE `loan_account`.`id` = 5331;
INSERT INTO `loan_account` (`id`, `created_at`, `updated_at`, `customer_id`, `number`, `balance`) VALUES (5331, '2022-01-04 12:48:22.058715', '2022-01-04 23:28:25.679032', 5837, '593517498063064276', 117174);
UPDATE `loan_address` SET `created_at` = '2022-01-04 13:41:44.220534', `updated_at` = '2022-01-04 13:41:44.220534', `province` = '安徽省', `city` = '马鞍山市', `county` = '当涂县', `town` = '石桥镇', `detail` = '白水路5号' WHERE `loan_address`.`id` = 9398;
INSERT INTO `loan_address` (`id`, `created_at`, `updated_at`, `province`, `city`, `county`, `town`, `detail`) VALUES (9398, '2022-01-04 13:41:44.220534', '2022-01-04 13:41:44.220534', '安徽省', '马鞍山市', '当涂县', '石桥镇', '白水路5号');
UPDATE `loan_customer` SET `created_at` = '2022-01-04 13:41:44.220534', `updated_at` = '2022-01-04 20:02:48.699488', `name` = '邓天材', `id_number` = '935302294549897252', `gender` = 'm', `birthday` = '2008-10-20', `address_id` = 9398, `job_id` = 1937, `salary` = 4000 WHERE `loan_customer`.`id` = 5838;
INSERT INTO `loan_customer` (`id`, `created_at`, `updated_at`, `name`, `id_number`, `gender`, `birthday`, `address_id`, `job_id`, `salary`) VALUES (5838, '2022-01-04 13:41:44.220534', '2022-01-04 20:02:48.699488', '邓天材', '935302294549897252', 'm', '2008-10-20', 9398, 1937, 4000);
UPDATE `loan_account` SET `created_at` = '2022-01-04 16:48:57.151246', `updated_at` = '2022-01-04 16:48:57.151246', `customer_id` = 5838, `number` = '122222271371374757', `balance` = 24068 WHERE `loan_account`.`id` = 5332;
INSERT INTO `loan_account` (`id`, `created_at`, `updated_at`, `customer_id`, `number`, `balance`) VALUES (5332, '2022-01-04 16:48:57.151246', '2022-01-04 16:48:57.151246', 5838, '122222271371374757', 24068);
UPDATE `loan_address` SET `created_at` = '2022-01-04 19:36:38.039915', `updated_at` = '2022-01-04 19:36:38.039915', `province` = '湖北省', `city` = '武汉市', `county` = '硚口区', `town` = '长丰街道办事处', `detail` = '安远路46号' WHERE `loan_address`.`id` = 9399;
INSERT INTO `loan_address` (`id`, `created_at`, `updated_at`, `province`, `city`, `county`, `town`, `detail`) VALUES (9399, '2022-01-04 19:36:38.039915', '2022-01-04 19:36:38.039915', '湖北省', '武汉市', '硚口区', '长丰街道办事处', '安远路46号');
UPDATE `loan_customer` SET `created_at` = '2022-01-04 19:36:38.039915', `updated_at` = '2022-01-04 23:25:37.773274', `name` = '康三春', `id_number` = '949834082385304994', `gender` = 'f', `birthday` = '2002-08-17', `address_id` = 9399, `job_id` = 1937, `salary` = 59000 WHERE `loan_customer`.`id` = 5839;
INSERT INTO `loan_customer` (`id`, `created_at`, `updated_at`, `name`, `id_number`, `gender`, `birthday`, `address_id`, `job_id`, `salary`) VALUES (5839, '2022-01-04 19:36:38.039915', '2022-01-04 23:25:37.773274', '康三春', '949834082385304994', 'f', '2002-08-17', 9399, 1937, 59000);
UPDATE `loan_address` SET `created_at` = '2022-01-04 20:40:03.047603', `updated_at` = '2022-01-04 20:40:03.047603', `province` = '甘肃省', `city` = '武威市', `county` = '天祝藏族自治县', `town` = '西大滩镇', `detail` = '宝安路东新大厦178号' WHERE `loan_address`.`id` = 9400;
INSERT INTO `loan_address` (`id`, `created_at`, `updated_at`, `province`, `city`, `county`, `town`, `detail`) VALUES (9400, '2022-01-04 20:40:03.047603', '2022-01-04 20:40:03.047603', '甘肃省', '武威市', '天祝藏族自治县', '西大滩镇', '宝安路东新大厦178号');
UPDATE `loan_estate` SET `created_at` = '2022-01-04 20:40:03.047603', `updated_at` = '2022-01-04 20:40:03.047603', `customer_id` = 5839, `address_id` = 9400 WHERE `loan_estate`.`id` = 3472;
INSERT INTO `loan_estate` (`id`, `created_at`, `updated_at`, `customer_id`, `address_id`) VALUES (3472, '2022-01-04 20:40:03.047603', '2022-01-04 20:40:03.047603', 5839, 9400);
UPDATE `loan_car` SET `created_at` = '2022-01-04 21:38:55.581155', `updated_at` = '2022-01-04 21:40:27.902379', `customer_id` = 5839, `model_id` = 100, `vin_number` = '954461202703926984', `date_produced` = '2011-06-22', `value_estimated` = 230000 WHERE `loan_car`.`id` = 4695;
INSERT INTO `loan_car` (`id`, `created_at`, `updated_at`, `customer_id`, `model_id`, `vin_number`, `date_produced`, `value_estimated`) VALUES (4695, '2022-01-04 21:38:55.581155', '2022-01-04 21:40:27.902379', 5839, 100, '954461202703926984', '2011-06-22', 230000);
UPDATE `loan_account` SET `created_at` = '2022-01-04 21:22:57.936946', `updated_at` = '2022-01-04 21:22:57.936946', `customer_id` = 5839, `number` = '605459483383817022', `balance` = 107309 WHERE `loan_account`.`id` = 5333;
INSERT INTO `loan_account` (`id`, `created_at`, `updated_at`, `customer_id`, `number`, `balance`) VALUES (5333, '2022-01-04 21:22:57.936946', '2022-01-04 21:22:57.936946', 5839, '605459483383817022', 107309);
UPDATE `loan_address` SET `created_at` = '2022-01-04 02:49:42.629548', `updated_at` = '2022-01-04 02:49:42.629548', `province` = '山东省', `city` = '潍坊市', `county` = '安丘市', `town` = '金冢子镇', `detail` = '白城路协通公寓152号' WHERE `loan_address`.`id` = 9401;
INSERT INTO `loan_address` (`id`, `created_at`, `updated_at`, `province`, `city`, `county`, `town`, `detail`) VALUES (9401, '2022-01-04 02:49:42.629548', '2022-01-04 02:49:42.629548', '山东省', '潍坊市', '安丘市', '金冢子镇', '白城路协通公寓152号');
UPDATE `loan_customer` SET `created_at` = '2022-01-04 02:49:42.629548', `updated_at` = '2022-01-04 11:16:23.320130', `name` = '吕阳炎', `id_number` = '712199184297815724', `gender` = 'f', `birthday` = '2000-08-19', `address_id` = 9401, `job_id` = 1938, `salary` = 41000 WHERE `loan_customer`.`id` = 5840;
INSERT INTO `loan_customer` (`id`, `created_at`, `updated_at`, `name`, `id_number`, `gender`, `birthday`, `address_id`, `job_id`, `salary`) VALUES (5840, '2022-01-04 02:49:42.629548', '2022-01-04 11:16:23.320130', '吕阳炎', '712199184297815724', 'f', '2000-08-19', 9401, 1938, 41000);
UPDATE `loan_address` SET `created_at` = '2022-01-04 03:09:32.532647', `updated_at` = '2022-01-04 03:09:32.532647', `province` = '新疆维吾尔自治区', `city` = '喀什地区', `county` = '岳普湖县', `town` = '岳普湖县奶牛场', `detail` = '白玉路住友嘉馨名园88号' WHERE `loan_address`.`id` = 9402;
INSERT INTO `loan_address` (`id`, `created_at`, `updated_at`, `province`, `city`, `county`, `town`, `detail`) VALUES (9402, '2022-01-04 03:09:32.532647', '2022-01-04 03:09:32.532647', '新疆维吾尔自治区', '喀什地区', '岳普湖县', '岳普湖县奶牛场', '白玉路住友嘉馨名园88号');
UPDATE `loan_estate` SET `created_at` = '2022-01-04 03:09:32.532647', `updated_at` = '2022-01-04 03:09:32.532647', `customer_id` = 5840, `address_id` = 9402 WHERE `loan_estate`.`id` = 3473;
INSERT INTO `loan_estate` (`id`, `created_at`, `updated_at`, `customer_id`, `address_id`) VALUES (3473, '2022-01-04 03:09:32.532647', '2022-01-04 03:09:32.532647', 5840, 9402);
UPDATE `loan_car` SET `created_at` = '2022-01-04 09:55:00.045802', `updated_at` = '2022-01-04 09:55:00.045802', `customer_id` = 5840, `model_id` = 123, `vin_number` = '513751503037795953', `date_produced` = '2012-06-21', `value_estimated` = 420000 WHERE `loan_car`.`id` = 4696;
INSERT INTO `loan_car` (`id`, `created_at`, `updated_at`, `customer_id`, `model_id`, `vin_number`, `date_produced`, `value_estimated`) VALUES (4696, '2022-01-04 09:55:00.045802', '2022-01-04 09:55:00.045802', 5840, 123, '513751503037795953', '2012-06-21', 420000);
UPDATE `loan_account` SET `created_at` = '2022-01-04 17:15:27.467642', `updated_at` = '2022-01-04 17:15:27.467642', `customer_id` = 5840, `number` = '446103635248584271', `balance` = 74992 WHERE `loan_account`.`id` = 5334;
INSERT INTO `loan_account` (`id`, `created_at`, `updated_at`, `customer_id`, `number`, `balance`) VALUES (5334, '2022-01-04 17:15:27.467642', '2022-01-04 17:15:27.467642', 5840, '446103635248584271', 74992);
UPDATE `loan_address` SET `created_at` = '2022-01-04 21:23:10.698245', `updated_at` = '2022-01-04 21:23:10.698245', `province` = '贵州省', `city` = '贵阳市', `county` = '开阳县', `town` = '花梨镇', `detail` = '宝联路东新大厦94号' WHERE `loan_address`.`id` = 9403;
INSERT INTO `loan_address` (`id`, `created_at`, `updated_at`, `province`, `city`, `county`, `town`, `detail`) VALUES (9403, '2022-01-04 21:23:10.698245', '2022-01-04 21:23:10.698245', '贵州省', '贵阳市', '开阳县', '花梨镇', '宝联路东新大厦94号');
UPDATE `loan_customer` SET `created_at` = '2022-01-04 21:23:10.698245', `updated_at` = '2022-01-04 22:34:22.241598', `name` = '罗亚', `id_number` = '204058412772931319', `gender` = 'm', `birthday` = '2009-05-16', `address_id` = 9403, `job_id` = 1938, `salary` = 6000 WHERE `loan_customer`.`id` = 5841;
INSERT INTO `loan_customer` (`id`, `created_at`, `updated_at`, `name`, `id_number`, `gender`, `birthday`, `address_id`, `job_id`, `salary`) VALUES (5841, '2022-01-04 21:23:10.698245', '2022-01-04 22:34:22.241598', '罗亚', '204058412772931319', 'm', '2009-05-16', 9403, 1938, 6000);
UPDATE `loan_car` SET `created_at` = '2022-01-04 23:02:09.509837', `updated_at` = '2022-01-04 23:46:00.576413', `customer_id` = 5841, `model_id` = 89, `vin_number` = '368287271111760133', `date_produced` = '2015-01-03', `value_estimated` = 210000 WHERE `loan_car`.`id` = 4697;
INSERT INTO `loan_car` (`id`, `created_at`, `updated_at`, `customer_id`, `model_id`, `vin_number`, `date_produced`, `value_estimated`) VALUES (4697, '2022-01-04 23:02:09.509837', '2022-01-04 23:46:00.576413', 5841, 89, '368287271111760133', '2015-01-03', 210000);
UPDATE `loan_account` SET `created_at` = '2022-01-04 21:29:24.221469', `updated_at` = '2022-01-04 21:29:24.221469', `customer_id` = 5841, `number` = '090400222186582659', `balance` = 42546 WHERE `loan_account`.`id` = 5335;
INSERT INTO `loan_account` (`id`, `created_at`, `updated_at`, `customer_id`, `number`, `balance`) VALUES (5335, '2022-01-04 21:29:24.221469', '2022-01-04 21:29:24.221469', 5841, '090400222186582659', 42546);
UPDATE `loan_address` SET `created_at` = '2022-01-04 09:07:18.554277', `updated_at` = '2022-01-04 09:07:18.554277', `province` = '湖南省', `city` = '株洲市', `county` = '芦淞区', `town` = '建设街道', `detail` = '安边路186号' WHERE `loan_address`.`id` = 9404;
INSERT INTO `loan_address` (`id`, `created_at`, `updated_at`, `province`, `city`, `county`, `town`, `detail`) VALUES (9404, '2022-01-04 09:07:18.554277', '2022-01-04 09:07:18.554277', '湖南省', '株洲市', '芦淞区', '建设街道', '安边路186号');
UPDATE `loan_customer` SET `created_at` = '2022-01-04 09:07:18.554277', `updated_at` = '2022-01-04 18:44:22.396255', `name` = '阎候', `id_number` = '829357896643307706', `gender` = 'm', `birthday` = '1988-12-11', `address_id` = 9404, `job_id` = 1939, `salary` = 20000 WHERE `loan_customer`.`id` = 5842;
INSERT INTO `loan_customer` (`id`, `created_at`, `updated_at`, `name`, `id_number`, `gender`, `birthday`, `address_id`, `job_id`, `salary`) VALUES (5842, '2022-01-04 09:07:18.554277', '2022-01-04 18:44:22.396255', '阎候', '829357896643307706', 'm', '1988-12-11', 9404, 1939, 20000);
UPDATE `loan_address` SET `created_at` = '2022-01-04 16:17:46.092510', `updated_at` = '2022-01-04 16:17:46.092510', `province` = '辽宁省', `city` = '鞍山市', `county` = '海城市', `town` = '高坨镇', `detail` = '安化路协通公寓17号' WHERE `loan_address`.`id` = 9405;
INSERT INTO `loan_address` (`id`, `created_at`, `updated_at`, `province`, `city`, `county`, `town`, `detail`) VALUES (9405, '2022-01-04 16:17:46.092510', '2022-01-04 16:17:46.092510', '辽宁省', '鞍山市', '海城市', '高坨镇', '安化路协通公寓17号');
UPDATE `loan_estate` SET `created_at` = '2022-01-04 16:17:46.092510', `updated_at` = '2022-01-04 16:17:46.092510', `customer_id` = 5842, `address_id` = 9405 WHERE `loan_estate`.`id` = 3474;
INSERT INTO `loan_estate` (`id`, `created_at`, `updated_at`, `customer_id`, `address_id`) VALUES (3474, '2022-01-04 16:17:46.092510', '2022-01-04 16:17:46.092510', 5842, 9405);
UPDATE `loan_car` SET `created_at` = '2022-01-04 17:31:11.480678', `updated_at` = '2022-01-04 17:31:11.480678', `customer_id` = 5842, `model_id` = 199, `vin_number` = '861165331847096328', `date_produced` = '2020-04-06', `value_estimated` = 520000 WHERE `loan_car`.`id` = 4698;
INSERT INTO `loan_car` (`id`, `created_at`, `updated_at`, `customer_id`, `model_id`, `vin_number`, `date_produced`, `value_estimated`) VALUES (4698, '2022-01-04 17:31:11.480678', '2022-01-04 17:31:11.480678', 5842, 199, '861165331847096328', '2020-04-06', 520000);
UPDATE `loan_account` SET `created_at` = '2022-01-04 22:06:57.581732', `updated_at` = '2022-01-04 22:06:57.581732', `customer_id` = 5842, `number` = '317908183860782134', `balance` = 4754 WHERE `loan_account`.`id` = 5336;
INSERT INTO `loan_account` (`id`, `created_at`, `updated_at`, `customer_id`, `number`, `balance`) VALUES (5336, '2022-01-04 22:06:57.581732', '2022-01-04 22:06:57.581732', 5842, '317908183860782134', 4754);
UPDATE `loan_address` SET `created_at` = '2022-01-04 01:00:50.966353', `updated_at` = '2022-01-04 01:00:50.966353', `province` = '宁夏回族自治区', `city` = '吴忠市', `county` = '利通区', `town` = '古城镇', `detail` = '澳门路菊园五街坊123号' WHERE `loan_address`.`id` = 9406;
INSERT INTO `loan_address` (`id`, `created_at`, `updated_at`, `province`, `city`, `county`, `town`, `detail`) VALUES (9406, '2022-01-04 01:00:50.966353', '2022-01-04 01:00:50.966353', '宁夏回族自治区', '吴忠市', '利通区', '古城镇', '澳门路菊园五街坊123号');
UPDATE `loan_customer` SET `created_at` = '2022-01-04 01:00:50.966353', `updated_at` = '2022-01-04 02:51:28.658358', `name` = '袁喆', `id_number` = '691073186305534784', `gender` = 'm', `birthday` = '2001-09-05', `address_id` = 9406, `job_id` = 1939, `salary` = 17000 WHERE `loan_customer`.`id` = 5843;
INSERT INTO `loan_customer` (`id`, `created_at`, `updated_at`, `name`, `id_number`, `gender`, `birthday`, `address_id`, `job_id`, `salary`) VALUES (5843, '2022-01-04 01:00:50.966353', '2022-01-04 02:51:28.658358', '袁喆', '691073186305534784', 'm', '2001-09-05', 9406, 1939, 17000);
UPDATE `loan_address` SET `created_at` = '2022-01-04 04:01:37.091435', `updated_at` = '2022-01-04 04:01:37.091435', `province` = '新疆维吾尔自治区', `city` = '乌鲁木齐市', `county` = '乌鲁木齐县', `town` = '水西沟镇', `detail` = '鞍山路博泰新苑193号' WHERE `loan_address`.`id` = 9407;
INSERT INTO `loan_address` (`id`, `created_at`, `updated_at`, `province`, `city`, `county`, `town`, `detail`) VALUES (9407, '2022-01-04 04:01:37.091435', '2022-01-04 04:01:37.091435', '新疆维吾尔自治区', '乌鲁木齐市', '乌鲁木齐县', '水西沟镇', '鞍山路博泰新苑193号');
UPDATE `loan_estate` SET `created_at` = '2022-01-04 04:01:37.091435', `updated_at` = '2022-01-04 11:44:16.278835', `customer_id` = 5843, `address_id` = 9407 WHERE `loan_estate`.`id` = 3475;
INSERT INTO `loan_estate` (`id`, `created_at`, `updated_at`, `customer_id`, `address_id`) VALUES (3475, '2022-01-04 04:01:37.091435', '2022-01-04 11:44:16.278835', 5843, 9407);
UPDATE `loan_car` SET `created_at` = '2022-01-04 02:28:21.858317', `updated_at` = '2022-01-04 02:28:21.858317', `customer_id` = 5843, `model_id` = 143, `vin_number` = '703662138581818448', `date_produced` = '2018-02-15', `value_estimated` = 550000 WHERE `loan_car`.`id` = 4699;
INSERT INTO `loan_car` (`id`, `created_at`, `updated_at`, `customer_id`, `model_id`, `vin_number`, `date_produced`, `value_estimated`) VALUES (4699, '2022-01-04 02:28:21.858317', '2022-01-04 02:28:21.858317', 5843, 143, '703662138581818448', '2018-02-15', 550000);
UPDATE `loan_car` SET `created_at` = '2022-01-04 09:31:02.958319', `updated_at` = '2022-01-04 09:31:02.958319', `customer_id` = 5843, `model_id` = 151, `vin_number` = '776546890644544086', `date_produced` = '2017-10-09', `value_estimated` = 230000 WHERE `loan_car`.`id` = 4700;
INSERT INTO `loan_car` (`id`, `created_at`, `updated_at`, `customer_id`, `model_id`, `vin_number`, `date_produced`, `value_estimated`) VALUES (4700, '2022-01-04 09:31:02.958319', '2022-01-04 09:31:02.958319', 5843, 151, '776546890644544086', '2017-10-09', 230000);
UPDATE `loan_account` SET `created_at` = '2022-01-04 16:56:55.496310', `updated_at` = '2022-01-04 16:56:55.496310', `customer_id` = 5843, `number` = '750000130190126316', `balance` = 0 WHERE `loan_account`.`id` = 5337;
INSERT INTO `loan_account` (`id`, `created_at`, `updated_at`, `customer_id`, `number`, `balance`) VALUES (5337, '2022-01-04 16:56:55.496310', '2022-01-04 16:56:55.496310', 5843, '750000130190126316', 0);
UPDATE `loan_address` SET `created_at` = '2022-01-04 16:47:39.572296', `updated_at` = '2022-01-04 16:47:39.572296', `province` = '广东省', `city` = '梅州市', `county` = '平远县', `town` = '差干镇', `detail` = '白渡路178号' WHERE `loan_address`.`id` = 9408;
INSERT INTO `loan_address` (`id`, `created_at`, `updated_at`, `province`, `city`, `county`, `town`, `detail`) VALUES (9408, '2022-01-04 16:47:39.572296', '2022-01-04 16:47:39.572296', '广东省', '梅州市', '平远县', '差干镇', '白渡路178号');
UPDATE `loan_customer` SET `created_at` = '2022-01-04 16:47:39.572296', `updated_at` = '2022-01-04 23:31:33.066588', `name` = '唐仇', `id_number` = '295211536670305293', `gender` = 'f', `birthday` = '2003-04-17', `address_id` = 9408, `job_id` = 1939, `salary` = 9000 WHERE `loan_customer`.`id` = 5844;
INSERT INTO `loan_customer` (`id`, `created_at`, `updated_at`, `name`, `id_number`, `gender`, `birthday`, `address_id`, `job_id`, `salary`) VALUES (5844, '2022-01-04 16:47:39.572296', '2022-01-04 23:31:33.066588', '唐仇', '295211536670305293', 'f', '2003-04-17', 9408, 1939, 9000);
UPDATE `loan_chattel` SET `created_at` = '2022-01-04 21:42:26.922267', `updated_at` = '2022-01-04 21:42:26.922267', `customer_id` = 5844, `type` = 'bond', `description` = '一些信息', `value_amount` = 20000, `expired_at` = '2031-01-07' WHERE `loan_chattel`.`id` = 1722;
INSERT INTO `loan_chattel` (`id`, `created_at`, `updated_at`, `customer_id`, `type`, `description`, `value_amount`, `expired_at`) VALUES (1722, '2022-01-04 21:42:26.922267', '2022-01-04 21:42:26.922267', 5844, 'bond', '一些信息', 20000, '2031-01-07');
UPDATE `loan_chattel` SET `created_at` = '2022-01-04 21:44:54.202259', `updated_at` = '2022-01-04 21:44:54.202259', `customer_id` = 5844, `type` = 'check', `description` = '一些信息', `value_amount` = 30000, `expired_at` = '2034-09-17' WHERE `loan_chattel`.`id` = 1723;
INSERT INTO `loan_chattel` (`id`, `created_at`, `updated_at`, `customer_id`, `type`, `description`, `value_amount`, `expired_at`) VALUES (1723, '2022-01-04 21:44:54.202259', '2022-01-04 21:44:54.202259', 5844, 'check', '一些信息', 30000, '2034-09-17');
UPDATE `loan_account` SET `created_at` = '2022-01-04 17:21:47.109411', `updated_at` = '2022-01-04 20:38:37.322665', `customer_id` = 5844, `number` = '985892919388558876', `balance` = 91489 WHERE `loan_account`.`id` = 5338;
INSERT INTO `loan_account` (`id`, `created_at`, `updated_at`, `customer_id`, `number`, `balance`) VALUES (5338, '2022-01-04 17:21:47.109411', '2022-01-04 20:38:37.322665', 5844, '985892919388558876', 91489);
UPDATE `loan_address` SET `created_at` = '2022-01-04 05:00:34.923699', `updated_at` = '2022-01-04 05:00:34.923699', `province` = '四川省', `city` = '广安市', `county` = '华蓥市', `town` = '阳和镇', `detail` = '白玉路89号' WHERE `loan_address`.`id` = 9409;
INSERT INTO `loan_address` (`id`, `created_at`, `updated_at`, `province`, `city`, `county`, `town`, `detail`) VALUES (9409, '2022-01-04 05:00:34.923699', '2022-01-04 05:00:34.923699', '四川省', '广安市', '华蓥市', '阳和镇', '白玉路89号');
UPDATE `loan_customer` SET `created_at` = '2022-01-04 05:00:34.923699', `updated_at` = '2022-01-04 14:01:32.754829', `name` = '马俊悟', `id_number` = '896644891074326657', `gender` = 'm', `birthday` = '1995-12-14', `address_id` = 9409, `job_id` = 1939, `salary` = 11000 WHERE `loan_customer`.`id` = 5845;
INSERT INTO `loan_customer` (`id`, `created_at`, `updated_at`, `name`, `id_number`, `gender`, `birthday`, `address_id`, `job_id`, `salary`) VALUES (5845, '2022-01-04 05:00:34.923699', '2022-01-04 14:01:32.754829', '马俊悟', '896644891074326657', 'm', '1995-12-14', 9409, 1939, 11000);
UPDATE `loan_account` SET `created_at` = '2022-01-04 10:11:06.013373', `updated_at` = '2022-01-04 10:11:06.013373', `customer_id` = 5845, `number` = '892653684315668832', `balance` = 32547 WHERE `loan_account`.`id` = 5339;
INSERT INTO `loan_account` (`id`, `created_at`, `updated_at`, `customer_id`, `number`, `balance`) VALUES (5339, '2022-01-04 10:11:06.013373', '2022-01-04 10:11:06.013373', 5845, '892653684315668832', 32547);
UPDATE `loan_address` SET `created_at` = '2022-01-04 13:38:51.582513', `updated_at` = '2022-01-04 13:38:51.582513', `province` = '安徽省', `city` = '蚌埠市', `county` = '怀远县', `town` = '兰桥乡', `detail` = '安波路住友嘉馨名园103号' WHERE `loan_address`.`id` = 9410;
INSERT INTO `loan_address` (`id`, `created_at`, `updated_at`, `province`, `city`, `county`, `town`, `detail`) VALUES (9410, '2022-01-04 13:38:51.582513', '2022-01-04 13:38:51.582513', '安徽省', '蚌埠市', '怀远县', '兰桥乡', '安波路住友嘉馨名园103号');
UPDATE `loan_customer` SET `created_at` = '2022-01-04 13:38:51.582513', `updated_at` = '2022-01-04 13:38:51.582513', `name` = '漕文成', `id_number` = '632480272266345188', `gender` = 'f', `birthday` = '1985-03-22', `address_id` = 9410, `job_id` = 1939, `salary` = 50000 WHERE `loan_customer`.`id` = 5846;
INSERT INTO `loan_customer` (`id`, `created_at`, `updated_at`, `name`, `id_number`, `gender`, `birthday`, `address_id`, `job_id`, `salary`) VALUES (5846, '2022-01-04 13:38:51.582513', '2022-01-04 13:38:51.582513', '漕文成', '632480272266345188', 'f', '1985-03-22', 9410, 1939, 50000);
UPDATE `loan_car` SET `created_at` = '2022-01-04 21:47:17.723587', `updated_at` = '2022-01-04 21:47:17.723587', `customer_id` = 5846, `model_id` = 67, `vin_number` = '016077841993763069', `date_produced` = '2015-10-31', `value_estimated` = 660000 WHERE `loan_car`.`id` = 4701;
INSERT INTO `loan_car` (`id`, `created_at`, `updated_at`, `customer_id`, `model_id`, `vin_number`, `date_produced`, `value_estimated`) VALUES (4701, '2022-01-04 21:47:17.723587', '2022-01-04 21:47:17.723587', 5846, 67, '016077841993763069', '2015-10-31', 660000);
UPDATE `loan_account` SET `created_at` = '2022-01-04 15:53:02.500482', `updated_at` = '2022-01-04 15:53:02.500482', `customer_id` = 5846, `number` = '961579277906801610', `balance` = 56841 WHERE `loan_account`.`id` = 5340;
INSERT INTO `loan_account` (`id`, `created_at`, `updated_at`, `customer_id`, `number`, `balance`) VALUES (5340, '2022-01-04 15:53:02.500482', '2022-01-04 15:53:02.500482', 5846, '961579277906801610', 56841);
UPDATE `loan_address` SET `created_at` = '2022-01-04 08:47:53.215849', `updated_at` = '2022-01-04 08:47:53.215849', `province` = '广东省', `city` = '珠海市', `county` = '斗门区', `town` = '白蕉镇', `detail` = '宝林路73号' WHERE `loan_address`.`id` = 9411;
INSERT INTO `loan_address` (`id`, `created_at`, `updated_at`, `province`, `city`, `county`, `town`, `detail`) VALUES (9411, '2022-01-04 08:47:53.215849', '2022-01-04 08:47:53.215849', '广东省', '珠海市', '斗门区', '白蕉镇', '宝林路73号');
UPDATE `loan_customer` SET `created_at` = '2022-01-04 08:47:53.215849', `updated_at` = '2022-01-04 21:53:52.365904', `name` = '余修永', `id_number` = '425057510122665236', `gender` = 'f', `birthday` = '1998-01-22', `address_id` = 9411, `job_id` = 1940, `salary` = 40000 WHERE `loan_customer`.`id` = 5847;
INSERT INTO `loan_customer` (`id`, `created_at`, `updated_at`, `name`, `id_number`, `gender`, `birthday`, `address_id`, `job_id`, `salary`) VALUES (5847, '2022-01-04 08:47:53.215849', '2022-01-04 21:53:52.365904', '余修永', '425057510122665236', 'f', '1998-01-22', 9411, 1940, 40000);
UPDATE `loan_car` SET `created_at` = '2022-01-04 17:30:58.136842', `updated_at` = '2022-01-04 17:30:58.136842', `customer_id` = 5847, `model_id` = 14, `vin_number` = '608274466479491800', `date_produced` = '2016-11-12', `value_estimated` = 80000 WHERE `loan_car`.`id` = 4702;
INSERT INTO `loan_car` (`id`, `created_at`, `updated_at`, `customer_id`, `model_id`, `vin_number`, `date_produced`, `value_estimated`) VALUES (4702, '2022-01-04 17:30:58.136842', '2022-01-04 17:30:58.136842', 5847, 14, '608274466479491800', '2016-11-12', 80000);
UPDATE `loan_account` SET `created_at` = '2022-01-04 18:07:15.371276', `updated_at` = '2022-01-04 18:07:15.371276', `customer_id` = 5847, `number` = '512395547538518861', `balance` = 102457 WHERE `loan_account`.`id` = 5341;
INSERT INTO `loan_account` (`id`, `created_at`, `updated_at`, `customer_id`, `number`, `balance`) VALUES (5341, '2022-01-04 18:07:15.371276', '2022-01-04 18:07:15.371276', 5847, '512395547538518861', 102457);
UPDATE `loan_address` SET `created_at` = '2022-01-04 21:33:56.394030', `updated_at` = '2022-01-04 21:33:56.394030', `province` = '河北省', `city` = '邯郸市', `county` = '邱县', `town` = '南辛店乡', `detail` = '安福路溢盈河畔别墅41号' WHERE `loan_address`.`id` = 9412;
INSERT INTO `loan_address` (`id`, `created_at`, `updated_at`, `province`, `city`, `county`, `town`, `detail`) VALUES (9412, '2022-01-04 21:33:56.394030', '2022-01-04 21:33:56.394030', '河北省', '邯郸市', '邱县', '南辛店乡', '安福路溢盈河畔别墅41号');
UPDATE `loan_customer` SET `created_at` = '2022-01-04 21:33:56.394030', `updated_at` = '2022-01-04 21:33:56.394030', `name` = '钱高芬', `id_number` = '151066099054426867', `gender` = 'f', `birthday` = '2000-10-19', `address_id` = 9412, `job_id` = 1940, `salary` = 32000 WHERE `loan_customer`.`id` = 5848;
INSERT INTO `loan_customer` (`id`, `created_at`, `updated_at`, `name`, `id_number`, `gender`, `birthday`, `address_id`, `job_id`, `salary`) VALUES (5848, '2022-01-04 21:33:56.394030', '2022-01-04 21:33:56.394030', '钱高芬', '151066099054426867', 'f', '2000-10-19', 9412, 1940, 32000);
UPDATE `loan_address` SET `created_at` = '2022-01-04 22:07:14.682491', `updated_at` = '2022-01-04 22:07:14.682491', `province` = '贵州省', `city` = '黔西南布依族苗族自治州', `county` = '安龙县', `town` = '洒雨镇', `detail` = '白城南路5号' WHERE `loan_address`.`id` = 9413;
INSERT INTO `loan_address` (`id`, `created_at`, `updated_at`, `province`, `city`, `county`, `town`, `detail`) VALUES (9413, '2022-01-04 22:07:14.682491', '2022-01-04 22:07:14.682491', '贵州省', '黔西南布依族苗族自治州', '安龙县', '洒雨镇', '白城南路5号');
UPDATE `loan_estate` SET `created_at` = '2022-01-04 22:07:14.682491', `updated_at` = '2022-01-04 22:07:14.682491', `customer_id` = 5848, `address_id` = 9413 WHERE `loan_estate`.`id` = 3476;
INSERT INTO `loan_estate` (`id`, `created_at`, `updated_at`, `customer_id`, `address_id`) VALUES (3476, '2022-01-04 22:07:14.682491', '2022-01-04 22:07:14.682491', 5848, 9413);
UPDATE `loan_address` SET `created_at` = '2022-01-04 23:42:35.068976', `updated_at` = '2022-01-04 23:42:35.068976', `province` = '贵州省', `city` = '贵阳市', `county` = '开阳县', `town` = '花梨镇', `detail` = '安图路88号' WHERE `loan_address`.`id` = 9414;
INSERT INTO `loan_address` (`id`, `created_at`, `updated_at`, `province`, `city`, `county`, `town`, `detail`) VALUES (9414, '2022-01-04 23:42:35.068976', '2022-01-04 23:42:35.068976', '贵州省', '贵阳市', '开阳县', '花梨镇', '安图路88号');
UPDATE `loan_estate` SET `created_at` = '2022-01-04 23:42:35.068976', `updated_at` = '2022-01-04 23:42:35.068976', `customer_id` = 5848, `address_id` = 9414 WHERE `loan_estate`.`id` = 3477;
INSERT INTO `loan_estate` (`id`, `created_at`, `updated_at`, `customer_id`, `address_id`) VALUES (3477, '2022-01-04 23:42:35.068976', '2022-01-04 23:42:35.068976', 5848, 9414);
UPDATE `loan_car` SET `created_at` = '2022-01-04 22:35:15.128592', `updated_at` = '2022-01-04 23:59:34.667830', `customer_id` = 5848, `model_id` = 192, `vin_number` = '303023774806210213', `date_produced` = '2016-09-27', `value_estimated` = 360000 WHERE `loan_car`.`id` = 4703;
INSERT INTO `loan_car` (`id`, `created_at`, `updated_at`, `customer_id`, `model_id`, `vin_number`, `date_produced`, `value_estimated`) VALUES (4703, '2022-01-04 22:35:15.128592', '2022-01-04 23:59:34.667830', 5848, 192, '303023774806210213', '2016-09-27', 360000);
UPDATE `loan_address` SET `created_at` = '2022-01-04 03:46:34.077551', `updated_at` = '2022-01-04 03:46:34.077551', `province` = '河南省', `city` = '漯河市', `county` = '临颍县', `town` = '窝城镇', `detail` = '安福路复华城市花园191号' WHERE `loan_address`.`id` = 9415;
INSERT INTO `loan_address` (`id`, `created_at`, `updated_at`, `province`, `city`, `county`, `town`, `detail`) VALUES (9415, '2022-01-04 03:46:34.077551', '2022-01-04 03:46:34.077551', '河南省', '漯河市', '临颍县', '窝城镇', '安福路复华城市花园191号');
UPDATE `loan_customer` SET `created_at` = '2022-01-04 03:46:34.077551', `updated_at` = '2022-01-04 03:46:34.077551', `name` = '侯尔雅', `id_number` = '770160040818969796', `gender` = 'm', `birthday` = '2009-11-30', `address_id` = 9415, `job_id` = 1941, `salary` = 32000 WHERE `loan_customer`.`id` = 5849;
INSERT INTO `loan_customer` (`id`, `created_at`, `updated_at`, `name`, `id_number`, `gender`, `birthday`, `address_id`, `job_id`, `salary`) VALUES (5849, '2022-01-04 03:46:34.077551', '2022-01-04 03:46:34.077551', '侯尔雅', '770160040818969796', 'm', '2009-11-30', 9415, 1941, 32000);
UPDATE `loan_account` SET `created_at` = '2022-01-04 09:01:48.379992', `updated_at` = '2022-01-04 09:01:48.379992', `customer_id` = 5849, `number` = '466948996010285578', `balance` = 21925 WHERE `loan_account`.`id` = 5342;
INSERT INTO `loan_account` (`id`, `created_at`, `updated_at`, `customer_id`, `number`, `balance`) VALUES (5342, '2022-01-04 09:01:48.379992', '2022-01-04 09:01:48.379992', 5849, '466948996010285578', 21925);
UPDATE `loan_address` SET `created_at` = '2022-01-04 08:19:40.131659', `updated_at` = '2022-01-04 08:19:40.131659', `province` = '辽宁省', `city` = '辽阳市', `county` = '灯塔市', `town` = '西马峰镇', `detail` = '澳门路耀江花园81号' WHERE `loan_address`.`id` = 9416;
INSERT INTO `loan_address` (`id`, `created_at`, `updated_at`, `province`, `city`, `county`, `town`, `detail`) VALUES (9416, '2022-01-04 08:19:40.131659', '2022-01-04 08:19:40.131659', '辽宁省', '辽阳市', '灯塔市', '西马峰镇', '澳门路耀江花园81号');
UPDATE `loan_customer` SET `created_at` = '2022-01-04 08:19:40.131659', `updated_at` = '2022-01-04 16:19:17.335104', `name` = '邹眉', `id_number` = '289699188373879747', `gender` = 'm', `birthday` = '1987-05-09', `address_id` = 9416, `job_id` = 1941, `salary` = 2000 WHERE `loan_customer`.`id` = 5850;
INSERT INTO `loan_customer` (`id`, `created_at`, `updated_at`, `name`, `id_number`, `gender`, `birthday`, `address_id`, `job_id`, `salary`) VALUES (5850, '2022-01-04 08:19:40.131659', '2022-01-04 16:19:17.335104', '邹眉', '289699188373879747', 'm', '1987-05-09', 9416, 1941, 2000);
UPDATE `loan_address` SET `created_at` = '2022-01-04 13:20:26.054032', `updated_at` = '2022-01-04 13:20:26.054032', `province` = '福建省', `city` = '泉州市', `county` = '永春县', `town` = '湖洋镇', `detail` = '安国路121号' WHERE `loan_address`.`id` = 9417;
INSERT INTO `loan_address` (`id`, `created_at`, `updated_at`, `province`, `city`, `county`, `town`, `detail`) VALUES (9417, '2022-01-04 13:20:26.054032', '2022-01-04 13:20:26.054032', '福建省', '泉州市', '永春县', '湖洋镇', '安国路121号');
UPDATE `loan_estate` SET `created_at` = '2022-01-04 13:20:26.054032', `updated_at` = '2022-01-04 13:20:26.054032', `customer_id` = 5850, `address_id` = 9417 WHERE `loan_estate`.`id` = 3478;
INSERT INTO `loan_estate` (`id`, `created_at`, `updated_at`, `customer_id`, `address_id`) VALUES (3478, '2022-01-04 13:20:26.054032', '2022-01-04 13:20:26.054032', 5850, 9417);
UPDATE `loan_address` SET `created_at` = '2022-01-04 15:32:27.553154', `updated_at` = '2022-01-04 15:32:27.553154', `province` = '四川省', `city` = '内江市', `county` = '东兴区', `town` = '西林街道', `detail` = '安图路金色家园44号' WHERE `loan_address`.`id` = 9418;
INSERT INTO `loan_address` (`id`, `created_at`, `updated_at`, `province`, `city`, `county`, `town`, `detail`) VALUES (9418, '2022-01-04 15:32:27.553154', '2022-01-04 15:32:27.553154', '四川省', '内江市', '东兴区', '西林街道', '安图路金色家园44号');
UPDATE `loan_estate` SET `created_at` = '2022-01-04 15:32:27.553154', `updated_at` = '2022-01-04 15:32:27.553154', `customer_id` = 5850, `address_id` = 9418 WHERE `loan_estate`.`id` = 3479;
INSERT INTO `loan_estate` (`id`, `created_at`, `updated_at`, `customer_id`, `address_id`) VALUES (3479, '2022-01-04 15:32:27.553154', '2022-01-04 15:32:27.553154', 5850, 9418);
UPDATE `loan_address` SET `created_at` = '2022-01-04 08:54:07.265488', `updated_at` = '2022-01-04 08:54:07.265488', `province` = '辽宁省', `city` = '沈阳市', `county` = '新民市', `town` = '姚堡乡', `detail` = '宝通路耀江花园122号' WHERE `loan_address`.`id` = 9419;
INSERT INTO `loan_address` (`id`, `created_at`, `updated_at`, `province`, `city`, `county`, `town`, `detail`) VALUES (9419, '2022-01-04 08:54:07.265488', '2022-01-04 08:54:07.265488', '辽宁省', '沈阳市', '新民市', '姚堡乡', '宝通路耀江花园122号');
UPDATE `loan_customer` SET `created_at` = '2022-01-04 08:54:07.265488', `updated_at` = '2022-01-04 10:48:30.039449', `name` = '龚毓', `id_number` = '966408186219321488', `gender` = 'm', `birthday` = '2005-06-07', `address_id` = 9419, `job_id` = 1942, `salary` = 16000 WHERE `loan_customer`.`id` = 5851;
INSERT INTO `loan_customer` (`id`, `created_at`, `updated_at`, `name`, `id_number`, `gender`, `birthday`, `address_id`, `job_id`, `salary`) VALUES (5851, '2022-01-04 08:54:07.265488', '2022-01-04 10:48:30.039449', '龚毓', '966408186219321488', 'm', '2005-06-07', 9419, 1942, 16000);
UPDATE `loan_chattel` SET `created_at` = '2022-01-04 11:16:26.167967', `updated_at` = '2022-01-04 11:16:26.167967', `customer_id` = 5851, `type` = 'fund', `description` = '一些信息', `value_amount` = 110000, `expired_at` = '2032-08-10' WHERE `loan_chattel`.`id` = 1724;
INSERT INTO `loan_chattel` (`id`, `created_at`, `updated_at`, `customer_id`, `type`, `description`, `value_amount`, `expired_at`) VALUES (1724, '2022-01-04 11:16:26.167967', '2022-01-04 11:16:26.167967', 5851, 'fund', '一些信息', 110000, '2032-08-10');
UPDATE `loan_address` SET `created_at` = '2022-01-04 11:05:12.715071', `updated_at` = '2022-01-04 11:05:12.715071', `province` = '山东省', `city` = '潍坊市', `county` = '寿光市', `town` = '洛城街道办事处', `detail` = '鞍山支路和亭佳苑38号' WHERE `loan_address`.`id` = 9420;
INSERT INTO `loan_address` (`id`, `created_at`, `updated_at`, `province`, `city`, `county`, `town`, `detail`) VALUES (9420, '2022-01-04 11:05:12.715071', '2022-01-04 11:05:12.715071', '山东省', '潍坊市', '寿光市', '洛城街道办事处', '鞍山支路和亭佳苑38号');
UPDATE `loan_estate` SET `created_at` = '2022-01-04 11:05:12.715071', `updated_at` = '2022-01-04 11:05:12.715071', `customer_id` = 5851, `address_id` = 9420 WHERE `loan_estate`.`id` = 3480;
INSERT INTO `loan_estate` (`id`, `created_at`, `updated_at`, `customer_id`, `address_id`) VALUES (3480, '2022-01-04 11:05:12.715071', '2022-01-04 11:05:12.715071', 5851, 9420);
UPDATE `loan_account` SET `created_at` = '2022-01-04 13:58:21.703662', `updated_at` = '2022-01-04 17:22:14.832243', `customer_id` = 5851, `number` = '854396887464664421', `balance` = 92580 WHERE `loan_account`.`id` = 5343;
INSERT INTO `loan_account` (`id`, `created_at`, `updated_at`, `customer_id`, `number`, `balance`) VALUES (5343, '2022-01-04 13:58:21.703662', '2022-01-04 17:22:14.832243', 5851, '854396887464664421', 92580);
UPDATE `loan_address` SET `created_at` = '2022-01-04 22:31:20.619218', `updated_at` = '2022-01-04 22:31:20.619218', `province` = '安徽省', `city` = '六安市', `county` = '霍邱县', `town` = '临淮岗乡', `detail` = '安图路44号' WHERE `loan_address`.`id` = 9421;
INSERT INTO `loan_address` (`id`, `created_at`, `updated_at`, `province`, `city`, `county`, `town`, `detail`) VALUES (9421, '2022-01-04 22:31:20.619218', '2022-01-04 22:31:20.619218', '安徽省', '六安市', '霍邱县', '临淮岗乡', '安图路44号');
UPDATE `loan_customer` SET `created_at` = '2022-01-04 22:31:20.619218', `updated_at` = '2022-01-04 22:31:20.619218', `name` = '徐阳晖', `id_number` = '018732998442627745', `gender` = 'm', `birthday` = '1984-06-20', `address_id` = 9421, `job_id` = 1942, `salary` = 49000 WHERE `loan_customer`.`id` = 5852;
INSERT INTO `loan_customer` (`id`, `created_at`, `updated_at`, `name`, `id_number`, `gender`, `birthday`, `address_id`, `job_id`, `salary`) VALUES (5852, '2022-01-04 22:31:20.619218', '2022-01-04 22:31:20.619218', '徐阳晖', '018732998442627745', 'm', '1984-06-20', 9421, 1942, 49000);
UPDATE `loan_car` SET `created_at` = '2022-01-04 23:06:34.087364', `updated_at` = '2022-01-04 23:06:34.087364', `customer_id` = 5852, `model_id` = 174, `vin_number` = '943570552138910500', `date_produced` = '2010-01-04', `value_estimated` = 40000 WHERE `loan_car`.`id` = 4704;
INSERT INTO `loan_car` (`id`, `created_at`, `updated_at`, `customer_id`, `model_id`, `vin_number`, `date_produced`, `value_estimated`) VALUES (4704, '2022-01-04 23:06:34.087364', '2022-01-04 23:06:34.087364', 5852, 174, '943570552138910500', '2010-01-04', 40000);
UPDATE `loan_account` SET `created_at` = '2022-01-04 23:20:02.865919', `updated_at` = '2022-01-04 23:20:02.865919', `customer_id` = 5852, `number` = '953848696441894613', `balance` = 60922 WHERE `loan_account`.`id` = 5344;
INSERT INTO `loan_account` (`id`, `created_at`, `updated_at`, `customer_id`, `number`, `balance`) VALUES (5344, '2022-01-04 23:20:02.865919', '2022-01-04 23:20:02.865919', 5852, '953848696441894613', 60922);
UPDATE `loan_address` SET `created_at` = '2022-01-04 07:09:41.814297', `updated_at` = '2022-01-04 07:09:41.814297', `province` = '内蒙古自治区', `city` = '呼伦贝尔市', `county` = '新巴尔虎左旗', `town` = '阿木古郎镇', `detail` = '澳门路金色家园4号' WHERE `loan_address`.`id` = 9422;
INSERT INTO `loan_address` (`id`, `created_at`, `updated_at`, `province`, `city`, `county`, `town`, `detail`) VALUES (9422, '2022-01-04 07:09:41.814297', '2022-01-04 07:09:41.814297', '内蒙古自治区', '呼伦贝尔市', '新巴尔虎左旗', '阿木古郎镇', '澳门路金色家园4号');
UPDATE `loan_customer` SET `created_at` = '2022-01-04 07:09:41.814297', `updated_at` = '2022-01-04 07:09:41.814297', `name` = '阎晶婧', `id_number` = '285768899169448488', `gender` = 'f', `birthday` = '2008-12-07', `address_id` = 9422, `job_id` = 1942, `salary` = 45000 WHERE `loan_customer`.`id` = 5853;
INSERT INTO `loan_customer` (`id`, `created_at`, `updated_at`, `name`, `id_number`, `gender`, `birthday`, `address_id`, `job_id`, `salary`) VALUES (5853, '2022-01-04 07:09:41.814297', '2022-01-04 07:09:41.814297', '阎晶婧', '285768899169448488', 'f', '2008-12-07', 9422, 1942, 45000);
UPDATE `loan_address` SET `created_at` = '2022-01-04 16:37:11.131296', `updated_at` = '2022-01-04 16:37:11.131296', `province` = '甘肃省', `city` = '临夏回族自治州', `county` = '广河县', `town` = '官坊乡', `detail` = '北艾路30号' WHERE `loan_address`.`id` = 9423;
INSERT INTO `loan_address` (`id`, `created_at`, `updated_at`, `province`, `city`, `county`, `town`, `detail`) VALUES (9423, '2022-01-04 16:37:11.131296', '2022-01-04 16:37:11.131296', '甘肃省', '临夏回族自治州', '广河县', '官坊乡', '北艾路30号');
UPDATE `loan_estate` SET `created_at` = '2022-01-04 16:37:11.131296', `updated_at` = '2022-01-04 23:02:27.631692', `customer_id` = 5853, `address_id` = 9423 WHERE `loan_estate`.`id` = 3481;
INSERT INTO `loan_estate` (`id`, `created_at`, `updated_at`, `customer_id`, `address_id`) VALUES (3481, '2022-01-04 16:37:11.131296', '2022-01-04 23:02:27.631692', 5853, 9423);
UPDATE `loan_address` SET `created_at` = '2022-01-04 11:33:36.664948', `updated_at` = '2022-01-04 11:33:36.664948', `province` = '黑龙江省', `city` = '哈尔滨市', `county` = '五常市', `town` = '山河屯林业局', `detail` = '安福路92号' WHERE `loan_address`.`id` = 9424;
INSERT INTO `loan_address` (`id`, `created_at`, `updated_at`, `province`, `city`, `county`, `town`, `detail`) VALUES (9424, '2022-01-04 11:33:36.664948', '2022-01-04 11:33:36.664948', '黑龙江省', '哈尔滨市', '五常市', '山河屯林业局', '安福路92号');
UPDATE `loan_estate` SET `created_at` = '2022-01-04 11:33:36.664948', `updated_at` = '2022-01-04 11:33:36.664948', `customer_id` = 5853, `address_id` = 9424 WHERE `loan_estate`.`id` = 3482;
INSERT INTO `loan_estate` (`id`, `created_at`, `updated_at`, `customer_id`, `address_id`) VALUES (3482, '2022-01-04 11:33:36.664948', '2022-01-04 11:33:36.664948', 5853, 9424);
UPDATE `loan_car` SET `created_at` = '2022-01-04 21:14:02.581167', `updated_at` = '2022-01-04 22:36:27.644250', `customer_id` = 5853, `model_id` = 19, `vin_number` = '982711936239098238', `date_produced` = '2019-08-26', `value_estimated` = 330000 WHERE `loan_car`.`id` = 4705;
INSERT INTO `loan_car` (`id`, `created_at`, `updated_at`, `customer_id`, `model_id`, `vin_number`, `date_produced`, `value_estimated`) VALUES (4705, '2022-01-04 21:14:02.581167', '2022-01-04 22:36:27.644250', 5853, 19, '982711936239098238', '2019-08-26', 330000);
UPDATE `loan_account` SET `created_at` = '2022-01-04 22:50:26.447512', `updated_at` = '2022-01-04 23:40:31.835891', `customer_id` = 5853, `number` = '126265768801945482', `balance` = 0 WHERE `loan_account`.`id` = 5345;
INSERT INTO `loan_account` (`id`, `created_at`, `updated_at`, `customer_id`, `number`, `balance`) VALUES (5345, '2022-01-04 22:50:26.447512', '2022-01-04 23:40:31.835891', 5853, '126265768801945482', 0);
UPDATE `loan_address` SET `created_at` = '2022-01-04 18:55:00.773216', `updated_at` = '2022-01-04 18:55:00.773216', `province` = '山东省', `city` = '潍坊市', `county` = '寿光市', `town` = '洛城街道办事处', `detail` = '白渡桥58号' WHERE `loan_address`.`id` = 9425;
INSERT INTO `loan_address` (`id`, `created_at`, `updated_at`, `province`, `city`, `county`, `town`, `detail`) VALUES (9425, '2022-01-04 18:55:00.773216', '2022-01-04 18:55:00.773216', '山东省', '潍坊市', '寿光市', '洛城街道办事处', '白渡桥58号');
UPDATE `loan_customer` SET `created_at` = '2022-01-04 18:55:00.773216', `updated_at` = '2022-01-04 19:47:52.801105', `name` = '赖黛', `id_number` = '802618767301750745', `gender` = 'f', `birthday` = '2003-01-16', `address_id` = 9425, `job_id` = 1943, `salary` = 16000 WHERE `loan_customer`.`id` = 5854;
INSERT INTO `loan_customer` (`id`, `created_at`, `updated_at`, `name`, `id_number`, `gender`, `birthday`, `address_id`, `job_id`, `salary`) VALUES (5854, '2022-01-04 18:55:00.773216', '2022-01-04 19:47:52.801105', '赖黛', '802618767301750745', 'f', '2003-01-16', 9425, 1943, 16000);
UPDATE `loan_chattel` SET `created_at` = '2022-01-04 19:41:26.484841', `updated_at` = '2022-01-04 19:41:26.484841', `customer_id` = 5854, `type` = 'receivable', `description` = '一些信息', `value_amount` = 20000, `expired_at` = '2027-10-20' WHERE `loan_chattel`.`id` = 1725;
INSERT INTO `loan_chattel` (`id`, `created_at`, `updated_at`, `customer_id`, `type`, `description`, `value_amount`, `expired_at`) VALUES (1725, '2022-01-04 19:41:26.484841', '2022-01-04 19:41:26.484841', 5854, 'receivable', '一些信息', 20000, '2027-10-20');
UPDATE `loan_car` SET `created_at` = '2022-01-04 21:13:02.696392', `updated_at` = '2022-01-04 22:53:20.519841', `customer_id` = 5854, `model_id` = 68, `vin_number` = '910909447791268536', `date_produced` = '2013-05-19', `value_estimated` = 70000 WHERE `loan_car`.`id` = 4706;
INSERT INTO `loan_car` (`id`, `created_at`, `updated_at`, `customer_id`, `model_id`, `vin_number`, `date_produced`, `value_estimated`) VALUES (4706, '2022-01-04 21:13:02.696392', '2022-01-04 22:53:20.519841', 5854, 68, '910909447791268536', '2013-05-19', 70000);
UPDATE `loan_address` SET `created_at` = '2022-01-04 07:34:22.454407', `updated_at` = '2022-01-04 07:34:22.454407', `province` = '新疆维吾尔自治区', `city` = '阿勒泰地区', `county` = '布尔津县', `town` = '也格孜托别乡', `detail` = '保屯路金色家园26号' WHERE `loan_address`.`id` = 9426;
INSERT INTO `loan_address` (`id`, `created_at`, `updated_at`, `province`, `city`, `county`, `town`, `detail`) VALUES (9426, '2022-01-04 07:34:22.454407', '2022-01-04 07:34:22.454407', '新疆维吾尔自治区', '阿勒泰地区', '布尔津县', '也格孜托别乡', '保屯路金色家园26号');
UPDATE `loan_customer` SET `created_at` = '2022-01-04 07:34:22.454407', `updated_at` = '2022-01-04 09:27:58.375237', `name` = '沈季同', `id_number` = '288101436761881791', `gender` = 'f', `birthday` = '1989-10-26', `address_id` = 9426, `job_id` = 1944, `salary` = 52000 WHERE `loan_customer`.`id` = 5855;
INSERT INTO `loan_customer` (`id`, `created_at`, `updated_at`, `name`, `id_number`, `gender`, `birthday`, `address_id`, `job_id`, `salary`) VALUES (5855, '2022-01-04 07:34:22.454407', '2022-01-04 09:27:58.375237', '沈季同', '288101436761881791', 'f', '1989-10-26', 9426, 1944, 52000);
UPDATE `loan_chattel` SET `created_at` = '2022-01-04 14:42:56.558488', `updated_at` = '2022-01-04 14:42:56.558488', `customer_id` = 5855, `type` = 'deposit', `description` = '一些信息', `value_amount` = 330000, `expired_at` = '2023-08-06' WHERE `loan_chattel`.`id` = 1726;
INSERT INTO `loan_chattel` (`id`, `created_at`, `updated_at`, `customer_id`, `type`, `description`, `value_amount`, `expired_at`) VALUES (1726, '2022-01-04 14:42:56.558488', '2022-01-04 14:42:56.558488', 5855, 'deposit', '一些信息', 330000, '2023-08-06');
UPDATE `loan_chattel` SET `created_at` = '2022-01-04 08:49:34.895703', `updated_at` = '2022-01-04 14:35:11.918128', `customer_id` = 5855, `type` = 'receivable', `description` = '一些信息', `value_amount` = 70000, `expired_at` = '2026-11-14' WHERE `loan_chattel`.`id` = 1727;
INSERT INTO `loan_chattel` (`id`, `created_at`, `updated_at`, `customer_id`, `type`, `description`, `value_amount`, `expired_at`) VALUES (1727, '2022-01-04 08:49:34.895703', '2022-01-04 14:35:11.918128', 5855, 'receivable', '一些信息', 70000, '2026-11-14');
UPDATE `loan_car` SET `created_at` = '2022-01-04 14:14:39.358508', `updated_at` = '2022-01-04 14:14:39.358508', `customer_id` = 5855, `model_id` = 45, `vin_number` = '074097088574018658', `date_produced` = '2018-10-09', `value_estimated` = 310000 WHERE `loan_car`.`id` = 4707;
INSERT INTO `loan_car` (`id`, `created_at`, `updated_at`, `customer_id`, `model_id`, `vin_number`, `date_produced`, `value_estimated`) VALUES (4707, '2022-01-04 14:14:39.358508', '2022-01-04 14:14:39.358508', 5855, 45, '074097088574018658', '2018-10-09', 310000);
UPDATE `loan_account` SET `created_at` = '2022-01-04 10:12:29.626309', `updated_at` = '2022-01-04 18:56:21.312100', `customer_id` = 5855, `number` = '425870790112581388', `balance` = 87850 WHERE `loan_account`.`id` = 5346;
INSERT INTO `loan_account` (`id`, `created_at`, `updated_at`, `customer_id`, `number`, `balance`) VALUES (5346, '2022-01-04 10:12:29.626309', '2022-01-04 18:56:21.312100', 5855, '425870790112581388', 87850);
UPDATE `loan_address` SET `created_at` = '2022-01-04 02:39:21.482482', `updated_at` = '2022-01-04 02:39:21.482482', `province` = '山西省', `city` = '大同市', `county` = '广灵县', `town` = '加斗乡', `detail` = '宝祁路和亭佳苑93号' WHERE `loan_address`.`id` = 9427;
INSERT INTO `loan_address` (`id`, `created_at`, `updated_at`, `province`, `city`, `county`, `town`, `detail`) VALUES (9427, '2022-01-04 02:39:21.482482', '2022-01-04 02:39:21.482482', '山西省', '大同市', '广灵县', '加斗乡', '宝祁路和亭佳苑93号');
UPDATE `loan_customer` SET `created_at` = '2022-01-04 02:39:21.482482', `updated_at` = '2022-01-04 12:28:12.971020', `name` = '钱阳德', `id_number` = '696947114126444484', `gender` = 'f', `birthday` = '1994-09-02', `address_id` = 9427, `job_id` = 1944, `salary` = 21000 WHERE `loan_customer`.`id` = 5856;
INSERT INTO `loan_customer` (`id`, `created_at`, `updated_at`, `name`, `id_number`, `gender`, `birthday`, `address_id`, `job_id`, `salary`) VALUES (5856, '2022-01-04 02:39:21.482482', '2022-01-04 12:28:12.971020', '钱阳德', '696947114126444484', 'f', '1994-09-02', 9427, 1944, 21000);
UPDATE `loan_chattel` SET `created_at` = '2022-01-04 19:45:18.961424', `updated_at` = '2022-01-04 19:45:18.961424', `customer_id` = 5856, `type` = 'promissory_note', `description` = '一些信息', `value_amount` = 20000, `expired_at` = '2022-05-10' WHERE `loan_chattel`.`id` = 1728;
INSERT INTO `loan_chattel` (`id`, `created_at`, `updated_at`, `customer_id`, `type`, `description`, `value_amount`, `expired_at`) VALUES (1728, '2022-01-04 19:45:18.961424', '2022-01-04 19:45:18.961424', 5856, 'promissory_note', '一些信息', 20000, '2022-05-10');
UPDATE `loan_account` SET `created_at` = '2022-01-04 16:51:45.159735', `updated_at` = '2022-01-04 16:51:45.159735', `customer_id` = 5856, `number` = '123154467341135343', `balance` = 34865 WHERE `loan_account`.`id` = 5347;
INSERT INTO `loan_account` (`id`, `created_at`, `updated_at`, `customer_id`, `number`, `balance`) VALUES (5347, '2022-01-04 16:51:45.159735', '2022-01-04 16:51:45.159735', 5856, '123154467341135343', 34865);
UPDATE `loan_address` SET `created_at` = '2022-01-04 14:23:18.865431', `updated_at` = '2022-01-04 14:23:18.865431', `province` = '山西省', `city` = '大同市', `county` = '广灵县', `town` = '加斗乡', `detail` = '宝联路83号' WHERE `loan_address`.`id` = 9428;
INSERT INTO `loan_address` (`id`, `created_at`, `updated_at`, `province`, `city`, `county`, `town`, `detail`) VALUES (9428, '2022-01-04 14:23:18.865431', '2022-01-04 14:23:18.865431', '山西省', '大同市', '广灵县', '加斗乡', '宝联路83号');
UPDATE `loan_customer` SET `created_at` = '2022-01-04 14:23:18.865431', `updated_at` = '2022-01-04 15:15:57.215837', `name` = '董雅艳', `id_number` = '229570265305894116', `gender` = 'f', `birthday` = '2007-06-20', `address_id` = 9428, `job_id` = 1944, `salary` = 20000 WHERE `loan_customer`.`id` = 5857;
INSERT INTO `loan_customer` (`id`, `created_at`, `updated_at`, `name`, `id_number`, `gender`, `birthday`, `address_id`, `job_id`, `salary`) VALUES (5857, '2022-01-04 14:23:18.865431', '2022-01-04 15:15:57.215837', '董雅艳', '229570265305894116', 'f', '2007-06-20', 9428, 1944, 20000);
UPDATE `loan_car` SET `created_at` = '2022-01-04 16:52:30.242342', `updated_at` = '2022-01-04 18:51:34.034839', `customer_id` = 5857, `model_id` = 16, `vin_number` = '153981166582193118', `date_produced` = '2020-01-01', `value_estimated` = 460000 WHERE `loan_car`.`id` = 4708;
INSERT INTO `loan_car` (`id`, `created_at`, `updated_at`, `customer_id`, `model_id`, `vin_number`, `date_produced`, `value_estimated`) VALUES (4708, '2022-01-04 16:52:30.242342', '2022-01-04 18:51:34.034839', 5857, 16, '153981166582193118', '2020-01-01', 460000);
UPDATE `loan_address` SET `created_at` = '2022-01-04 23:56:32.317453', `updated_at` = '2022-01-04 23:56:32.317453', `province` = '安徽省', `city` = '池州市', `county` = '青阳县', `town` = '青阳县开发区', `detail` = '安福路9号' WHERE `loan_address`.`id` = 9429;
INSERT INTO `loan_address` (`id`, `created_at`, `updated_at`, `province`, `city`, `county`, `town`, `detail`) VALUES (9429, '2022-01-04 23:56:32.317453', '2022-01-04 23:56:32.317453', '安徽省', '池州市', '青阳县', '青阳县开发区', '安福路9号');
UPDATE `loan_customer` SET `created_at` = '2022-01-04 23:56:32.317453', `updated_at` = '2022-01-04 23:58:20.256952', `name` = '杨欣可', `id_number` = '477908510089265392', `gender` = 'm', `birthday` = '1998-07-24', `address_id` = 9429, `job_id` = 1944, `salary` = 2000 WHERE `loan_customer`.`id` = 5858;
INSERT INTO `loan_customer` (`id`, `created_at`, `updated_at`, `name`, `id_number`, `gender`, `birthday`, `address_id`, `job_id`, `salary`) VALUES (5858, '2022-01-04 23:56:32.317453', '2022-01-04 23:58:20.256952', '杨欣可', '477908510089265392', 'm', '1998-07-24', 9429, 1944, 2000);
UPDATE `loan_car` SET `created_at` = '2022-01-04 23:59:43.981097', `updated_at` = '2022-01-04 23:59:43.981097', `customer_id` = 5858, `model_id` = 94, `vin_number` = '714757461559807890', `date_produced` = '2021-04-21', `value_estimated` = 250000 WHERE `loan_car`.`id` = 4709;
INSERT INTO `loan_car` (`id`, `created_at`, `updated_at`, `customer_id`, `model_id`, `vin_number`, `date_produced`, `value_estimated`) VALUES (4709, '2022-01-04 23:59:43.981097', '2022-01-04 23:59:43.981097', 5858, 94, '714757461559807890', '2021-04-21', 250000);
UPDATE `loan_account` SET `created_at` = '2022-01-04 23:56:49.666192', `updated_at` = '2022-01-04 23:58:30.552676', `customer_id` = 5858, `number` = '765811258358327318', `balance` = 3166 WHERE `loan_account`.`id` = 5348;
INSERT INTO `loan_account` (`id`, `created_at`, `updated_at`, `customer_id`, `number`, `balance`) VALUES (5348, '2022-01-04 23:56:49.666192', '2022-01-04 23:58:30.552676', 5858, '765811258358327318', 3166);
UPDATE `loan_address` SET `created_at` = '2022-01-04 15:00:12.874357', `updated_at` = '2022-01-04 15:00:12.874357', `province` = '四川省', `city` = '凉山彝族自治州', `county` = '冕宁县', `town` = '腊窝乡', `detail` = '百官街68号' WHERE `loan_address`.`id` = 9430;
INSERT INTO `loan_address` (`id`, `created_at`, `updated_at`, `province`, `city`, `county`, `town`, `detail`) VALUES (9430, '2022-01-04 15:00:12.874357', '2022-01-04 15:00:12.874357', '四川省', '凉山彝族自治州', '冕宁县', '腊窝乡', '百官街68号');
UPDATE `loan_customer` SET `created_at` = '2022-01-04 15:00:12.874357', `updated_at` = '2022-01-04 22:38:47.512852', `name` = '崔姝', `id_number` = '807024721534416812', `gender` = 'm', `birthday` = '1991-08-10', `address_id` = 9430, `job_id` = 1945, `salary` = 52000 WHERE `loan_customer`.`id` = 5859;
INSERT INTO `loan_customer` (`id`, `created_at`, `updated_at`, `name`, `id_number`, `gender`, `birthday`, `address_id`, `job_id`, `salary`) VALUES (5859, '2022-01-04 15:00:12.874357', '2022-01-04 22:38:47.512852', '崔姝', '807024721534416812', 'm', '1991-08-10', 9430, 1945, 52000);
UPDATE `loan_address` SET `created_at` = '2022-01-04 17:23:19.321520', `updated_at` = '2022-01-04 17:23:19.321520', `province` = '辽宁省', `city` = '辽阳市', `county` = '灯塔市', `town` = '西马峰镇', `detail` = '安德路协通公寓79号' WHERE `loan_address`.`id` = 9431;
INSERT INTO `loan_address` (`id`, `created_at`, `updated_at`, `province`, `city`, `county`, `town`, `detail`) VALUES (9431, '2022-01-04 17:23:19.321520', '2022-01-04 17:23:19.321520', '辽宁省', '辽阳市', '灯塔市', '西马峰镇', '安德路协通公寓79号');
UPDATE `loan_estate` SET `created_at` = '2022-01-04 17:23:19.321520', `updated_at` = '2022-01-04 17:23:19.321520', `customer_id` = 5859, `address_id` = 9431 WHERE `loan_estate`.`id` = 3483;
INSERT INTO `loan_estate` (`id`, `created_at`, `updated_at`, `customer_id`, `address_id`) VALUES (3483, '2022-01-04 17:23:19.321520', '2022-01-04 17:23:19.321520', 5859, 9431);
UPDATE `loan_address` SET `created_at` = '2022-01-04 01:15:34.312979', `updated_at` = '2022-01-04 01:15:34.312979', `province` = '四川省', `city` = '达州市', `county` = '大竹县', `town` = '蒲包乡', `detail` = '安亭路耀江花园164号' WHERE `loan_address`.`id` = 9432;
INSERT INTO `loan_address` (`id`, `created_at`, `updated_at`, `province`, `city`, `county`, `town`, `detail`) VALUES (9432, '2022-01-04 01:15:34.312979', '2022-01-04 01:15:34.312979', '四川省', '达州市', '大竹县', '蒲包乡', '安亭路耀江花园164号');
UPDATE `loan_customer` SET `created_at` = '2022-01-04 01:15:34.312979', `updated_at` = '2022-01-04 15:49:23.592836', `name` = '曾姹', `id_number` = '363590097947001409', `gender` = 'm', `birthday` = '1983-02-15', `address_id` = 9432, `job_id` = 1945, `salary` = 3000 WHERE `loan_customer`.`id` = 5860;
INSERT INTO `loan_customer` (`id`, `created_at`, `updated_at`, `name`, `id_number`, `gender`, `birthday`, `address_id`, `job_id`, `salary`) VALUES (5860, '2022-01-04 01:15:34.312979', '2022-01-04 15:49:23.592836', '曾姹', '363590097947001409', 'm', '1983-02-15', 9432, 1945, 3000);
UPDATE `loan_address` SET `created_at` = '2022-01-04 08:26:49.091971', `updated_at` = '2022-01-04 08:26:49.091971', `province` = '安徽省', `city` = '蚌埠市', `county` = '怀远县', `town` = '兰桥乡', `detail` = '白城路28号' WHERE `loan_address`.`id` = 9433;
INSERT INTO `loan_address` (`id`, `created_at`, `updated_at`, `province`, `city`, `county`, `town`, `detail`) VALUES (9433, '2022-01-04 08:26:49.091971', '2022-01-04 08:26:49.091971', '安徽省', '蚌埠市', '怀远县', '兰桥乡', '白城路28号');
UPDATE `loan_estate` SET `created_at` = '2022-01-04 08:26:49.091971', `updated_at` = '2022-01-04 08:26:49.091971', `customer_id` = 5860, `address_id` = 9433 WHERE `loan_estate`.`id` = 3484;
INSERT INTO `loan_estate` (`id`, `created_at`, `updated_at`, `customer_id`, `address_id`) VALUES (3484, '2022-01-04 08:26:49.091971', '2022-01-04 08:26:49.091971', 5860, 9433);
UPDATE `loan_car` SET `created_at` = '2022-01-04 03:03:35.525700', `updated_at` = '2022-01-04 10:28:37.815431', `customer_id` = 5860, `model_id` = 30, `vin_number` = '621628404741657486', `date_produced` = '2017-10-02', `value_estimated` = 360000 WHERE `loan_car`.`id` = 4710;
INSERT INTO `loan_car` (`id`, `created_at`, `updated_at`, `customer_id`, `model_id`, `vin_number`, `date_produced`, `value_estimated`) VALUES (4710, '2022-01-04 03:03:35.525700', '2022-01-04 10:28:37.815431', 5860, 30, '621628404741657486', '2017-10-02', 360000);
UPDATE `loan_account` SET `created_at` = '2022-01-04 15:35:13.526205', `updated_at` = '2022-01-04 22:10:32.736212', `customer_id` = 5860, `number` = '512621878802586008', `balance` = 75716 WHERE `loan_account`.`id` = 5349;
INSERT INTO `loan_account` (`id`, `created_at`, `updated_at`, `customer_id`, `number`, `balance`) VALUES (5349, '2022-01-04 15:35:13.526205', '2022-01-04 22:10:32.736212', 5860, '512621878802586008', 75716);
UPDATE `loan_address` SET `created_at` = '2022-01-04 02:49:44.192172', `updated_at` = '2022-01-04 02:49:44.192172', `province` = '河南省', `city` = '洛阳市', `county` = '涧西区', `town` = '周山路街道办事处', `detail` = '安汾路31号' WHERE `loan_address`.`id` = 9434;
INSERT INTO `loan_address` (`id`, `created_at`, `updated_at`, `province`, `city`, `county`, `town`, `detail`) VALUES (9434, '2022-01-04 02:49:44.192172', '2022-01-04 02:49:44.192172', '河南省', '洛阳市', '涧西区', '周山路街道办事处', '安汾路31号');
UPDATE `loan_customer` SET `created_at` = '2022-01-04 02:49:44.192172', `updated_at` = '2022-01-04 09:36:12.422502', `name` = '薛俊明', `id_number` = '253967935184700797', `gender` = 'f', `birthday` = '1982-10-23', `address_id` = 9434, `job_id` = 1946, `salary` = 52000 WHERE `loan_customer`.`id` = 5861;
INSERT INTO `loan_customer` (`id`, `created_at`, `updated_at`, `name`, `id_number`, `gender`, `birthday`, `address_id`, `job_id`, `salary`) VALUES (5861, '2022-01-04 02:49:44.192172', '2022-01-04 09:36:12.422502', '薛俊明', '253967935184700797', 'f', '1982-10-23', 9434, 1946, 52000);
UPDATE `loan_car` SET `created_at` = '2022-01-04 07:06:48.987558', `updated_at` = '2022-01-04 07:06:48.987558', `customer_id` = 5861, `model_id` = 80, `vin_number` = '732597278056690855', `date_produced` = '2012-11-04', `value_estimated` = 310000 WHERE `loan_car`.`id` = 4711;
INSERT INTO `loan_car` (`id`, `created_at`, `updated_at`, `customer_id`, `model_id`, `vin_number`, `date_produced`, `value_estimated`) VALUES (4711, '2022-01-04 07:06:48.987558', '2022-01-04 07:06:48.987558', 5861, 80, '732597278056690855', '2012-11-04', 310000);
UPDATE `loan_account` SET `created_at` = '2022-01-04 15:35:35.793142', `updated_at` = '2022-01-04 15:35:35.793142', `customer_id` = 5861, `number` = '615429842475865078', `balance` = 78729 WHERE `loan_account`.`id` = 5350;
INSERT INTO `loan_account` (`id`, `created_at`, `updated_at`, `customer_id`, `number`, `balance`) VALUES (5350, '2022-01-04 15:35:35.793142', '2022-01-04 15:35:35.793142', 5861, '615429842475865078', 78729);
UPDATE `loan_address` SET `created_at` = '2022-01-04 07:01:46.859524', `updated_at` = '2022-01-04 07:01:46.859524', `province` = '山西省', `city` = '大同市', `county` = '左云县', `town` = '三屯乡', `detail` = '保德路东新大厦131号' WHERE `loan_address`.`id` = 9435;
INSERT INTO `loan_address` (`id`, `created_at`, `updated_at`, `province`, `city`, `county`, `town`, `detail`) VALUES (9435, '2022-01-04 07:01:46.859524', '2022-01-04 07:01:46.859524', '山西省', '大同市', '左云县', '三屯乡', '保德路东新大厦131号');
UPDATE `loan_customer` SET `created_at` = '2022-01-04 07:01:46.859524', `updated_at` = '2022-01-04 07:01:46.859524', `name` = '郭雁玉', `id_number` = '655088224781187852', `gender` = 'm', `birthday` = '2000-09-20', `address_id` = 9435, `job_id` = 1946, `salary` = 16000 WHERE `loan_customer`.`id` = 5862;
INSERT INTO `loan_customer` (`id`, `created_at`, `updated_at`, `name`, `id_number`, `gender`, `birthday`, `address_id`, `job_id`, `salary`) VALUES (5862, '2022-01-04 07:01:46.859524', '2022-01-04 07:01:46.859524', '郭雁玉', '655088224781187852', 'm', '2000-09-20', 9435, 1946, 16000);
UPDATE `loan_address` SET `created_at` = '2022-01-04 11:35:08.095390', `updated_at` = '2022-01-04 11:35:08.095390', `province` = '内蒙古自治区', `city` = '赤峰市', `county` = '巴林左旗', `town` = '林东东城街道办事处', `detail` = '白兰路57号' WHERE `loan_address`.`id` = 9436;
INSERT INTO `loan_address` (`id`, `created_at`, `updated_at`, `province`, `city`, `county`, `town`, `detail`) VALUES (9436, '2022-01-04 11:35:08.095390', '2022-01-04 11:35:08.095390', '内蒙古自治区', '赤峰市', '巴林左旗', '林东东城街道办事处', '白兰路57号');
UPDATE `loan_estate` SET `created_at` = '2022-01-04 11:35:08.095390', `updated_at` = '2022-01-04 11:35:08.095390', `customer_id` = 5862, `address_id` = 9436 WHERE `loan_estate`.`id` = 3485;
INSERT INTO `loan_estate` (`id`, `created_at`, `updated_at`, `customer_id`, `address_id`) VALUES (3485, '2022-01-04 11:35:08.095390', '2022-01-04 11:35:08.095390', 5862, 9436);
UPDATE `loan_address` SET `created_at` = '2022-01-04 20:49:22.731943', `updated_at` = '2022-01-04 20:49:22.731943', `province` = '河南省', `city` = '洛阳市', `county` = '涧西区', `town` = '周山路街道办事处', `detail` = '白渡路139号' WHERE `loan_address`.`id` = 9437;
INSERT INTO `loan_address` (`id`, `created_at`, `updated_at`, `province`, `city`, `county`, `town`, `detail`) VALUES (9437, '2022-01-04 20:49:22.731943', '2022-01-04 20:49:22.731943', '河南省', '洛阳市', '涧西区', '周山路街道办事处', '白渡路139号');
UPDATE `loan_estate` SET `created_at` = '2022-01-04 20:49:22.731943', `updated_at` = '2022-01-04 20:49:22.731943', `customer_id` = 5862, `address_id` = 9437 WHERE `loan_estate`.`id` = 3486;
INSERT INTO `loan_estate` (`id`, `created_at`, `updated_at`, `customer_id`, `address_id`) VALUES (3486, '2022-01-04 20:49:22.731943', '2022-01-04 20:49:22.731943', 5862, 9437);
UPDATE `loan_car` SET `created_at` = '2022-01-04 22:46:29.194775', `updated_at` = '2022-01-04 22:46:29.194775', `customer_id` = 5862, `model_id` = 212, `vin_number` = '610422618988873509', `date_produced` = '2016-08-18', `value_estimated` = 60000 WHERE `loan_car`.`id` = 4712;
INSERT INTO `loan_car` (`id`, `created_at`, `updated_at`, `customer_id`, `model_id`, `vin_number`, `date_produced`, `value_estimated`) VALUES (4712, '2022-01-04 22:46:29.194775', '2022-01-04 22:46:29.194775', 5862, 212, '610422618988873509', '2016-08-18', 60000);
UPDATE `loan_address` SET `created_at` = '2022-01-04 07:57:22.548432', `updated_at` = '2022-01-04 07:57:22.548432', `province` = '新疆维吾尔自治区', `city` = '和田地区', `county` = '洛浦县', `town` = '洛浦镇', `detail` = '安远路溢盈河畔别墅130号' WHERE `loan_address`.`id` = 9438;
INSERT INTO `loan_address` (`id`, `created_at`, `updated_at`, `province`, `city`, `county`, `town`, `detail`) VALUES (9438, '2022-01-04 07:57:22.548432', '2022-01-04 07:57:22.548432', '新疆维吾尔自治区', '和田地区', '洛浦县', '洛浦镇', '安远路溢盈河畔别墅130号');
UPDATE `loan_customer` SET `created_at` = '2022-01-04 07:57:22.548432', `updated_at` = '2022-01-04 07:57:22.548432', `name` = '郭喜', `id_number` = '577628704636211908', `gender` = 'f', `birthday` = '1993-04-13', `address_id` = 9438, `job_id` = 1946, `salary` = 23000 WHERE `loan_customer`.`id` = 5863;
INSERT INTO `loan_customer` (`id`, `created_at`, `updated_at`, `name`, `id_number`, `gender`, `birthday`, `address_id`, `job_id`, `salary`) VALUES (5863, '2022-01-04 07:57:22.548432', '2022-01-04 07:57:22.548432', '郭喜', '577628704636211908', 'f', '1993-04-13', 9438, 1946, 23000);
UPDATE `loan_chattel` SET `created_at` = '2022-01-04 21:47:01.801683', `updated_at` = '2022-01-04 21:47:01.801683', `customer_id` = 5863, `type` = 'check', `description` = '一些信息', `value_amount` = 30000, `expired_at` = '2023-11-10' WHERE `loan_chattel`.`id` = 1729;
INSERT INTO `loan_chattel` (`id`, `created_at`, `updated_at`, `customer_id`, `type`, `description`, `value_amount`, `expired_at`) VALUES (1729, '2022-01-04 21:47:01.801683', '2022-01-04 21:47:01.801683', 5863, 'check', '一些信息', 30000, '2023-11-10');
UPDATE `loan_address` SET `created_at` = '2022-01-04 19:28:43.452177', `updated_at` = '2022-01-04 19:28:43.452177', `province` = '河南省', `city` = '安阳市', `county` = '滑县', `town` = '八里营镇', `detail` = '包头南路109号' WHERE `loan_address`.`id` = 9439;
INSERT INTO `loan_address` (`id`, `created_at`, `updated_at`, `province`, `city`, `county`, `town`, `detail`) VALUES (9439, '2022-01-04 19:28:43.452177', '2022-01-04 19:28:43.452177', '河南省', '安阳市', '滑县', '八里营镇', '包头南路109号');
UPDATE `loan_estate` SET `created_at` = '2022-01-04 19:28:43.452177', `updated_at` = '2022-01-04 19:28:43.452177', `customer_id` = 5863, `address_id` = 9439 WHERE `loan_estate`.`id` = 3487;
INSERT INTO `loan_estate` (`id`, `created_at`, `updated_at`, `customer_id`, `address_id`) VALUES (3487, '2022-01-04 19:28:43.452177', '2022-01-04 19:28:43.452177', 5863, 9439);
UPDATE `loan_address` SET `created_at` = '2022-01-04 17:19:39.286062', `updated_at` = '2022-01-04 17:19:39.286062', `province` = '山东省', `city` = '潍坊市', `county` = '安丘市', `town` = '金冢子镇', `detail` = '宝通路阳光翠竹苑155号' WHERE `loan_address`.`id` = 9440;
INSERT INTO `loan_address` (`id`, `created_at`, `updated_at`, `province`, `city`, `county`, `town`, `detail`) VALUES (9440, '2022-01-04 17:19:39.286062', '2022-01-04 17:19:39.286062', '山东省', '潍坊市', '安丘市', '金冢子镇', '宝通路阳光翠竹苑155号');
UPDATE `loan_estate` SET `created_at` = '2022-01-04 17:19:39.286062', `updated_at` = '2022-01-04 17:19:39.286062', `customer_id` = 5863, `address_id` = 9440 WHERE `loan_estate`.`id` = 3488;
INSERT INTO `loan_estate` (`id`, `created_at`, `updated_at`, `customer_id`, `address_id`) VALUES (3488, '2022-01-04 17:19:39.286062', '2022-01-04 17:19:39.286062', 5863, 9440);
UPDATE `loan_account` SET `created_at` = '2022-01-04 10:14:55.327070', `updated_at` = '2022-01-04 10:14:55.327070', `customer_id` = 5863, `number` = '906091264056599836', `balance` = 64687 WHERE `loan_account`.`id` = 5351;
INSERT INTO `loan_account` (`id`, `created_at`, `updated_at`, `customer_id`, `number`, `balance`) VALUES (5351, '2022-01-04 10:14:55.327070', '2022-01-04 10:14:55.327070', 5863, '906091264056599836', 64687);
UPDATE `loan_address` SET `created_at` = '2022-01-04 18:00:23.804138', `updated_at` = '2022-01-04 18:00:23.804138', `province` = '湖南省', `city` = '株洲市', `county` = '荷塘区', `town` = '茨菇塘街道', `detail` = '百官街113号' WHERE `loan_address`.`id` = 9441;
INSERT INTO `loan_address` (`id`, `created_at`, `updated_at`, `province`, `city`, `county`, `town`, `detail`) VALUES (9441, '2022-01-04 18:00:23.804138', '2022-01-04 18:00:23.804138', '湖南省', '株洲市', '荷塘区', '茨菇塘街道', '百官街113号');
UPDATE `loan_customer` SET `created_at` = '2022-01-04 18:00:23.804138', `updated_at` = '2022-01-04 18:00:23.804138', `name` = '谭妃', `id_number` = '925888453224497854', `gender` = 'm', `birthday` = '2007-03-26', `address_id` = 9441, `job_id` = 1947, `salary` = 51000 WHERE `loan_customer`.`id` = 5864;
INSERT INTO `loan_customer` (`id`, `created_at`, `updated_at`, `name`, `id_number`, `gender`, `birthday`, `address_id`, `job_id`, `salary`) VALUES (5864, '2022-01-04 18:00:23.804138', '2022-01-04 18:00:23.804138', '谭妃', '925888453224497854', 'm', '2007-03-26', 9441, 1947, 51000);
UPDATE `loan_chattel` SET `created_at` = '2022-01-04 19:54:43.602185', `updated_at` = '2022-01-04 19:54:43.602185', `customer_id` = 5864, `type` = 'bond', `description` = '一些信息', `value_amount` = 20000, `expired_at` = '2019-11-13' WHERE `loan_chattel`.`id` = 1730;
INSERT INTO `loan_chattel` (`id`, `created_at`, `updated_at`, `customer_id`, `type`, `description`, `value_amount`, `expired_at`) VALUES (1730, '2022-01-04 19:54:43.602185', '2022-01-04 19:54:43.602185', 5864, 'bond', '一些信息', 20000, '2019-11-13');
UPDATE `loan_address` SET `created_at` = '2022-01-04 21:37:05.447437', `updated_at` = '2022-01-04 21:37:05.447437', `province` = '海南省', `city` = '省直辖县级行政区划', `county` = '文昌市', `town` = '铺前镇', `detail` = '安图路140号' WHERE `loan_address`.`id` = 9442;
INSERT INTO `loan_address` (`id`, `created_at`, `updated_at`, `province`, `city`, `county`, `town`, `detail`) VALUES (9442, '2022-01-04 21:37:05.447437', '2022-01-04 21:37:05.447437', '海南省', '省直辖县级行政区划', '文昌市', '铺前镇', '安图路140号');
UPDATE `loan_estate` SET `created_at` = '2022-01-04 21:37:05.447437', `updated_at` = '2022-01-04 21:37:05.447437', `customer_id` = 5864, `address_id` = 9442 WHERE `loan_estate`.`id` = 3489;
INSERT INTO `loan_estate` (`id`, `created_at`, `updated_at`, `customer_id`, `address_id`) VALUES (3489, '2022-01-04 21:37:05.447437', '2022-01-04 21:37:05.447437', 5864, 9442);
UPDATE `loan_address` SET `created_at` = '2022-01-04 23:00:25.315008', `updated_at` = '2022-01-04 23:00:25.315008', `province` = '浙江省', `city` = '丽水市', `county` = '云和县', `town` = '浮云街道', `detail` = '保屯路阳光翠竹苑11号' WHERE `loan_address`.`id` = 9443;
INSERT INTO `loan_address` (`id`, `created_at`, `updated_at`, `province`, `city`, `county`, `town`, `detail`) VALUES (9443, '2022-01-04 23:00:25.315008', '2022-01-04 23:00:25.315008', '浙江省', '丽水市', '云和县', '浮云街道', '保屯路阳光翠竹苑11号');
UPDATE `loan_estate` SET `created_at` = '2022-01-04 23:00:25.315008', `updated_at` = '2022-01-04 23:00:25.315008', `customer_id` = 5864, `address_id` = 9443 WHERE `loan_estate`.`id` = 3490;
INSERT INTO `loan_estate` (`id`, `created_at`, `updated_at`, `customer_id`, `address_id`) VALUES (3490, '2022-01-04 23:00:25.315008', '2022-01-04 23:00:25.315008', 5864, 9443);
UPDATE `loan_account` SET `created_at` = '2022-01-04 18:01:14.097270', `updated_at` = '2022-01-04 18:01:14.097270', `customer_id` = 5864, `number` = '723827830525595822', `balance` = 80838 WHERE `loan_account`.`id` = 5352;
INSERT INTO `loan_account` (`id`, `created_at`, `updated_at`, `customer_id`, `number`, `balance`) VALUES (5352, '2022-01-04 18:01:14.097270', '2022-01-04 18:01:14.097270', 5864, '723827830525595822', 80838);
UPDATE `loan_address` SET `created_at` = '2022-01-04 05:13:14.423211', `updated_at` = '2022-01-04 05:13:14.423211', `province` = '安徽省', `city` = '池州市', `county` = '青阳县', `town` = '青阳县开发区', `detail` = '百官街溢盈河畔别墅107号' WHERE `loan_address`.`id` = 9444;
INSERT INTO `loan_address` (`id`, `created_at`, `updated_at`, `province`, `city`, `county`, `town`, `detail`) VALUES (9444, '2022-01-04 05:13:14.423211', '2022-01-04 05:13:14.423211', '安徽省', '池州市', '青阳县', '青阳县开发区', '百官街溢盈河畔别墅107号');
UPDATE `loan_customer` SET `created_at` = '2022-01-04 05:13:14.423211', `updated_at` = '2022-01-04 05:13:14.423211', `name` = '钱欣', `id_number` = '254758521776207843', `gender` = 'm', `birthday` = '2004-10-27', `address_id` = 9444, `job_id` = 1948, `salary` = 69000 WHERE `loan_customer`.`id` = 5865;
INSERT INTO `loan_customer` (`id`, `created_at`, `updated_at`, `name`, `id_number`, `gender`, `birthday`, `address_id`, `job_id`, `salary`) VALUES (5865, '2022-01-04 05:13:14.423211', '2022-01-04 05:13:14.423211', '钱欣', '254758521776207843', 'm', '2004-10-27', 9444, 1948, 69000);
UPDATE `loan_chattel` SET `created_at` = '2022-01-04 22:09:15.216563', `updated_at` = '2022-01-04 22:09:15.216563', `customer_id` = 5865, `type` = 'receivable', `description` = '一些信息', `value_amount` = 20000, `expired_at` = '2022-12-16' WHERE `loan_chattel`.`id` = 1731;
INSERT INTO `loan_chattel` (`id`, `created_at`, `updated_at`, `customer_id`, `type`, `description`, `value_amount`, `expired_at`) VALUES (1731, '2022-01-04 22:09:15.216563', '2022-01-04 22:09:15.216563', 5865, 'receivable', '一些信息', 20000, '2022-12-16');
UPDATE `loan_address` SET `created_at` = '2022-01-04 12:13:02.752422', `updated_at` = '2022-01-04 12:13:02.752422', `province` = '广东省', `city` = '肇庆市', `county` = '高要区', `town` = '白土镇', `detail` = '白渡桥101号' WHERE `loan_address`.`id` = 9445;
INSERT INTO `loan_address` (`id`, `created_at`, `updated_at`, `province`, `city`, `county`, `town`, `detail`) VALUES (9445, '2022-01-04 12:13:02.752422', '2022-01-04 12:13:02.752422', '广东省', '肇庆市', '高要区', '白土镇', '白渡桥101号');
UPDATE `loan_estate` SET `created_at` = '2022-01-04 12:13:02.752422', `updated_at` = '2022-01-04 12:28:22.790281', `customer_id` = 5865, `address_id` = 9445 WHERE `loan_estate`.`id` = 3491;
INSERT INTO `loan_estate` (`id`, `created_at`, `updated_at`, `customer_id`, `address_id`) VALUES (3491, '2022-01-04 12:13:02.752422', '2022-01-04 12:28:22.790281', 5865, 9445);
UPDATE `loan_car` SET `created_at` = '2022-01-04 15:45:16.212168', `updated_at` = '2022-01-04 15:45:16.212168', `customer_id` = 5865, `model_id` = 101, `vin_number` = '105993590180389557', `date_produced` = '2016-06-09', `value_estimated` = 270000 WHERE `loan_car`.`id` = 4713;
INSERT INTO `loan_car` (`id`, `created_at`, `updated_at`, `customer_id`, `model_id`, `vin_number`, `date_produced`, `value_estimated`) VALUES (4713, '2022-01-04 15:45:16.212168', '2022-01-04 15:45:16.212168', 5865, 101, '105993590180389557', '2016-06-09', 270000);
UPDATE `loan_account` SET `created_at` = '2022-01-04 11:19:15.679793', `updated_at` = '2022-01-04 15:55:49.477457', `customer_id` = 5865, `number` = '122316068938313672', `balance` = 37162 WHERE `loan_account`.`id` = 5353;
INSERT INTO `loan_account` (`id`, `created_at`, `updated_at`, `customer_id`, `number`, `balance`) VALUES (5353, '2022-01-04 11:19:15.679793', '2022-01-04 15:55:49.477457', 5865, '122316068938313672', 37162);
UPDATE `loan_address` SET `created_at` = '2022-01-04 17:52:00.148349', `updated_at` = '2022-01-04 17:52:00.148349', `province` = '河北省', `city` = '衡水市', `county` = '深州市', `town` = '穆村乡', `detail` = '百官街95号' WHERE `loan_address`.`id` = 9446;
INSERT INTO `loan_address` (`id`, `created_at`, `updated_at`, `province`, `city`, `county`, `town`, `detail`) VALUES (9446, '2022-01-04 17:52:00.148349', '2022-01-04 17:52:00.148349', '河北省', '衡水市', '深州市', '穆村乡', '百官街95号');
UPDATE `loan_customer` SET `created_at` = '2022-01-04 17:52:00.148349', `updated_at` = '2022-01-04 18:33:24.460126', `name` = '崔力言', `id_number` = '095749386028143927', `gender` = 'f', `birthday` = '1987-08-30', `address_id` = 9446, `job_id` = 1948, `salary` = 33000 WHERE `loan_customer`.`id` = 5866;
INSERT INTO `loan_customer` (`id`, `created_at`, `updated_at`, `name`, `id_number`, `gender`, `birthday`, `address_id`, `job_id`, `salary`) VALUES (5866, '2022-01-04 17:52:00.148349', '2022-01-04 18:33:24.460126', '崔力言', '095749386028143927', 'f', '1987-08-30', 9446, 1948, 33000);
UPDATE `loan_car` SET `created_at` = '2022-01-04 21:26:31.393568', `updated_at` = '2022-01-04 21:26:31.393568', `customer_id` = 5866, `model_id` = 236, `vin_number` = '032608777369932368', `date_produced` = '2011-07-06', `value_estimated` = 90000 WHERE `loan_car`.`id` = 4714;
INSERT INTO `loan_car` (`id`, `created_at`, `updated_at`, `customer_id`, `model_id`, `vin_number`, `date_produced`, `value_estimated`) VALUES (4714, '2022-01-04 21:26:31.393568', '2022-01-04 21:26:31.393568', 5866, 236, '032608777369932368', '2011-07-06', 90000);
UPDATE `loan_car` SET `created_at` = '2022-01-04 18:35:05.438712', `updated_at` = '2022-01-04 18:45:24.098809', `customer_id` = 5866, `model_id` = 153, `vin_number` = '861013468015116386', `date_produced` = '2021-03-12', `value_estimated` = 170000 WHERE `loan_car`.`id` = 4715;
INSERT INTO `loan_car` (`id`, `created_at`, `updated_at`, `customer_id`, `model_id`, `vin_number`, `date_produced`, `value_estimated`) VALUES (4715, '2022-01-04 18:35:05.438712', '2022-01-04 18:45:24.098809', 5866, 153, '861013468015116386', '2021-03-12', 170000);
UPDATE `loan_account` SET `created_at` = '2022-01-04 19:54:51.653433', `updated_at` = '2022-01-04 19:54:51.653433', `customer_id` = 5866, `number` = '017832497766745062', `balance` = 70485 WHERE `loan_account`.`id` = 5354;
INSERT INTO `loan_account` (`id`, `created_at`, `updated_at`, `customer_id`, `number`, `balance`) VALUES (5354, '2022-01-04 19:54:51.653433', '2022-01-04 19:54:51.653433', 5866, '017832497766745062', 70485);
UPDATE `loan_address` SET `created_at` = '2022-01-04 17:47:58.886363', `updated_at` = '2022-01-04 17:47:58.886363', `province` = '山西省', `city` = '大同市', `county` = '左云县', `town` = '三屯乡', `detail` = '安龙路30号' WHERE `loan_address`.`id` = 9447;
INSERT INTO `loan_address` (`id`, `created_at`, `updated_at`, `province`, `city`, `county`, `town`, `detail`) VALUES (9447, '2022-01-04 17:47:58.886363', '2022-01-04 17:47:58.886363', '山西省', '大同市', '左云县', '三屯乡', '安龙路30号');
UPDATE `loan_customer` SET `created_at` = '2022-01-04 17:47:58.886363', `updated_at` = '2022-01-04 21:00:38.634803', `name` = '刘茂实', `id_number` = '333986889741577381', `gender` = 'f', `birthday` = '1985-03-05', `address_id` = 9447, `job_id` = 1948, `salary` = 28000 WHERE `loan_customer`.`id` = 5867;
INSERT INTO `loan_customer` (`id`, `created_at`, `updated_at`, `name`, `id_number`, `gender`, `birthday`, `address_id`, `job_id`, `salary`) VALUES (5867, '2022-01-04 17:47:58.886363', '2022-01-04 21:00:38.634803', '刘茂实', '333986889741577381', 'f', '1985-03-05', 9447, 1948, 28000);
UPDATE `loan_address` SET `created_at` = '2022-01-04 18:16:24.305451', `updated_at` = '2022-01-04 18:16:24.305451', `province` = '宁夏回族自治区', `city` = '吴忠市', `county` = '利通区', `town` = '古城镇', `detail` = '宝杨路真新六街坊196号' WHERE `loan_address`.`id` = 9448;
INSERT INTO `loan_address` (`id`, `created_at`, `updated_at`, `province`, `city`, `county`, `town`, `detail`) VALUES (9448, '2022-01-04 18:16:24.305451', '2022-01-04 18:16:24.305451', '宁夏回族自治区', '吴忠市', '利通区', '古城镇', '宝杨路真新六街坊196号');
UPDATE `loan_estate` SET `created_at` = '2022-01-04 18:16:24.305451', `updated_at` = '2022-01-04 18:16:24.305451', `customer_id` = 5867, `address_id` = 9448 WHERE `loan_estate`.`id` = 3492;
INSERT INTO `loan_estate` (`id`, `created_at`, `updated_at`, `customer_id`, `address_id`) VALUES (3492, '2022-01-04 18:16:24.305451', '2022-01-04 18:16:24.305451', 5867, 9448);
UPDATE `loan_account` SET `created_at` = '2022-01-04 18:27:46.849108', `updated_at` = '2022-01-04 19:47:06.725603', `customer_id` = 5867, `number` = '368034336628466813', `balance` = 79744 WHERE `loan_account`.`id` = 5355;
INSERT INTO `loan_account` (`id`, `created_at`, `updated_at`, `customer_id`, `number`, `balance`) VALUES (5355, '2022-01-04 18:27:46.849108', '2022-01-04 19:47:06.725603', 5867, '368034336628466813', 79744);
UPDATE `loan_address` SET `created_at` = '2022-01-04 21:19:21.223390', `updated_at` = '2022-01-04 21:19:21.223390', `province` = '贵州省', `city` = '遵义市', `county` = '红花岗区', `town` = '虾子镇', `detail` = '安远路耀江花园177号' WHERE `loan_address`.`id` = 9449;
INSERT INTO `loan_address` (`id`, `created_at`, `updated_at`, `province`, `city`, `county`, `town`, `detail`) VALUES (9449, '2022-01-04 21:19:21.223390', '2022-01-04 21:19:21.223390', '贵州省', '遵义市', '红花岗区', '虾子镇', '安远路耀江花园177号');
UPDATE `loan_customer` SET `created_at` = '2022-01-04 21:19:21.223390', `updated_at` = '2022-01-04 21:19:21.223390', `name` = '萧星宇', `id_number` = '221454153423873179', `gender` = 'm', `birthday` = '2006-12-10', `address_id` = 9449, `job_id` = 1948, `salary` = 42000 WHERE `loan_customer`.`id` = 5868;
INSERT INTO `loan_customer` (`id`, `created_at`, `updated_at`, `name`, `id_number`, `gender`, `birthday`, `address_id`, `job_id`, `salary`) VALUES (5868, '2022-01-04 21:19:21.223390', '2022-01-04 21:19:21.223390', '萧星宇', '221454153423873179', 'm', '2006-12-10', 9449, 1948, 42000);
UPDATE `loan_address` SET `created_at` = '2022-01-04 23:32:05.975516', `updated_at` = '2022-01-04 23:32:05.975516', `province` = '山西省', `city` = '长治市', `county` = '潞城区', `town` = '潞华街道办事处', `detail` = '安图路198号' WHERE `loan_address`.`id` = 9450;
INSERT INTO `loan_address` (`id`, `created_at`, `updated_at`, `province`, `city`, `county`, `town`, `detail`) VALUES (9450, '2022-01-04 23:32:05.975516', '2022-01-04 23:32:05.975516', '山西省', '长治市', '潞城区', '潞华街道办事处', '安图路198号');
UPDATE `loan_estate` SET `created_at` = '2022-01-04 23:32:05.975516', `updated_at` = '2022-01-04 23:32:05.975516', `customer_id` = 5868, `address_id` = 9450 WHERE `loan_estate`.`id` = 3493;
INSERT INTO `loan_estate` (`id`, `created_at`, `updated_at`, `customer_id`, `address_id`) VALUES (3493, '2022-01-04 23:32:05.975516', '2022-01-04 23:32:05.975516', 5868, 9450);
UPDATE `loan_car` SET `created_at` = '2022-01-04 23:36:06.218034', `updated_at` = '2022-01-04 23:36:06.218034', `customer_id` = 5868, `model_id` = 102, `vin_number` = '964637277851762001', `date_produced` = '2021-05-19', `value_estimated` = 380000 WHERE `loan_car`.`id` = 4716;
INSERT INTO `loan_car` (`id`, `created_at`, `updated_at`, `customer_id`, `model_id`, `vin_number`, `date_produced`, `value_estimated`) VALUES (4716, '2022-01-04 23:36:06.218034', '2022-01-04 23:36:06.218034', 5868, 102, '964637277851762001', '2021-05-19', 380000);
UPDATE `loan_account` SET `created_at` = '2022-01-04 23:35:50.235560', `updated_at` = '2022-01-04 23:35:50.235560', `customer_id` = 5868, `number` = '445447503881458428', `balance` = 29716 WHERE `loan_account`.`id` = 5356;
INSERT INTO `loan_account` (`id`, `created_at`, `updated_at`, `customer_id`, `number`, `balance`) VALUES (5356, '2022-01-04 23:35:50.235560', '2022-01-04 23:35:50.235560', 5868, '445447503881458428', 29716);
UPDATE `loan_address` SET `created_at` = '2022-01-04 16:33:29.827989', `updated_at` = '2022-01-04 16:33:29.827989', `province` = '内蒙古自治区', `city` = '鄂尔多斯市', `county` = '杭锦旗', `town` = '伊和乌素苏木乡', `detail` = '百官街134号' WHERE `loan_address`.`id` = 9451;
INSERT INTO `loan_address` (`id`, `created_at`, `updated_at`, `province`, `city`, `county`, `town`, `detail`) VALUES (9451, '2022-01-04 16:33:29.827989', '2022-01-04 16:33:29.827989', '内蒙古自治区', '鄂尔多斯市', '杭锦旗', '伊和乌素苏木乡', '百官街134号');
UPDATE `loan_customer` SET `created_at` = '2022-01-04 16:33:29.827989', `updated_at` = '2022-01-04 16:46:18.012590', `name` = '王桦', `id_number` = '263580246307356142', `gender` = 'f', `birthday` = '1993-03-05', `address_id` = 9451, `job_id` = 1948, `salary` = 11000 WHERE `loan_customer`.`id` = 5869;
INSERT INTO `loan_customer` (`id`, `created_at`, `updated_at`, `name`, `id_number`, `gender`, `birthday`, `address_id`, `job_id`, `salary`) VALUES (5869, '2022-01-04 16:33:29.827989', '2022-01-04 16:46:18.012590', '王桦', '263580246307356142', 'f', '1993-03-05', 9451, 1948, 11000);
UPDATE `loan_account` SET `created_at` = '2022-01-04 18:00:49.351725', `updated_at` = '2022-01-04 18:00:49.351725', `customer_id` = 5869, `number` = '028496158737240888', `balance` = 72245 WHERE `loan_account`.`id` = 5357;
INSERT INTO `loan_account` (`id`, `created_at`, `updated_at`, `customer_id`, `number`, `balance`) VALUES (5357, '2022-01-04 18:00:49.351725', '2022-01-04 18:00:49.351725', 5869, '028496158737240888', 72245);
UPDATE `loan_address` SET `created_at` = '2022-01-04 20:34:06.864325', `updated_at` = '2022-01-04 20:34:06.864325', `province` = '宁夏回族自治区', `city` = '吴忠市', `county` = '同心县', `town` = '河西镇', `detail` = '百安路（方泰镇）105号' WHERE `loan_address`.`id` = 9452;
INSERT INTO `loan_address` (`id`, `created_at`, `updated_at`, `province`, `city`, `county`, `town`, `detail`) VALUES (9452, '2022-01-04 20:34:06.864325', '2022-01-04 20:34:06.864325', '宁夏回族自治区', '吴忠市', '同心县', '河西镇', '百安路（方泰镇）105号');
UPDATE `loan_customer` SET `created_at` = '2022-01-04 20:34:06.864325', `updated_at` = '2022-01-04 21:32:33.266107', `name` = '梁秀敏', `id_number` = '462648005165309371', `gender` = 'm', `birthday` = '1980-01-24', `address_id` = 9452, `job_id` = 1949, `salary` = 64000 WHERE `loan_customer`.`id` = 5870;
INSERT INTO `loan_customer` (`id`, `created_at`, `updated_at`, `name`, `id_number`, `gender`, `birthday`, `address_id`, `job_id`, `salary`) VALUES (5870, '2022-01-04 20:34:06.864325', '2022-01-04 21:32:33.266107', '梁秀敏', '462648005165309371', 'm', '1980-01-24', 9452, 1949, 64000);
UPDATE `loan_address` SET `created_at` = '2022-01-04 21:04:23.427120', `updated_at` = '2022-01-04 21:04:23.427120', `province` = '内蒙古自治区', `city` = '赤峰市', `county` = '阿鲁科尔沁旗', `town` = '坤都镇', `detail` = '安边路70号' WHERE `loan_address`.`id` = 9453;
INSERT INTO `loan_address` (`id`, `created_at`, `updated_at`, `province`, `city`, `county`, `town`, `detail`) VALUES (9453, '2022-01-04 21:04:23.427120', '2022-01-04 21:04:23.427120', '内蒙古自治区', '赤峰市', '阿鲁科尔沁旗', '坤都镇', '安边路70号');
UPDATE `loan_estate` SET `created_at` = '2022-01-04 21:04:23.427120', `updated_at` = '2022-01-04 21:04:23.427120', `customer_id` = 5870, `address_id` = 9453 WHERE `loan_estate`.`id` = 3494;
INSERT INTO `loan_estate` (`id`, `created_at`, `updated_at`, `customer_id`, `address_id`) VALUES (3494, '2022-01-04 21:04:23.427120', '2022-01-04 21:04:23.427120', 5870, 9453);
UPDATE `loan_address` SET `created_at` = '2022-01-04 23:09:16.950716', `updated_at` = '2022-01-04 23:09:16.950716', `province` = '贵州省', `city` = '遵义市', `county` = '红花岗区', `town` = '虾子镇', `detail` = '安顺路20号' WHERE `loan_address`.`id` = 9454;
INSERT INTO `loan_address` (`id`, `created_at`, `updated_at`, `province`, `city`, `county`, `town`, `detail`) VALUES (9454, '2022-01-04 23:09:16.950716', '2022-01-04 23:09:16.950716', '贵州省', '遵义市', '红花岗区', '虾子镇', '安顺路20号');
UPDATE `loan_estate` SET `created_at` = '2022-01-04 23:09:16.950716', `updated_at` = '2022-01-04 23:30:40.908500', `customer_id` = 5870, `address_id` = 9454 WHERE `loan_estate`.`id` = 3495;
INSERT INTO `loan_estate` (`id`, `created_at`, `updated_at`, `customer_id`, `address_id`) VALUES (3495, '2022-01-04 23:09:16.950716', '2022-01-04 23:30:40.908500', 5870, 9454);
UPDATE `loan_car` SET `created_at` = '2022-01-04 21:27:19.142262', `updated_at` = '2022-01-04 21:27:19.142262', `customer_id` = 5870, `model_id` = 3, `vin_number` = '463549107970760791', `date_produced` = '2019-05-25', `value_estimated` = 510000 WHERE `loan_car`.`id` = 4717;
INSERT INTO `loan_car` (`id`, `created_at`, `updated_at`, `customer_id`, `model_id`, `vin_number`, `date_produced`, `value_estimated`) VALUES (4717, '2022-01-04 21:27:19.142262', '2022-01-04 21:27:19.142262', 5870, 3, '463549107970760791', '2019-05-25', 510000);
UPDATE `loan_account` SET `created_at` = '2022-01-04 20:56:03.908302', `updated_at` = '2022-01-04 20:56:03.908302', `customer_id` = 5870, `number` = '439465958830584646', `balance` = 46144 WHERE `loan_account`.`id` = 5358;
INSERT INTO `loan_account` (`id`, `created_at`, `updated_at`, `customer_id`, `number`, `balance`) VALUES (5358, '2022-01-04 20:56:03.908302', '2022-01-04 20:56:03.908302', 5870, '439465958830584646', 46144);
UPDATE `loan_address` SET `created_at` = '2022-01-04 19:34:50.850688', `updated_at` = '2022-01-04 19:34:50.850688', `province` = '四川省', `city` = '甘孜藏族自治州', `county` = '白玉县', `town` = '登龙乡', `detail` = '白渡桥和亭佳苑21号' WHERE `loan_address`.`id` = 9455;
INSERT INTO `loan_address` (`id`, `created_at`, `updated_at`, `province`, `city`, `county`, `town`, `detail`) VALUES (9455, '2022-01-04 19:34:50.850688', '2022-01-04 19:34:50.850688', '四川省', '甘孜藏族自治州', '白玉县', '登龙乡', '白渡桥和亭佳苑21号');
UPDATE `loan_customer` SET `created_at` = '2022-01-04 19:34:50.850688', `updated_at` = '2022-01-04 23:57:28.033474', `name` = '乔翔飞', `id_number` = '472239284778966089', `gender` = 'f', `birthday` = '2000-02-18', `address_id` = 9455, `job_id` = 1949, `salary` = 31000 WHERE `loan_customer`.`id` = 5871;
INSERT INTO `loan_customer` (`id`, `created_at`, `updated_at`, `name`, `id_number`, `gender`, `birthday`, `address_id`, `job_id`, `salary`) VALUES (5871, '2022-01-04 19:34:50.850688', '2022-01-04 23:57:28.033474', '乔翔飞', '472239284778966089', 'f', '2000-02-18', 9455, 1949, 31000);
UPDATE `loan_address` SET `created_at` = '2022-01-04 20:59:41.706189', `updated_at` = '2022-01-04 20:59:41.706189', `province` = '四川省', `city` = '广安市', `county` = '华蓥市', `town` = '阳和镇', `detail` = '安龙路博泰新苑116号' WHERE `loan_address`.`id` = 9456;
INSERT INTO `loan_address` (`id`, `created_at`, `updated_at`, `province`, `city`, `county`, `town`, `detail`) VALUES (9456, '2022-01-04 20:59:41.706189', '2022-01-04 20:59:41.706189', '四川省', '广安市', '华蓥市', '阳和镇', '安龙路博泰新苑116号');
UPDATE `loan_estate` SET `created_at` = '2022-01-04 20:59:41.706189', `updated_at` = '2022-01-04 20:59:41.706189', `customer_id` = 5871, `address_id` = 9456 WHERE `loan_estate`.`id` = 3496;
INSERT INTO `loan_estate` (`id`, `created_at`, `updated_at`, `customer_id`, `address_id`) VALUES (3496, '2022-01-04 20:59:41.706189', '2022-01-04 20:59:41.706189', 5871, 9456);
UPDATE `loan_address` SET `created_at` = '2022-01-04 00:04:32.954997', `updated_at` = '2022-01-04 00:04:32.954997', `province` = '四川省', `city` = '成都市', `county` = '锦江区', `town` = '牛市口街道办事处', `detail` = '安澜路22号' WHERE `loan_address`.`id` = 9457;
INSERT INTO `loan_address` (`id`, `created_at`, `updated_at`, `province`, `city`, `county`, `town`, `detail`) VALUES (9457, '2022-01-04 00:04:32.954997', '2022-01-04 00:04:32.954997', '四川省', '成都市', '锦江区', '牛市口街道办事处', '安澜路22号');
UPDATE `loan_customer` SET `created_at` = '2022-01-04 00:04:32.954997', `updated_at` = '2022-01-04 00:04:32.954997', `name` = '漕元亮', `id_number` = '992230230480368250', `gender` = 'm', `birthday` = '1990-09-28', `address_id` = 9457, `job_id` = 1949, `salary` = 29000 WHERE `loan_customer`.`id` = 5872;
INSERT INTO `loan_customer` (`id`, `created_at`, `updated_at`, `name`, `id_number`, `gender`, `birthday`, `address_id`, `job_id`, `salary`) VALUES (5872, '2022-01-04 00:04:32.954997', '2022-01-04 00:04:32.954997', '漕元亮', '992230230480368250', 'm', '1990-09-28', 9457, 1949, 29000);
UPDATE `loan_address` SET `created_at` = '2022-01-04 14:51:53.492301', `updated_at` = '2022-01-04 14:51:53.492301', `province` = '浙江省', `city` = '温州市', `county` = '乐清市', `town` = '盐盆街道办事处', `detail` = '宝杨路阳光翠竹苑124号' WHERE `loan_address`.`id` = 9458;
INSERT INTO `loan_address` (`id`, `created_at`, `updated_at`, `province`, `city`, `county`, `town`, `detail`) VALUES (9458, '2022-01-04 14:51:53.492301', '2022-01-04 14:51:53.492301', '浙江省', '温州市', '乐清市', '盐盆街道办事处', '宝杨路阳光翠竹苑124号');
UPDATE `loan_estate` SET `created_at` = '2022-01-04 14:51:53.492301', `updated_at` = '2022-01-04 14:51:53.492301', `customer_id` = 5872, `address_id` = 9458 WHERE `loan_estate`.`id` = 3497;
INSERT INTO `loan_estate` (`id`, `created_at`, `updated_at`, `customer_id`, `address_id`) VALUES (3497, '2022-01-04 14:51:53.492301', '2022-01-04 14:51:53.492301', 5872, 9458);
UPDATE `loan_car` SET `created_at` = '2022-01-04 20:47:57.996597', `updated_at` = '2022-01-04 20:47:57.996597', `customer_id` = 5872, `model_id` = 271, `vin_number` = '981912019011324841', `date_produced` = '2011-03-16', `value_estimated` = 520000 WHERE `loan_car`.`id` = 4718;
INSERT INTO `loan_car` (`id`, `created_at`, `updated_at`, `customer_id`, `model_id`, `vin_number`, `date_produced`, `value_estimated`) VALUES (4718, '2022-01-04 20:47:57.996597', '2022-01-04 20:47:57.996597', 5872, 271, '981912019011324841', '2011-03-16', 520000);
UPDATE `loan_account` SET `created_at` = '2022-01-04 14:57:42.998314', `updated_at` = '2022-01-04 14:57:42.998314', `customer_id` = 5872, `number` = '900735879199052100', `balance` = 112490 WHERE `loan_account`.`id` = 5359;
INSERT INTO `loan_account` (`id`, `created_at`, `updated_at`, `customer_id`, `number`, `balance`) VALUES (5359, '2022-01-04 14:57:42.998314', '2022-01-04 14:57:42.998314', 5872, '900735879199052100', 112490);
UPDATE `loan_address` SET `created_at` = '2022-01-04 00:46:29.239080', `updated_at` = '2022-01-04 00:46:29.239080', `province` = '贵州省', `city` = '贵阳市', `county` = '开阳县', `town` = '花梨镇', `detail` = '宝联路住友嘉馨名园193号' WHERE `loan_address`.`id` = 9459;
INSERT INTO `loan_address` (`id`, `created_at`, `updated_at`, `province`, `city`, `county`, `town`, `detail`) VALUES (9459, '2022-01-04 00:46:29.239080', '2022-01-04 00:46:29.239080', '贵州省', '贵阳市', '开阳县', '花梨镇', '宝联路住友嘉馨名园193号');
UPDATE `loan_customer` SET `created_at` = '2022-01-04 00:46:29.239080', `updated_at` = '2022-01-04 00:46:29.239080', `name` = '孔欢', `id_number` = '864056973751622647', `gender` = 'm', `birthday` = '2007-01-15', `address_id` = 9459, `job_id` = 1949, `salary` = 18000 WHERE `loan_customer`.`id` = 5873;
INSERT INTO `loan_customer` (`id`, `created_at`, `updated_at`, `name`, `id_number`, `gender`, `birthday`, `address_id`, `job_id`, `salary`) VALUES (5873, '2022-01-04 00:46:29.239080', '2022-01-04 00:46:29.239080', '孔欢', '864056973751622647', 'm', '2007-01-15', 9459, 1949, 18000);
UPDATE `loan_car` SET `created_at` = '2022-01-04 02:56:41.612720', `updated_at` = '2022-01-04 02:56:41.612720', `customer_id` = 5873, `model_id` = 236, `vin_number` = '040663297741264984', `date_produced` = '2012-01-23', `value_estimated` = 300000 WHERE `loan_car`.`id` = 4719;
INSERT INTO `loan_car` (`id`, `created_at`, `updated_at`, `customer_id`, `model_id`, `vin_number`, `date_produced`, `value_estimated`) VALUES (4719, '2022-01-04 02:56:41.612720', '2022-01-04 02:56:41.612720', 5873, 236, '040663297741264984', '2012-01-23', 300000);
UPDATE `loan_car` SET `created_at` = '2022-01-04 22:20:18.530950', `updated_at` = '2022-01-04 23:46:35.473930', `customer_id` = 5873, `model_id` = 110, `vin_number` = '394175735092029511', `date_produced` = '2014-01-27', `value_estimated` = 520000 WHERE `loan_car`.`id` = 4720;
INSERT INTO `loan_car` (`id`, `created_at`, `updated_at`, `customer_id`, `model_id`, `vin_number`, `date_produced`, `value_estimated`) VALUES (4720, '2022-01-04 22:20:18.530950', '2022-01-04 23:46:35.473930', 5873, 110, '394175735092029511', '2014-01-27', 520000);
UPDATE `loan_account` SET `created_at` = '2022-01-04 02:08:51.587892', `updated_at` = '2022-01-04 02:08:51.587892', `customer_id` = 5873, `number` = '062917859556495838', `balance` = 0 WHERE `loan_account`.`id` = 5360;
INSERT INTO `loan_account` (`id`, `created_at`, `updated_at`, `customer_id`, `number`, `balance`) VALUES (5360, '2022-01-04 02:08:51.587892', '2022-01-04 02:08:51.587892', 5873, '062917859556495838', 0);
UPDATE `loan_address` SET `created_at` = '2022-01-04 00:38:00.906454', `updated_at` = '2022-01-04 00:38:00.906454', `province` = '内蒙古自治区', `city` = '兴安盟', `county` = '扎赉特旗', `town` = '阿拉达尔吐苏木', `detail` = '保德路耀江花园51号' WHERE `loan_address`.`id` = 9460;
INSERT INTO `loan_address` (`id`, `created_at`, `updated_at`, `province`, `city`, `county`, `town`, `detail`) VALUES (9460, '2022-01-04 00:38:00.906454', '2022-01-04 00:38:00.906454', '内蒙古自治区', '兴安盟', '扎赉特旗', '阿拉达尔吐苏木', '保德路耀江花园51号');
UPDATE `loan_customer` SET `created_at` = '2022-01-04 00:38:00.906454', `updated_at` = '2022-01-04 00:38:00.906454', `name` = '万桓', `id_number` = '226433295962849765', `gender` = 'm', `birthday` = '1989-03-16', `address_id` = 9460, `job_id` = 1950, `salary` = 24000 WHERE `loan_customer`.`id` = 5874;
INSERT INTO `loan_customer` (`id`, `created_at`, `updated_at`, `name`, `id_number`, `gender`, `birthday`, `address_id`, `job_id`, `salary`) VALUES (5874, '2022-01-04 00:38:00.906454', '2022-01-04 00:38:00.906454', '万桓', '226433295962849765', 'm', '1989-03-16', 9460, 1950, 24000);
UPDATE `loan_chattel` SET `created_at` = '2022-01-04 04:53:27.119250', `updated_at` = '2022-01-04 04:53:27.119250', `customer_id` = 5874, `type` = 'copyright', `description` = '一些信息', `value_amount` = 420000, `expired_at` = '2032-07-01' WHERE `loan_chattel`.`id` = 1732;
INSERT INTO `loan_chattel` (`id`, `created_at`, `updated_at`, `customer_id`, `type`, `description`, `value_amount`, `expired_at`) VALUES (1732, '2022-01-04 04:53:27.119250', '2022-01-04 04:53:27.119250', 5874, 'copyright', '一些信息', 420000, '2032-07-01');
UPDATE `loan_address` SET `created_at` = '2022-01-04 08:10:36.898772', `updated_at` = '2022-01-04 08:10:36.898772', `province` = '河南省', `city` = '洛阳市', `county` = '涧西区', `town` = '周山路街道办事处', `detail` = '百安路（方泰镇）80号' WHERE `loan_address`.`id` = 9461;
INSERT INTO `loan_address` (`id`, `created_at`, `updated_at`, `province`, `city`, `county`, `town`, `detail`) VALUES (9461, '2022-01-04 08:10:36.898772', '2022-01-04 08:10:36.898772', '河南省', '洛阳市', '涧西区', '周山路街道办事处', '百安路（方泰镇）80号');
UPDATE `loan_estate` SET `created_at` = '2022-01-04 08:10:36.898772', `updated_at` = '2022-01-04 08:10:36.898772', `customer_id` = 5874, `address_id` = 9461 WHERE `loan_estate`.`id` = 3498;
INSERT INTO `loan_estate` (`id`, `created_at`, `updated_at`, `customer_id`, `address_id`) VALUES (3498, '2022-01-04 08:10:36.898772', '2022-01-04 08:10:36.898772', 5874, 9461);
UPDATE `loan_address` SET `created_at` = '2022-01-04 15:22:47.236362', `updated_at` = '2022-01-04 15:22:47.236362', `province` = '广西壮族自治区', `city` = '南宁市', `county` = '江南区', `town` = '金凯街道办事处', `detail` = '安义路80号' WHERE `loan_address`.`id` = 9462;
INSERT INTO `loan_address` (`id`, `created_at`, `updated_at`, `province`, `city`, `county`, `town`, `detail`) VALUES (9462, '2022-01-04 15:22:47.236362', '2022-01-04 15:22:47.236362', '广西壮族自治区', '南宁市', '江南区', '金凯街道办事处', '安义路80号');
UPDATE `loan_estate` SET `created_at` = '2022-01-04 15:22:47.236362', `updated_at` = '2022-01-04 15:22:47.236362', `customer_id` = 5874, `address_id` = 9462 WHERE `loan_estate`.`id` = 3499;
INSERT INTO `loan_estate` (`id`, `created_at`, `updated_at`, `customer_id`, `address_id`) VALUES (3499, '2022-01-04 15:22:47.236362', '2022-01-04 15:22:47.236362', 5874, 9462);
UPDATE `loan_car` SET `created_at` = '2022-01-04 11:14:04.993919', `updated_at` = '2022-01-04 11:14:04.993919', `customer_id` = 5874, `model_id` = 240, `vin_number` = '240097443328611776', `date_produced` = '2021-03-10', `value_estimated` = 270000 WHERE `loan_car`.`id` = 4721;
INSERT INTO `loan_car` (`id`, `created_at`, `updated_at`, `customer_id`, `model_id`, `vin_number`, `date_produced`, `value_estimated`) VALUES (4721, '2022-01-04 11:14:04.993919', '2022-01-04 11:14:04.993919', 5874, 240, '240097443328611776', '2021-03-10', 270000);
UPDATE `loan_account` SET `created_at` = '2022-01-04 10:42:27.732119', `updated_at` = '2022-01-04 10:42:27.732119', `customer_id` = 5874, `number` = '324322702446654932', `balance` = 71779 WHERE `loan_account`.`id` = 5361;
INSERT INTO `loan_account` (`id`, `created_at`, `updated_at`, `customer_id`, `number`, `balance`) VALUES (5361, '2022-01-04 10:42:27.732119', '2022-01-04 10:42:27.732119', 5874, '324322702446654932', 71779);
UPDATE `loan_address` SET `created_at` = '2022-01-04 17:25:33.609477', `updated_at` = '2022-01-04 17:25:33.609477', `province` = '辽宁省', `city` = '鞍山市', `county` = '岫岩满族自治县', `town` = '三家子镇', `detail` = '巴林路耀江花园63号' WHERE `loan_address`.`id` = 9463;
INSERT INTO `loan_address` (`id`, `created_at`, `updated_at`, `province`, `city`, `county`, `town`, `detail`) VALUES (9463, '2022-01-04 17:25:33.609477', '2022-01-04 17:25:33.609477', '辽宁省', '鞍山市', '岫岩满族自治县', '三家子镇', '巴林路耀江花园63号');
UPDATE `loan_customer` SET `created_at` = '2022-01-04 17:25:33.609477', `updated_at` = '2022-01-04 22:57:15.642887', `name` = '武沧', `id_number` = '993726878579431227', `gender` = 'f', `birthday` = '1998-09-30', `address_id` = 9463, `job_id` = 1950, `salary` = 12000 WHERE `loan_customer`.`id` = 5875;
INSERT INTO `loan_customer` (`id`, `created_at`, `updated_at`, `name`, `id_number`, `gender`, `birthday`, `address_id`, `job_id`, `salary`) VALUES (5875, '2022-01-04 17:25:33.609477', '2022-01-04 22:57:15.642887', '武沧', '993726878579431227', 'f', '1998-09-30', 9463, 1950, 12000);
UPDATE `loan_chattel` SET `created_at` = '2022-01-04 21:08:31.073959', `updated_at` = '2022-01-04 23:29:26.413489', `customer_id` = 5875, `type` = 'fund', `description` = '一些信息', `value_amount` = 270000, `expired_at` = '2028-01-21' WHERE `loan_chattel`.`id` = 1733;
INSERT INTO `loan_chattel` (`id`, `created_at`, `updated_at`, `customer_id`, `type`, `description`, `value_amount`, `expired_at`) VALUES (1733, '2022-01-04 21:08:31.073959', '2022-01-04 23:29:26.413489', 5875, 'fund', '一些信息', 270000, '2028-01-21');
UPDATE `loan_address` SET `created_at` = '2022-01-04 20:41:27.649936', `updated_at` = '2022-01-04 20:41:27.649936', `province` = '内蒙古自治区', `city` = '赤峰市', `county` = '阿鲁科尔沁旗', `town` = '坤都镇', `detail` = '安边路79号' WHERE `loan_address`.`id` = 9464;
INSERT INTO `loan_address` (`id`, `created_at`, `updated_at`, `province`, `city`, `county`, `town`, `detail`) VALUES (9464, '2022-01-04 20:41:27.649936', '2022-01-04 20:41:27.649936', '内蒙古自治区', '赤峰市', '阿鲁科尔沁旗', '坤都镇', '安边路79号');
UPDATE `loan_estate` SET `created_at` = '2022-01-04 20:41:27.649936', `updated_at` = '2022-01-04 20:41:27.649936', `customer_id` = 5875, `address_id` = 9464 WHERE `loan_estate`.`id` = 3500;
INSERT INTO `loan_estate` (`id`, `created_at`, `updated_at`, `customer_id`, `address_id`) VALUES (3500, '2022-01-04 20:41:27.649936', '2022-01-04 20:41:27.649936', 5875, 9464);
UPDATE `loan_account` SET `created_at` = '2022-01-04 20:49:56.093241', `updated_at` = '2022-01-04 20:49:56.093241', `customer_id` = 5875, `number` = '539049366501673850', `balance` = 77184 WHERE `loan_account`.`id` = 5362;
INSERT INTO `loan_account` (`id`, `created_at`, `updated_at`, `customer_id`, `number`, `balance`) VALUES (5362, '2022-01-04 20:49:56.093241', '2022-01-04 20:49:56.093241', 5875, '539049366501673850', 77184);
UPDATE `loan_address` SET `created_at` = '2022-01-04 10:33:06.778758', `updated_at` = '2022-01-04 10:33:06.778758', `province` = '宁夏回族自治区', `city` = '吴忠市', `county` = '利通区', `town` = '古城镇', `detail` = '百官街住友嘉馨名园16号' WHERE `loan_address`.`id` = 9465;
INSERT INTO `loan_address` (`id`, `created_at`, `updated_at`, `province`, `city`, `county`, `town`, `detail`) VALUES (9465, '2022-01-04 10:33:06.778758', '2022-01-04 10:33:06.778758', '宁夏回族自治区', '吴忠市', '利通区', '古城镇', '百官街住友嘉馨名园16号');
UPDATE `loan_customer` SET `created_at` = '2022-01-04 10:33:06.778758', `updated_at` = '2022-01-04 18:14:00.283078', `name` = '熊天纵', `id_number` = '545840304010484108', `gender` = 'm', `birthday` = '1985-11-13', `address_id` = 9465, `job_id` = 1950, `salary` = 2000 WHERE `loan_customer`.`id` = 5876;
INSERT INTO `loan_customer` (`id`, `created_at`, `updated_at`, `name`, `id_number`, `gender`, `birthday`, `address_id`, `job_id`, `salary`) VALUES (5876, '2022-01-04 10:33:06.778758', '2022-01-04 18:14:00.283078', '熊天纵', '545840304010484108', 'm', '1985-11-13', 9465, 1950, 2000);
UPDATE `loan_account` SET `created_at` = '2022-01-04 21:49:25.554740', `updated_at` = '2022-01-04 22:00:15.998657', `customer_id` = 5876, `number` = '133926722530688550', `balance` = 12204 WHERE `loan_account`.`id` = 5363;
INSERT INTO `loan_account` (`id`, `created_at`, `updated_at`, `customer_id`, `number`, `balance`) VALUES (5363, '2022-01-04 21:49:25.554740', '2022-01-04 22:00:15.998657', 5876, '133926722530688550', 12204);
UPDATE `loan_address` SET `created_at` = '2022-01-04 20:05:44.409934', `updated_at` = '2022-01-04 20:05:44.409934', `province` = '黑龙江省', `city` = '哈尔滨市', `county` = '五常市', `town` = '山河屯林业局', `detail` = '安仁路28号' WHERE `loan_address`.`id` = 9466;
INSERT INTO `loan_address` (`id`, `created_at`, `updated_at`, `province`, `city`, `county`, `town`, `detail`) VALUES (9466, '2022-01-04 20:05:44.409934', '2022-01-04 20:05:44.409934', '黑龙江省', '哈尔滨市', '五常市', '山河屯林业局', '安仁路28号');
UPDATE `loan_customer` SET `created_at` = '2022-01-04 20:05:44.409934', `updated_at` = '2022-01-04 20:05:44.409934', `name` = '潘挺', `id_number` = '886641571383485422', `gender` = 'm', `birthday` = '1993-01-23', `address_id` = 9466, `job_id` = 1950, `salary` = 14000 WHERE `loan_customer`.`id` = 5877;
INSERT INTO `loan_customer` (`id`, `created_at`, `updated_at`, `name`, `id_number`, `gender`, `birthday`, `address_id`, `job_id`, `salary`) VALUES (5877, '2022-01-04 20:05:44.409934', '2022-01-04 20:05:44.409934', '潘挺', '886641571383485422', 'm', '1993-01-23', 9466, 1950, 14000);
UPDATE `loan_address` SET `created_at` = '2022-01-04 23:48:34.053175', `updated_at` = '2022-01-04 23:48:34.053175', `province` = '贵州省', `city` = '铜仁市', `county` = '沿河土家族自治县', `town` = '官舟镇', `detail` = '爱国路12号' WHERE `loan_address`.`id` = 9467;
INSERT INTO `loan_address` (`id`, `created_at`, `updated_at`, `province`, `city`, `county`, `town`, `detail`) VALUES (9467, '2022-01-04 23:48:34.053175', '2022-01-04 23:48:34.053175', '贵州省', '铜仁市', '沿河土家族自治县', '官舟镇', '爱国路12号');
UPDATE `loan_estate` SET `created_at` = '2022-01-04 23:48:34.053175', `updated_at` = '2022-01-04 23:48:34.053175', `customer_id` = 5877, `address_id` = 9467 WHERE `loan_estate`.`id` = 3501;
INSERT INTO `loan_estate` (`id`, `created_at`, `updated_at`, `customer_id`, `address_id`) VALUES (3501, '2022-01-04 23:48:34.053175', '2022-01-04 23:48:34.053175', 5877, 9467);
UPDATE `loan_car` SET `created_at` = '2022-01-04 21:15:50.708328', `updated_at` = '2022-01-04 23:51:00.229844', `customer_id` = 5877, `model_id` = 82, `vin_number` = '399996385183952690', `date_produced` = '2013-03-29', `value_estimated` = 90000 WHERE `loan_car`.`id` = 4722;
INSERT INTO `loan_car` (`id`, `created_at`, `updated_at`, `customer_id`, `model_id`, `vin_number`, `date_produced`, `value_estimated`) VALUES (4722, '2022-01-04 21:15:50.708328', '2022-01-04 23:51:00.229844', 5877, 82, '399996385183952690', '2013-03-29', 90000);
UPDATE `loan_account` SET `created_at` = '2022-01-04 23:00:49.629110', `updated_at` = '2022-01-04 23:00:49.629110', `customer_id` = 5877, `number` = '905145463171116258', `balance` = 72313 WHERE `loan_account`.`id` = 5364;
INSERT INTO `loan_account` (`id`, `created_at`, `updated_at`, `customer_id`, `number`, `balance`) VALUES (5364, '2022-01-04 23:00:49.629110', '2022-01-04 23:00:49.629110', 5877, '905145463171116258', 72313);
UPDATE `loan_address` SET `created_at` = '2022-01-04 20:22:32.887601', `updated_at` = '2022-01-04 20:22:32.887601', `province` = '甘肃省', `city` = '临夏回族自治州', `county` = '广河县', `town` = '官坊乡', `detail` = '宝祁路阳光翠竹苑43号' WHERE `loan_address`.`id` = 9468;
INSERT INTO `loan_address` (`id`, `created_at`, `updated_at`, `province`, `city`, `county`, `town`, `detail`) VALUES (9468, '2022-01-04 20:22:32.887601', '2022-01-04 20:22:32.887601', '甘肃省', '临夏回族自治州', '广河县', '官坊乡', '宝祁路阳光翠竹苑43号');
UPDATE `loan_customer` SET `created_at` = '2022-01-04 20:22:32.887601', `updated_at` = '2022-01-04 22:47:29.629974', `name` = '陆漪', `id_number` = '640762036803334727', `gender` = 'f', `birthday` = '1998-09-14', `address_id` = 9468, `job_id` = 1950, `salary` = 30000 WHERE `loan_customer`.`id` = 5878;
INSERT INTO `loan_customer` (`id`, `created_at`, `updated_at`, `name`, `id_number`, `gender`, `birthday`, `address_id`, `job_id`, `salary`) VALUES (5878, '2022-01-04 20:22:32.887601', '2022-01-04 22:47:29.629974', '陆漪', '640762036803334727', 'f', '1998-09-14', 9468, 1950, 30000);
UPDATE `loan_address` SET `created_at` = '2022-01-04 22:34:47.094995', `updated_at` = '2022-01-04 22:34:47.094995', `province` = '黑龙江省', `city` = '哈尔滨市', `county` = '五常市', `town` = '山河屯林业局', `detail` = '安福路198号' WHERE `loan_address`.`id` = 9469;
INSERT INTO `loan_address` (`id`, `created_at`, `updated_at`, `province`, `city`, `county`, `town`, `detail`) VALUES (9469, '2022-01-04 22:34:47.094995', '2022-01-04 22:34:47.094995', '黑龙江省', '哈尔滨市', '五常市', '山河屯林业局', '安福路198号');
UPDATE `loan_estate` SET `created_at` = '2022-01-04 22:34:47.094995', `updated_at` = '2022-01-04 22:34:47.094995', `customer_id` = 5878, `address_id` = 9469 WHERE `loan_estate`.`id` = 3502;
INSERT INTO `loan_estate` (`id`, `created_at`, `updated_at`, `customer_id`, `address_id`) VALUES (3502, '2022-01-04 22:34:47.094995', '2022-01-04 22:34:47.094995', 5878, 9469);
UPDATE `loan_car` SET `created_at` = '2022-01-04 21:48:37.113320', `updated_at` = '2022-01-04 23:09:59.234646', `customer_id` = 5878, `model_id` = 161, `vin_number` = '660139507402350012', `date_produced` = '2017-01-26', `value_estimated` = 360000 WHERE `loan_car`.`id` = 4723;
INSERT INTO `loan_car` (`id`, `created_at`, `updated_at`, `customer_id`, `model_id`, `vin_number`, `date_produced`, `value_estimated`) VALUES (4723, '2022-01-04 21:48:37.113320', '2022-01-04 23:09:59.234646', 5878, 161, '660139507402350012', '2017-01-26', 360000);
UPDATE `loan_address` SET `created_at` = '2022-01-04 02:05:11.943266', `updated_at` = '2022-01-04 02:05:11.943266', `province` = '河北省', `city` = '邢台市', `county` = '桥西区', `town` = '钢铁路街道办事处', `detail` = '保屯路161号' WHERE `loan_address`.`id` = 9470;
INSERT INTO `loan_address` (`id`, `created_at`, `updated_at`, `province`, `city`, `county`, `town`, `detail`) VALUES (9470, '2022-01-04 02:05:11.943266', '2022-01-04 02:05:11.943266', '河北省', '邢台市', '桥西区', '钢铁路街道办事处', '保屯路161号');
UPDATE `loan_customer` SET `created_at` = '2022-01-04 02:05:11.943266', `updated_at` = '2022-01-04 08:50:41.394336', `name` = '吕玲', `id_number` = '888471751905123750', `gender` = 'm', `birthday` = '1986-11-22', `address_id` = 9470, `job_id` = 1951, `salary` = 86000 WHERE `loan_customer`.`id` = 5879;
INSERT INTO `loan_customer` (`id`, `created_at`, `updated_at`, `name`, `id_number`, `gender`, `birthday`, `address_id`, `job_id`, `salary`) VALUES (5879, '2022-01-04 02:05:11.943266', '2022-01-04 08:50:41.394336', '吕玲', '888471751905123750', 'm', '1986-11-22', 9470, 1951, 86000);
UPDATE `loan_account` SET `created_at` = '2022-01-04 07:25:25.317784', `updated_at` = '2022-01-04 07:25:25.317784', `customer_id` = 5879, `number` = '656574546640659722', `balance` = 85974 WHERE `loan_account`.`id` = 5365;
INSERT INTO `loan_account` (`id`, `created_at`, `updated_at`, `customer_id`, `number`, `balance`) VALUES (5365, '2022-01-04 07:25:25.317784', '2022-01-04 07:25:25.317784', 5879, '656574546640659722', 85974);
UPDATE `loan_address` SET `created_at` = '2022-01-04 22:56:16.182880', `updated_at` = '2022-01-04 22:56:16.182880', `province` = '四川省', `city` = '内江市', `county` = '东兴区', `town` = '西林街道', `detail` = '白渡路176号' WHERE `loan_address`.`id` = 9471;
INSERT INTO `loan_address` (`id`, `created_at`, `updated_at`, `province`, `city`, `county`, `town`, `detail`) VALUES (9471, '2022-01-04 22:56:16.182880', '2022-01-04 22:56:16.182880', '四川省', '内江市', '东兴区', '西林街道', '白渡路176号');
UPDATE `loan_customer` SET `created_at` = '2022-01-04 22:56:16.182880', `updated_at` = '2022-01-04 23:09:03.420823', `name` = '范真', `id_number` = '513428194320879231', `gender` = 'f', `birthday` = '1985-09-30', `address_id` = 9471, `job_id` = 1951, `salary` = 118000 WHERE `loan_customer`.`id` = 5880;
INSERT INTO `loan_customer` (`id`, `created_at`, `updated_at`, `name`, `id_number`, `gender`, `birthday`, `address_id`, `job_id`, `salary`) VALUES (5880, '2022-01-04 22:56:16.182880', '2022-01-04 23:09:03.420823', '范真', '513428194320879231', 'f', '1985-09-30', 9471, 1951, 118000);
UPDATE `loan_address` SET `created_at` = '2022-01-04 23:05:25.445582', `updated_at` = '2022-01-04 23:05:25.445582', `province` = '四川省', `city` = '绵阳市', `county` = '盐亭县', `town` = '高灯镇', `detail` = '宝联路184号' WHERE `loan_address`.`id` = 9472;
INSERT INTO `loan_address` (`id`, `created_at`, `updated_at`, `province`, `city`, `county`, `town`, `detail`) VALUES (9472, '2022-01-04 23:05:25.445582', '2022-01-04 23:05:25.445582', '四川省', '绵阳市', '盐亭县', '高灯镇', '宝联路184号');
UPDATE `loan_estate` SET `created_at` = '2022-01-04 23:05:25.445582', `updated_at` = '2022-01-04 23:05:25.445582', `customer_id` = 5880, `address_id` = 9472 WHERE `loan_estate`.`id` = 3503;
INSERT INTO `loan_estate` (`id`, `created_at`, `updated_at`, `customer_id`, `address_id`) VALUES (3503, '2022-01-04 23:05:25.445582', '2022-01-04 23:05:25.445582', 5880, 9472);
UPDATE `loan_car` SET `created_at` = '2022-01-04 23:51:36.036737', `updated_at` = '2022-01-04 23:51:36.036737', `customer_id` = 5880, `model_id` = 40, `vin_number` = '406451955241156780', `date_produced` = '2016-08-23', `value_estimated` = 150000 WHERE `loan_car`.`id` = 4724;
INSERT INTO `loan_car` (`id`, `created_at`, `updated_at`, `customer_id`, `model_id`, `vin_number`, `date_produced`, `value_estimated`) VALUES (4724, '2022-01-04 23:51:36.036737', '2022-01-04 23:51:36.036737', 5880, 40, '406451955241156780', '2016-08-23', 150000);
UPDATE `loan_account` SET `created_at` = '2022-01-04 23:51:42.721400', `updated_at` = '2022-01-04 23:51:42.721400', `customer_id` = 5880, `number` = '754001264582976016', `balance` = 16929 WHERE `loan_account`.`id` = 5366;
INSERT INTO `loan_account` (`id`, `created_at`, `updated_at`, `customer_id`, `number`, `balance`) VALUES (5366, '2022-01-04 23:51:42.721400', '2022-01-04 23:51:42.721400', 5880, '754001264582976016', 16929);
UPDATE `loan_address` SET `created_at` = '2022-01-04 01:32:56.813203', `updated_at` = '2022-01-04 01:32:56.813203', `province` = '四川省', `city` = '成都市', `county` = '锦江区', `town` = '牛市口街道办事处', `detail` = '百花街金色家园90号' WHERE `loan_address`.`id` = 9473;
INSERT INTO `loan_address` (`id`, `created_at`, `updated_at`, `province`, `city`, `county`, `town`, `detail`) VALUES (9473, '2022-01-04 01:32:56.813203', '2022-01-04 01:32:56.813203', '四川省', '成都市', '锦江区', '牛市口街道办事处', '百花街金色家园90号');
UPDATE `loan_customer` SET `created_at` = '2022-01-04 01:32:56.813203', `updated_at` = '2022-01-04 01:32:56.813203', `name` = '邹眉', `id_number` = '077283764753435421', `gender` = 'f', `birthday` = '1991-05-05', `address_id` = 9473, `job_id` = 1951, `salary` = 11000 WHERE `loan_customer`.`id` = 5881;
INSERT INTO `loan_customer` (`id`, `created_at`, `updated_at`, `name`, `id_number`, `gender`, `birthday`, `address_id`, `job_id`, `salary`) VALUES (5881, '2022-01-04 01:32:56.813203', '2022-01-04 01:32:56.813203', '邹眉', '077283764753435421', 'f', '1991-05-05', 9473, 1951, 11000);
UPDATE `loan_car` SET `created_at` = '2022-01-04 04:32:48.838441', `updated_at` = '2022-01-04 08:07:59.338227', `customer_id` = 5881, `model_id` = 117, `vin_number` = '122918030153750704', `date_produced` = '2015-09-28', `value_estimated` = 590000 WHERE `loan_car`.`id` = 4725;
INSERT INTO `loan_car` (`id`, `created_at`, `updated_at`, `customer_id`, `model_id`, `vin_number`, `date_produced`, `value_estimated`) VALUES (4725, '2022-01-04 04:32:48.838441', '2022-01-04 08:07:59.338227', 5881, 117, '122918030153750704', '2015-09-28', 590000);
UPDATE `loan_account` SET `created_at` = '2022-01-04 03:31:41.228830', `updated_at` = '2022-01-04 03:31:41.228830', `customer_id` = 5881, `number` = '179190774208227378', `balance` = 0 WHERE `loan_account`.`id` = 5367;
INSERT INTO `loan_account` (`id`, `created_at`, `updated_at`, `customer_id`, `number`, `balance`) VALUES (5367, '2022-01-04 03:31:41.228830', '2022-01-04 03:31:41.228830', 5881, '179190774208227378', 0);
UPDATE `loan_address` SET `created_at` = '2022-01-04 08:40:43.487236', `updated_at` = '2022-01-04 08:40:43.487236', `province` = '广东省', `city` = '肇庆市', `county` = '高要区', `town` = '白土镇', `detail` = '安汾路75号' WHERE `loan_address`.`id` = 9474;
INSERT INTO `loan_address` (`id`, `created_at`, `updated_at`, `province`, `city`, `county`, `town`, `detail`) VALUES (9474, '2022-01-04 08:40:43.487236', '2022-01-04 08:40:43.487236', '广东省', '肇庆市', '高要区', '白土镇', '安汾路75号');
UPDATE `loan_customer` SET `created_at` = '2022-01-04 08:40:43.487236', `updated_at` = '2022-01-04 17:18:47.562656', `name` = '谭倩语', `id_number` = '172731410870347565', `gender` = 'm', `birthday` = '2009-08-10', `address_id` = 9474, `job_id` = 1951, `salary` = 14000 WHERE `loan_customer`.`id` = 5882;
INSERT INTO `loan_customer` (`id`, `created_at`, `updated_at`, `name`, `id_number`, `gender`, `birthday`, `address_id`, `job_id`, `salary`) VALUES (5882, '2022-01-04 08:40:43.487236', '2022-01-04 17:18:47.562656', '谭倩语', '172731410870347565', 'm', '2009-08-10', 9474, 1951, 14000);
UPDATE `loan_address` SET `created_at` = '2022-01-04 19:10:13.463557', `updated_at` = '2022-01-04 19:10:13.463557', `province` = '安徽省', `city` = '池州市', `county` = '青阳县', `town` = '青阳县开发区', `detail` = '鞍山支路26号' WHERE `loan_address`.`id` = 9475;
INSERT INTO `loan_address` (`id`, `created_at`, `updated_at`, `province`, `city`, `county`, `town`, `detail`) VALUES (9475, '2022-01-04 19:10:13.463557', '2022-01-04 19:10:13.463557', '安徽省', '池州市', '青阳县', '青阳县开发区', '鞍山支路26号');
UPDATE `loan_estate` SET `created_at` = '2022-01-04 19:10:13.463557', `updated_at` = '2022-01-04 19:10:13.463557', `customer_id` = 5882, `address_id` = 9475 WHERE `loan_estate`.`id` = 3504;
INSERT INTO `loan_estate` (`id`, `created_at`, `updated_at`, `customer_id`, `address_id`) VALUES (3504, '2022-01-04 19:10:13.463557', '2022-01-04 19:10:13.463557', 5882, 9475);
UPDATE `loan_car` SET `created_at` = '2022-01-04 13:49:03.608207', `updated_at` = '2022-01-04 22:31:58.981985', `customer_id` = 5882, `model_id` = 105, `vin_number` = '046485821634094081', `date_produced` = '2021-08-04', `value_estimated` = 280000 WHERE `loan_car`.`id` = 4726;
INSERT INTO `loan_car` (`id`, `created_at`, `updated_at`, `customer_id`, `model_id`, `vin_number`, `date_produced`, `value_estimated`) VALUES (4726, '2022-01-04 13:49:03.608207', '2022-01-04 22:31:58.981985', 5882, 105, '046485821634094081', '2021-08-04', 280000);
UPDATE `loan_car` SET `created_at` = '2022-01-04 18:11:19.201504', `updated_at` = '2022-01-04 18:11:19.201504', `customer_id` = 5882, `model_id` = 149, `vin_number` = '187738119515757628', `date_produced` = '2015-05-11', `value_estimated` = 390000 WHERE `loan_car`.`id` = 4727;
INSERT INTO `loan_car` (`id`, `created_at`, `updated_at`, `customer_id`, `model_id`, `vin_number`, `date_produced`, `value_estimated`) VALUES (4727, '2022-01-04 18:11:19.201504', '2022-01-04 18:11:19.201504', 5882, 149, '187738119515757628', '2015-05-11', 390000);
UPDATE `loan_account` SET `created_at` = '2022-01-04 15:01:22.095796', `updated_at` = '2022-01-04 15:01:22.095796', `customer_id` = 5882, `number` = '241704543446799824', `balance` = 20153 WHERE `loan_account`.`id` = 5368;
INSERT INTO `loan_account` (`id`, `created_at`, `updated_at`, `customer_id`, `number`, `balance`) VALUES (5368, '2022-01-04 15:01:22.095796', '2022-01-04 15:01:22.095796', 5882, '241704543446799824', 20153);
UPDATE `loan_address` SET `created_at` = '2022-01-04 10:13:41.515906', `updated_at` = '2022-01-04 10:13:41.515906', `province` = '新疆维吾尔自治区', `city` = '乌鲁木齐市', `county` = '乌鲁木齐县', `town` = '水西沟镇', `detail` = '白城南路金色家园14号' WHERE `loan_address`.`id` = 9476;
INSERT INTO `loan_address` (`id`, `created_at`, `updated_at`, `province`, `city`, `county`, `town`, `detail`) VALUES (9476, '2022-01-04 10:13:41.515906', '2022-01-04 10:13:41.515906', '新疆维吾尔自治区', '乌鲁木齐市', '乌鲁木齐县', '水西沟镇', '白城南路金色家园14号');
UPDATE `loan_customer` SET `created_at` = '2022-01-04 10:13:41.515906', `updated_at` = '2022-01-04 10:46:25.392271', `name` = '阎彭勃', `id_number` = '242817181656904566', `gender` = 'f', `birthday` = '1984-08-04', `address_id` = 9476, `job_id` = 1951, `salary` = 14000 WHERE `loan_customer`.`id` = 5883;
INSERT INTO `loan_customer` (`id`, `created_at`, `updated_at`, `name`, `id_number`, `gender`, `birthday`, `address_id`, `job_id`, `salary`) VALUES (5883, '2022-01-04 10:13:41.515906', '2022-01-04 10:46:25.392271', '阎彭勃', '242817181656904566', 'f', '1984-08-04', 9476, 1951, 14000);
UPDATE `loan_address` SET `created_at` = '2022-01-04 23:13:46.147980', `updated_at` = '2022-01-04 23:13:46.147980', `province` = '四川省', `city` = '成都市', `county` = '彭州市', `town` = '濛阳镇', `detail` = '宝山路34号' WHERE `loan_address`.`id` = 9477;
INSERT INTO `loan_address` (`id`, `created_at`, `updated_at`, `province`, `city`, `county`, `town`, `detail`) VALUES (9477, '2022-01-04 23:13:46.147980', '2022-01-04 23:13:46.147980', '四川省', '成都市', '彭州市', '濛阳镇', '宝山路34号');
UPDATE `loan_estate` SET `created_at` = '2022-01-04 23:13:46.147980', `updated_at` = '2022-01-04 23:13:46.147980', `customer_id` = 5883, `address_id` = 9477 WHERE `loan_estate`.`id` = 3505;
INSERT INTO `loan_estate` (`id`, `created_at`, `updated_at`, `customer_id`, `address_id`) VALUES (3505, '2022-01-04 23:13:46.147980', '2022-01-04 23:13:46.147980', 5883, 9477);
UPDATE `loan_address` SET `created_at` = '2022-01-04 22:08:41.936381', `updated_at` = '2022-01-04 22:08:41.936381', `province` = '重庆市', `city` = '市辖区', `county` = '北碚区', `town` = '朝阳街道', `detail` = '半淞园路66号' WHERE `loan_address`.`id` = 9478;
INSERT INTO `loan_address` (`id`, `created_at`, `updated_at`, `province`, `city`, `county`, `town`, `detail`) VALUES (9478, '2022-01-04 22:08:41.936381', '2022-01-04 22:08:41.936381', '重庆市', '市辖区', '北碚区', '朝阳街道', '半淞园路66号');
UPDATE `loan_estate` SET `created_at` = '2022-01-04 22:08:41.936381', `updated_at` = '2022-01-04 22:50:45.227580', `customer_id` = 5883, `address_id` = 9478 WHERE `loan_estate`.`id` = 3506;
INSERT INTO `loan_estate` (`id`, `created_at`, `updated_at`, `customer_id`, `address_id`) VALUES (3506, '2022-01-04 22:08:41.936381', '2022-01-04 22:50:45.227580', 5883, 9478);
UPDATE `loan_car` SET `created_at` = '2022-01-04 18:32:24.820074', `updated_at` = '2022-01-04 18:32:24.820074', `customer_id` = 5883, `model_id` = 70, `vin_number` = '270138795585008448', `date_produced` = '2012-10-23', `value_estimated` = 30000 WHERE `loan_car`.`id` = 4728;
INSERT INTO `loan_car` (`id`, `created_at`, `updated_at`, `customer_id`, `model_id`, `vin_number`, `date_produced`, `value_estimated`) VALUES (4728, '2022-01-04 18:32:24.820074', '2022-01-04 18:32:24.820074', 5883, 70, '270138795585008448', '2012-10-23', 30000);
UPDATE `loan_account` SET `created_at` = '2022-01-04 12:24:41.164349', `updated_at` = '2022-01-04 21:06:27.358536', `customer_id` = 5883, `number` = '442546614847737416', `balance` = 82292 WHERE `loan_account`.`id` = 5369;
INSERT INTO `loan_account` (`id`, `created_at`, `updated_at`, `customer_id`, `number`, `balance`) VALUES (5369, '2022-01-04 12:24:41.164349', '2022-01-04 21:06:27.358536', 5883, '442546614847737416', 82292);
UPDATE `loan_address` SET `created_at` = '2022-01-04 04:22:48.109773', `updated_at` = '2022-01-04 04:22:48.109773', `province` = '安徽省', `city` = '马鞍山市', `county` = '当涂县', `town` = '石桥镇', `detail` = '板泉路溢盈河畔别墅21号' WHERE `loan_address`.`id` = 9479;
INSERT INTO `loan_address` (`id`, `created_at`, `updated_at`, `province`, `city`, `county`, `town`, `detail`) VALUES (9479, '2022-01-04 04:22:48.109773', '2022-01-04 04:22:48.109773', '安徽省', '马鞍山市', '当涂县', '石桥镇', '板泉路溢盈河畔别墅21号');
UPDATE `loan_customer` SET `created_at` = '2022-01-04 04:22:48.109773', `updated_at` = '2022-01-04 22:24:12.723922', `name` = '薛兰尹', `id_number` = '118129972469807867', `gender` = 'f', `birthday` = '1985-09-21', `address_id` = 9479, `job_id` = 1952, `salary` = 34000 WHERE `loan_customer`.`id` = 5884;
INSERT INTO `loan_customer` (`id`, `created_at`, `updated_at`, `name`, `id_number`, `gender`, `birthday`, `address_id`, `job_id`, `salary`) VALUES (5884, '2022-01-04 04:22:48.109773', '2022-01-04 22:24:12.723922', '薛兰尹', '118129972469807867', 'f', '1985-09-21', 9479, 1952, 34000);
UPDATE `loan_chattel` SET `created_at` = '2022-01-04 21:57:45.824690', `updated_at` = '2022-01-04 21:57:45.824690', `customer_id` = 5884, `type` = 'trademark', `description` = '一些信息', `value_amount` = 20000, `expired_at` = '2019-08-20' WHERE `loan_chattel`.`id` = 1734;
INSERT INTO `loan_chattel` (`id`, `created_at`, `updated_at`, `customer_id`, `type`, `description`, `value_amount`, `expired_at`) VALUES (1734, '2022-01-04 21:57:45.824690', '2022-01-04 21:57:45.824690', 5884, 'trademark', '一些信息', 20000, '2019-08-20');
UPDATE `loan_address` SET `created_at` = '2022-01-04 06:33:56.284791', `updated_at` = '2022-01-04 06:33:56.284791', `province` = '四川省', `city` = '成都市', `county` = '武侯区', `town` = '肖家河街道办事处', `detail` = '白渡路溢盈河畔别墅9号' WHERE `loan_address`.`id` = 9480;
INSERT INTO `loan_address` (`id`, `created_at`, `updated_at`, `province`, `city`, `county`, `town`, `detail`) VALUES (9480, '2022-01-04 06:33:56.284791', '2022-01-04 06:33:56.284791', '四川省', '成都市', '武侯区', '肖家河街道办事处', '白渡路溢盈河畔别墅9号');
UPDATE `loan_customer` SET `created_at` = '2022-01-04 06:33:56.284791', `updated_at` = '2022-01-04 06:33:56.284791', `name` = '袁高畅', `id_number` = '962498480788592557', `gender` = 'f', `birthday` = '2004-06-04', `address_id` = 9480, `job_id` = 1952, `salary` = 85000 WHERE `loan_customer`.`id` = 5885;
INSERT INTO `loan_customer` (`id`, `created_at`, `updated_at`, `name`, `id_number`, `gender`, `birthday`, `address_id`, `job_id`, `salary`) VALUES (5885, '2022-01-04 06:33:56.284791', '2022-01-04 06:33:56.284791', '袁高畅', '962498480788592557', 'f', '2004-06-04', 9480, 1952, 85000);
UPDATE `loan_car` SET `created_at` = '2022-01-04 13:44:07.315337', `updated_at` = '2022-01-04 20:58:29.108987', `customer_id` = 5885, `model_id` = 159, `vin_number` = '911022621203949158', `date_produced` = '2013-07-04', `value_estimated` = 320000 WHERE `loan_car`.`id` = 4729;
INSERT INTO `loan_car` (`id`, `created_at`, `updated_at`, `customer_id`, `model_id`, `vin_number`, `date_produced`, `value_estimated`) VALUES (4729, '2022-01-04 13:44:07.315337', '2022-01-04 20:58:29.108987', 5885, 159, '911022621203949158', '2013-07-04', 320000);
UPDATE `loan_account` SET `created_at` = '2022-01-04 20:19:00.407204', `updated_at` = '2022-01-04 20:38:57.613862', `customer_id` = 5885, `number` = '112070204675366265', `balance` = 55853 WHERE `loan_account`.`id` = 5370;
INSERT INTO `loan_account` (`id`, `created_at`, `updated_at`, `customer_id`, `number`, `balance`) VALUES (5370, '2022-01-04 20:19:00.407204', '2022-01-04 20:38:57.613862', 5885, '112070204675366265', 55853);
UPDATE `loan_address` SET `created_at` = '2022-01-04 15:50:08.300926', `updated_at` = '2022-01-04 15:50:08.300926', `province` = '江西省', `city` = '吉安市', `county` = '永丰县', `town` = '潭头乡', `detail` = '安顺路37号' WHERE `loan_address`.`id` = 9481;
INSERT INTO `loan_address` (`id`, `created_at`, `updated_at`, `province`, `city`, `county`, `town`, `detail`) VALUES (9481, '2022-01-04 15:50:08.300926', '2022-01-04 15:50:08.300926', '江西省', '吉安市', '永丰县', '潭头乡', '安顺路37号');
UPDATE `loan_customer` SET `created_at` = '2022-01-04 15:50:08.300926', `updated_at` = '2022-01-04 15:50:08.300926', `name` = '崔娟', `id_number` = '371153908498819603', `gender` = 'm', `birthday` = '2002-07-04', `address_id` = 9481, `job_id` = 1952, `salary` = 67000 WHERE `loan_customer`.`id` = 5886;
INSERT INTO `loan_customer` (`id`, `created_at`, `updated_at`, `name`, `id_number`, `gender`, `birthday`, `address_id`, `job_id`, `salary`) VALUES (5886, '2022-01-04 15:50:08.300926', '2022-01-04 15:50:08.300926', '崔娟', '371153908498819603', 'm', '2002-07-04', 9481, 1952, 67000);
UPDATE `loan_chattel` SET `created_at` = '2022-01-04 19:58:08.235927', `updated_at` = '2022-01-04 19:58:08.235927', `customer_id` = 5886, `type` = 'check', `description` = '一些信息', `value_amount` = 20000, `expired_at` = '2022-03-10' WHERE `loan_chattel`.`id` = 1735;
INSERT INTO `loan_chattel` (`id`, `created_at`, `updated_at`, `customer_id`, `type`, `description`, `value_amount`, `expired_at`) VALUES (1735, '2022-01-04 19:58:08.235927', '2022-01-04 19:58:08.235927', 5886, 'check', '一些信息', 20000, '2022-03-10');
UPDATE `loan_address` SET `created_at` = '2022-01-04 23:33:21.178167', `updated_at` = '2022-01-04 23:33:21.178167', `province` = '江西省', `city` = '上饶市', `county` = '横峰县', `town` = '龙门畈乡', `detail` = '白玉路41号' WHERE `loan_address`.`id` = 9482;
INSERT INTO `loan_address` (`id`, `created_at`, `updated_at`, `province`, `city`, `county`, `town`, `detail`) VALUES (9482, '2022-01-04 23:33:21.178167', '2022-01-04 23:33:21.178167', '江西省', '上饶市', '横峰县', '龙门畈乡', '白玉路41号');
UPDATE `loan_estate` SET `created_at` = '2022-01-04 23:33:21.178167', `updated_at` = '2022-01-04 23:33:21.178167', `customer_id` = 5886, `address_id` = 9482 WHERE `loan_estate`.`id` = 3507;
INSERT INTO `loan_estate` (`id`, `created_at`, `updated_at`, `customer_id`, `address_id`) VALUES (3507, '2022-01-04 23:33:21.178167', '2022-01-04 23:33:21.178167', 5886, 9482);
UPDATE `loan_address` SET `created_at` = '2022-01-04 19:45:54.556429', `updated_at` = '2022-01-04 19:45:54.556429', `province` = '广东省', `city` = '珠海市', `county` = '斗门区', `town` = '白蕉镇', `detail` = '鞍山支路32号' WHERE `loan_address`.`id` = 9483;
INSERT INTO `loan_address` (`id`, `created_at`, `updated_at`, `province`, `city`, `county`, `town`, `detail`) VALUES (9483, '2022-01-04 19:45:54.556429', '2022-01-04 19:45:54.556429', '广东省', '珠海市', '斗门区', '白蕉镇', '鞍山支路32号');
UPDATE `loan_estate` SET `created_at` = '2022-01-04 19:45:54.556429', `updated_at` = '2022-01-04 19:45:54.556429', `customer_id` = 5886, `address_id` = 9483 WHERE `loan_estate`.`id` = 3508;
INSERT INTO `loan_estate` (`id`, `created_at`, `updated_at`, `customer_id`, `address_id`) VALUES (3508, '2022-01-04 19:45:54.556429', '2022-01-04 19:45:54.556429', 5886, 9483);
UPDATE `loan_car` SET `created_at` = '2022-01-04 22:12:38.675181', `updated_at` = '2022-01-04 23:24:58.213990', `customer_id` = 5886, `model_id` = 177, `vin_number` = '061617273647622203', `date_produced` = '2014-12-12', `value_estimated` = 220000 WHERE `loan_car`.`id` = 4730;
INSERT INTO `loan_car` (`id`, `created_at`, `updated_at`, `customer_id`, `model_id`, `vin_number`, `date_produced`, `value_estimated`) VALUES (4730, '2022-01-04 22:12:38.675181', '2022-01-04 23:24:58.213990', 5886, 177, '061617273647622203', '2014-12-12', 220000);
UPDATE `loan_car` SET `created_at` = '2022-01-04 23:38:08.869782', `updated_at` = '2022-01-04 23:38:08.869782', `customer_id` = 5886, `model_id` = 110, `vin_number` = '867792294284731090', `date_produced` = '2019-09-21', `value_estimated` = 680000 WHERE `loan_car`.`id` = 4731;
INSERT INTO `loan_car` (`id`, `created_at`, `updated_at`, `customer_id`, `model_id`, `vin_number`, `date_produced`, `value_estimated`) VALUES (4731, '2022-01-04 23:38:08.869782', '2022-01-04 23:38:08.869782', 5886, 110, '867792294284731090', '2019-09-21', 680000);
UPDATE `loan_account` SET `created_at` = '2022-01-04 20:19:53.768192', `updated_at` = '2022-01-04 23:33:30.361369', `customer_id` = 5886, `number` = '852605472082150836', `balance` = 113888 WHERE `loan_account`.`id` = 5371;
INSERT INTO `loan_account` (`id`, `created_at`, `updated_at`, `customer_id`, `number`, `balance`) VALUES (5371, '2022-01-04 20:19:53.768192', '2022-01-04 23:33:30.361369', 5886, '852605472082150836', 113888);
UPDATE `loan_address` SET `created_at` = '2022-01-04 06:05:56.072905', `updated_at` = '2022-01-04 06:05:56.072905', `province` = '北京市', `city` = '市辖区', `county` = '海淀区', `town` = '羊坊店街道办事处', `detail` = '白渡路121号' WHERE `loan_address`.`id` = 9484;
INSERT INTO `loan_address` (`id`, `created_at`, `updated_at`, `province`, `city`, `county`, `town`, `detail`) VALUES (9484, '2022-01-04 06:05:56.072905', '2022-01-04 06:05:56.072905', '北京市', '市辖区', '海淀区', '羊坊店街道办事处', '白渡路121号');
UPDATE `loan_customer` SET `created_at` = '2022-01-04 06:05:56.072905', `updated_at` = '2022-01-04 13:21:10.392734', `name` = '谭苑', `id_number` = '602073385564507038', `gender` = 'f', `birthday` = '1987-02-02', `address_id` = 9484, `job_id` = 1952, `salary` = 16000 WHERE `loan_customer`.`id` = 5887;
INSERT INTO `loan_customer` (`id`, `created_at`, `updated_at`, `name`, `id_number`, `gender`, `birthday`, `address_id`, `job_id`, `salary`) VALUES (5887, '2022-01-04 06:05:56.072905', '2022-01-04 13:21:10.392734', '谭苑', '602073385564507038', 'f', '1987-02-02', 9484, 1952, 16000);
UPDATE `loan_address` SET `created_at` = '2022-01-04 19:24:44.209335', `updated_at` = '2022-01-04 19:24:44.209335', `province` = '内蒙古自治区', `city` = '兴安盟', `county` = '扎赉特旗', `town` = '阿拉达尔吐苏木', `detail` = '安福路153号' WHERE `loan_address`.`id` = 9485;
INSERT INTO `loan_address` (`id`, `created_at`, `updated_at`, `province`, `city`, `county`, `town`, `detail`) VALUES (9485, '2022-01-04 19:24:44.209335', '2022-01-04 19:24:44.209335', '内蒙古自治区', '兴安盟', '扎赉特旗', '阿拉达尔吐苏木', '安福路153号');
UPDATE `loan_estate` SET `created_at` = '2022-01-04 19:24:44.209335', `updated_at` = '2022-01-04 19:24:44.209335', `customer_id` = 5887, `address_id` = 9485 WHERE `loan_estate`.`id` = 3509;
INSERT INTO `loan_estate` (`id`, `created_at`, `updated_at`, `customer_id`, `address_id`) VALUES (3509, '2022-01-04 19:24:44.209335', '2022-01-04 19:24:44.209335', 5887, 9485);
UPDATE `loan_account` SET `created_at` = '2022-01-04 13:39:29.563067', `updated_at` = '2022-01-04 18:08:06.097866', `customer_id` = 5887, `number` = '358627757953248447', `balance` = 131315 WHERE `loan_account`.`id` = 5372;
INSERT INTO `loan_account` (`id`, `created_at`, `updated_at`, `customer_id`, `number`, `balance`) VALUES (5372, '2022-01-04 13:39:29.563067', '2022-01-04 18:08:06.097866', 5887, '358627757953248447', 131315);
UPDATE `loan_address` SET `created_at` = '2022-01-04 06:26:28.218962', `updated_at` = '2022-01-04 06:26:28.218962', `province` = '重庆市', `city` = '市辖区', `county` = '北碚区', `town` = '朝阳街道', `detail` = '鞍山支路36号' WHERE `loan_address`.`id` = 9486;
INSERT INTO `loan_address` (`id`, `created_at`, `updated_at`, `province`, `city`, `county`, `town`, `detail`) VALUES (9486, '2022-01-04 06:26:28.218962', '2022-01-04 06:26:28.218962', '重庆市', '市辖区', '北碚区', '朝阳街道', '鞍山支路36号');
UPDATE `loan_customer` SET `created_at` = '2022-01-04 06:26:28.218962', `updated_at` = '2022-01-04 11:34:13.284636', `name` = '吕阳炎', `id_number` = '720315015331925247', `gender` = 'm', `birthday` = '1998-12-31', `address_id` = 9486, `job_id` = 1953, `salary` = 8000 WHERE `loan_customer`.`id` = 5888;
INSERT INTO `loan_customer` (`id`, `created_at`, `updated_at`, `name`, `id_number`, `gender`, `birthday`, `address_id`, `job_id`, `salary`) VALUES (5888, '2022-01-04 06:26:28.218962', '2022-01-04 11:34:13.284636', '吕阳炎', '720315015331925247', 'm', '1998-12-31', 9486, 1953, 8000);
UPDATE `loan_address` SET `created_at` = '2022-01-04 15:30:54.408319', `updated_at` = '2022-01-04 15:30:54.408319', `province` = '山西省', `city` = '大同市', `county` = '广灵县', `town` = '加斗乡', `detail` = '宝安公路97号' WHERE `loan_address`.`id` = 9487;
INSERT INTO `loan_address` (`id`, `created_at`, `updated_at`, `province`, `city`, `county`, `town`, `detail`) VALUES (9487, '2022-01-04 15:30:54.408319', '2022-01-04 15:30:54.408319', '山西省', '大同市', '广灵县', '加斗乡', '宝安公路97号');
UPDATE `loan_estate` SET `created_at` = '2022-01-04 15:30:54.408319', `updated_at` = '2022-01-04 15:30:54.408319', `customer_id` = 5888, `address_id` = 9487 WHERE `loan_estate`.`id` = 3510;
INSERT INTO `loan_estate` (`id`, `created_at`, `updated_at`, `customer_id`, `address_id`) VALUES (3510, '2022-01-04 15:30:54.408319', '2022-01-04 15:30:54.408319', 5888, 9487);
UPDATE `loan_car` SET `created_at` = '2022-01-04 10:30:41.581168', `updated_at` = '2022-01-04 10:30:41.581168', `customer_id` = 5888, `model_id` = 52, `vin_number` = '729322980852800124', `date_produced` = '2021-08-16', `value_estimated` = 280000 WHERE `loan_car`.`id` = 4732;
INSERT INTO `loan_car` (`id`, `created_at`, `updated_at`, `customer_id`, `model_id`, `vin_number`, `date_produced`, `value_estimated`) VALUES (4732, '2022-01-04 10:30:41.581168', '2022-01-04 10:30:41.581168', 5888, 52, '729322980852800124', '2021-08-16', 280000);
UPDATE `loan_account` SET `created_at` = '2022-01-04 17:52:09.227119', `updated_at` = '2022-01-04 22:50:27.822585', `customer_id` = 5888, `number` = '295978447545477993', `balance` = 30295 WHERE `loan_account`.`id` = 5373;
INSERT INTO `loan_account` (`id`, `created_at`, `updated_at`, `customer_id`, `number`, `balance`) VALUES (5373, '2022-01-04 17:52:09.227119', '2022-01-04 22:50:27.822585', 5888, '295978447545477993', 30295);
UPDATE `loan_address` SET `created_at` = '2022-01-04 09:48:17.082426', `updated_at` = '2022-01-04 09:48:17.082426', `province` = '山东省', `city` = '临沂市', `county` = '兰陵县', `town` = '尚岩镇', `detail` = '宝源路阳光翠竹苑79号' WHERE `loan_address`.`id` = 9488;
INSERT INTO `loan_address` (`id`, `created_at`, `updated_at`, `province`, `city`, `county`, `town`, `detail`) VALUES (9488, '2022-01-04 09:48:17.082426', '2022-01-04 09:48:17.082426', '山东省', '临沂市', '兰陵县', '尚岩镇', '宝源路阳光翠竹苑79号');
UPDATE `loan_customer` SET `created_at` = '2022-01-04 09:48:17.082426', `updated_at` = '2022-01-04 12:48:38.592847', `name` = '薛春荷', `id_number` = '959866174220585390', `gender` = 'm', `birthday` = '2003-03-13', `address_id` = 9488, `job_id` = 1953, `salary` = 24000 WHERE `loan_customer`.`id` = 5889;
INSERT INTO `loan_customer` (`id`, `created_at`, `updated_at`, `name`, `id_number`, `gender`, `birthday`, `address_id`, `job_id`, `salary`) VALUES (5889, '2022-01-04 09:48:17.082426', '2022-01-04 12:48:38.592847', '薛春荷', '959866174220585390', 'm', '2003-03-13', 9488, 1953, 24000);
UPDATE `loan_address` SET `created_at` = '2022-01-04 14:25:32.646306', `updated_at` = '2022-01-04 14:25:32.646306', `province` = '山东省', `city` = '潍坊市', `county` = '安丘市', `town` = '金冢子镇', `detail` = '宝源路博泰新苑57号' WHERE `loan_address`.`id` = 9489;
INSERT INTO `loan_address` (`id`, `created_at`, `updated_at`, `province`, `city`, `county`, `town`, `detail`) VALUES (9489, '2022-01-04 14:25:32.646306', '2022-01-04 14:25:32.646306', '山东省', '潍坊市', '安丘市', '金冢子镇', '宝源路博泰新苑57号');
UPDATE `loan_estate` SET `created_at` = '2022-01-04 14:25:32.646306', `updated_at` = '2022-01-04 14:25:32.646306', `customer_id` = 5889, `address_id` = 9489 WHERE `loan_estate`.`id` = 3511;
INSERT INTO `loan_estate` (`id`, `created_at`, `updated_at`, `customer_id`, `address_id`) VALUES (3511, '2022-01-04 14:25:32.646306', '2022-01-04 14:25:32.646306', 5889, 9489);
UPDATE `loan_account` SET `created_at` = '2022-01-04 12:21:58.218724', `updated_at` = '2022-01-04 22:10:44.426902', `customer_id` = 5889, `number` = '854912893813820019', `balance` = 61132 WHERE `loan_account`.`id` = 5374;
INSERT INTO `loan_account` (`id`, `created_at`, `updated_at`, `customer_id`, `number`, `balance`) VALUES (5374, '2022-01-04 12:21:58.218724', '2022-01-04 22:10:44.426902', 5889, '854912893813820019', 61132);
UPDATE `loan_address` SET `created_at` = '2022-01-04 23:35:30.276313', `updated_at` = '2022-01-04 23:35:30.276313', `province` = '湖北省', `city` = '恩施土家族苗族自治州', `county` = '利川市', `town` = '建南镇', `detail` = '包头南路70号' WHERE `loan_address`.`id` = 9490;
INSERT INTO `loan_address` (`id`, `created_at`, `updated_at`, `province`, `city`, `county`, `town`, `detail`) VALUES (9490, '2022-01-04 23:35:30.276313', '2022-01-04 23:35:30.276313', '湖北省', '恩施土家族苗族自治州', '利川市', '建南镇', '包头南路70号');
UPDATE `loan_customer` SET `created_at` = '2022-01-04 23:35:30.276313', `updated_at` = '2022-01-04 23:35:30.276313', `name` = '于康时', `id_number` = '749396786828904418', `gender` = 'f', `birthday` = '2004-03-20', `address_id` = 9490, `job_id` = 1953, `salary` = 24000 WHERE `loan_customer`.`id` = 5890;
INSERT INTO `loan_customer` (`id`, `created_at`, `updated_at`, `name`, `id_number`, `gender`, `birthday`, `address_id`, `job_id`, `salary`) VALUES (5890, '2022-01-04 23:35:30.276313', '2022-01-04 23:35:30.276313', '于康时', '749396786828904418', 'f', '2004-03-20', 9490, 1953, 24000);
UPDATE `loan_address` SET `created_at` = '2022-01-04 23:53:26.352598', `updated_at` = '2022-01-04 23:53:26.352598', `province` = '安徽省', `city` = '黄山市', `county` = '徽州区', `town` = '安徽徽州经济开发区', `detail` = '澳门路东新大厦26号' WHERE `loan_address`.`id` = 9491;
INSERT INTO `loan_address` (`id`, `created_at`, `updated_at`, `province`, `city`, `county`, `town`, `detail`) VALUES (9491, '2022-01-04 23:53:26.352598', '2022-01-04 23:53:26.352598', '安徽省', '黄山市', '徽州区', '安徽徽州经济开发区', '澳门路东新大厦26号');
UPDATE `loan_estate` SET `created_at` = '2022-01-04 23:53:26.352598', `updated_at` = '2022-01-04 23:53:26.352598', `customer_id` = 5890, `address_id` = 9491 WHERE `loan_estate`.`id` = 3512;
INSERT INTO `loan_estate` (`id`, `created_at`, `updated_at`, `customer_id`, `address_id`) VALUES (3512, '2022-01-04 23:53:26.352598', '2022-01-04 23:53:26.352598', 5890, 9491);
UPDATE `loan_account` SET `created_at` = '2022-01-04 23:41:10.997823', `updated_at` = '2022-01-04 23:41:10.997823', `customer_id` = 5890, `number` = '828877332322364206', `balance` = 16540 WHERE `loan_account`.`id` = 5375;
INSERT INTO `loan_account` (`id`, `created_at`, `updated_at`, `customer_id`, `number`, `balance`) VALUES (5375, '2022-01-04 23:41:10.997823', '2022-01-04 23:41:10.997823', 5890, '828877332322364206', 16540);
UPDATE `loan_address` SET `created_at` = '2022-01-04 02:51:23.716420', `updated_at` = '2022-01-04 02:51:23.716420', `province` = '广西壮族自治区', `city` = '南宁市', `county` = '隆安县', `town` = '布泉乡', `detail` = '板泉路10号' WHERE `loan_address`.`id` = 9492;
INSERT INTO `loan_address` (`id`, `created_at`, `updated_at`, `province`, `city`, `county`, `town`, `detail`) VALUES (9492, '2022-01-04 02:51:23.716420', '2022-01-04 02:51:23.716420', '广西壮族自治区', '南宁市', '隆安县', '布泉乡', '板泉路10号');
UPDATE `loan_customer` SET `created_at` = '2022-01-04 02:51:23.716420', `updated_at` = '2022-01-04 02:51:23.716420', `name` = '姜旲', `id_number` = '307124260348558511', `gender` = 'f', `birthday` = '2004-05-09', `address_id` = 9492, `job_id` = 1954, `salary` = 17000 WHERE `loan_customer`.`id` = 5891;
INSERT INTO `loan_customer` (`id`, `created_at`, `updated_at`, `name`, `id_number`, `gender`, `birthday`, `address_id`, `job_id`, `salary`) VALUES (5891, '2022-01-04 02:51:23.716420', '2022-01-04 02:51:23.716420', '姜旲', '307124260348558511', 'f', '2004-05-09', 9492, 1954, 17000);
UPDATE `loan_car` SET `created_at` = '2022-01-04 13:00:46.139618', `updated_at` = '2022-01-04 13:00:46.139618', `customer_id` = 5891, `model_id` = 290, `vin_number` = '640199457814537814', `date_produced` = '2016-02-06', `value_estimated` = 360000 WHERE `loan_car`.`id` = 4733;
INSERT INTO `loan_car` (`id`, `created_at`, `updated_at`, `customer_id`, `model_id`, `vin_number`, `date_produced`, `value_estimated`) VALUES (4733, '2022-01-04 13:00:46.139618', '2022-01-04 13:00:46.139618', 5891, 290, '640199457814537814', '2016-02-06', 360000);
UPDATE `loan_car` SET `created_at` = '2022-01-04 21:38:49.285864', `updated_at` = '2022-01-04 21:38:49.285864', `customer_id` = 5891, `model_id` = 78, `vin_number` = '804804694098898192', `date_produced` = '2016-08-29', `value_estimated` = 30000 WHERE `loan_car`.`id` = 4734;
INSERT INTO `loan_car` (`id`, `created_at`, `updated_at`, `customer_id`, `model_id`, `vin_number`, `date_produced`, `value_estimated`) VALUES (4734, '2022-01-04 21:38:49.285864', '2022-01-04 21:38:49.285864', 5891, 78, '804804694098898192', '2016-08-29', 30000);
UPDATE `loan_account` SET `created_at` = '2022-01-04 08:54:45.783292', `updated_at` = '2022-01-04 08:54:45.783292', `customer_id` = 5891, `number` = '384638220663772450', `balance` = 37587 WHERE `loan_account`.`id` = 5376;
INSERT INTO `loan_account` (`id`, `created_at`, `updated_at`, `customer_id`, `number`, `balance`) VALUES (5376, '2022-01-04 08:54:45.783292', '2022-01-04 08:54:45.783292', 5891, '384638220663772450', 37587);
UPDATE `loan_address` SET `created_at` = '2022-01-04 20:27:12.744159', `updated_at` = '2022-01-04 20:27:12.744159', `province` = '河北省', `city` = '邯郸市', `county` = '邱县', `town` = '南辛店乡', `detail` = '安汾路协通公寓139号' WHERE `loan_address`.`id` = 9493;
INSERT INTO `loan_address` (`id`, `created_at`, `updated_at`, `province`, `city`, `county`, `town`, `detail`) VALUES (9493, '2022-01-04 20:27:12.744159', '2022-01-04 20:27:12.744159', '河北省', '邯郸市', '邱县', '南辛店乡', '安汾路协通公寓139号');
UPDATE `loan_customer` SET `created_at` = '2022-01-04 20:27:12.744159', `updated_at` = '2022-01-04 21:43:18.815129', `name` = '孟玲', `id_number` = '357505448206629167', `gender` = 'f', `birthday` = '1996-12-06', `address_id` = 9493, `job_id` = 1954, `salary` = 30000 WHERE `loan_customer`.`id` = 5892;
INSERT INTO `loan_customer` (`id`, `created_at`, `updated_at`, `name`, `id_number`, `gender`, `birthday`, `address_id`, `job_id`, `salary`) VALUES (5892, '2022-01-04 20:27:12.744159', '2022-01-04 21:43:18.815129', '孟玲', '357505448206629167', 'f', '1996-12-06', 9493, 1954, 30000);
UPDATE `loan_chattel` SET `created_at` = '2022-01-04 21:49:20.295089', `updated_at` = '2022-01-04 21:49:20.295089', `customer_id` = 5892, `type` = 'check', `description` = '一些信息', `value_amount` = 120000, `expired_at` = '2029-02-08' WHERE `loan_chattel`.`id` = 1736;
INSERT INTO `loan_chattel` (`id`, `created_at`, `updated_at`, `customer_id`, `type`, `description`, `value_amount`, `expired_at`) VALUES (1736, '2022-01-04 21:49:20.295089', '2022-01-04 21:49:20.295089', 5892, 'check', '一些信息', 120000, '2029-02-08');
UPDATE `loan_car` SET `created_at` = '2022-01-04 22:01:06.278387', `updated_at` = '2022-01-04 22:42:30.757298', `customer_id` = 5892, `model_id` = 121, `vin_number` = '797831258467903633', `date_produced` = '2010-01-22', `value_estimated` = 70000 WHERE `loan_car`.`id` = 4735;
INSERT INTO `loan_car` (`id`, `created_at`, `updated_at`, `customer_id`, `model_id`, `vin_number`, `date_produced`, `value_estimated`) VALUES (4735, '2022-01-04 22:01:06.278387', '2022-01-04 22:42:30.757298', 5892, 121, '797831258467903633', '2010-01-22', 70000);
UPDATE `loan_account` SET `created_at` = '2022-01-04 23:36:22.474629', `updated_at` = '2022-01-04 23:52:07.561282', `customer_id` = 5892, `number` = '564364379241446356', `balance` = 0 WHERE `loan_account`.`id` = 5377;
INSERT INTO `loan_account` (`id`, `created_at`, `updated_at`, `customer_id`, `number`, `balance`) VALUES (5377, '2022-01-04 23:36:22.474629', '2022-01-04 23:52:07.561282', 5892, '564364379241446356', 0);
UPDATE `loan_address` SET `created_at` = '2022-01-04 16:51:47.659939', `updated_at` = '2022-01-04 16:51:47.659939', `province` = '陕西省', `city` = '安康市', `county` = '汉阴县', `town` = '铁佛寺镇', `detail` = '宝山路84号' WHERE `loan_address`.`id` = 9494;
INSERT INTO `loan_address` (`id`, `created_at`, `updated_at`, `province`, `city`, `county`, `town`, `detail`) VALUES (9494, '2022-01-04 16:51:47.659939', '2022-01-04 16:51:47.659939', '陕西省', '安康市', '汉阴县', '铁佛寺镇', '宝山路84号');
UPDATE `loan_customer` SET `created_at` = '2022-01-04 16:51:47.659939', `updated_at` = '2022-01-04 16:51:47.659939', `name` = '刘馨', `id_number` = '018584908658680052', `gender` = 'm', `birthday` = '2007-10-14', `address_id` = 9494, `job_id` = 1955, `salary` = 20000 WHERE `loan_customer`.`id` = 5893;
INSERT INTO `loan_customer` (`id`, `created_at`, `updated_at`, `name`, `id_number`, `gender`, `birthday`, `address_id`, `job_id`, `salary`) VALUES (5893, '2022-01-04 16:51:47.659939', '2022-01-04 16:51:47.659939', '刘馨', '018584908658680052', 'm', '2007-10-14', 9494, 1955, 20000);
UPDATE `loan_chattel` SET `created_at` = '2022-01-04 17:24:00.308709', `updated_at` = '2022-01-04 17:24:00.308709', `customer_id` = 5893, `type` = 'fund', `description` = '一些信息', `value_amount` = 700000, `expired_at` = '2024-11-24' WHERE `loan_chattel`.`id` = 1737;
INSERT INTO `loan_chattel` (`id`, `created_at`, `updated_at`, `customer_id`, `type`, `description`, `value_amount`, `expired_at`) VALUES (1737, '2022-01-04 17:24:00.308709', '2022-01-04 17:24:00.308709', 5893, 'fund', '一些信息', 700000, '2024-11-24');
UPDATE `loan_address` SET `created_at` = '2022-01-04 22:52:05.750472', `updated_at` = '2022-01-04 22:52:05.750472', `province` = '河南省', `city` = '漯河市', `county` = '临颍县', `town` = '窝城镇', `detail` = '鞍山路东新大厦37号' WHERE `loan_address`.`id` = 9495;
INSERT INTO `loan_address` (`id`, `created_at`, `updated_at`, `province`, `city`, `county`, `town`, `detail`) VALUES (9495, '2022-01-04 22:52:05.750472', '2022-01-04 22:52:05.750472', '河南省', '漯河市', '临颍县', '窝城镇', '鞍山路东新大厦37号');
UPDATE `loan_estate` SET `created_at` = '2022-01-04 22:52:05.750472', `updated_at` = '2022-01-04 22:52:05.750472', `customer_id` = 5893, `address_id` = 9495 WHERE `loan_estate`.`id` = 3513;
INSERT INTO `loan_estate` (`id`, `created_at`, `updated_at`, `customer_id`, `address_id`) VALUES (3513, '2022-01-04 22:52:05.750472', '2022-01-04 22:52:05.750472', 5893, 9495);
UPDATE `loan_car` SET `created_at` = '2022-01-04 23:08:09.142069', `updated_at` = '2022-01-04 23:45:20.271747', `customer_id` = 5893, `model_id` = 88, `vin_number` = '495956240529841399', `date_produced` = '2013-12-19', `value_estimated` = 720000 WHERE `loan_car`.`id` = 4736;
INSERT INTO `loan_car` (`id`, `created_at`, `updated_at`, `customer_id`, `model_id`, `vin_number`, `date_produced`, `value_estimated`) VALUES (4736, '2022-01-04 23:08:09.142069', '2022-01-04 23:45:20.271747', 5893, 88, '495956240529841399', '2013-12-19', 720000);
UPDATE `loan_address` SET `created_at` = '2022-01-04 15:25:17.528404', `updated_at` = '2022-01-04 15:25:17.528404', `province` = '北京市', `city` = '市辖区', `county` = '房山区', `town` = '张坊镇', `detail` = '宝联路89号' WHERE `loan_address`.`id` = 9496;
INSERT INTO `loan_address` (`id`, `created_at`, `updated_at`, `province`, `city`, `county`, `town`, `detail`) VALUES (9496, '2022-01-04 15:25:17.528404', '2022-01-04 15:25:17.528404', '北京市', '市辖区', '房山区', '张坊镇', '宝联路89号');
UPDATE `loan_customer` SET `created_at` = '2022-01-04 15:25:17.528404', `updated_at` = '2022-01-04 15:25:17.528404', `name` = '常宇', `id_number` = '548330180952243474', `gender` = 'f', `birthday` = '1990-06-06', `address_id` = 9496, `job_id` = 1955, `salary` = 21000 WHERE `loan_customer`.`id` = 5894;
INSERT INTO `loan_customer` (`id`, `created_at`, `updated_at`, `name`, `id_number`, `gender`, `birthday`, `address_id`, `job_id`, `salary`) VALUES (5894, '2022-01-04 15:25:17.528404', '2022-01-04 15:25:17.528404', '常宇', '548330180952243474', 'f', '1990-06-06', 9496, 1955, 21000);
UPDATE `loan_address` SET `created_at` = '2022-01-04 20:47:36.271567', `updated_at` = '2022-01-04 20:47:36.271567', `province` = '四川省', `city` = '内江市', `county` = '东兴区', `town` = '西林街道', `detail` = '白城南路5号' WHERE `loan_address`.`id` = 9497;
INSERT INTO `loan_address` (`id`, `created_at`, `updated_at`, `province`, `city`, `county`, `town`, `detail`) VALUES (9497, '2022-01-04 20:47:36.271567', '2022-01-04 20:47:36.271567', '四川省', '内江市', '东兴区', '西林街道', '白城南路5号');
UPDATE `loan_estate` SET `created_at` = '2022-01-04 20:47:36.271567', `updated_at` = '2022-01-04 20:47:36.271567', `customer_id` = 5894, `address_id` = 9497 WHERE `loan_estate`.`id` = 3514;
INSERT INTO `loan_estate` (`id`, `created_at`, `updated_at`, `customer_id`, `address_id`) VALUES (3514, '2022-01-04 20:47:36.271567', '2022-01-04 20:47:36.271567', 5894, 9497);
UPDATE `loan_car` SET `created_at` = '2022-01-04 16:24:44.852867', `updated_at` = '2022-01-04 19:26:37.300852', `customer_id` = 5894, `model_id` = 165, `vin_number` = '463851650911172888', `date_produced` = '2012-04-04', `value_estimated` = 530000 WHERE `loan_car`.`id` = 4737;
INSERT INTO `loan_car` (`id`, `created_at`, `updated_at`, `customer_id`, `model_id`, `vin_number`, `date_produced`, `value_estimated`) VALUES (4737, '2022-01-04 16:24:44.852867', '2022-01-04 19:26:37.300852', 5894, 165, '463851650911172888', '2012-04-04', 530000);
UPDATE `loan_car` SET `created_at` = '2022-01-04 16:29:03.276891', `updated_at` = '2022-01-04 16:29:03.276891', `customer_id` = 5894, `model_id` = 232, `vin_number` = '039601546187388571', `date_produced` = '2021-07-06', `value_estimated` = 660000 WHERE `loan_car`.`id` = 4738;
INSERT INTO `loan_car` (`id`, `created_at`, `updated_at`, `customer_id`, `model_id`, `vin_number`, `date_produced`, `value_estimated`) VALUES (4738, '2022-01-04 16:29:03.276891', '2022-01-04 16:29:03.276891', 5894, 232, '039601546187388571', '2021-07-06', 660000);
UPDATE `loan_account` SET `created_at` = '2022-01-04 22:59:55.884876', `updated_at` = '2022-01-04 23:06:13.859594', `customer_id` = 5894, `number` = '478935680295996389', `balance` = 130917 WHERE `loan_account`.`id` = 5378;
INSERT INTO `loan_account` (`id`, `created_at`, `updated_at`, `customer_id`, `number`, `balance`) VALUES (5378, '2022-01-04 22:59:55.884876', '2022-01-04 23:06:13.859594', 5894, '478935680295996389', 130917);
UPDATE `loan_address` SET `created_at` = '2022-01-04 06:06:39.066064', `updated_at` = '2022-01-04 06:06:39.066064', `province` = '四川省', `city` = '绵阳市', `county` = '盐亭县', `town` = '高灯镇', `detail` = '安国路81号' WHERE `loan_address`.`id` = 9498;
INSERT INTO `loan_address` (`id`, `created_at`, `updated_at`, `province`, `city`, `county`, `town`, `detail`) VALUES (9498, '2022-01-04 06:06:39.066064', '2022-01-04 06:06:39.066064', '四川省', '绵阳市', '盐亭县', '高灯镇', '安国路81号');
UPDATE `loan_customer` SET `created_at` = '2022-01-04 06:06:39.066064', `updated_at` = '2022-01-04 07:07:36.004454', `name` = '钱烨伟', `id_number` = '683225201489275941', `gender` = 'f', `birthday` = '1980-12-01', `address_id` = 9498, `job_id` = 1955, `salary` = 57000 WHERE `loan_customer`.`id` = 5895;
INSERT INTO `loan_customer` (`id`, `created_at`, `updated_at`, `name`, `id_number`, `gender`, `birthday`, `address_id`, `job_id`, `salary`) VALUES (5895, '2022-01-04 06:06:39.066064', '2022-01-04 07:07:36.004454', '钱烨伟', '683225201489275941', 'f', '1980-12-01', 9498, 1955, 57000);
UPDATE `loan_account` SET `created_at` = '2022-01-04 11:25:01.298791', `updated_at` = '2022-01-04 11:25:01.298791', `customer_id` = 5895, `number` = '523425780048681815', `balance` = 139850 WHERE `loan_account`.`id` = 5379;
INSERT INTO `loan_account` (`id`, `created_at`, `updated_at`, `customer_id`, `number`, `balance`) VALUES (5379, '2022-01-04 11:25:01.298791', '2022-01-04 11:25:01.298791', 5895, '523425780048681815', 139850);
UPDATE `loan_address` SET `created_at` = '2022-01-04 14:34:53.699757', `updated_at` = '2022-01-04 14:34:53.699757', `province` = '四川省', `city` = '成都市', `county` = '武侯区', `town` = '肖家河街道办事处', `detail` = '白渡桥菊园五街坊17号' WHERE `loan_address`.`id` = 9499;
INSERT INTO `loan_address` (`id`, `created_at`, `updated_at`, `province`, `city`, `county`, `town`, `detail`) VALUES (9499, '2022-01-04 14:34:53.699757', '2022-01-04 14:34:53.699757', '四川省', '成都市', '武侯区', '肖家河街道办事处', '白渡桥菊园五街坊17号');
UPDATE `loan_customer` SET `created_at` = '2022-01-04 14:34:53.699757', `updated_at` = '2022-01-04 14:34:53.699757', `name` = '廖双玉', `id_number` = '467792155990640469', `gender` = 'm', `birthday` = '1991-07-29', `address_id` = 9499, `job_id` = 1955, `salary` = 68000 WHERE `loan_customer`.`id` = 5896;
INSERT INTO `loan_customer` (`id`, `created_at`, `updated_at`, `name`, `id_number`, `gender`, `birthday`, `address_id`, `job_id`, `salary`) VALUES (5896, '2022-01-04 14:34:53.699757', '2022-01-04 14:34:53.699757', '廖双玉', '467792155990640469', 'm', '1991-07-29', 9499, 1955, 68000);
UPDATE `loan_chattel` SET `created_at` = '2022-01-04 15:40:59.635005', `updated_at` = '2022-01-04 15:40:59.635005', `customer_id` = 5896, `type` = 'fund', `description` = '一些信息', `value_amount` = 20000, `expired_at` = '2019-09-24' WHERE `loan_chattel`.`id` = 1738;
INSERT INTO `loan_chattel` (`id`, `created_at`, `updated_at`, `customer_id`, `type`, `description`, `value_amount`, `expired_at`) VALUES (1738, '2022-01-04 15:40:59.635005', '2022-01-04 15:40:59.635005', 5896, 'fund', '一些信息', 20000, '2019-09-24');
UPDATE `loan_chattel` SET `created_at` = '2022-01-04 21:18:37.320735', `updated_at` = '2022-01-04 21:18:37.320735', `customer_id` = 5896, `type` = 'promissory_note', `description` = '一些信息', `value_amount` = 20000, `expired_at` = '2024-07-08' WHERE `loan_chattel`.`id` = 1739;
INSERT INTO `loan_chattel` (`id`, `created_at`, `updated_at`, `customer_id`, `type`, `description`, `value_amount`, `expired_at`) VALUES (1739, '2022-01-04 21:18:37.320735', '2022-01-04 21:18:37.320735', 5896, 'promissory_note', '一些信息', 20000, '2024-07-08');
UPDATE `loan_car` SET `created_at` = '2022-01-04 20:00:48.897340', `updated_at` = '2022-01-04 23:52:36.460859', `customer_id` = 5896, `model_id` = 63, `vin_number` = '873627067812040525', `date_produced` = '2011-07-22', `value_estimated` = 300000 WHERE `loan_car`.`id` = 4739;
INSERT INTO `loan_car` (`id`, `created_at`, `updated_at`, `customer_id`, `model_id`, `vin_number`, `date_produced`, `value_estimated`) VALUES (4739, '2022-01-04 20:00:48.897340', '2022-01-04 23:52:36.460859', 5896, 63, '873627067812040525', '2011-07-22', 300000);
UPDATE `loan_account` SET `created_at` = '2022-01-04 17:14:51.509307', `updated_at` = '2022-01-04 17:14:51.509307', `customer_id` = 5896, `number` = '796383963972165903', `balance` = 0 WHERE `loan_account`.`id` = 5380;
INSERT INTO `loan_account` (`id`, `created_at`, `updated_at`, `customer_id`, `number`, `balance`) VALUES (5380, '2022-01-04 17:14:51.509307', '2022-01-04 17:14:51.509307', 5896, '796383963972165903', 0);
UPDATE `loan_address` SET `created_at` = '2022-01-04 15:36:08.797111', `updated_at` = '2022-01-04 15:36:08.797111', `province` = '山东省', `city` = '滨州市', `county` = '滨城区', `town` = '市东街道办事处', `detail` = '安德路协通公寓94号' WHERE `loan_address`.`id` = 9500;
INSERT INTO `loan_address` (`id`, `created_at`, `updated_at`, `province`, `city`, `county`, `town`, `detail`) VALUES (9500, '2022-01-04 15:36:08.797111', '2022-01-04 15:36:08.797111', '山东省', '滨州市', '滨城区', '市东街道办事处', '安德路协通公寓94号');
UPDATE `loan_customer` SET `created_at` = '2022-01-04 15:36:08.797111', `updated_at` = '2022-01-04 23:37:47.802792', `name` = '唐修明', `id_number` = '271752031985769265', `gender` = 'm', `birthday` = '1990-07-10', `address_id` = 9500, `job_id` = 1956, `salary` = 10000 WHERE `loan_customer`.`id` = 5897;
INSERT INTO `loan_customer` (`id`, `created_at`, `updated_at`, `name`, `id_number`, `gender`, `birthday`, `address_id`, `job_id`, `salary`) VALUES (5897, '2022-01-04 15:36:08.797111', '2022-01-04 23:37:47.802792', '唐修明', '271752031985769265', 'm', '1990-07-10', 9500, 1956, 10000);
UPDATE `loan_address` SET `created_at` = '2022-01-04 16:21:30.980835', `updated_at` = '2022-01-04 16:21:30.980835', `province` = '云南省', `city` = '红河哈尼族彝族自治州', `county` = '建水县', `town` = '岔科镇', `detail` = '宝通路167号' WHERE `loan_address`.`id` = 9501;
INSERT INTO `loan_address` (`id`, `created_at`, `updated_at`, `province`, `city`, `county`, `town`, `detail`) VALUES (9501, '2022-01-04 16:21:30.980835', '2022-01-04 16:21:30.980835', '云南省', '红河哈尼族彝族自治州', '建水县', '岔科镇', '宝通路167号');
UPDATE `loan_estate` SET `created_at` = '2022-01-04 16:21:30.980835', `updated_at` = '2022-01-04 19:48:44.869600', `customer_id` = 5897, `address_id` = 9501 WHERE `loan_estate`.`id` = 3515;
INSERT INTO `loan_estate` (`id`, `created_at`, `updated_at`, `customer_id`, `address_id`) VALUES (3515, '2022-01-04 16:21:30.980835', '2022-01-04 19:48:44.869600', 5897, 9501);
UPDATE `loan_account` SET `created_at` = '2022-01-04 22:58:23.505279', `updated_at` = '2022-01-04 23:32:54.423531', `customer_id` = 5897, `number` = '950516444027565647', `balance` = 0 WHERE `loan_account`.`id` = 5381;
INSERT INTO `loan_account` (`id`, `created_at`, `updated_at`, `customer_id`, `number`, `balance`) VALUES (5381, '2022-01-04 22:58:23.505279', '2022-01-04 23:32:54.423531', 5897, '950516444027565647', 0);
UPDATE `loan_address` SET `created_at` = '2022-01-04 02:14:49.873711', `updated_at` = '2022-01-04 02:14:49.873711', `province` = '广东省', `city` = '肇庆市', `county` = '高要区', `town` = '白土镇', `detail` = '安边路复华城市花园21号' WHERE `loan_address`.`id` = 9502;
INSERT INTO `loan_address` (`id`, `created_at`, `updated_at`, `province`, `city`, `county`, `town`, `detail`) VALUES (9502, '2022-01-04 02:14:49.873711', '2022-01-04 02:14:49.873711', '广东省', '肇庆市', '高要区', '白土镇', '安边路复华城市花园21号');
UPDATE `loan_customer` SET `created_at` = '2022-01-04 02:14:49.873711', `updated_at` = '2022-01-04 04:03:13.571266', `name` = '田元思', `id_number` = '005504027413643005', `gender` = 'm', `birthday` = '1986-05-19', `address_id` = 9502, `job_id` = 1956, `salary` = 21000 WHERE `loan_customer`.`id` = 5898;
INSERT INTO `loan_customer` (`id`, `created_at`, `updated_at`, `name`, `id_number`, `gender`, `birthday`, `address_id`, `job_id`, `salary`) VALUES (5898, '2022-01-04 02:14:49.873711', '2022-01-04 04:03:13.571266', '田元思', '005504027413643005', 'm', '1986-05-19', 9502, 1956, 21000);
UPDATE `loan_car` SET `created_at` = '2022-01-04 21:16:07.511403', `updated_at` = '2022-01-04 23:39:23.690183', `customer_id` = 5898, `model_id` = 260, `vin_number` = '230422371756837710', `date_produced` = '2013-01-14', `value_estimated` = 480000 WHERE `loan_car`.`id` = 4740;
INSERT INTO `loan_car` (`id`, `created_at`, `updated_at`, `customer_id`, `model_id`, `vin_number`, `date_produced`, `value_estimated`) VALUES (4740, '2022-01-04 21:16:07.511403', '2022-01-04 23:39:23.690183', 5898, 260, '230422371756837710', '2013-01-14', 480000);
UPDATE `loan_account` SET `created_at` = '2022-01-04 17:27:36.243174', `updated_at` = '2022-01-04 17:27:36.243174', `customer_id` = 5898, `number` = '476229755601420503', `balance` = 36361 WHERE `loan_account`.`id` = 5382;
INSERT INTO `loan_account` (`id`, `created_at`, `updated_at`, `customer_id`, `number`, `balance`) VALUES (5382, '2022-01-04 17:27:36.243174', '2022-01-04 17:27:36.243174', 5898, '476229755601420503', 36361);
UPDATE `loan_address` SET `created_at` = '2022-01-04 07:20:40.765812', `updated_at` = '2022-01-04 07:20:40.765812', `province` = '黑龙江省', `city` = '哈尔滨市', `county` = '五常市', `town` = '山河屯林业局', `detail` = '鞍山路博泰新苑23号' WHERE `loan_address`.`id` = 9503;
INSERT INTO `loan_address` (`id`, `created_at`, `updated_at`, `province`, `city`, `county`, `town`, `detail`) VALUES (9503, '2022-01-04 07:20:40.765812', '2022-01-04 07:20:40.765812', '黑龙江省', '哈尔滨市', '五常市', '山河屯林业局', '鞍山路博泰新苑23号');
UPDATE `loan_customer` SET `created_at` = '2022-01-04 07:20:40.765812', `updated_at` = '2022-01-04 07:20:40.765812', `name` = '周丽珠', `id_number` = '640265297324752695', `gender` = 'f', `birthday` = '1986-03-08', `address_id` = 9503, `job_id` = 1956, `salary` = 26000 WHERE `loan_customer`.`id` = 5899;
INSERT INTO `loan_customer` (`id`, `created_at`, `updated_at`, `name`, `id_number`, `gender`, `birthday`, `address_id`, `job_id`, `salary`) VALUES (5899, '2022-01-04 07:20:40.765812', '2022-01-04 07:20:40.765812', '周丽珠', '640265297324752695', 'f', '1986-03-08', 9503, 1956, 26000);
UPDATE `loan_car` SET `created_at` = '2022-01-04 14:21:18.315338', `updated_at` = '2022-01-04 14:21:18.315338', `customer_id` = 5899, `model_id` = 118, `vin_number` = '685209482196151285', `date_produced` = '2020-12-06', `value_estimated` = 180000 WHERE `loan_car`.`id` = 4741;
INSERT INTO `loan_car` (`id`, `created_at`, `updated_at`, `customer_id`, `model_id`, `vin_number`, `date_produced`, `value_estimated`) VALUES (4741, '2022-01-04 14:21:18.315338', '2022-01-04 14:21:18.315338', 5899, 118, '685209482196151285', '2020-12-06', 180000);
UPDATE `loan_account` SET `created_at` = '2022-01-04 19:05:38.379424', `updated_at` = '2022-01-04 22:22:59.001756', `customer_id` = 5899, `number` = '122009662843427364', `balance` = 22454 WHERE `loan_account`.`id` = 5383;
INSERT INTO `loan_account` (`id`, `created_at`, `updated_at`, `customer_id`, `number`, `balance`) VALUES (5383, '2022-01-04 19:05:38.379424', '2022-01-04 22:22:59.001756', 5899, '122009662843427364', 22454);
UPDATE `loan_address` SET `created_at` = '2022-01-04 18:32:12.287347', `updated_at` = '2022-01-04 18:32:12.287347', `province` = '河北省', `city` = '衡水市', `county` = '深州市', `town` = '穆村乡', `detail` = '宝山路158号' WHERE `loan_address`.`id` = 9504;
INSERT INTO `loan_address` (`id`, `created_at`, `updated_at`, `province`, `city`, `county`, `town`, `detail`) VALUES (9504, '2022-01-04 18:32:12.287347', '2022-01-04 18:32:12.287347', '河北省', '衡水市', '深州市', '穆村乡', '宝山路158号');
UPDATE `loan_customer` SET `created_at` = '2022-01-04 18:32:12.287347', `updated_at` = '2022-01-04 18:32:12.287347', `name` = '贺欣怿', `id_number` = '223085312145476207', `gender` = 'm', `birthday` = '2004-02-17', `address_id` = 9504, `job_id` = 1956, `salary` = 59000 WHERE `loan_customer`.`id` = 5900;
INSERT INTO `loan_customer` (`id`, `created_at`, `updated_at`, `name`, `id_number`, `gender`, `birthday`, `address_id`, `job_id`, `salary`) VALUES (5900, '2022-01-04 18:32:12.287347', '2022-01-04 18:32:12.287347', '贺欣怿', '223085312145476207', 'm', '2004-02-17', 9504, 1956, 59000);
UPDATE `loan_chattel` SET `created_at` = '2022-01-04 20:41:13.490122', `updated_at` = '2022-01-04 20:41:13.490122', `customer_id` = 5900, `type` = 'copyright', `description` = '一些信息', `value_amount` = 160000, `expired_at` = '2030-10-14' WHERE `loan_chattel`.`id` = 1740;
INSERT INTO `loan_chattel` (`id`, `created_at`, `updated_at`, `customer_id`, `type`, `description`, `value_amount`, `expired_at`) VALUES (1740, '2022-01-04 20:41:13.490122', '2022-01-04 20:41:13.490122', 5900, 'copyright', '一些信息', 160000, '2030-10-14');
UPDATE `loan_car` SET `created_at` = '2022-01-04 22:55:24.717178', `updated_at` = '2022-01-04 22:55:24.717178', `customer_id` = 5900, `model_id` = 2, `vin_number` = '473625878106941451', `date_produced` = '2016-01-03', `value_estimated` = 820000 WHERE `loan_car`.`id` = 4742;
INSERT INTO `loan_car` (`id`, `created_at`, `updated_at`, `customer_id`, `model_id`, `vin_number`, `date_produced`, `value_estimated`) VALUES (4742, '2022-01-04 22:55:24.717178', '2022-01-04 22:55:24.717178', 5900, 2, '473625878106941451', '2016-01-03', 820000);
UPDATE `loan_account` SET `created_at` = '2022-01-04 22:08:46.483137', `updated_at` = '2022-01-04 22:08:46.483137', `customer_id` = 5900, `number` = '890466923640136165', `balance` = 11978 WHERE `loan_account`.`id` = 5384;
INSERT INTO `loan_account` (`id`, `created_at`, `updated_at`, `customer_id`, `number`, `balance`) VALUES (5384, '2022-01-04 22:08:46.483137', '2022-01-04 22:08:46.483137', 5900, '890466923640136165', 11978);
UPDATE `loan_address` SET `created_at` = '2022-01-04 21:58:22.195312', `updated_at` = '2022-01-04 21:58:22.195312', `province` = '安徽省', `city` = '池州市', `county` = '青阳县', `town` = '青阳县开发区', `detail` = '白城路181号' WHERE `loan_address`.`id` = 9505;
INSERT INTO `loan_address` (`id`, `created_at`, `updated_at`, `province`, `city`, `county`, `town`, `detail`) VALUES (9505, '2022-01-04 21:58:22.195312', '2022-01-04 21:58:22.195312', '安徽省', '池州市', '青阳县', '青阳县开发区', '白城路181号');
UPDATE `loan_customer` SET `created_at` = '2022-01-04 21:58:22.195312', `updated_at` = '2022-01-04 22:52:57.910907', `name` = '马珠', `id_number` = '702190479520434321', `gender` = 'm', `birthday` = '2001-11-25', `address_id` = 9505, `job_id` = 1957, `salary` = 30000 WHERE `loan_customer`.`id` = 5901;
INSERT INTO `loan_customer` (`id`, `created_at`, `updated_at`, `name`, `id_number`, `gender`, `birthday`, `address_id`, `job_id`, `salary`) VALUES (5901, '2022-01-04 21:58:22.195312', '2022-01-04 22:52:57.910907', '马珠', '702190479520434321', 'm', '2001-11-25', 9505, 1957, 30000);
UPDATE `loan_chattel` SET `created_at` = '2022-01-04 23:14:19.815514', `updated_at` = '2022-01-04 23:14:19.815514', `customer_id` = 5901, `type` = 'check', `description` = '一些信息', `value_amount` = 400000, `expired_at` = '2031-03-22' WHERE `loan_chattel`.`id` = 1741;
INSERT INTO `loan_chattel` (`id`, `created_at`, `updated_at`, `customer_id`, `type`, `description`, `value_amount`, `expired_at`) VALUES (1741, '2022-01-04 23:14:19.815514', '2022-01-04 23:14:19.815514', 5901, 'check', '一些信息', 400000, '2031-03-22');
UPDATE `loan_address` SET `created_at` = '2022-01-04 22:19:37.771324', `updated_at` = '2022-01-04 22:19:37.771324', `province` = '安徽省', `city` = '池州市', `county` = '青阳县', `town` = '青阳县开发区', `detail` = '白城南路博泰新苑173号' WHERE `loan_address`.`id` = 9506;
INSERT INTO `loan_address` (`id`, `created_at`, `updated_at`, `province`, `city`, `county`, `town`, `detail`) VALUES (9506, '2022-01-04 22:19:37.771324', '2022-01-04 22:19:37.771324', '安徽省', '池州市', '青阳县', '青阳县开发区', '白城南路博泰新苑173号');
UPDATE `loan_estate` SET `created_at` = '2022-01-04 22:19:37.771324', `updated_at` = '2022-01-04 22:19:37.771324', `customer_id` = 5901, `address_id` = 9506 WHERE `loan_estate`.`id` = 3516;
INSERT INTO `loan_estate` (`id`, `created_at`, `updated_at`, `customer_id`, `address_id`) VALUES (3516, '2022-01-04 22:19:37.771324', '2022-01-04 22:19:37.771324', 5901, 9506);
UPDATE `loan_account` SET `created_at` = '2022-01-04 23:18:29.400204', `updated_at` = '2022-01-04 23:18:29.400204', `customer_id` = 5901, `number` = '011807346353626947', `balance` = 0 WHERE `loan_account`.`id` = 5385;
INSERT INTO `loan_account` (`id`, `created_at`, `updated_at`, `customer_id`, `number`, `balance`) VALUES (5385, '2022-01-04 23:18:29.400204', '2022-01-04 23:18:29.400204', 5901, '011807346353626947', 0);
UPDATE `loan_address` SET `created_at` = '2022-01-04 17:54:10.215254', `updated_at` = '2022-01-04 17:54:10.215254', `province` = '甘肃省', `city` = '陇南市', `county` = '宕昌县', `town` = '竹院乡', `detail` = '安龙路186号' WHERE `loan_address`.`id` = 9507;
INSERT INTO `loan_address` (`id`, `created_at`, `updated_at`, `province`, `city`, `county`, `town`, `detail`) VALUES (9507, '2022-01-04 17:54:10.215254', '2022-01-04 17:54:10.215254', '甘肃省', '陇南市', '宕昌县', '竹院乡', '安龙路186号');
UPDATE `loan_customer` SET `created_at` = '2022-01-04 17:54:10.215254', `updated_at` = '2022-01-04 17:54:10.215254', `name` = '汤岩', `id_number` = '703942270491902630', `gender` = 'm', `birthday` = '1994-07-25', `address_id` = 9507, `job_id` = 1957, `salary` = 11000 WHERE `loan_customer`.`id` = 5902;
INSERT INTO `loan_customer` (`id`, `created_at`, `updated_at`, `name`, `id_number`, `gender`, `birthday`, `address_id`, `job_id`, `salary`) VALUES (5902, '2022-01-04 17:54:10.215254', '2022-01-04 17:54:10.215254', '汤岩', '703942270491902630', 'm', '1994-07-25', 9507, 1957, 11000);
UPDATE `loan_address` SET `created_at` = '2022-01-04 21:24:25.511862', `updated_at` = '2022-01-04 21:24:25.511862', `province` = '江西省', `city` = '赣州市', `county` = '龙南县', `town` = '渡江镇', `detail` = '八一路27号' WHERE `loan_address`.`id` = 9508;
INSERT INTO `loan_address` (`id`, `created_at`, `updated_at`, `province`, `city`, `county`, `town`, `detail`) VALUES (9508, '2022-01-04 21:24:25.511862', '2022-01-04 21:24:25.511862', '江西省', '赣州市', '龙南县', '渡江镇', '八一路27号');
UPDATE `loan_estate` SET `created_at` = '2022-01-04 21:24:25.511862', `updated_at` = '2022-01-04 21:24:25.511862', `customer_id` = 5902, `address_id` = 9508 WHERE `loan_estate`.`id` = 3517;
INSERT INTO `loan_estate` (`id`, `created_at`, `updated_at`, `customer_id`, `address_id`) VALUES (3517, '2022-01-04 21:24:25.511862', '2022-01-04 21:24:25.511862', 5902, 9508);
UPDATE `loan_account` SET `created_at` = '2022-01-04 23:59:01.206148', `updated_at` = '2022-01-04 23:59:21.819181', `customer_id` = 5902, `number` = '728606192613682622', `balance` = 19951 WHERE `loan_account`.`id` = 5386;
INSERT INTO `loan_account` (`id`, `created_at`, `updated_at`, `customer_id`, `number`, `balance`) VALUES (5386, '2022-01-04 23:59:01.206148', '2022-01-04 23:59:21.819181', 5902, '728606192613682622', 19951);
UPDATE `loan_address` SET `created_at` = '2022-01-04 07:48:02.997241', `updated_at` = '2022-01-04 07:48:02.997241', `province` = '浙江省', `city` = '绍兴市', `county` = '诸暨市', `town` = '枫桥镇', `detail` = '保德路协通公寓103号' WHERE `loan_address`.`id` = 9509;
INSERT INTO `loan_address` (`id`, `created_at`, `updated_at`, `province`, `city`, `county`, `town`, `detail`) VALUES (9509, '2022-01-04 07:48:02.997241', '2022-01-04 07:48:02.997241', '浙江省', '绍兴市', '诸暨市', '枫桥镇', '保德路协通公寓103号');
UPDATE `loan_customer` SET `created_at` = '2022-01-04 07:48:02.997241', `updated_at` = '2022-01-04 13:29:01.198261', `name` = '孙志泽', `id_number` = '508213474547310455', `gender` = 'm', `birthday` = '2007-04-05', `address_id` = 9509, `job_id` = 1957, `salary` = 36000 WHERE `loan_customer`.`id` = 5903;
INSERT INTO `loan_customer` (`id`, `created_at`, `updated_at`, `name`, `id_number`, `gender`, `birthday`, `address_id`, `job_id`, `salary`) VALUES (5903, '2022-01-04 07:48:02.997241', '2022-01-04 13:29:01.198261', '孙志泽', '508213474547310455', 'm', '2007-04-05', 9509, 1957, 36000);
UPDATE `loan_address` SET `created_at` = '2022-01-04 19:28:16.428859', `updated_at` = '2022-01-04 19:28:16.428859', `province` = '广东省', `city` = '珠海市', `county` = '斗门区', `town` = '白蕉镇', `detail` = '宝安路126号' WHERE `loan_address`.`id` = 9510;
INSERT INTO `loan_address` (`id`, `created_at`, `updated_at`, `province`, `city`, `county`, `town`, `detail`) VALUES (9510, '2022-01-04 19:28:16.428859', '2022-01-04 19:28:16.428859', '广东省', '珠海市', '斗门区', '白蕉镇', '宝安路126号');
UPDATE `loan_estate` SET `created_at` = '2022-01-04 19:28:16.428859', `updated_at` = '2022-01-04 20:29:43.160567', `customer_id` = 5903, `address_id` = 9510 WHERE `loan_estate`.`id` = 3518;
INSERT INTO `loan_estate` (`id`, `created_at`, `updated_at`, `customer_id`, `address_id`) VALUES (3518, '2022-01-04 19:28:16.428859', '2022-01-04 20:29:43.160567', 5903, 9510);
UPDATE `loan_account` SET `created_at` = '2022-01-04 19:59:41.151821', `updated_at` = '2022-01-04 23:52:42.455854', `customer_id` = 5903, `number` = '850824008988964723', `balance` = 96185 WHERE `loan_account`.`id` = 5387;
INSERT INTO `loan_account` (`id`, `created_at`, `updated_at`, `customer_id`, `number`, `balance`) VALUES (5387, '2022-01-04 19:59:41.151821', '2022-01-04 23:52:42.455854', 5903, '850824008988964723', 96185);
UPDATE `loan_address` SET `created_at` = '2022-01-04 13:39:44.333520', `updated_at` = '2022-01-04 13:39:44.333520', `province` = '福建省', `city` = '龙岩市', `county` = '新罗区', `town` = '龙门街道', `detail` = '安化路协通公寓88号' WHERE `loan_address`.`id` = 9511;
INSERT INTO `loan_address` (`id`, `created_at`, `updated_at`, `province`, `city`, `county`, `town`, `detail`) VALUES (9511, '2022-01-04 13:39:44.333520', '2022-01-04 13:39:44.333520', '福建省', '龙岩市', '新罗区', '龙门街道', '安化路协通公寓88号');
UPDATE `loan_customer` SET `created_at` = '2022-01-04 13:39:44.333520', `updated_at` = '2022-01-04 13:39:44.333520', `name` = '贾涵涤', `id_number` = '611775081994820958', `gender` = 'm', `birthday` = '1987-12-23', `address_id` = 9511, `job_id` = 1957, `salary` = 3000 WHERE `loan_customer`.`id` = 5904;
INSERT INTO `loan_customer` (`id`, `created_at`, `updated_at`, `name`, `id_number`, `gender`, `birthday`, `address_id`, `job_id`, `salary`) VALUES (5904, '2022-01-04 13:39:44.333520', '2022-01-04 13:39:44.333520', '贾涵涤', '611775081994820958', 'm', '1987-12-23', 9511, 1957, 3000);
UPDATE `loan_car` SET `created_at` = '2022-01-04 21:52:42.899171', `updated_at` = '2022-01-04 23:21:13.490706', `customer_id` = 5904, `model_id` = 34, `vin_number` = '066878044018914761', `date_produced` = '2020-07-28', `value_estimated` = 40000 WHERE `loan_car`.`id` = 4743;
INSERT INTO `loan_car` (`id`, `created_at`, `updated_at`, `customer_id`, `model_id`, `vin_number`, `date_produced`, `value_estimated`) VALUES (4743, '2022-01-04 21:52:42.899171', '2022-01-04 23:21:13.490706', 5904, 34, '066878044018914761', '2020-07-28', 40000);
UPDATE `loan_car` SET `created_at` = '2022-01-04 20:14:27.134256', `updated_at` = '2022-01-04 20:14:27.134256', `customer_id` = 5904, `model_id` = 200, `vin_number` = '931394906152589614', `date_produced` = '2017-03-29', `value_estimated` = 520000 WHERE `loan_car`.`id` = 4744;
INSERT INTO `loan_car` (`id`, `created_at`, `updated_at`, `customer_id`, `model_id`, `vin_number`, `date_produced`, `value_estimated`) VALUES (4744, '2022-01-04 20:14:27.134256', '2022-01-04 20:14:27.134256', 5904, 200, '931394906152589614', '2017-03-29', 520000);
UPDATE `loan_account` SET `created_at` = '2022-01-04 18:23:43.393481', `updated_at` = '2022-01-04 21:59:07.309700', `customer_id` = 5904, `number` = '361752021759679464', `balance` = 49574 WHERE `loan_account`.`id` = 5388;
INSERT INTO `loan_account` (`id`, `created_at`, `updated_at`, `customer_id`, `number`, `balance`) VALUES (5388, '2022-01-04 18:23:43.393481', '2022-01-04 21:59:07.309700', 5904, '361752021759679464', 49574);
UPDATE `loan_loan` SET `created_at` = '2022-01-04 22:02:16.605682', `updated_at` = '2022-01-04 22:02:16.605682', `customer_id` = 5846, `type` = 'car', `amount` = 40000, `status` = 'Applying', `usage` = '买车', `payment_method` = 'equal_corpus', `started_at` = NULL, `expired_at` = NULL, `payment_periods` = NULL WHERE `loan_loan`.`id` = 443;
INSERT INTO `loan_loan` (`id`, `created_at`, `updated_at`, `customer_id`, `type`, `amount`, `status`, `usage`, `payment_method`, `started_at`, `expired_at`, `payment_periods`) VALUES (443, '2022-01-04 22:02:16.605682', '2022-01-04 22:02:16.605682', 5846, 'car', 40000, 'Applying', '买车', 'equal_corpus', NULL, NULL, NULL);
UPDATE `loan_carloan` SET `created_at` = '2022-01-04 22:02:16.605682', `updated_at` = '2022-01-04 22:02:16.605682', `loan_id` = 443, `car_id` = 4701 WHERE `loan_carloan`.`id` = 443;
INSERT INTO `loan_carloan` (`id`, `created_at`, `updated_at`, `loan_id`, `car_id`) VALUES (443, '2022-01-04 22:02:16.605682', '2022-01-04 22:02:16.605682', 443, 4701);
UPDATE `loan_loanapproval` SET `created_at` = '2022-01-04 23:59:59', `updated_at` = '2022-01-04 23:59:59', `loan_id` = 443, `approved` = FALSE, `message` = '资料不足' WHERE `loan_loanapproval`.`id` = 350;
INSERT INTO `loan_loanapproval` (`id`, `created_at`, `updated_at`, `loan_id`, `approved`, `message`) VALUES (350, '2022-01-04 23:59:59', '2022-01-04 23:59:59', 443, FALSE, '资料不足');
UPDATE `loan_loan` SET `created_at` = '2022-01-04 22:02:16.605682', `updated_at` = '2022-01-04 23:59:59', `customer_id` = 5846, `type` = 'car', `amount` = 40000, `status` = 'Overdue', `usage` = '买车', `payment_method` = 'equal_corpus', `started_at` = '2022-01-03', `expired_at` = '2023-07-01', `payment_periods` = 18 WHERE `loan_loan`.`id` = 443;
UPDATE `loan_loan` SET `created_at` = '2022-01-04 22:49:46.666697', `updated_at` = '2022-01-04 22:49:46.666697', `customer_id` = 5878, `type` = 'car', `amount` = 70000, `status` = 'Approving', `usage` = '买车', `payment_method` = 'equal_corpus_and_interest', `started_at` = NULL, `expired_at` = NULL, `payment_periods` = NULL WHERE `loan_loan`.`id` = 444;
INSERT INTO `loan_loan` (`id`, `created_at`, `updated_at`, `customer_id`, `type`, `amount`, `status`, `usage`, `payment_method`, `started_at`, `expired_at`, `payment_periods`) VALUES (444, '2022-01-04 22:49:46.666697', '2022-01-04 22:49:46.666697', 5878, 'car', 70000, 'Approving', '买车', 'equal_corpus_and_interest', NULL, NULL, NULL);
UPDATE `loan_carloan` SET `created_at` = '2022-01-04 22:49:46.666697', `updated_at` = '2022-01-04 22:49:46.666697', `loan_id` = 444, `car_id` = 4723 WHERE `loan_carloan`.`id` = 444;
INSERT INTO `loan_carloan` (`id`, `created_at`, `updated_at`, `loan_id`, `car_id`) VALUES (444, '2022-01-04 22:49:46.666697', '2022-01-04 22:49:46.666697', 444, 4723);
UPDATE `loan_loan` SET `created_at` = '2022-01-04 22:49:46.666697', `updated_at` = '2022-01-04 22:49:46.666697', `customer_id` = 5878, `type` = 'car', `amount` = 70000, `status` = 'Overdue', `usage` = '买车', `payment_method` = 'equal_corpus_and_interest', `started_at` = '2022-01-03', `expired_at` = '2024-01-01', `payment_periods` = 24 WHERE `loan_loan`.`id` = 444;
UPDATE `loan_loan` SET `created_at` = '2022-01-04 23:10:42.093987', `updated_at` = '2022-01-04 23:10:42.093987', `customer_id` = 5872, `type` = 'car', `amount` = 140000, `status` = 'InProgress', `usage` = '买车', `payment_method` = 'equal_corpus', `started_at` = NULL, `expired_at` = NULL, `payment_periods` = NULL WHERE `loan_loan`.`id` = 445;
INSERT INTO `loan_loan` (`id`, `created_at`, `updated_at`, `customer_id`, `type`, `amount`, `status`, `usage`, `payment_method`, `started_at`, `expired_at`, `payment_periods`) VALUES (445, '2022-01-04 23:10:42.093987', '2022-01-04 23:10:42.093987', 5872, 'car', 140000, 'InProgress', '买车', 'equal_corpus', NULL, NULL, NULL);
UPDATE `loan_carloan` SET `created_at` = '2022-01-04 23:10:42.093987', `updated_at` = '2022-01-04 23:10:42.093987', `loan_id` = 445, `car_id` = 4718 WHERE `loan_carloan`.`id` = 445;
INSERT INTO `loan_carloan` (`id`, `created_at`, `updated_at`, `loan_id`, `car_id`) VALUES (445, '2022-01-04 23:10:42.093987', '2022-01-04 23:10:42.093987', 445, 4718);
UPDATE `loan_loanapproval` SET `created_at` = '2022-01-04 23:59:59', `updated_at` = '2022-01-04 23:59:59', `loan_id` = 445, `approved` = FALSE, `message` = '资料不足' WHERE `loan_loanapproval`.`id` = 351;
INSERT INTO `loan_loanapproval` (`id`, `created_at`, `updated_at`, `loan_id`, `approved`, `message`) VALUES (351, '2022-01-04 23:59:59', '2022-01-04 23:59:59', 445, FALSE, '资料不足');
UPDATE `loan_loanapproval` SET `created_at` = '2022-01-04 23:59:59', `updated_at` = '2022-01-04 23:59:59', `loan_id` = 445, `approved` = TRUE, `message` = NULL WHERE `loan_loanapproval`.`id` = 352;
INSERT INTO `loan_loanapproval` (`id`, `created_at`, `updated_at`, `loan_id`, `approved`, `message`) VALUES (352, '2022-01-04 23:59:59', '2022-01-04 23:59:59', 445, TRUE, NULL);
UPDATE `loan_loan` SET `created_at` = '2022-01-04 23:10:42.093987', `updated_at` = '2022-01-04 23:59:59', `customer_id` = 5872, `type` = 'car', `amount` = 140000, `status` = 'Overdue', `usage` = '买车', `payment_method` = 'equal_corpus', `started_at` = '2022-01-03', `expired_at` = '2023-07-01', `payment_periods` = 18 WHERE `loan_loan`.`id` = 445;
UPDATE `loan_loan` SET `created_at` = '2022-01-04 23:47:31.264570', `updated_at` = '2022-01-04 23:47:31.264570', `customer_id` = 5868, `type` = 'car', `amount` = 90000, `status` = 'InProgress', `usage` = '买车', `payment_method` = 'equal_corpus_and_interest', `started_at` = NULL, `expired_at` = NULL, `payment_periods` = NULL WHERE `loan_loan`.`id` = 446;
INSERT INTO `loan_loan` (`id`, `created_at`, `updated_at`, `customer_id`, `type`, `amount`, `status`, `usage`, `payment_method`, `started_at`, `expired_at`, `payment_periods`) VALUES (446, '2022-01-04 23:47:31.264570', '2022-01-04 23:47:31.264570', 5868, 'car', 90000, 'InProgress', '买车', 'equal_corpus_and_interest', NULL, NULL, NULL);
UPDATE `loan_carloan` SET `created_at` = '2022-01-04 23:47:31.264570', `updated_at` = '2022-01-04 23:47:31.264570', `loan_id` = 446, `car_id` = 4716 WHERE `loan_carloan`.`id` = 446;
INSERT INTO `loan_carloan` (`id`, `created_at`, `updated_at`, `loan_id`, `car_id`) VALUES (446, '2022-01-04 23:47:31.264570', '2022-01-04 23:47:31.264570', 446, 4716);
UPDATE `loan_loanapproval` SET `created_at` = '2022-01-04 23:59:59', `updated_at` = '2022-01-04 23:59:59', `loan_id` = 446, `approved` = TRUE, `message` = NULL WHERE `loan_loanapproval`.`id` = 353;
INSERT INTO `loan_loanapproval` (`id`, `created_at`, `updated_at`, `loan_id`, `approved`, `message`) VALUES (353, '2022-01-04 23:59:59', '2022-01-04 23:59:59', 446, TRUE, NULL);
UPDATE `loan_loan` SET `created_at` = '2022-01-04 23:47:31.264570', `updated_at` = '2022-01-04 23:59:59', `customer_id` = 5868, `type` = 'car', `amount` = 90000, `status` = 'Overdue', `usage` = '买车', `payment_method` = 'equal_corpus_and_interest', `started_at` = '2022-01-03', `expired_at` = '2023-07-01', `payment_periods` = 18 WHERE `loan_loan`.`id` = 446;
UPDATE `loan_loan` SET `created_at` = '2022-01-04 22:31:57.586426', `updated_at` = '2022-01-04 22:31:57.586426', `customer_id` = 5896, `type` = 'car', `amount` = 90000, `status` = 'Settled', `usage` = '买车', `payment_method` = 'equal_corpus_and_interest', `started_at` = NULL, `expired_at` = NULL, `payment_periods` = NULL WHERE `loan_loan`.`id` = 447;
INSERT INTO `loan_loan` (`id`, `created_at`, `updated_at`, `customer_id`, `type`, `amount`, `status`, `usage`, `payment_method`, `started_at`, `expired_at`, `payment_periods`) VALUES (447, '2022-01-04 22:31:57.586426', '2022-01-04 22:31:57.586426', 5896, 'car', 90000, 'Settled', '买车', 'equal_corpus_and_interest', NULL, NULL, NULL);
UPDATE `loan_carloan` SET `created_at` = '2022-01-04 22:31:57.586426', `updated_at` = '2022-01-04 22:31:57.586426', `loan_id` = 447, `car_id` = 4739 WHERE `loan_carloan`.`id` = 447;
INSERT INTO `loan_carloan` (`id`, `created_at`, `updated_at`, `loan_id`, `car_id`) VALUES (447, '2022-01-04 22:31:57.586426', '2022-01-04 22:31:57.586426', 447, 4739);
UPDATE `loan_loanapproval` SET `created_at` = '2022-01-04 23:59:59', `updated_at` = '2022-01-04 23:59:59', `loan_id` = 447, `approved` = FALSE, `message` = '资料不足' WHERE `loan_loanapproval`.`id` = 354;
INSERT INTO `loan_loanapproval` (`id`, `created_at`, `updated_at`, `loan_id`, `approved`, `message`) VALUES (354, '2022-01-04 23:59:59', '2022-01-04 23:59:59', 447, FALSE, '资料不足');
UPDATE `loan_loanapproval` SET `created_at` = '2022-01-04 23:59:59', `updated_at` = '2022-01-04 23:59:59', `loan_id` = 447, `approved` = TRUE, `message` = NULL WHERE `loan_loanapproval`.`id` = 355;
INSERT INTO `loan_loanapproval` (`id`, `created_at`, `updated_at`, `loan_id`, `approved`, `message`) VALUES (355, '2022-01-04 23:59:59', '2022-01-04 23:59:59', 447, TRUE, NULL);
UPDATE `loan_loan` SET `created_at` = '2022-01-04 22:31:57.586426', `updated_at` = '2022-01-04 23:59:59', `customer_id` = 5896, `type` = 'car', `amount` = 90000, `status` = 'Overdue', `usage` = '买车', `payment_method` = 'equal_corpus_and_interest', `started_at` = '2022-01-03', `expired_at` = '2023-07-01', `payment_periods` = 18 WHERE `loan_loan`.`id` = 447;
UPDATE `loan_loan` SET `created_at` = '2022-01-04 23:42:21.325207', `updated_at` = '2022-01-04 23:42:21.325207', `customer_id` = 5874, `type` = 'car', `amount` = 190000, `status` = 'InProgress', `usage` = '买车', `payment_method` = 'equal_corpus', `started_at` = NULL, `expired_at` = NULL, `payment_periods` = NULL WHERE `loan_loan`.`id` = 448;
INSERT INTO `loan_loan` (`id`, `created_at`, `updated_at`, `customer_id`, `type`, `amount`, `status`, `usage`, `payment_method`, `started_at`, `expired_at`, `payment_periods`) VALUES (448, '2022-01-04 23:42:21.325207', '2022-01-04 23:42:21.325207', 5874, 'car', 190000, 'InProgress', '买车', 'equal_corpus', NULL, NULL, NULL);
UPDATE `loan_carloan` SET `created_at` = '2022-01-04 23:42:21.325207', `updated_at` = '2022-01-04 23:42:21.325207', `loan_id` = 448, `car_id` = 4721 WHERE `loan_carloan`.`id` = 448;
INSERT INTO `loan_carloan` (`id`, `created_at`, `updated_at`, `loan_id`, `car_id`) VALUES (448, '2022-01-04 23:42:21.325207', '2022-01-04 23:42:21.325207', 448, 4721);
UPDATE `loan_loanapproval` SET `created_at` = '2022-01-04 23:59:59', `updated_at` = '2022-01-04 23:59:59', `loan_id` = 448, `approved` = TRUE, `message` = NULL WHERE `loan_loanapproval`.`id` = 356;
INSERT INTO `loan_loanapproval` (`id`, `created_at`, `updated_at`, `loan_id`, `approved`, `message`) VALUES (356, '2022-01-04 23:59:59', '2022-01-04 23:59:59', 448, TRUE, NULL);
UPDATE `loan_loan` SET `created_at` = '2022-01-04 23:42:21.325207', `updated_at` = '2022-01-04 23:59:59', `customer_id` = 5874, `type` = 'car', `amount` = 190000, `status` = 'Overdue', `usage` = '买车', `payment_method` = 'equal_corpus', `started_at` = '2022-01-03', `expired_at` = '2023-07-01', `payment_periods` = 18 WHERE `loan_loan`.`id` = 448;
UPDATE `loan_loan` SET `created_at` = '2022-01-04 23:59:58.567630', `updated_at` = '2022-01-04 23:59:58.567630', `customer_id` = 5858, `type` = 'car', `amount` = 120000, `status` = 'Overdue', `usage` = '买车', `payment_method` = 'equal_corpus', `started_at` = NULL, `expired_at` = NULL, `payment_periods` = NULL WHERE `loan_loan`.`id` = 449;
INSERT INTO `loan_loan` (`id`, `created_at`, `updated_at`, `customer_id`, `type`, `amount`, `status`, `usage`, `payment_method`, `started_at`, `expired_at`, `payment_periods`) VALUES (449, '2022-01-04 23:59:58.567630', '2022-01-04 23:59:58.567630', 5858, 'car', 120000, 'Overdue', '买车', 'equal_corpus', NULL, NULL, NULL);
UPDATE `loan_carloan` SET `created_at` = '2022-01-04 23:59:58.567630', `updated_at` = '2022-01-04 23:59:58.567630', `loan_id` = 449, `car_id` = 4709 WHERE `loan_carloan`.`id` = 449;
INSERT INTO `loan_carloan` (`id`, `created_at`, `updated_at`, `loan_id`, `car_id`) VALUES (449, '2022-01-04 23:59:58.567630', '2022-01-04 23:59:58.567630', 449, 4709);
UPDATE `loan_loanapproval` SET `created_at` = '2022-01-04 23:59:59', `updated_at` = '2022-01-04 23:59:59', `loan_id` = 449, `approved` = TRUE, `message` = NULL WHERE `loan_loanapproval`.`id` = 357;
INSERT INTO `loan_loanapproval` (`id`, `created_at`, `updated_at`, `loan_id`, `approved`, `message`) VALUES (357, '2022-01-04 23:59:59', '2022-01-04 23:59:59', 449, TRUE, NULL);
UPDATE `loan_badloan` SET `created_at` = '2022-01-05 13:51:44', `updated_at` = '2022-01-05 13:51:44', `loan_id` = 449, `message` = '客户无力还款' WHERE `loan_badloan`.`id` = 122;
INSERT INTO `loan_badloan` (`id`, `created_at`, `updated_at`, `loan_id`, `message`) VALUES (122, '2022-01-05 13:51:44', '2022-01-05 13:51:44', 449, '客户无力还款');
UPDATE `loan_loancollection` SET `created_at` = '2022-01-04 11:28:34', `updated_at` = '2022-01-04 11:28:34', `loan_id` = 449, `type` = 'judiciary', `message` = '一些催收内容', `result` = 'pay_soon', `result_detail` = '一些催收结果详情', `collect_at` = '2022-01-04' WHERE `loan_loancollection`.`id` = 281;
INSERT INTO `loan_loancollection` (`id`, `created_at`, `updated_at`, `loan_id`, `type`, `message`, `result`, `result_detail`, `collect_at`) VALUES (281, '2022-01-04 11:28:34', '2022-01-04 11:28:34', 449, 'judiciary', '一些催收内容', 'pay_soon', '一些催收结果详情', '2022-01-04');
UPDATE `loan_loancollection` SET `created_at` = '2022-01-03 15:51:11', `updated_at` = '2022-01-03 15:51:11', `loan_id` = 449, `type` = 'visit', `message` = '一些催收内容', `result` = 'other', `result_detail` = '一些催收结果详情', `collect_at` = '2022-01-03' WHERE `loan_loancollection`.`id` = 282;
INSERT INTO `loan_loancollection` (`id`, `created_at`, `updated_at`, `loan_id`, `type`, `message`, `result`, `result_detail`, `collect_at`) VALUES (282, '2022-01-03 15:51:11', '2022-01-03 15:51:11', 449, 'visit', '一些催收内容', 'other', '一些催收结果详情', '2022-01-03');
UPDATE `loan_loancollection` SET `created_at` = '2022-01-03 01:45:24', `updated_at` = '2022-01-03 01:45:24', `loan_id` = 449, `type` = 'judiciary', `message` = '一些催收内容', `result` = 'pay_soon', `result_detail` = '一些催收结果详情', `collect_at` = '2022-01-03' WHERE `loan_loancollection`.`id` = 283;
INSERT INTO `loan_loancollection` (`id`, `created_at`, `updated_at`, `loan_id`, `type`, `message`, `result`, `result_detail`, `collect_at`) VALUES (283, '2022-01-03 01:45:24', '2022-01-03 01:45:24', 449, 'judiciary', '一些催收内容', 'pay_soon', '一些催收结果详情', '2022-01-03');
UPDATE `loan_loancollection` SET `created_at` = '2022-01-03 01:55:39', `updated_at` = '2022-01-03 01:55:39', `loan_id` = 449, `type` = 'visit', `message` = '一些催收内容', `result` = 'no_response', `result_detail` = '一些催收结果详情', `collect_at` = '2022-01-03' WHERE `loan_loancollection`.`id` = 284;
INSERT INTO `loan_loancollection` (`id`, `created_at`, `updated_at`, `loan_id`, `type`, `message`, `result`, `result_detail`, `collect_at`) VALUES (284, '2022-01-03 01:55:39', '2022-01-03 01:55:39', 449, 'visit', '一些催收内容', 'no_response', '一些催收结果详情', '2022-01-03');
UPDATE `loan_loancollection` SET `created_at` = '2022-01-03 01:54:22', `updated_at` = '2022-01-03 01:54:22', `loan_id` = 449, `type` = 'judiciary', `message` = '一些催收内容', `result` = 'no_pay', `result_detail` = '一些催收结果详情', `collect_at` = '2022-01-03' WHERE `loan_loancollection`.`id` = 285;
INSERT INTO `loan_loancollection` (`id`, `created_at`, `updated_at`, `loan_id`, `type`, `message`, `result`, `result_detail`, `collect_at`) VALUES (285, '2022-01-03 01:54:22', '2022-01-03 01:54:22', 449, 'judiciary', '一些催收内容', 'no_pay', '一些催收结果详情', '2022-01-03');
UPDATE `loan_loan` SET `created_at` = '2022-01-04 23:59:58.567630', `updated_at` = '2022-01-04 23:59:59', `customer_id` = 5858, `type` = 'car', `amount` = 120000, `status` = 'Overdue', `usage` = '买车', `payment_method` = 'equal_corpus', `started_at` = '2022-01-03', `expired_at` = '2023-07-01', `payment_periods` = 18 WHERE `loan_loan`.`id` = 449;
UPDATE `loan_loan` SET `created_at` = '2022-01-04 23:16:47.449430', `updated_at` = '2022-01-04 23:16:47.449430', `customer_id` = 5900, `type` = 'car', `amount` = 280000, `status` = 'Approving', `usage` = '买车', `payment_method` = 'equal_corpus_and_interest', `started_at` = NULL, `expired_at` = NULL, `payment_periods` = NULL WHERE `loan_loan`.`id` = 450;
INSERT INTO `loan_loan` (`id`, `created_at`, `updated_at`, `customer_id`, `type`, `amount`, `status`, `usage`, `payment_method`, `started_at`, `expired_at`, `payment_periods`) VALUES (450, '2022-01-04 23:16:47.449430', '2022-01-04 23:16:47.449430', 5900, 'car', 280000, 'Approving', '买车', 'equal_corpus_and_interest', NULL, NULL, NULL);
UPDATE `loan_carloan` SET `created_at` = '2022-01-04 23:16:47.449430', `updated_at` = '2022-01-04 23:16:47.449430', `loan_id` = 450, `car_id` = 4742 WHERE `loan_carloan`.`id` = 450;
INSERT INTO `loan_carloan` (`id`, `created_at`, `updated_at`, `loan_id`, `car_id`) VALUES (450, '2022-01-04 23:16:47.449430', '2022-01-04 23:16:47.449430', 450, 4742);
UPDATE `loan_loan` SET `created_at` = '2022-01-04 23:16:47.449430', `updated_at` = '2022-01-04 23:16:47.449430', `customer_id` = 5900, `type` = 'car', `amount` = 280000, `status` = 'Overdue', `usage` = '买车', `payment_method` = 'equal_corpus_and_interest', `started_at` = '2022-01-03', `expired_at` = '2024-01-01', `payment_periods` = 24 WHERE `loan_loan`.`id` = 450;
UPDATE `loan_loan` SET `created_at` = '2022-01-04 16:07:15.015580', `updated_at` = '2022-01-04 16:07:15.015580', `customer_id` = 5888, `type` = 'car', `amount` = 290000, `status` = 'Overdue', `usage` = '买车', `payment_method` = 'equal_corpus_and_interest', `started_at` = NULL, `expired_at` = NULL, `payment_periods` = NULL WHERE `loan_loan`.`id` = 451;
INSERT INTO `loan_loan` (`id`, `created_at`, `updated_at`, `customer_id`, `type`, `amount`, `status`, `usage`, `payment_method`, `started_at`, `expired_at`, `payment_periods`) VALUES (451, '2022-01-04 16:07:15.015580', '2022-01-04 16:07:15.015580', 5888, 'car', 290000, 'Overdue', '买车', 'equal_corpus_and_interest', NULL, NULL, NULL);
UPDATE `loan_carloan` SET `created_at` = '2022-01-04 16:07:15.015580', `updated_at` = '2022-01-04 16:07:15.015580', `loan_id` = 451, `car_id` = 4732 WHERE `loan_carloan`.`id` = 451;
INSERT INTO `loan_carloan` (`id`, `created_at`, `updated_at`, `loan_id`, `car_id`) VALUES (451, '2022-01-04 16:07:15.015580', '2022-01-04 16:07:15.015580', 451, 4732);
UPDATE `loan_loanapproval` SET `created_at` = '2022-01-04 23:59:59', `updated_at` = '2022-01-04 23:59:59', `loan_id` = 451, `approved` = TRUE, `message` = NULL WHERE `loan_loanapproval`.`id` = 358;
INSERT INTO `loan_loanapproval` (`id`, `created_at`, `updated_at`, `loan_id`, `approved`, `message`) VALUES (358, '2022-01-04 23:59:59', '2022-01-04 23:59:59', 451, TRUE, NULL);
UPDATE `loan_badloan` SET `created_at` = '2022-01-05 16:00:40', `updated_at` = '2022-01-05 16:00:40', `loan_id` = 451, `message` = '客户无力还款' WHERE `loan_badloan`.`id` = 123;
INSERT INTO `loan_badloan` (`id`, `created_at`, `updated_at`, `loan_id`, `message`) VALUES (123, '2022-01-05 16:00:40', '2022-01-05 16:00:40', 451, '客户无力还款');
UPDATE `loan_loancollection` SET `created_at` = '2022-01-04 01:08:40', `updated_at` = '2022-01-04 01:08:40', `loan_id` = 451, `type` = 'email', `message` = '一些催收内容', `result` = 'no_pay', `result_detail` = '一些催收结果详情', `collect_at` = '2022-01-04' WHERE `loan_loancollection`.`id` = 286;
INSERT INTO `loan_loancollection` (`id`, `created_at`, `updated_at`, `loan_id`, `type`, `message`, `result`, `result_detail`, `collect_at`) VALUES (286, '2022-01-04 01:08:40', '2022-01-04 01:08:40', 451, 'email', '一些催收内容', 'no_pay', '一些催收结果详情', '2022-01-04');
UPDATE `loan_loancollection` SET `created_at` = '2022-01-04 01:20:00', `updated_at` = '2022-01-04 01:20:00', `loan_id` = 451, `type` = 'message', `message` = '一些催收内容', `result` = 'no_pay', `result_detail` = '一些催收结果详情', `collect_at` = '2022-01-04' WHERE `loan_loancollection`.`id` = 287;
INSERT INTO `loan_loancollection` (`id`, `created_at`, `updated_at`, `loan_id`, `type`, `message`, `result`, `result_detail`, `collect_at`) VALUES (287, '2022-01-04 01:20:00', '2022-01-04 01:20:00', 451, 'message', '一些催收内容', 'no_pay', '一些催收结果详情', '2022-01-04');
UPDATE `loan_loancollection` SET `created_at` = '2022-01-04 03:46:25', `updated_at` = '2022-01-04 03:46:25', `loan_id` = 451, `type` = 'visit', `message` = '一些催收内容', `result` = 'pay_soon', `result_detail` = '一些催收结果详情', `collect_at` = '2022-01-04' WHERE `loan_loancollection`.`id` = 288;
INSERT INTO `loan_loancollection` (`id`, `created_at`, `updated_at`, `loan_id`, `type`, `message`, `result`, `result_detail`, `collect_at`) VALUES (288, '2022-01-04 03:46:25', '2022-01-04 03:46:25', 451, 'visit', '一些催收内容', 'pay_soon', '一些催收结果详情', '2022-01-04');
UPDATE `loan_loan` SET `created_at` = '2022-01-04 16:07:15.015580', `updated_at` = '2022-01-04 23:59:59', `customer_id` = 5888, `type` = 'car', `amount` = 290000, `status` = 'Overdue', `usage` = '买车', `payment_method` = 'equal_corpus_and_interest', `started_at` = '2022-01-04', `expired_at` = '2023-07-01', `payment_periods` = 18 WHERE `loan_loan`.`id` = 451;
UPDATE `loan_loan` SET `created_at` = '2022-01-04 20:15:08.467776', `updated_at` = '2022-01-04 20:15:08.467776', `customer_id` = 5860, `type` = 'car', `amount` = 70000, `status` = 'Approving', `usage` = '买车', `payment_method` = 'equal_corpus', `started_at` = NULL, `expired_at` = NULL, `payment_periods` = NULL WHERE `loan_loan`.`id` = 452;
INSERT INTO `loan_loan` (`id`, `created_at`, `updated_at`, `customer_id`, `type`, `amount`, `status`, `usage`, `payment_method`, `started_at`, `expired_at`, `payment_periods`) VALUES (452, '2022-01-04 20:15:08.467776', '2022-01-04 20:15:08.467776', 5860, 'car', 70000, 'Approving', '买车', 'equal_corpus', NULL, NULL, NULL);
UPDATE `loan_carloan` SET `created_at` = '2022-01-04 20:15:08.467776', `updated_at` = '2022-01-04 20:15:08.467776', `loan_id` = 452, `car_id` = 4710 WHERE `loan_carloan`.`id` = 452;
INSERT INTO `loan_carloan` (`id`, `created_at`, `updated_at`, `loan_id`, `car_id`) VALUES (452, '2022-01-04 20:15:08.467776', '2022-01-04 20:15:08.467776', 452, 4710);
UPDATE `loan_loanmortgage` SET `created_at` = '2022-01-04 22:32:50.462110', `updated_at` = '2022-01-04 22:32:50.462110', `loan_id` = 452, `type` = 'estate', `is_pledge` = FALSE, `car_id` = NULL, `estate_id` = 3484, `chattel_id` = NULL WHERE `loan_loanmortgage`.`id` = 68;
INSERT INTO `loan_loanmortgage` (`id`, `created_at`, `updated_at`, `loan_id`, `type`, `is_pledge`, `car_id`, `estate_id`, `chattel_id`) VALUES (68, '2022-01-04 22:32:50.462110', '2022-01-04 22:32:50.462110', 452, 'estate', FALSE, NULL, 3484, NULL);
UPDATE `loan_loanapproval` SET `created_at` = '2022-01-04 23:59:59', `updated_at` = '2022-01-04 23:59:59', `loan_id` = 452, `approved` = FALSE, `message` = '资料不足' WHERE `loan_loanapproval`.`id` = 359;
INSERT INTO `loan_loanapproval` (`id`, `created_at`, `updated_at`, `loan_id`, `approved`, `message`) VALUES (359, '2022-01-04 23:59:59', '2022-01-04 23:59:59', 452, FALSE, '资料不足');
UPDATE `loan_badloan` SET `created_at` = '2022-01-05 03:49:00', `updated_at` = '2022-01-05 03:49:00', `loan_id` = 452, `message` = '客户无力还款' WHERE `loan_badloan`.`id` = 124;
INSERT INTO `loan_badloan` (`id`, `created_at`, `updated_at`, `loan_id`, `message`) VALUES (124, '2022-01-05 03:49:00', '2022-01-05 03:49:00', 452, '客户无力还款');
UPDATE `loan_loancollection` SET `created_at` = '2022-01-03 07:05:02', `updated_at` = '2022-01-03 07:05:02', `loan_id` = 452, `type` = 'visit', `message` = '一些催收内容', `result` = 'no_response', `result_detail` = '一些催收结果详情', `collect_at` = '2022-01-03' WHERE `loan_loancollection`.`id` = 289;
INSERT INTO `loan_loancollection` (`id`, `created_at`, `updated_at`, `loan_id`, `type`, `message`, `result`, `result_detail`, `collect_at`) VALUES (289, '2022-01-03 07:05:02', '2022-01-03 07:05:02', 452, 'visit', '一些催收内容', 'no_response', '一些催收结果详情', '2022-01-03');
UPDATE `loan_loancollection` SET `created_at` = '2022-01-03 12:47:37', `updated_at` = '2022-01-03 12:47:37', `loan_id` = 452, `type` = 'message', `message` = '一些催收内容', `result` = 'pay_soon', `result_detail` = '一些催收结果详情', `collect_at` = '2022-01-03' WHERE `loan_loancollection`.`id` = 290;
INSERT INTO `loan_loancollection` (`id`, `created_at`, `updated_at`, `loan_id`, `type`, `message`, `result`, `result_detail`, `collect_at`) VALUES (290, '2022-01-03 12:47:37', '2022-01-03 12:47:37', 452, 'message', '一些催收内容', 'pay_soon', '一些催收结果详情', '2022-01-03');
UPDATE `loan_loan` SET `created_at` = '2022-01-04 20:15:08.467776', `updated_at` = '2022-01-04 23:59:59', `customer_id` = 5860, `type` = 'car', `amount` = 70000, `status` = 'Overdue', `usage` = '买车', `payment_method` = 'equal_corpus', `started_at` = '2022-01-03', `expired_at` = '2023-07-01', `payment_periods` = 18 WHERE `loan_loan`.`id` = 452;
UPDATE `loan_loan` SET `created_at` = '2022-01-04 22:27:42.284082', `updated_at` = '2022-01-04 22:27:42.284082', `customer_id` = 5898, `type` = 'car', `amount` = 210000, `status` = 'Approving', `usage` = '买车', `payment_method` = 'equal_corpus_and_interest', `started_at` = NULL, `expired_at` = NULL, `payment_periods` = NULL WHERE `loan_loan`.`id` = 453;
INSERT INTO `loan_loan` (`id`, `created_at`, `updated_at`, `customer_id`, `type`, `amount`, `status`, `usage`, `payment_method`, `started_at`, `expired_at`, `payment_periods`) VALUES (453, '2022-01-04 22:27:42.284082', '2022-01-04 22:27:42.284082', 5898, 'car', 210000, 'Approving', '买车', 'equal_corpus_and_interest', NULL, NULL, NULL);
UPDATE `loan_carloan` SET `created_at` = '2022-01-04 22:27:42.284082', `updated_at` = '2022-01-04 22:27:42.284082', `loan_id` = 453, `car_id` = 4740 WHERE `loan_carloan`.`id` = 453;
INSERT INTO `loan_carloan` (`id`, `created_at`, `updated_at`, `loan_id`, `car_id`) VALUES (453, '2022-01-04 22:27:42.284082', '2022-01-04 22:27:42.284082', 453, 4740);
UPDATE `loan_loanapproval` SET `created_at` = '2022-01-04 23:59:59', `updated_at` = '2022-01-04 23:59:59', `loan_id` = 453, `approved` = FALSE, `message` = '资料不足' WHERE `loan_loanapproval`.`id` = 360;
INSERT INTO `loan_loanapproval` (`id`, `created_at`, `updated_at`, `loan_id`, `approved`, `message`) VALUES (360, '2022-01-04 23:59:59', '2022-01-04 23:59:59', 453, FALSE, '资料不足');
UPDATE `loan_loan` SET `created_at` = '2022-01-04 22:27:42.284082', `updated_at` = '2022-01-04 23:59:59', `customer_id` = 5898, `type` = 'car', `amount` = 210000, `status` = 'Overdue', `usage` = '买车', `payment_method` = 'equal_corpus_and_interest', `started_at` = '2022-01-03', `expired_at` = '2024-01-01', `payment_periods` = 24 WHERE `loan_loan`.`id` = 453;
UPDATE `loan_loan` SET `created_at` = '2022-01-04 23:01:48.167874', `updated_at` = '2022-01-04 23:01:48.167874', `customer_id` = 5854, `type` = 'car', `amount` = 80000, `status` = 'Settled', `usage` = '买车', `payment_method` = 'equal_corpus', `started_at` = NULL, `expired_at` = NULL, `payment_periods` = NULL WHERE `loan_loan`.`id` = 454;
INSERT INTO `loan_loan` (`id`, `created_at`, `updated_at`, `customer_id`, `type`, `amount`, `status`, `usage`, `payment_method`, `started_at`, `expired_at`, `payment_periods`) VALUES (454, '2022-01-04 23:01:48.167874', '2022-01-04 23:01:48.167874', 5854, 'car', 80000, 'Settled', '买车', 'equal_corpus', NULL, NULL, NULL);
UPDATE `loan_carloan` SET `created_at` = '2022-01-04 23:01:48.167874', `updated_at` = '2022-01-04 23:01:48.167874', `loan_id` = 454, `car_id` = 4706 WHERE `loan_carloan`.`id` = 454;
INSERT INTO `loan_carloan` (`id`, `created_at`, `updated_at`, `loan_id`, `car_id`) VALUES (454, '2022-01-04 23:01:48.167874', '2022-01-04 23:01:48.167874', 454, 4706);
UPDATE `loan_loanapproval` SET `created_at` = '2022-01-04 23:59:59', `updated_at` = '2022-01-04 23:59:59', `loan_id` = 454, `approved` = TRUE, `message` = NULL WHERE `loan_loanapproval`.`id` = 361;
INSERT INTO `loan_loanapproval` (`id`, `created_at`, `updated_at`, `loan_id`, `approved`, `message`) VALUES (361, '2022-01-04 23:59:59', '2022-01-04 23:59:59', 454, TRUE, NULL);
UPDATE `loan_loan` SET `created_at` = '2022-01-04 23:01:48.167874', `updated_at` = '2022-01-04 23:59:59', `customer_id` = 5854, `type` = 'car', `amount` = 80000, `status` = 'Overdue', `usage` = '买车', `payment_method` = 'equal_corpus', `started_at` = '2022-01-03', `expired_at` = '2023-07-01', `payment_periods` = 18 WHERE `loan_loan`.`id` = 454;
UPDATE `loan_loan` SET `created_at` = '2022-01-04 23:50:26.705675', `updated_at` = '2022-01-04 23:50:26.705675', `customer_id` = 5893, `type` = 'car', `amount` = 90000, `status` = 'Applying', `usage` = '买车', `payment_method` = 'equal_corpus', `started_at` = NULL, `expired_at` = NULL, `payment_periods` = NULL WHERE `loan_loan`.`id` = 455;
INSERT INTO `loan_loan` (`id`, `created_at`, `updated_at`, `customer_id`, `type`, `amount`, `status`, `usage`, `payment_method`, `started_at`, `expired_at`, `payment_periods`) VALUES (455, '2022-01-04 23:50:26.705675', '2022-01-04 23:50:26.705675', 5893, 'car', 90000, 'Applying', '买车', 'equal_corpus', NULL, NULL, NULL);
UPDATE `loan_carloan` SET `created_at` = '2022-01-04 23:50:26.705675', `updated_at` = '2022-01-04 23:50:26.705675', `loan_id` = 455, `car_id` = 4736 WHERE `loan_carloan`.`id` = 455;
INSERT INTO `loan_carloan` (`id`, `created_at`, `updated_at`, `loan_id`, `car_id`) VALUES (455, '2022-01-04 23:50:26.705675', '2022-01-04 23:50:26.705675', 455, 4736);
UPDATE `loan_loan` SET `created_at` = '2022-01-04 23:50:26.705675', `updated_at` = '2022-01-04 23:50:26.705675', `customer_id` = 5893, `type` = 'car', `amount` = 90000, `status` = 'Overdue', `usage` = '买车', `payment_method` = 'equal_corpus', `started_at` = '2022-01-03', `expired_at` = '2023-07-01', `payment_periods` = 18 WHERE `loan_loan`.`id` = 455;
UPDATE `loan_loan` SET `created_at` = '2022-01-04 16:25:57.017005', `updated_at` = '2022-01-04 16:25:57.017005', `customer_id` = 5882, `type` = 'car', `amount` = 320000, `status` = 'Applying', `usage` = '买车', `payment_method` = 'equal_corpus', `started_at` = NULL, `expired_at` = NULL, `payment_periods` = NULL WHERE `loan_loan`.`id` = 456;
INSERT INTO `loan_loan` (`id`, `created_at`, `updated_at`, `customer_id`, `type`, `amount`, `status`, `usage`, `payment_method`, `started_at`, `expired_at`, `payment_periods`) VALUES (456, '2022-01-04 16:25:57.017005', '2022-01-04 16:25:57.017005', 5882, 'car', 320000, 'Applying', '买车', 'equal_corpus', NULL, NULL, NULL);
UPDATE `loan_carloan` SET `created_at` = '2022-01-04 16:25:57.017005', `updated_at` = '2022-01-04 16:25:57.017005', `loan_id` = 456, `car_id` = 4726 WHERE `loan_carloan`.`id` = 456;
INSERT INTO `loan_carloan` (`id`, `created_at`, `updated_at`, `loan_id`, `car_id`) VALUES (456, '2022-01-04 16:25:57.017005', '2022-01-04 16:25:57.017005', 456, 4726);
UPDATE `loan_loanmortgage` SET `created_at` = '2022-01-04 19:10:09.095022', `updated_at` = '2022-01-04 19:10:09.095022', `loan_id` = 456, `type` = 'estate', `is_pledge` = TRUE, `car_id` = NULL, `estate_id` = 3504, `chattel_id` = NULL WHERE `loan_loanmortgage`.`id` = 69;
INSERT INTO `loan_loanmortgage` (`id`, `created_at`, `updated_at`, `loan_id`, `type`, `is_pledge`, `car_id`, `estate_id`, `chattel_id`) VALUES (69, '2022-01-04 19:10:09.095022', '2022-01-04 19:10:09.095022', 456, 'estate', TRUE, NULL, 3504, NULL);
UPDATE `loan_badloan` SET `created_at` = '2022-01-05 07:10:42', `updated_at` = '2022-01-05 07:10:42', `loan_id` = 456, `message` = '客户无力还款' WHERE `loan_badloan`.`id` = 125;
INSERT INTO `loan_badloan` (`id`, `created_at`, `updated_at`, `loan_id`, `message`) VALUES (125, '2022-01-05 07:10:42', '2022-01-05 07:10:42', 456, '客户无力还款');
UPDATE `loan_loancollection` SET `created_at` = '2022-01-04 15:12:16', `updated_at` = '2022-01-04 15:12:16', `loan_id` = 456, `type` = 'visit', `message` = '一些催收内容', `result` = 'no_response', `result_detail` = '一些催收结果详情', `collect_at` = '2022-01-04' WHERE `loan_loancollection`.`id` = 291;
INSERT INTO `loan_loancollection` (`id`, `created_at`, `updated_at`, `loan_id`, `type`, `message`, `result`, `result_detail`, `collect_at`) VALUES (291, '2022-01-04 15:12:16', '2022-01-04 15:12:16', 456, 'visit', '一些催收内容', 'no_response', '一些催收结果详情', '2022-01-04');
UPDATE `loan_loancollection` SET `created_at` = '2022-01-04 00:38:05', `updated_at` = '2022-01-04 00:38:05', `loan_id` = 456, `type` = 'visit', `message` = '一些催收内容', `result` = 'no_pay', `result_detail` = '一些催收结果详情', `collect_at` = '2022-01-04' WHERE `loan_loancollection`.`id` = 292;
INSERT INTO `loan_loancollection` (`id`, `created_at`, `updated_at`, `loan_id`, `type`, `message`, `result`, `result_detail`, `collect_at`) VALUES (292, '2022-01-04 00:38:05', '2022-01-04 00:38:05', 456, 'visit', '一些催收内容', 'no_pay', '一些催收结果详情', '2022-01-04');
UPDATE `loan_loancollection` SET `created_at` = '2022-01-04 22:26:04', `updated_at` = '2022-01-04 22:26:04', `loan_id` = 456, `type` = 'phone', `message` = '一些催收内容', `result` = 'no_response', `result_detail` = '一些催收结果详情', `collect_at` = '2022-01-04' WHERE `loan_loancollection`.`id` = 293;
INSERT INTO `loan_loancollection` (`id`, `created_at`, `updated_at`, `loan_id`, `type`, `message`, `result`, `result_detail`, `collect_at`) VALUES (293, '2022-01-04 22:26:04', '2022-01-04 22:26:04', 456, 'phone', '一些催收内容', 'no_response', '一些催收结果详情', '2022-01-04');
UPDATE `loan_loancollection` SET `created_at` = '2022-01-04 22:40:43', `updated_at` = '2022-01-04 22:40:43', `loan_id` = 456, `type` = 'visit', `message` = '一些催收内容', `result` = 'other', `result_detail` = '一些催收结果详情', `collect_at` = '2022-01-04' WHERE `loan_loancollection`.`id` = 294;
INSERT INTO `loan_loancollection` (`id`, `created_at`, `updated_at`, `loan_id`, `type`, `message`, `result`, `result_detail`, `collect_at`) VALUES (294, '2022-01-04 22:40:43', '2022-01-04 22:40:43', 456, 'visit', '一些催收内容', 'other', '一些催收结果详情', '2022-01-04');
UPDATE `loan_loancollection` SET `created_at` = '2022-01-04 19:53:40', `updated_at` = '2022-01-04 19:53:40', `loan_id` = 456, `type` = 'email', `message` = '一些催收内容', `result` = 'no_pay', `result_detail` = '一些催收结果详情', `collect_at` = '2022-01-04' WHERE `loan_loancollection`.`id` = 295;
INSERT INTO `loan_loancollection` (`id`, `created_at`, `updated_at`, `loan_id`, `type`, `message`, `result`, `result_detail`, `collect_at`) VALUES (295, '2022-01-04 19:53:40', '2022-01-04 19:53:40', 456, 'email', '一些催收内容', 'no_pay', '一些催收结果详情', '2022-01-04');
UPDATE `loan_loan` SET `created_at` = '2022-01-04 16:25:57.017005', `updated_at` = '2022-01-04 16:25:57.017005', `customer_id` = 5882, `type` = 'car', `amount` = 320000, `status` = 'Overdue', `usage` = '买车', `payment_method` = 'equal_corpus', `started_at` = '2022-01-04', `expired_at` = '2023-07-01', `payment_periods` = 18 WHERE `loan_loan`.`id` = 456;
UPDATE `loan_loan` SET `created_at` = '2022-01-04 23:25:19.201197', `updated_at` = '2022-01-04 23:25:19.201197', `customer_id` = 5841, `type` = 'car', `amount` = 50000, `status` = 'Applying', `usage` = '买车', `payment_method` = 'equal_corpus', `started_at` = NULL, `expired_at` = NULL, `payment_periods` = NULL WHERE `loan_loan`.`id` = 457;
INSERT INTO `loan_loan` (`id`, `created_at`, `updated_at`, `customer_id`, `type`, `amount`, `status`, `usage`, `payment_method`, `started_at`, `expired_at`, `payment_periods`) VALUES (457, '2022-01-04 23:25:19.201197', '2022-01-04 23:25:19.201197', 5841, 'car', 50000, 'Applying', '买车', 'equal_corpus', NULL, NULL, NULL);
UPDATE `loan_carloan` SET `created_at` = '2022-01-04 23:25:19.201197', `updated_at` = '2022-01-04 23:25:19.201197', `loan_id` = 457, `car_id` = 4697 WHERE `loan_carloan`.`id` = 457;
INSERT INTO `loan_carloan` (`id`, `created_at`, `updated_at`, `loan_id`, `car_id`) VALUES (457, '2022-01-04 23:25:19.201197', '2022-01-04 23:25:19.201197', 457, 4697);
UPDATE `loan_badloan` SET `created_at` = '2022-01-05 21:56:32', `updated_at` = '2022-01-05 21:56:32', `loan_id` = 457, `message` = '客户无力还款' WHERE `loan_badloan`.`id` = 126;
INSERT INTO `loan_badloan` (`id`, `created_at`, `updated_at`, `loan_id`, `message`) VALUES (126, '2022-01-05 21:56:32', '2022-01-05 21:56:32', 457, '客户无力还款');
UPDATE `loan_loancollection` SET `created_at` = '2022-01-03 16:36:16', `updated_at` = '2022-01-03 16:36:16', `loan_id` = 457, `type` = 'visit', `message` = '一些催收内容', `result` = 'no_response', `result_detail` = '一些催收结果详情', `collect_at` = '2022-01-03' WHERE `loan_loancollection`.`id` = 296;
INSERT INTO `loan_loancollection` (`id`, `created_at`, `updated_at`, `loan_id`, `type`, `message`, `result`, `result_detail`, `collect_at`) VALUES (296, '2022-01-03 16:36:16', '2022-01-03 16:36:16', 457, 'visit', '一些催收内容', 'no_response', '一些催收结果详情', '2022-01-03');
UPDATE `loan_loancollection` SET `created_at` = '2022-01-04 18:58:19', `updated_at` = '2022-01-04 18:58:19', `loan_id` = 457, `type` = 'phone', `message` = '一些催收内容', `result` = 'no_response', `result_detail` = '一些催收结果详情', `collect_at` = '2022-01-04' WHERE `loan_loancollection`.`id` = 297;
INSERT INTO `loan_loancollection` (`id`, `created_at`, `updated_at`, `loan_id`, `type`, `message`, `result`, `result_detail`, `collect_at`) VALUES (297, '2022-01-04 18:58:19', '2022-01-04 18:58:19', 457, 'phone', '一些催收内容', 'no_response', '一些催收结果详情', '2022-01-04');
UPDATE `loan_loancollection` SET `created_at` = '2022-01-04 05:46:56', `updated_at` = '2022-01-04 05:46:56', `loan_id` = 457, `type` = 'email', `message` = '一些催收内容', `result` = 'no_response', `result_detail` = '一些催收结果详情', `collect_at` = '2022-01-04' WHERE `loan_loancollection`.`id` = 298;
INSERT INTO `loan_loancollection` (`id`, `created_at`, `updated_at`, `loan_id`, `type`, `message`, `result`, `result_detail`, `collect_at`) VALUES (298, '2022-01-04 05:46:56', '2022-01-04 05:46:56', 457, 'email', '一些催收内容', 'no_response', '一些催收结果详情', '2022-01-04');
UPDATE `loan_loan` SET `created_at` = '2022-01-04 23:25:19.201197', `updated_at` = '2022-01-04 23:25:19.201197', `customer_id` = 5841, `type` = 'car', `amount` = 50000, `status` = 'Overdue', `usage` = '买车', `payment_method` = 'equal_corpus', `started_at` = '2022-01-03', `expired_at` = '2024-01-01', `payment_periods` = 24 WHERE `loan_loan`.`id` = 457;
UPDATE `loan_loan` SET `created_at` = '2022-01-04 18:49:35.300874', `updated_at` = '2022-01-04 18:49:35.300874', `customer_id` = 5855, `type` = 'car', `amount` = 100000, `status` = 'Applying', `usage` = '买车', `payment_method` = 'equal_corpus', `started_at` = NULL, `expired_at` = NULL, `payment_periods` = NULL WHERE `loan_loan`.`id` = 458;
INSERT INTO `loan_loan` (`id`, `created_at`, `updated_at`, `customer_id`, `type`, `amount`, `status`, `usage`, `payment_method`, `started_at`, `expired_at`, `payment_periods`) VALUES (458, '2022-01-04 18:49:35.300874', '2022-01-04 18:49:35.300874', 5855, 'car', 100000, 'Applying', '买车', 'equal_corpus', NULL, NULL, NULL);
UPDATE `loan_carloan` SET `created_at` = '2022-01-04 18:49:35.300874', `updated_at` = '2022-01-04 18:49:35.300874', `loan_id` = 458, `car_id` = 4707 WHERE `loan_carloan`.`id` = 458;
INSERT INTO `loan_carloan` (`id`, `created_at`, `updated_at`, `loan_id`, `car_id`) VALUES (458, '2022-01-04 18:49:35.300874', '2022-01-04 18:49:35.300874', 458, 4707);
UPDATE `loan_loanapproval` SET `created_at` = '2022-01-04 23:59:59', `updated_at` = '2022-01-04 23:59:59', `loan_id` = 458, `approved` = FALSE, `message` = '资料不足' WHERE `loan_loanapproval`.`id` = 362;
INSERT INTO `loan_loanapproval` (`id`, `created_at`, `updated_at`, `loan_id`, `approved`, `message`) VALUES (362, '2022-01-04 23:59:59', '2022-01-04 23:59:59', 458, FALSE, '资料不足');
UPDATE `loan_badloan` SET `created_at` = '2022-01-05 22:54:48', `updated_at` = '2022-01-05 22:54:48', `loan_id` = 458, `message` = '客户无力还款' WHERE `loan_badloan`.`id` = 127;
INSERT INTO `loan_badloan` (`id`, `created_at`, `updated_at`, `loan_id`, `message`) VALUES (127, '2022-01-05 22:54:48', '2022-01-05 22:54:48', 458, '客户无力还款');
UPDATE `loan_loan` SET `created_at` = '2022-01-04 18:49:35.300874', `updated_at` = '2022-01-04 23:59:59', `customer_id` = 5855, `type` = 'car', `amount` = 100000, `status` = 'Overdue', `usage` = '买车', `payment_method` = 'equal_corpus', `started_at` = '2022-01-03', `expired_at` = '2023-07-01', `payment_periods` = 18 WHERE `loan_loan`.`id` = 458;
UPDATE `loan_loan` SET `created_at` = '2022-01-04 22:52:39.746430', `updated_at` = '2022-01-04 22:52:39.746430', `customer_id` = 5885, `type` = 'car', `amount` = 530000, `status` = 'InProgress', `usage` = '买车', `payment_method` = 'equal_corpus', `started_at` = NULL, `expired_at` = NULL, `payment_periods` = NULL WHERE `loan_loan`.`id` = 459;
INSERT INTO `loan_loan` (`id`, `created_at`, `updated_at`, `customer_id`, `type`, `amount`, `status`, `usage`, `payment_method`, `started_at`, `expired_at`, `payment_periods`) VALUES (459, '2022-01-04 22:52:39.746430', '2022-01-04 22:52:39.746430', 5885, 'car', 530000, 'InProgress', '买车', 'equal_corpus', NULL, NULL, NULL);
UPDATE `loan_carloan` SET `created_at` = '2022-01-04 22:52:39.746430', `updated_at` = '2022-01-04 22:52:39.746430', `loan_id` = 459, `car_id` = 4729 WHERE `loan_carloan`.`id` = 459;
INSERT INTO `loan_carloan` (`id`, `created_at`, `updated_at`, `loan_id`, `car_id`) VALUES (459, '2022-01-04 22:52:39.746430', '2022-01-04 22:52:39.746430', 459, 4729);
UPDATE `loan_loanapproval` SET `created_at` = '2022-01-04 23:59:59', `updated_at` = '2022-01-04 23:59:59', `loan_id` = 459, `approved` = FALSE, `message` = '资料不足' WHERE `loan_loanapproval`.`id` = 363;
INSERT INTO `loan_loanapproval` (`id`, `created_at`, `updated_at`, `loan_id`, `approved`, `message`) VALUES (363, '2022-01-04 23:59:59', '2022-01-04 23:59:59', 459, FALSE, '资料不足');
UPDATE `loan_loanapproval` SET `created_at` = '2022-01-04 23:59:59', `updated_at` = '2022-01-04 23:59:59', `loan_id` = 459, `approved` = TRUE, `message` = NULL WHERE `loan_loanapproval`.`id` = 364;
INSERT INTO `loan_loanapproval` (`id`, `created_at`, `updated_at`, `loan_id`, `approved`, `message`) VALUES (364, '2022-01-04 23:59:59', '2022-01-04 23:59:59', 459, TRUE, NULL);
UPDATE `loan_loan` SET `created_at` = '2022-01-04 22:52:39.746430', `updated_at` = '2022-01-04 23:59:59', `customer_id` = 5885, `type` = 'car', `amount` = 530000, `status` = 'Overdue', `usage` = '买车', `payment_method` = 'equal_corpus', `started_at` = '2022-01-04', `expired_at` = '2023-07-01', `payment_periods` = 18 WHERE `loan_loan`.`id` = 459;
UPDATE `loan_loan` SET `created_at` = '2022-01-04 21:29:53.812404', `updated_at` = '2022-01-04 21:29:53.812404', `customer_id` = 5847, `type` = 'car', `amount` = 430000, `status` = 'Settled', `usage` = '买车', `payment_method` = 'equal_corpus_and_interest', `started_at` = NULL, `expired_at` = NULL, `payment_periods` = NULL WHERE `loan_loan`.`id` = 460;
INSERT INTO `loan_loan` (`id`, `created_at`, `updated_at`, `customer_id`, `type`, `amount`, `status`, `usage`, `payment_method`, `started_at`, `expired_at`, `payment_periods`) VALUES (460, '2022-01-04 21:29:53.812404', '2022-01-04 21:29:53.812404', 5847, 'car', 430000, 'Settled', '买车', 'equal_corpus_and_interest', NULL, NULL, NULL);
UPDATE `loan_carloan` SET `created_at` = '2022-01-04 21:29:53.812404', `updated_at` = '2022-01-04 21:29:53.812404', `loan_id` = 460, `car_id` = 4702 WHERE `loan_carloan`.`id` = 460;
INSERT INTO `loan_carloan` (`id`, `created_at`, `updated_at`, `loan_id`, `car_id`) VALUES (460, '2022-01-04 21:29:53.812404', '2022-01-04 21:29:53.812404', 460, 4702);
UPDATE `loan_loanapproval` SET `created_at` = '2022-01-04 23:59:59', `updated_at` = '2022-01-04 23:59:59', `loan_id` = 460, `approved` = TRUE, `message` = NULL WHERE `loan_loanapproval`.`id` = 365;
INSERT INTO `loan_loanapproval` (`id`, `created_at`, `updated_at`, `loan_id`, `approved`, `message`) VALUES (365, '2022-01-04 23:59:59', '2022-01-04 23:59:59', 460, TRUE, NULL);
UPDATE `loan_loan` SET `created_at` = '2022-01-04 21:29:53.812404', `updated_at` = '2022-01-04 23:59:59', `customer_id` = 5847, `type` = 'car', `amount` = 430000, `status` = 'Overdue', `usage` = '买车', `payment_method` = 'equal_corpus_and_interest', `started_at` = '2022-01-03', `expired_at` = '2024-01-01', `payment_periods` = 24 WHERE `loan_loan`.`id` = 460;
UPDATE `loan_loan` SET `created_at` = '2022-01-04 21:00:58.955523', `updated_at` = '2022-01-04 21:00:58.955523', `customer_id` = 5842, `type` = 'car', `amount` = 60000, `status` = 'InProgress', `usage` = '买车', `payment_method` = 'equal_corpus_and_interest', `started_at` = NULL, `expired_at` = NULL, `payment_periods` = NULL WHERE `loan_loan`.`id` = 461;
INSERT INTO `loan_loan` (`id`, `created_at`, `updated_at`, `customer_id`, `type`, `amount`, `status`, `usage`, `payment_method`, `started_at`, `expired_at`, `payment_periods`) VALUES (461, '2022-01-04 21:00:58.955523', '2022-01-04 21:00:58.955523', 5842, 'car', 60000, 'InProgress', '买车', 'equal_corpus_and_interest', NULL, NULL, NULL);
UPDATE `loan_carloan` SET `created_at` = '2022-01-04 21:00:58.955523', `updated_at` = '2022-01-04 21:00:58.955523', `loan_id` = 461, `car_id` = 4698 WHERE `loan_carloan`.`id` = 461;
INSERT INTO `loan_carloan` (`id`, `created_at`, `updated_at`, `loan_id`, `car_id`) VALUES (461, '2022-01-04 21:00:58.955523', '2022-01-04 21:00:58.955523', 461, 4698);
UPDATE `loan_loanmortgage` SET `created_at` = '2022-01-04 21:46:03.546313', `updated_at` = '2022-01-04 21:46:03.546313', `loan_id` = 461, `type` = 'estate', `is_pledge` = TRUE, `car_id` = NULL, `estate_id` = 3474, `chattel_id` = NULL WHERE `loan_loanmortgage`.`id` = 70;
INSERT INTO `loan_loanmortgage` (`id`, `created_at`, `updated_at`, `loan_id`, `type`, `is_pledge`, `car_id`, `estate_id`, `chattel_id`) VALUES (70, '2022-01-04 21:46:03.546313', '2022-01-04 21:46:03.546313', 461, 'estate', TRUE, NULL, 3474, NULL);
UPDATE `loan_loanapproval` SET `created_at` = '2022-01-04 23:59:59', `updated_at` = '2022-01-04 23:59:59', `loan_id` = 461, `approved` = TRUE, `message` = NULL WHERE `loan_loanapproval`.`id` = 366;
INSERT INTO `loan_loanapproval` (`id`, `created_at`, `updated_at`, `loan_id`, `approved`, `message`) VALUES (366, '2022-01-04 23:59:59', '2022-01-04 23:59:59', 461, TRUE, NULL);
UPDATE `loan_loan` SET `created_at` = '2022-01-04 21:00:58.955523', `updated_at` = '2022-01-04 23:59:59', `customer_id` = 5842, `type` = 'car', `amount` = 60000, `status` = 'Overdue', `usage` = '买车', `payment_method` = 'equal_corpus_and_interest', `started_at` = '2022-01-03', `expired_at` = '2024-01-01', `payment_periods` = 24 WHERE `loan_loan`.`id` = 461;
UPDATE `loan_loan` SET `created_at` = '2022-01-04 23:10:07.093771', `updated_at` = '2022-01-04 23:10:07.093771', `customer_id` = 5886, `type` = 'car', `amount` = 140000, `status` = 'Overdue', `usage` = '买车', `payment_method` = 'equal_corpus_and_interest', `started_at` = NULL, `expired_at` = NULL, `payment_periods` = NULL WHERE `loan_loan`.`id` = 462;
INSERT INTO `loan_loan` (`id`, `created_at`, `updated_at`, `customer_id`, `type`, `amount`, `status`, `usage`, `payment_method`, `started_at`, `expired_at`, `payment_periods`) VALUES (462, '2022-01-04 23:10:07.093771', '2022-01-04 23:10:07.093771', 5886, 'car', 140000, 'Overdue', '买车', 'equal_corpus_and_interest', NULL, NULL, NULL);
UPDATE `loan_carloan` SET `created_at` = '2022-01-04 23:10:07.093771', `updated_at` = '2022-01-04 23:10:07.093771', `loan_id` = 462, `car_id` = 4730 WHERE `loan_carloan`.`id` = 462;
INSERT INTO `loan_carloan` (`id`, `created_at`, `updated_at`, `loan_id`, `car_id`) VALUES (462, '2022-01-04 23:10:07.093771', '2022-01-04 23:10:07.093771', 462, 4730);
UPDATE `loan_loanapproval` SET `created_at` = '2022-01-04 23:59:59', `updated_at` = '2022-01-04 23:59:59', `loan_id` = 462, `approved` = TRUE, `message` = NULL WHERE `loan_loanapproval`.`id` = 367;
INSERT INTO `loan_loanapproval` (`id`, `created_at`, `updated_at`, `loan_id`, `approved`, `message`) VALUES (367, '2022-01-04 23:59:59', '2022-01-04 23:59:59', 462, TRUE, NULL);
UPDATE `loan_loan` SET `created_at` = '2022-01-04 23:10:07.093771', `updated_at` = '2022-01-04 23:59:59', `customer_id` = 5886, `type` = 'car', `amount` = 140000, `status` = 'Overdue', `usage` = '买车', `payment_method` = 'equal_corpus_and_interest', `started_at` = '2022-01-03', `expired_at` = '2023-07-01', `payment_periods` = 18 WHERE `loan_loan`.`id` = 462;
UPDATE `loan_loan` SET `created_at` = '2022-01-04 22:02:09.705997', `updated_at` = '2022-01-04 22:02:09.705997', `customer_id` = 5865, `type` = 'car', `amount` = 110000, `status` = 'Applying', `usage` = '买车', `payment_method` = 'equal_corpus', `started_at` = NULL, `expired_at` = NULL, `payment_periods` = NULL WHERE `loan_loan`.`id` = 463;
INSERT INTO `loan_loan` (`id`, `created_at`, `updated_at`, `customer_id`, `type`, `amount`, `status`, `usage`, `payment_method`, `started_at`, `expired_at`, `payment_periods`) VALUES (463, '2022-01-04 22:02:09.705997', '2022-01-04 22:02:09.705997', 5865, 'car', 110000, 'Applying', '买车', 'equal_corpus', NULL, NULL, NULL);
UPDATE `loan_carloan` SET `created_at` = '2022-01-04 22:02:09.705997', `updated_at` = '2022-01-04 22:02:09.705997', `loan_id` = 463, `car_id` = 4713 WHERE `loan_carloan`.`id` = 463;
INSERT INTO `loan_carloan` (`id`, `created_at`, `updated_at`, `loan_id`, `car_id`) VALUES (463, '2022-01-04 22:02:09.705997', '2022-01-04 22:02:09.705997', 463, 4713);
UPDATE `loan_loanguarantee` SET `created_at` = '2022-01-04 23:44:37.590543', `updated_at` = '2022-01-04 23:44:37.590543', `loan_id` = 463, `guarantor_id` = 5893 WHERE `loan_loanguarantee`.`id` = 47;
INSERT INTO `loan_loanguarantee` (`id`, `created_at`, `updated_at`, `loan_id`, `guarantor_id`) VALUES (47, '2022-01-04 23:44:37.590543', '2022-01-04 23:44:37.590543', 463, 5893);
UPDATE `loan_loan` SET `created_at` = '2022-01-04 22:02:09.705997', `updated_at` = '2022-01-04 22:02:09.705997', `customer_id` = 5865, `type` = 'car', `amount` = 110000, `status` = 'Overdue', `usage` = '买车', `payment_method` = 'equal_corpus', `started_at` = '2022-01-03', `expired_at` = '2023-07-01', `payment_periods` = 18 WHERE `loan_loan`.`id` = 463;
UPDATE `loan_loan` SET `created_at` = '2022-01-04 17:12:21.563660', `updated_at` = '2022-01-04 17:12:21.563660', `customer_id` = 5899, `type` = 'car', `amount` = 190000, `status` = 'Applying', `usage` = '买车', `payment_method` = 'equal_corpus', `started_at` = NULL, `expired_at` = NULL, `payment_periods` = NULL WHERE `loan_loan`.`id` = 464;
INSERT INTO `loan_loan` (`id`, `created_at`, `updated_at`, `customer_id`, `type`, `amount`, `status`, `usage`, `payment_method`, `started_at`, `expired_at`, `payment_periods`) VALUES (464, '2022-01-04 17:12:21.563660', '2022-01-04 17:12:21.563660', 5899, 'car', 190000, 'Applying', '买车', 'equal_corpus', NULL, NULL, NULL);
UPDATE `loan_carloan` SET `created_at` = '2022-01-04 17:12:21.563660', `updated_at` = '2022-01-04 17:12:21.563660', `loan_id` = 464, `car_id` = 4741 WHERE `loan_carloan`.`id` = 464;
INSERT INTO `loan_carloan` (`id`, `created_at`, `updated_at`, `loan_id`, `car_id`) VALUES (464, '2022-01-04 17:12:21.563660', '2022-01-04 17:12:21.563660', 464, 4741);
UPDATE `loan_badloan` SET `created_at` = '2022-01-05 06:00:11', `updated_at` = '2022-01-05 06:00:11', `loan_id` = 464, `message` = '客户无力还款' WHERE `loan_badloan`.`id` = 128;
INSERT INTO `loan_badloan` (`id`, `created_at`, `updated_at`, `loan_id`, `message`) VALUES (128, '2022-01-05 06:00:11', '2022-01-05 06:00:11', 464, '客户无力还款');
UPDATE `loan_loancollection` SET `created_at` = '2022-01-03 20:56:13', `updated_at` = '2022-01-03 20:56:13', `loan_id` = 464, `type` = 'message', `message` = '一些催收内容', `result` = 'pay_soon', `result_detail` = '一些催收结果详情', `collect_at` = '2022-01-03' WHERE `loan_loancollection`.`id` = 299;
INSERT INTO `loan_loancollection` (`id`, `created_at`, `updated_at`, `loan_id`, `type`, `message`, `result`, `result_detail`, `collect_at`) VALUES (299, '2022-01-03 20:56:13', '2022-01-03 20:56:13', 464, 'message', '一些催收内容', 'pay_soon', '一些催收结果详情', '2022-01-03');
UPDATE `loan_loan` SET `created_at` = '2022-01-04 17:12:21.563660', `updated_at` = '2022-01-04 17:12:21.563660', `customer_id` = 5899, `type` = 'car', `amount` = 190000, `status` = 'Overdue', `usage` = '买车', `payment_method` = 'equal_corpus', `started_at` = '2022-01-03', `expired_at` = '2024-01-01', `payment_periods` = 24 WHERE `loan_loan`.`id` = 464;
UPDATE `loan_loan` SET `created_at` = '2022-01-04 05:13:31.205375', `updated_at` = '2022-01-04 05:13:31.205375', `customer_id` = 5873, `type` = 'car', `amount` = 250000, `status` = 'InProgress', `usage` = '买车', `payment_method` = 'equal_corpus', `started_at` = NULL, `expired_at` = NULL, `payment_periods` = NULL WHERE `loan_loan`.`id` = 465;
INSERT INTO `loan_loan` (`id`, `created_at`, `updated_at`, `customer_id`, `type`, `amount`, `status`, `usage`, `payment_method`, `started_at`, `expired_at`, `payment_periods`) VALUES (465, '2022-01-04 05:13:31.205375', '2022-01-04 05:13:31.205375', 5873, 'car', 250000, 'InProgress', '买车', 'equal_corpus', NULL, NULL, NULL);
UPDATE `loan_carloan` SET `created_at` = '2022-01-04 05:13:31.205375', `updated_at` = '2022-01-04 05:13:31.205375', `loan_id` = 465, `car_id` = 4719 WHERE `loan_carloan`.`id` = 465;
INSERT INTO `loan_carloan` (`id`, `created_at`, `updated_at`, `loan_id`, `car_id`) VALUES (465, '2022-01-04 05:13:31.205375', '2022-01-04 05:13:31.205375', 465, 4719);
UPDATE `loan_loanapproval` SET `created_at` = '2022-01-04 23:59:59', `updated_at` = '2022-01-04 23:59:59', `loan_id` = 465, `approved` = FALSE, `message` = '资料不足' WHERE `loan_loanapproval`.`id` = 368;
INSERT INTO `loan_loanapproval` (`id`, `created_at`, `updated_at`, `loan_id`, `approved`, `message`) VALUES (368, '2022-01-04 23:59:59', '2022-01-04 23:59:59', 465, FALSE, '资料不足');
UPDATE `loan_loanapproval` SET `created_at` = '2022-01-04 23:59:59', `updated_at` = '2022-01-04 23:59:59', `loan_id` = 465, `approved` = TRUE, `message` = NULL WHERE `loan_loanapproval`.`id` = 369;
INSERT INTO `loan_loanapproval` (`id`, `created_at`, `updated_at`, `loan_id`, `approved`, `message`) VALUES (369, '2022-01-04 23:59:59', '2022-01-04 23:59:59', 465, TRUE, NULL);
UPDATE `loan_loan` SET `created_at` = '2022-01-04 05:13:31.205375', `updated_at` = '2022-01-04 23:59:59', `customer_id` = 5873, `type` = 'car', `amount` = 250000, `status` = 'Overdue', `usage` = '买车', `payment_method` = 'equal_corpus', `started_at` = '2022-01-03', `expired_at` = '2024-01-01', `payment_periods` = 24 WHERE `loan_loan`.`id` = 465;
UPDATE `loan_loan` SET `created_at` = '2022-01-04 21:21:36.119241', `updated_at` = '2022-01-04 21:21:36.119241', `customer_id` = 5857, `type` = 'car', `amount` = 170000, `status` = 'Approving', `usage` = '买车', `payment_method` = 'equal_corpus', `started_at` = NULL, `expired_at` = NULL, `payment_periods` = NULL WHERE `loan_loan`.`id` = 466;
INSERT INTO `loan_loan` (`id`, `created_at`, `updated_at`, `customer_id`, `type`, `amount`, `status`, `usage`, `payment_method`, `started_at`, `expired_at`, `payment_periods`) VALUES (466, '2022-01-04 21:21:36.119241', '2022-01-04 21:21:36.119241', 5857, 'car', 170000, 'Approving', '买车', 'equal_corpus', NULL, NULL, NULL);
UPDATE `loan_carloan` SET `created_at` = '2022-01-04 21:21:36.119241', `updated_at` = '2022-01-04 21:21:36.119241', `loan_id` = 466, `car_id` = 4708 WHERE `loan_carloan`.`id` = 466;
INSERT INTO `loan_carloan` (`id`, `created_at`, `updated_at`, `loan_id`, `car_id`) VALUES (466, '2022-01-04 21:21:36.119241', '2022-01-04 21:21:36.119241', 466, 4708);
UPDATE `loan_badloan` SET `created_at` = '2022-01-05 15:05:28', `updated_at` = '2022-01-05 15:05:28', `loan_id` = 466, `message` = '客户无力还款' WHERE `loan_badloan`.`id` = 129;
INSERT INTO `loan_badloan` (`id`, `created_at`, `updated_at`, `loan_id`, `message`) VALUES (129, '2022-01-05 15:05:28', '2022-01-05 15:05:28', 466, '客户无力还款');
UPDATE `loan_loancollection` SET `created_at` = '2022-01-04 06:25:47', `updated_at` = '2022-01-04 06:25:47', `loan_id` = 466, `type` = 'judiciary', `message` = '一些催收内容', `result` = 'pay_soon', `result_detail` = '一些催收结果详情', `collect_at` = '2022-01-04' WHERE `loan_loancollection`.`id` = 300;
INSERT INTO `loan_loancollection` (`id`, `created_at`, `updated_at`, `loan_id`, `type`, `message`, `result`, `result_detail`, `collect_at`) VALUES (300, '2022-01-04 06:25:47', '2022-01-04 06:25:47', 466, 'judiciary', '一些催收内容', 'pay_soon', '一些催收结果详情', '2022-01-04');
UPDATE `loan_loancollection` SET `created_at` = '2022-01-04 09:47:45', `updated_at` = '2022-01-04 09:47:45', `loan_id` = 466, `type` = 'email', `message` = '一些催收内容', `result` = 'pay_soon', `result_detail` = '一些催收结果详情', `collect_at` = '2022-01-04' WHERE `loan_loancollection`.`id` = 301;
INSERT INTO `loan_loancollection` (`id`, `created_at`, `updated_at`, `loan_id`, `type`, `message`, `result`, `result_detail`, `collect_at`) VALUES (301, '2022-01-04 09:47:45', '2022-01-04 09:47:45', 466, 'email', '一些催收内容', 'pay_soon', '一些催收结果详情', '2022-01-04');
UPDATE `loan_loancollection` SET `created_at` = '2022-01-03 23:09:37', `updated_at` = '2022-01-03 23:09:37', `loan_id` = 466, `type` = 'judiciary', `message` = '一些催收内容', `result` = 'pay_soon', `result_detail` = '一些催收结果详情', `collect_at` = '2022-01-03' WHERE `loan_loancollection`.`id` = 302;
INSERT INTO `loan_loancollection` (`id`, `created_at`, `updated_at`, `loan_id`, `type`, `message`, `result`, `result_detail`, `collect_at`) VALUES (302, '2022-01-03 23:09:37', '2022-01-03 23:09:37', 466, 'judiciary', '一些催收内容', 'pay_soon', '一些催收结果详情', '2022-01-03');
UPDATE `loan_loan` SET `created_at` = '2022-01-04 21:21:36.119241', `updated_at` = '2022-01-04 21:21:36.119241', `customer_id` = 5857, `type` = 'car', `amount` = 170000, `status` = 'Overdue', `usage` = '买车', `payment_method` = 'equal_corpus', `started_at` = '2022-01-03', `expired_at` = '2023-07-01', `payment_periods` = 18 WHERE `loan_loan`.`id` = 466;
UPDATE `loan_loan` SET `created_at` = '2022-01-04 18:50:06.575089', `updated_at` = '2022-01-04 18:50:06.575089', `customer_id` = 5883, `type` = 'car', `amount` = 150000, `status` = 'Approving', `usage` = '买车', `payment_method` = 'equal_corpus', `started_at` = NULL, `expired_at` = NULL, `payment_periods` = NULL WHERE `loan_loan`.`id` = 467;
INSERT INTO `loan_loan` (`id`, `created_at`, `updated_at`, `customer_id`, `type`, `amount`, `status`, `usage`, `payment_method`, `started_at`, `expired_at`, `payment_periods`) VALUES (467, '2022-01-04 18:50:06.575089', '2022-01-04 18:50:06.575089', 5883, 'car', 150000, 'Approving', '买车', 'equal_corpus', NULL, NULL, NULL);
UPDATE `loan_carloan` SET `created_at` = '2022-01-04 18:50:06.575089', `updated_at` = '2022-01-04 18:50:06.575089', `loan_id` = 467, `car_id` = 4728 WHERE `loan_carloan`.`id` = 467;
INSERT INTO `loan_carloan` (`id`, `created_at`, `updated_at`, `loan_id`, `car_id`) VALUES (467, '2022-01-04 18:50:06.575089', '2022-01-04 18:50:06.575089', 467, 4728);
UPDATE `loan_loan` SET `created_at` = '2022-01-04 18:50:06.575089', `updated_at` = '2022-01-04 18:50:06.575089', `customer_id` = 5883, `type` = 'car', `amount` = 150000, `status` = 'Overdue', `usage` = '买车', `payment_method` = 'equal_corpus', `started_at` = '2022-01-03', `expired_at` = '2024-01-01', `payment_periods` = 24 WHERE `loan_loan`.`id` = 467;
UPDATE `loan_loan` SET `created_at` = '2022-01-04 21:35:13.419309', `updated_at` = '2022-01-04 21:35:13.419309', `customer_id` = 5870, `type` = 'car', `amount` = 190000, `status` = 'Overdue', `usage` = '买车', `payment_method` = 'equal_corpus', `started_at` = NULL, `expired_at` = NULL, `payment_periods` = NULL WHERE `loan_loan`.`id` = 468;
INSERT INTO `loan_loan` (`id`, `created_at`, `updated_at`, `customer_id`, `type`, `amount`, `status`, `usage`, `payment_method`, `started_at`, `expired_at`, `payment_periods`) VALUES (468, '2022-01-04 21:35:13.419309', '2022-01-04 21:35:13.419309', 5870, 'car', 190000, 'Overdue', '买车', 'equal_corpus', NULL, NULL, NULL);
UPDATE `loan_carloan` SET `created_at` = '2022-01-04 21:35:13.419309', `updated_at` = '2022-01-04 21:35:13.419309', `loan_id` = 468, `car_id` = 4717 WHERE `loan_carloan`.`id` = 468;
INSERT INTO `loan_carloan` (`id`, `created_at`, `updated_at`, `loan_id`, `car_id`) VALUES (468, '2022-01-04 21:35:13.419309', '2022-01-04 21:35:13.419309', 468, 4717);
UPDATE `loan_loanapproval` SET `created_at` = '2022-01-04 23:59:59', `updated_at` = '2022-01-04 23:59:59', `loan_id` = 468, `approved` = TRUE, `message` = NULL WHERE `loan_loanapproval`.`id` = 370;
INSERT INTO `loan_loanapproval` (`id`, `created_at`, `updated_at`, `loan_id`, `approved`, `message`) VALUES (370, '2022-01-04 23:59:59', '2022-01-04 23:59:59', 468, TRUE, NULL);
UPDATE `loan_badloan` SET `created_at` = '2022-01-05 12:59:28', `updated_at` = '2022-01-05 12:59:28', `loan_id` = 468, `message` = '客户无力还款' WHERE `loan_badloan`.`id` = 130;
INSERT INTO `loan_badloan` (`id`, `created_at`, `updated_at`, `loan_id`, `message`) VALUES (130, '2022-01-05 12:59:28', '2022-01-05 12:59:28', 468, '客户无力还款');
UPDATE `loan_loancollection` SET `created_at` = '2022-01-04 23:47:52', `updated_at` = '2022-01-04 23:47:52', `loan_id` = 468, `type` = 'email', `message` = '一些催收内容', `result` = 'no_response', `result_detail` = '一些催收结果详情', `collect_at` = '2022-01-04' WHERE `loan_loancollection`.`id` = 303;
INSERT INTO `loan_loancollection` (`id`, `created_at`, `updated_at`, `loan_id`, `type`, `message`, `result`, `result_detail`, `collect_at`) VALUES (303, '2022-01-04 23:47:52', '2022-01-04 23:47:52', 468, 'email', '一些催收内容', 'no_response', '一些催收结果详情', '2022-01-04');
UPDATE `loan_loancollection` SET `created_at` = '2022-01-04 04:40:36', `updated_at` = '2022-01-04 04:40:36', `loan_id` = 468, `type` = 'email', `message` = '一些催收内容', `result` = 'no_response', `result_detail` = '一些催收结果详情', `collect_at` = '2022-01-04' WHERE `loan_loancollection`.`id` = 304;
INSERT INTO `loan_loancollection` (`id`, `created_at`, `updated_at`, `loan_id`, `type`, `message`, `result`, `result_detail`, `collect_at`) VALUES (304, '2022-01-04 04:40:36', '2022-01-04 04:40:36', 468, 'email', '一些催收内容', 'no_response', '一些催收结果详情', '2022-01-04');
UPDATE `loan_loancollection` SET `created_at` = '2022-01-03 08:56:56', `updated_at` = '2022-01-03 08:56:56', `loan_id` = 468, `type` = 'message', `message` = '一些催收内容', `result` = 'pay_soon', `result_detail` = '一些催收结果详情', `collect_at` = '2022-01-03' WHERE `loan_loancollection`.`id` = 305;
INSERT INTO `loan_loancollection` (`id`, `created_at`, `updated_at`, `loan_id`, `type`, `message`, `result`, `result_detail`, `collect_at`) VALUES (305, '2022-01-03 08:56:56', '2022-01-03 08:56:56', 468, 'message', '一些催收内容', 'pay_soon', '一些催收结果详情', '2022-01-03');
UPDATE `loan_loancollection` SET `created_at` = '2022-01-04 10:37:40', `updated_at` = '2022-01-04 10:37:40', `loan_id` = 468, `type` = 'message', `message` = '一些催收内容', `result` = 'no_response', `result_detail` = '一些催收结果详情', `collect_at` = '2022-01-04' WHERE `loan_loancollection`.`id` = 306;
INSERT INTO `loan_loancollection` (`id`, `created_at`, `updated_at`, `loan_id`, `type`, `message`, `result`, `result_detail`, `collect_at`) VALUES (306, '2022-01-04 10:37:40', '2022-01-04 10:37:40', 468, 'message', '一些催收内容', 'no_response', '一些催收结果详情', '2022-01-04');
UPDATE `loan_loancollection` SET `created_at` = '2022-01-03 04:55:00', `updated_at` = '2022-01-03 04:55:00', `loan_id` = 468, `type` = 'judiciary', `message` = '一些催收内容', `result` = 'no_response', `result_detail` = '一些催收结果详情', `collect_at` = '2022-01-03' WHERE `loan_loancollection`.`id` = 307;
INSERT INTO `loan_loancollection` (`id`, `created_at`, `updated_at`, `loan_id`, `type`, `message`, `result`, `result_detail`, `collect_at`) VALUES (307, '2022-01-03 04:55:00', '2022-01-03 04:55:00', 468, 'judiciary', '一些催收内容', 'no_response', '一些催收结果详情', '2022-01-03');
UPDATE `loan_loan` SET `created_at` = '2022-01-04 21:35:13.419309', `updated_at` = '2022-01-04 23:59:59', `customer_id` = 5870, `type` = 'car', `amount` = 190000, `status` = 'Overdue', `usage` = '买车', `payment_method` = 'equal_corpus', `started_at` = '2022-01-03', `expired_at` = '2023-07-01', `payment_periods` = 18 WHERE `loan_loan`.`id` = 468;
UPDATE `loan_loan` SET `created_at` = '2022-01-04 23:16:22.575289', `updated_at` = '2022-01-04 23:16:22.575289', `customer_id` = 5848, `type` = 'car', `amount` = 210000, `status` = 'Approving', `usage` = '买车', `payment_method` = 'equal_corpus_and_interest', `started_at` = NULL, `expired_at` = NULL, `payment_periods` = NULL WHERE `loan_loan`.`id` = 469;
INSERT INTO `loan_loan` (`id`, `created_at`, `updated_at`, `customer_id`, `type`, `amount`, `status`, `usage`, `payment_method`, `started_at`, `expired_at`, `payment_periods`) VALUES (469, '2022-01-04 23:16:22.575289', '2022-01-04 23:16:22.575289', 5848, 'car', 210000, 'Approving', '买车', 'equal_corpus_and_interest', NULL, NULL, NULL);
UPDATE `loan_carloan` SET `created_at` = '2022-01-04 23:16:22.575289', `updated_at` = '2022-01-04 23:16:22.575289', `loan_id` = 469, `car_id` = 4703 WHERE `loan_carloan`.`id` = 469;
INSERT INTO `loan_carloan` (`id`, `created_at`, `updated_at`, `loan_id`, `car_id`) VALUES (469, '2022-01-04 23:16:22.575289', '2022-01-04 23:16:22.575289', 469, 4703);
UPDATE `loan_badloan` SET `created_at` = '2022-01-05 02:04:42', `updated_at` = '2022-01-05 02:04:42', `loan_id` = 469, `message` = '客户无力还款' WHERE `loan_badloan`.`id` = 131;
INSERT INTO `loan_badloan` (`id`, `created_at`, `updated_at`, `loan_id`, `message`) VALUES (131, '2022-01-05 02:04:42', '2022-01-05 02:04:42', 469, '客户无力还款');
UPDATE `loan_loan` SET `created_at` = '2022-01-04 23:16:22.575289', `updated_at` = '2022-01-04 23:16:22.575289', `customer_id` = 5848, `type` = 'car', `amount` = 210000, `status` = 'Overdue', `usage` = '买车', `payment_method` = 'equal_corpus_and_interest', `started_at` = '2022-01-03', `expired_at` = '2023-07-01', `payment_periods` = 18 WHERE `loan_loan`.`id` = 469;
UPDATE `loan_loan` SET `created_at` = '2022-01-04 22:38:02.954288', `updated_at` = '2022-01-04 22:38:02.954288', `customer_id` = 5904, `type` = 'car', `amount` = 260000, `status` = 'InProgress', `usage` = '买车', `payment_method` = 'equal_corpus', `started_at` = NULL, `expired_at` = NULL, `payment_periods` = NULL WHERE `loan_loan`.`id` = 470;
INSERT INTO `loan_loan` (`id`, `created_at`, `updated_at`, `customer_id`, `type`, `amount`, `status`, `usage`, `payment_method`, `started_at`, `expired_at`, `payment_periods`) VALUES (470, '2022-01-04 22:38:02.954288', '2022-01-04 22:38:02.954288', 5904, 'car', 260000, 'InProgress', '买车', 'equal_corpus', NULL, NULL, NULL);
UPDATE `loan_carloan` SET `created_at` = '2022-01-04 22:38:02.954288', `updated_at` = '2022-01-04 22:38:02.954288', `loan_id` = 470, `car_id` = 4743 WHERE `loan_carloan`.`id` = 470;
INSERT INTO `loan_carloan` (`id`, `created_at`, `updated_at`, `loan_id`, `car_id`) VALUES (470, '2022-01-04 22:38:02.954288', '2022-01-04 22:38:02.954288', 470, 4743);
UPDATE `loan_loanguarantee` SET `created_at` = '2022-01-04 23:39:10.907198', `updated_at` = '2022-01-04 23:39:10.907198', `loan_id` = 470, `guarantor_id` = 5839 WHERE `loan_loanguarantee`.`id` = 48;
INSERT INTO `loan_loanguarantee` (`id`, `created_at`, `updated_at`, `loan_id`, `guarantor_id`) VALUES (48, '2022-01-04 23:39:10.907198', '2022-01-04 23:39:10.907198', 470, 5839);
UPDATE `loan_loanapproval` SET `created_at` = '2022-01-04 23:59:59', `updated_at` = '2022-01-04 23:59:59', `loan_id` = 470, `approved` = TRUE, `message` = NULL WHERE `loan_loanapproval`.`id` = 371;
INSERT INTO `loan_loanapproval` (`id`, `created_at`, `updated_at`, `loan_id`, `approved`, `message`) VALUES (371, '2022-01-04 23:59:59', '2022-01-04 23:59:59', 470, TRUE, NULL);
UPDATE `loan_loan` SET `created_at` = '2022-01-04 22:38:02.954288', `updated_at` = '2022-01-04 23:59:59', `customer_id` = 5904, `type` = 'car', `amount` = 260000, `status` = 'Overdue', `usage` = '买车', `payment_method` = 'equal_corpus', `started_at` = '2022-01-03', `expired_at` = '2024-01-01', `payment_periods` = 24 WHERE `loan_loan`.`id` = 470;
UPDATE `loan_loan` SET `created_at` = '2022-01-04 23:11:03.974550', `updated_at` = '2022-01-04 23:11:03.974550', `customer_id` = 5892, `type` = 'car', `amount` = 240000, `status` = 'Settled', `usage` = '买车', `payment_method` = 'equal_corpus', `started_at` = NULL, `expired_at` = NULL, `payment_periods` = NULL WHERE `loan_loan`.`id` = 471;
INSERT INTO `loan_loan` (`id`, `created_at`, `updated_at`, `customer_id`, `type`, `amount`, `status`, `usage`, `payment_method`, `started_at`, `expired_at`, `payment_periods`) VALUES (471, '2022-01-04 23:11:03.974550', '2022-01-04 23:11:03.974550', 5892, 'car', 240000, 'Settled', '买车', 'equal_corpus', NULL, NULL, NULL);
UPDATE `loan_carloan` SET `created_at` = '2022-01-04 23:11:03.974550', `updated_at` = '2022-01-04 23:11:03.974550', `loan_id` = 471, `car_id` = 4735 WHERE `loan_carloan`.`id` = 471;
INSERT INTO `loan_carloan` (`id`, `created_at`, `updated_at`, `loan_id`, `car_id`) VALUES (471, '2022-01-04 23:11:03.974550', '2022-01-04 23:11:03.974550', 471, 4735);
UPDATE `loan_loanapproval` SET `created_at` = '2022-01-04 23:59:59', `updated_at` = '2022-01-04 23:59:59', `loan_id` = 471, `approved` = TRUE, `message` = NULL WHERE `loan_loanapproval`.`id` = 372;
INSERT INTO `loan_loanapproval` (`id`, `created_at`, `updated_at`, `loan_id`, `approved`, `message`) VALUES (372, '2022-01-04 23:59:59', '2022-01-04 23:59:59', 471, TRUE, NULL);
UPDATE `loan_loan` SET `created_at` = '2022-01-04 23:11:03.974550', `updated_at` = '2022-01-04 23:59:59', `customer_id` = 5892, `type` = 'car', `amount` = 240000, `status` = 'Overdue', `usage` = '买车', `payment_method` = 'equal_corpus', `started_at` = '2022-01-03', `expired_at` = '2023-07-01', `payment_periods` = 18 WHERE `loan_loan`.`id` = 471;
UPDATE `loan_loan` SET `created_at` = '2022-01-04 21:13:58.458797', `updated_at` = '2022-01-04 21:13:58.458797', `customer_id` = 5861, `type` = 'car', `amount` = 260000, `status` = 'Approving', `usage` = '买车', `payment_method` = 'equal_corpus_and_interest', `started_at` = NULL, `expired_at` = NULL, `payment_periods` = NULL WHERE `loan_loan`.`id` = 472;
INSERT INTO `loan_loan` (`id`, `created_at`, `updated_at`, `customer_id`, `type`, `amount`, `status`, `usage`, `payment_method`, `started_at`, `expired_at`, `payment_periods`) VALUES (472, '2022-01-04 21:13:58.458797', '2022-01-04 21:13:58.458797', 5861, 'car', 260000, 'Approving', '买车', 'equal_corpus_and_interest', NULL, NULL, NULL);
UPDATE `loan_carloan` SET `created_at` = '2022-01-04 21:13:58.458797', `updated_at` = '2022-01-04 21:13:58.458797', `loan_id` = 472, `car_id` = 4711 WHERE `loan_carloan`.`id` = 472;
INSERT INTO `loan_carloan` (`id`, `created_at`, `updated_at`, `loan_id`, `car_id`) VALUES (472, '2022-01-04 21:13:58.458797', '2022-01-04 21:13:58.458797', 472, 4711);
UPDATE `loan_loanguarantee` SET `created_at` = '2022-01-04 21:53:32.647316', `updated_at` = '2022-01-04 21:53:32.647316', `loan_id` = 472, `guarantor_id` = 5870 WHERE `loan_loanguarantee`.`id` = 49;
INSERT INTO `loan_loanguarantee` (`id`, `created_at`, `updated_at`, `loan_id`, `guarantor_id`) VALUES (49, '2022-01-04 21:53:32.647316', '2022-01-04 21:53:32.647316', 472, 5870);
UPDATE `loan_loanapproval` SET `created_at` = '2022-01-04 23:59:59', `updated_at` = '2022-01-04 23:59:59', `loan_id` = 472, `approved` = FALSE, `message` = '资料不足' WHERE `loan_loanapproval`.`id` = 373;
INSERT INTO `loan_loanapproval` (`id`, `created_at`, `updated_at`, `loan_id`, `approved`, `message`) VALUES (373, '2022-01-04 23:59:59', '2022-01-04 23:59:59', 472, FALSE, '资料不足');
UPDATE `loan_badloan` SET `created_at` = '2022-01-05 20:59:07', `updated_at` = '2022-01-05 20:59:07', `loan_id` = 472, `message` = '客户无力还款' WHERE `loan_badloan`.`id` = 132;
INSERT INTO `loan_badloan` (`id`, `created_at`, `updated_at`, `loan_id`, `message`) VALUES (132, '2022-01-05 20:59:07', '2022-01-05 20:59:07', 472, '客户无力还款');
UPDATE `loan_loancollection` SET `created_at` = '2022-01-03 16:31:50', `updated_at` = '2022-01-03 16:31:50', `loan_id` = 472, `type` = 'message', `message` = '一些催收内容', `result` = 'no_response', `result_detail` = '一些催收结果详情', `collect_at` = '2022-01-03' WHERE `loan_loancollection`.`id` = 308;
INSERT INTO `loan_loancollection` (`id`, `created_at`, `updated_at`, `loan_id`, `type`, `message`, `result`, `result_detail`, `collect_at`) VALUES (308, '2022-01-03 16:31:50', '2022-01-03 16:31:50', 472, 'message', '一些催收内容', 'no_response', '一些催收结果详情', '2022-01-03');
UPDATE `loan_loan` SET `created_at` = '2022-01-04 21:13:58.458797', `updated_at` = '2022-01-04 23:59:59', `customer_id` = 5861, `type` = 'car', `amount` = 260000, `status` = 'Overdue', `usage` = '买车', `payment_method` = 'equal_corpus_and_interest', `started_at` = '2022-01-03', `expired_at` = '2023-07-01', `payment_periods` = 18 WHERE `loan_loan`.`id` = 472;
UPDATE `loan_loan` SET `created_at` = '2022-01-04 23:02:35.811931', `updated_at` = '2022-01-04 23:02:35.811931', `customer_id` = 5862, `type` = 'car', `amount` = 160000, `status` = 'Applying', `usage` = '买车', `payment_method` = 'equal_corpus_and_interest', `started_at` = NULL, `expired_at` = NULL, `payment_periods` = NULL WHERE `loan_loan`.`id` = 473;
INSERT INTO `loan_loan` (`id`, `created_at`, `updated_at`, `customer_id`, `type`, `amount`, `status`, `usage`, `payment_method`, `started_at`, `expired_at`, `payment_periods`) VALUES (473, '2022-01-04 23:02:35.811931', '2022-01-04 23:02:35.811931', 5862, 'car', 160000, 'Applying', '买车', 'equal_corpus_and_interest', NULL, NULL, NULL);
UPDATE `loan_carloan` SET `created_at` = '2022-01-04 23:02:35.811931', `updated_at` = '2022-01-04 23:02:35.811931', `loan_id` = 473, `car_id` = 4712 WHERE `loan_carloan`.`id` = 473;
INSERT INTO `loan_carloan` (`id`, `created_at`, `updated_at`, `loan_id`, `car_id`) VALUES (473, '2022-01-04 23:02:35.811931', '2022-01-04 23:02:35.811931', 473, 4712);
UPDATE `loan_loanmortgage` SET `created_at` = '2022-01-04 23:23:07.681848', `updated_at` = '2022-01-04 23:23:07.681848', `loan_id` = 473, `type` = 'estate', `is_pledge` = FALSE, `car_id` = NULL, `estate_id` = 3486, `chattel_id` = NULL WHERE `loan_loanmortgage`.`id` = 71;
INSERT INTO `loan_loanmortgage` (`id`, `created_at`, `updated_at`, `loan_id`, `type`, `is_pledge`, `car_id`, `estate_id`, `chattel_id`) VALUES (71, '2022-01-04 23:23:07.681848', '2022-01-04 23:23:07.681848', 473, 'estate', FALSE, NULL, 3486, NULL);
UPDATE `loan_loan` SET `created_at` = '2022-01-04 23:02:35.811931', `updated_at` = '2022-01-04 23:02:35.811931', `customer_id` = 5862, `type` = 'car', `amount` = 160000, `status` = 'Overdue', `usage` = '买车', `payment_method` = 'equal_corpus_and_interest', `started_at` = '2022-01-03', `expired_at` = '2023-07-01', `payment_periods` = 18 WHERE `loan_loan`.`id` = 473;
UPDATE `loan_loan` SET `created_at` = '2022-01-04 13:11:50.918343', `updated_at` = '2022-01-04 13:11:50.918343', `customer_id` = 5891, `type` = 'car', `amount` = 300000, `status` = 'Settled', `usage` = '买车', `payment_method` = 'equal_corpus', `started_at` = NULL, `expired_at` = NULL, `payment_periods` = NULL WHERE `loan_loan`.`id` = 474;
INSERT INTO `loan_loan` (`id`, `created_at`, `updated_at`, `customer_id`, `type`, `amount`, `status`, `usage`, `payment_method`, `started_at`, `expired_at`, `payment_periods`) VALUES (474, '2022-01-04 13:11:50.918343', '2022-01-04 13:11:50.918343', 5891, 'car', 300000, 'Settled', '买车', 'equal_corpus', NULL, NULL, NULL);
UPDATE `loan_carloan` SET `created_at` = '2022-01-04 13:11:50.918343', `updated_at` = '2022-01-04 13:11:50.918343', `loan_id` = 474, `car_id` = 4733 WHERE `loan_carloan`.`id` = 474;
INSERT INTO `loan_carloan` (`id`, `created_at`, `updated_at`, `loan_id`, `car_id`) VALUES (474, '2022-01-04 13:11:50.918343', '2022-01-04 13:11:50.918343', 474, 4733);
UPDATE `loan_loanapproval` SET `created_at` = '2022-01-04 23:59:59', `updated_at` = '2022-01-04 23:59:59', `loan_id` = 474, `approved` = TRUE, `message` = NULL WHERE `loan_loanapproval`.`id` = 374;
INSERT INTO `loan_loanapproval` (`id`, `created_at`, `updated_at`, `loan_id`, `approved`, `message`) VALUES (374, '2022-01-04 23:59:59', '2022-01-04 23:59:59', 474, TRUE, NULL);
UPDATE `loan_loan` SET `created_at` = '2022-01-04 13:11:50.918343', `updated_at` = '2022-01-04 23:59:59', `customer_id` = 5891, `type` = 'car', `amount` = 300000, `status` = 'Overdue', `usage` = '买车', `payment_method` = 'equal_corpus', `started_at` = '2022-01-03', `expired_at` = '2023-07-01', `payment_periods` = 18 WHERE `loan_loan`.`id` = 474;
UPDATE `loan_loan` SET `created_at` = '2022-01-04 05:43:12.323884', `updated_at` = '2022-01-04 05:43:12.323884', `customer_id` = 5881, `type` = 'car', `amount` = 110000, `status` = 'Settled', `usage` = '买车', `payment_method` = 'equal_corpus_and_interest', `started_at` = NULL, `expired_at` = NULL, `payment_periods` = NULL WHERE `loan_loan`.`id` = 475;
INSERT INTO `loan_loan` (`id`, `created_at`, `updated_at`, `customer_id`, `type`, `amount`, `status`, `usage`, `payment_method`, `started_at`, `expired_at`, `payment_periods`) VALUES (475, '2022-01-04 05:43:12.323884', '2022-01-04 05:43:12.323884', 5881, 'car', 110000, 'Settled', '买车', 'equal_corpus_and_interest', NULL, NULL, NULL);
UPDATE `loan_carloan` SET `created_at` = '2022-01-04 05:43:12.323884', `updated_at` = '2022-01-04 05:43:12.323884', `loan_id` = 475, `car_id` = 4725 WHERE `loan_carloan`.`id` = 475;
INSERT INTO `loan_carloan` (`id`, `created_at`, `updated_at`, `loan_id`, `car_id`) VALUES (475, '2022-01-04 05:43:12.323884', '2022-01-04 05:43:12.323884', 475, 4725);
UPDATE `loan_loanguarantee` SET `created_at` = '2022-01-04 22:49:12.555679', `updated_at` = '2022-01-04 22:49:12.555679', `loan_id` = 475, `guarantor_id` = 5892 WHERE `loan_loanguarantee`.`id` = 50;
INSERT INTO `loan_loanguarantee` (`id`, `created_at`, `updated_at`, `loan_id`, `guarantor_id`) VALUES (50, '2022-01-04 22:49:12.555679', '2022-01-04 22:49:12.555679', 475, 5892);
UPDATE `loan_loanapproval` SET `created_at` = '2022-01-04 23:59:59', `updated_at` = '2022-01-04 23:59:59', `loan_id` = 475, `approved` = TRUE, `message` = NULL WHERE `loan_loanapproval`.`id` = 375;
INSERT INTO `loan_loanapproval` (`id`, `created_at`, `updated_at`, `loan_id`, `approved`, `message`) VALUES (375, '2022-01-04 23:59:59', '2022-01-04 23:59:59', 475, TRUE, NULL);
UPDATE `loan_badloan` SET `created_at` = '2022-01-05 15:01:38', `updated_at` = '2022-01-05 15:01:38', `loan_id` = 475, `message` = '客户无力还款' WHERE `loan_badloan`.`id` = 133;
INSERT INTO `loan_badloan` (`id`, `created_at`, `updated_at`, `loan_id`, `message`) VALUES (133, '2022-01-05 15:01:38', '2022-01-05 15:01:38', 475, '客户无力还款');
UPDATE `loan_loancollection` SET `created_at` = '2022-01-04 05:09:28', `updated_at` = '2022-01-04 05:09:28', `loan_id` = 475, `type` = 'phone', `message` = '一些催收内容', `result` = 'pay_soon', `result_detail` = '一些催收结果详情', `collect_at` = '2022-01-04' WHERE `loan_loancollection`.`id` = 309;
INSERT INTO `loan_loancollection` (`id`, `created_at`, `updated_at`, `loan_id`, `type`, `message`, `result`, `result_detail`, `collect_at`) VALUES (309, '2022-01-04 05:09:28', '2022-01-04 05:09:28', 475, 'phone', '一些催收内容', 'pay_soon', '一些催收结果详情', '2022-01-04');
UPDATE `loan_loancollection` SET `created_at` = '2022-01-04 22:54:20', `updated_at` = '2022-01-04 22:54:20', `loan_id` = 475, `type` = 'message', `message` = '一些催收内容', `result` = 'other', `result_detail` = '一些催收结果详情', `collect_at` = '2022-01-04' WHERE `loan_loancollection`.`id` = 310;
INSERT INTO `loan_loancollection` (`id`, `created_at`, `updated_at`, `loan_id`, `type`, `message`, `result`, `result_detail`, `collect_at`) VALUES (310, '2022-01-04 22:54:20', '2022-01-04 22:54:20', 475, 'message', '一些催收内容', 'other', '一些催收结果详情', '2022-01-04');
UPDATE `loan_loancollection` SET `created_at` = '2022-01-04 04:45:47', `updated_at` = '2022-01-04 04:45:47', `loan_id` = 475, `type` = 'phone', `message` = '一些催收内容', `result` = 'no_response', `result_detail` = '一些催收结果详情', `collect_at` = '2022-01-04' WHERE `loan_loancollection`.`id` = 311;
INSERT INTO `loan_loancollection` (`id`, `created_at`, `updated_at`, `loan_id`, `type`, `message`, `result`, `result_detail`, `collect_at`) VALUES (311, '2022-01-04 04:45:47', '2022-01-04 04:45:47', 475, 'phone', '一些催收内容', 'no_response', '一些催收结果详情', '2022-01-04');
UPDATE `loan_loancollection` SET `created_at` = '2022-01-04 01:55:58', `updated_at` = '2022-01-04 01:55:58', `loan_id` = 475, `type` = 'email', `message` = '一些催收内容', `result` = 'other', `result_detail` = '一些催收结果详情', `collect_at` = '2022-01-04' WHERE `loan_loancollection`.`id` = 312;
INSERT INTO `loan_loancollection` (`id`, `created_at`, `updated_at`, `loan_id`, `type`, `message`, `result`, `result_detail`, `collect_at`) VALUES (312, '2022-01-04 01:55:58', '2022-01-04 01:55:58', 475, 'email', '一些催收内容', 'other', '一些催收结果详情', '2022-01-04');
UPDATE `loan_loan` SET `created_at` = '2022-01-04 05:43:12.323884', `updated_at` = '2022-01-04 23:59:59', `customer_id` = 5881, `type` = 'car', `amount` = 110000, `status` = 'Overdue', `usage` = '买车', `payment_method` = 'equal_corpus_and_interest', `started_at` = '2022-01-03', `expired_at` = '2023-07-01', `payment_periods` = 18 WHERE `loan_loan`.`id` = 475;
UPDATE `loan_loan` SET `created_at` = '2022-01-04 12:52:45.073620', `updated_at` = '2022-01-04 12:52:45.073620', `customer_id` = 5843, `type` = 'car', `amount` = 150000, `status` = 'Overdue', `usage` = '买车', `payment_method` = 'equal_corpus_and_interest', `started_at` = NULL, `expired_at` = NULL, `payment_periods` = NULL WHERE `loan_loan`.`id` = 476;
INSERT INTO `loan_loan` (`id`, `created_at`, `updated_at`, `customer_id`, `type`, `amount`, `status`, `usage`, `payment_method`, `started_at`, `expired_at`, `payment_periods`) VALUES (476, '2022-01-04 12:52:45.073620', '2022-01-04 12:52:45.073620', 5843, 'car', 150000, 'Overdue', '买车', 'equal_corpus_and_interest', NULL, NULL, NULL);
UPDATE `loan_carloan` SET `created_at` = '2022-01-04 12:52:45.073620', `updated_at` = '2022-01-04 12:52:45.073620', `loan_id` = 476, `car_id` = 4699 WHERE `loan_carloan`.`id` = 476;
INSERT INTO `loan_carloan` (`id`, `created_at`, `updated_at`, `loan_id`, `car_id`) VALUES (476, '2022-01-04 12:52:45.073620', '2022-01-04 12:52:45.073620', 476, 4699);
UPDATE `loan_loanapproval` SET `created_at` = '2022-01-04 23:59:59', `updated_at` = '2022-01-04 23:59:59', `loan_id` = 476, `approved` = TRUE, `message` = NULL WHERE `loan_loanapproval`.`id` = 376;
INSERT INTO `loan_loanapproval` (`id`, `created_at`, `updated_at`, `loan_id`, `approved`, `message`) VALUES (376, '2022-01-04 23:59:59', '2022-01-04 23:59:59', 476, TRUE, NULL);
UPDATE `loan_loan` SET `created_at` = '2022-01-04 12:52:45.073620', `updated_at` = '2022-01-04 23:59:59', `customer_id` = 5843, `type` = 'car', `amount` = 150000, `status` = 'Overdue', `usage` = '买车', `payment_method` = 'equal_corpus_and_interest', `started_at` = '2022-01-03', `expired_at` = '2024-01-01', `payment_periods` = 24 WHERE `loan_loan`.`id` = 476;
UPDATE `loan_loan` SET `created_at` = '2022-01-04 20:09:38.714720', `updated_at` = '2022-01-04 20:09:38.714720', `customer_id` = 5840, `type` = 'car', `amount` = 130000, `status` = 'InProgress', `usage` = '买车', `payment_method` = 'equal_corpus', `started_at` = NULL, `expired_at` = NULL, `payment_periods` = NULL WHERE `loan_loan`.`id` = 477;
INSERT INTO `loan_loan` (`id`, `created_at`, `updated_at`, `customer_id`, `type`, `amount`, `status`, `usage`, `payment_method`, `started_at`, `expired_at`, `payment_periods`) VALUES (477, '2022-01-04 20:09:38.714720', '2022-01-04 20:09:38.714720', 5840, 'car', 130000, 'InProgress', '买车', 'equal_corpus', NULL, NULL, NULL);
UPDATE `loan_carloan` SET `created_at` = '2022-01-04 20:09:38.714720', `updated_at` = '2022-01-04 20:09:38.714720', `loan_id` = 477, `car_id` = 4696 WHERE `loan_carloan`.`id` = 477;
INSERT INTO `loan_carloan` (`id`, `created_at`, `updated_at`, `loan_id`, `car_id`) VALUES (477, '2022-01-04 20:09:38.714720', '2022-01-04 20:09:38.714720', 477, 4696);
UPDATE `loan_loanapproval` SET `created_at` = '2022-01-04 23:59:59', `updated_at` = '2022-01-04 23:59:59', `loan_id` = 477, `approved` = TRUE, `message` = NULL WHERE `loan_loanapproval`.`id` = 377;
INSERT INTO `loan_loanapproval` (`id`, `created_at`, `updated_at`, `loan_id`, `approved`, `message`) VALUES (377, '2022-01-04 23:59:59', '2022-01-04 23:59:59', 477, TRUE, NULL);
UPDATE `loan_loan` SET `created_at` = '2022-01-04 20:09:38.714720', `updated_at` = '2022-01-04 23:59:59', `customer_id` = 5840, `type` = 'car', `amount` = 130000, `status` = 'Overdue', `usage` = '买车', `payment_method` = 'equal_corpus', `started_at` = '2022-01-03', `expired_at` = '2023-07-01', `payment_periods` = 18 WHERE `loan_loan`.`id` = 477;UPDATE `loan_address` SET `created_at` = '2021-10-31 00:50:03.076308', `updated_at` = '2022-01-04 06:59:19.002770', `province` = '河南省', `city` = '三门峡市', `county` = '陕州区', `town` = '硖石乡', `detail` = '鞍山支路协通公寓41号' WHERE `loan_address`.`id` = 1003;
UPDATE `loan_address` SET `created_at` = '2021-12-30 07:36:11.199692', `updated_at` = '2022-01-04 17:49:42.308722', `province` = '辽宁省', `city` = '丹东市', `county` = '东港市', `town` = '新城街道', `detail` = '板泉路住友嘉馨名园34号' WHERE `loan_address`.`id` = 8663;
UPDATE `loan_address` SET `created_at` = '2020-06-14 03:52:44.059560', `updated_at` = '2022-01-04 13:57:08.413102', `province` = '新疆维吾尔自治区', `city` = '阿克苏地区', `county` = '温宿县', `town` = '古勒阿瓦提乡', `detail` = '安亭路菊园五街坊160号' WHERE `loan_address`.`id` = 7264;
UPDATE `loan_address` SET `created_at` = '2020-12-13 11:28:11.829379', `updated_at` = '2022-01-04 01:49:04.649791', `province` = '重庆市', `city` = '市辖区', `county` = '永川区', `town` = '卫星湖街道', `detail` = '八一路博泰新苑32号' WHERE `loan_address`.`id` = 5222;
UPDATE `loan_job` SET `created_at` = '2021-11-05 23:38:04.684840', `updated_at` = '2022-01-04 03:15:31.539516', `company_id` = 49, `position` = '古筝教师' WHERE `loan_job`.`id` = 1082;
UPDATE `loan_job` SET `created_at` = '2020-07-08 14:55:01.323021', `updated_at` = '2022-01-04 03:39:20.357066', `company_id` = 46, `position` = '市场调研' WHERE `loan_job`.`id` = 986;
UPDATE `loan_job` SET `created_at` = '2017-04-25 22:03:34.392391', `updated_at` = '2022-01-04 21:27:27.156872', `company_id` = 1, `position` = '摄影/摄像' WHERE `loan_job`.`id` = 20;
UPDATE `loan_job` SET `created_at` = '2022-01-03 18:00:10.543725', `updated_at` = '2022-01-04 13:22:49.182790', `company_id` = 88, `position` = '广告制作' WHERE `loan_job`.`id` = 1902;
UPDATE `loan_job` SET `created_at` = '2021-09-08 21:29:34.861417', `updated_at` = '2022-01-04 10:11:29.675174', `company_id` = 40, `position` = '茶艺师' WHERE `loan_job`.`id` = 874;
UPDATE `loan_job` SET `created_at` = '2020-06-08 23:20:33.636327', `updated_at` = '2022-01-04 02:48:58.756139', `company_id` = 18, `position` = '整形师' WHERE `loan_job`.`id` = 295;
UPDATE `loan_customer` SET `created_at` = '2022-01-03 22:36:20.061179', `updated_at` = '2022-01-04 02:42:23.584704', `name` = '常宇', `id_number` = '225660929409931452', `gender` = 'm', `birthday` = '2006-09-11', `address_id` = 9320, `job_id` = 1919, `salary` = 43000 WHERE `loan_customer`.`id` = 5790;
UPDATE `loan_customer` SET `created_at` = '2019-09-05 19:42:37.038155', `updated_at` = '2022-01-04 14:15:19.924428', `name` = '袁心慈', `id_number` = '456344841921542681', `gender` = 'f', `birthday` = '2005-01-22', `address_id` = 955, `job_id` = 179, `salary` = 13000 WHERE `loan_customer`.`id` = 542;
UPDATE `loan_customer` SET `created_at` = '2020-10-02 02:06:54.450961', `updated_at` = '2022-01-04 12:49:00.590499', `name` = '龚滕', `id_number` = '235636106550315234', `gender` = 'm', `birthday` = '2001-03-22', `address_id` = 6793, `job_id` = 1377, `salary` = 54000 WHERE `loan_customer`.`id` = 4183;
UPDATE `loan_customer` SET `created_at` = '2018-03-09 14:30:52.305038', `updated_at` = '2022-01-04 07:59:10.020954', `name` = '孟冰凡', `id_number` = '705491243373818933', `gender` = 'f', `birthday` = '1985-05-26', `address_id` = 6706, `job_id` = 1356, `salary` = 27000 WHERE `loan_customer`.`id` = 4127;
UPDATE `loan_customer` SET `created_at` = '2019-10-12 13:13:08.356869', `updated_at` = '2022-01-04 06:59:10.960247', `name` = '阎宜然', `id_number` = '393378786726869019', `gender` = 'm', `birthday` = '1982-11-05', `address_id` = 5408, `job_id` = 1088, `salary` = 51000 WHERE `loan_customer`.`id` = 3301;
UPDATE `loan_customer` SET `created_at` = '2022-01-02 07:14:00.974378', `updated_at` = '2022-01-04 09:13:50.544577', `name` = '吴元', `id_number` = '964829829718539006', `gender` = 'f', `birthday` = '1995-01-31', `address_id` = 9101, `job_id` = 1870, `salary` = 28000 WHERE `loan_customer`.`id` = 5653;
UPDATE `loan_customer` SET `created_at` = '2017-12-04 19:12:18.363880', `updated_at` = '2022-01-04 09:58:42.378345', `name` = '田元思', `id_number` = '596132913513006774', `gender` = 'm', `birthday` = '1983-06-21', `address_id` = 8513, `job_id` = 1736, `salary` = 94000 WHERE `loan_customer`.`id` = 5269;
UPDATE `loan_customer` SET `created_at` = '2020-06-20 14:10:07.206813', `updated_at` = '2022-01-04 15:58:41.121272', `name` = '陈雪艳', `id_number` = '972528347131738155', `gender` = 'f', `birthday` = '2009-04-23', `address_id` = 5352, `job_id` = 1072, `salary` = 48000 WHERE `loan_customer`.`id` = 3266;
UPDATE `loan_customer` SET `created_at` = '2020-11-07 22:16:30.348592', `updated_at` = '2022-01-04 21:56:46.001461', `name` = '于文斌', `id_number` = '400577765037219798', `gender` = 'm', `birthday` = '2000-05-19', `address_id` = 5251, `job_id` = 1052, `salary` = 9000 WHERE `loan_customer`.`id` = 3201;
UPDATE `loan_customer` SET `created_at` = '2019-01-13 15:52:17.780075', `updated_at` = '2022-01-04 18:23:46.245797', `name` = '韩民', `id_number` = '002791679363202204', `gender` = 'm', `birthday` = '1999-05-03', `address_id` = 1784, `job_id` = 339, `salary` = 5000 WHERE `loan_customer`.`id` = 1060;
UPDATE `loan_customer` SET `created_at` = '2020-11-16 00:21:52.751543', `updated_at` = '2022-01-04 08:27:51.439649', `name` = '曾喜悦', `id_number` = '612767504702761525', `gender` = 'm', `birthday` = '1993-04-26', `address_id` = 1379, `job_id` = 260, `salary` = 11000 WHERE `loan_customer`.`id` = 803;
UPDATE `loan_customer` SET `created_at` = '2019-08-25 14:18:17.237579', `updated_at` = '2022-01-04 19:51:57.564793', `name` = '武绍', `id_number` = '549965542344386871', `gender` = 'f', `birthday` = '1990-12-02', `address_id` = 3636, `job_id` = 708, `salary` = 37000 WHERE `loan_customer`.`id` = 2195;
UPDATE `loan_customer` SET `created_at` = '2021-02-05 17:38:47.429289', `updated_at` = '2022-01-04 22:45:16.871283', `name` = '邵彰', `id_number` = '046460030181624972', `gender` = 'm', `birthday` = '2000-02-07', `address_id` = 6452, `job_id` = 1310, `salary` = 24000 WHERE `loan_customer`.`id` = 3968;
UPDATE `loan_customer` SET `created_at` = '2019-03-02 15:48:53.301484', `updated_at` = '2022-01-04 19:41:56.825252', `name` = '江亦', `id_number` = '218409766143326120', `gender` = 'm', `birthday` = '1992-12-05', `address_id` = 5969, `job_id` = 1211, `salary` = 56000 WHERE `loan_customer`.`id` = 3662;
UPDATE `loan_customer` SET `created_at` = '2022-01-02 21:55:39.774180', `updated_at` = '2022-01-04 08:26:53.122174', `name` = '田欢', `id_number` = '678261178796133452', `gender` = 'm', `birthday` = '2004-01-03', `address_id` = 8985, `job_id` = 1844, `salary` = 55000 WHERE `loan_customer`.`id` = 5578;
UPDATE `loan_customer` SET `created_at` = '2017-06-22 18:24:34.624226', `updated_at` = '2022-01-04 22:03:53.775724', `name` = '郭雁玉', `id_number` = '200238259703346659', `gender` = 'f', `birthday` = '1988-08-21', `address_id` = 5919, `job_id` = 1199, `salary` = 34000 WHERE `loan_customer`.`id` = 3630;
UPDATE `loan_customer` SET `created_at` = '2021-07-26 15:30:09.434743', `updated_at` = '2022-01-04 08:48:51.309321', `name` = '萧星宇', `id_number` = '377297111657117067', `gender` = 'f', `birthday` = '2002-01-06', `address_id` = 8060, `job_id` = 1642, `salary` = 5000 WHERE `loan_customer`.`id` = 4985;
UPDATE `loan_customer` SET `created_at` = '2019-04-13 15:42:38.385180', `updated_at` = '2022-01-04 05:47:34.451159', `name` = '方雨莲', `id_number` = '977855248383070686', `gender` = 'm', `birthday` = '1994-03-05', `address_id` = 4515, `job_id` = 892, `salary` = 4000 WHERE `loan_customer`.`id` = 2739;
UPDATE `loan_customer` SET `created_at` = '2017-05-04 05:33:19.752789', `updated_at` = '2022-01-04 16:34:01.333931', `name` = '李君', `id_number` = '015917018822157751', `gender` = 'm', `birthday` = '1980-11-02', `address_id` = 2903, `job_id` = 559, `salary` = 3000 WHERE `loan_customer`.`id` = 1752;
UPDATE `loan_customer` SET `created_at` = '2020-09-20 23:38:27.762578', `updated_at` = '2022-01-04 18:53:56.094933', `name` = '钟高妍', `id_number` = '918493399723025209', `gender` = 'm', `birthday` = '1989-08-10', `address_id` = 5174, `job_id` = 1035, `salary` = 49000 WHERE `loan_customer`.`id` = 3154;
UPDATE `loan_customer` SET `created_at` = '2021-05-01 18:24:37.269886', `updated_at` = '2022-01-04 20:23:21.038793', `name` = '孟丽', `id_number` = '639794955760851890', `gender` = 'm', `birthday` = '2000-01-04', `address_id` = 2833, `job_id` = 546, `salary` = 36000 WHERE `loan_customer`.`id` = 1709;
UPDATE `loan_customer` SET `created_at` = '2019-05-31 02:50:14.493656', `updated_at` = '2022-01-04 08:45:54.109861', `name` = '宋宣', `id_number` = '351930169078025010', `gender` = 'f', `birthday` = '1999-01-09', `address_id` = 2737, `job_id` = 527, `salary` = 10000 WHERE `loan_customer`.`id` = 1651;
UPDATE `loan_customer` SET `created_at` = '2017-08-30 11:40:46.067414', `updated_at` = '2022-01-04 14:23:39.273256', `name` = '徐筠', `id_number` = '704775072269414735', `gender` = 'f', `birthday` = '1992-07-12', `address_id` = 4663, `job_id` = 925, `salary` = 23000 WHERE `loan_customer`.`id` = 2831;
UPDATE `loan_customer` SET `created_at` = '2021-10-28 13:03:27.858294', `updated_at` = '2022-01-04 07:10:11.236152', `name` = '贺丝', `id_number` = '564860531159130913', `gender` = 'f', `birthday` = '1998-01-12', `address_id` = 1626, `job_id` = 313, `salary` = 49000 WHERE `loan_customer`.`id` = 966;
UPDATE `loan_customer` SET `created_at` = '2021-12-09 13:34:17.079195', `updated_at` = '2022-01-04 18:42:19.478622', `name` = '江经略', `id_number` = '427356421570326859', `gender` = 'm', `birthday` = '2009-03-19', `address_id` = 4744, `job_id` = 941, `salary` = 7000 WHERE `loan_customer`.`id` = 2881;
UPDATE `loan_customer` SET `created_at` = '2019-11-27 18:32:17.656058', `updated_at` = '2022-01-04 17:18:00.991995', `name` = '崔紫', `id_number` = '647804562053829247', `gender` = 'f', `birthday` = '1981-11-20', `address_id` = 6422, `job_id` = 1304, `salary` = 2000 WHERE `loan_customer`.`id` = 3949;
UPDATE `loan_customer` SET `created_at` = '2017-03-22 09:11:34.218207', `updated_at` = '2022-01-04 14:50:07.232708', `name` = '邱祥', `id_number` = '094531911298259218', `gender` = 'f', `birthday` = '1998-04-29', `address_id` = 386, `job_id` = 64, `salary` = 20000 WHERE `loan_customer`.`id` = 190;
UPDATE `loan_chattel` SET `created_at` = '2022-01-02 20:38:28.565427', `updated_at` = '2022-01-04 21:37:04.206341', `customer_id` = 5557, `type` = 'bond', `description` = '一些信息', `value_amount` = 90000, `expired_at` = '2021-08-23' WHERE `loan_chattel`.`id` = 1630;
UPDATE `loan_chattel` SET `created_at` = '2022-01-02 08:48:47.837176', `updated_at` = '2022-01-04 13:44:30.495426', `customer_id` = 5598, `type` = 'copyright', `description` = '一些信息', `value_amount` = 230000, `expired_at` = '2025-02-28' WHERE `loan_chattel`.`id` = 1637;
UPDATE `loan_chattel` SET `created_at` = '2020-10-04 18:45:32.746185', `updated_at` = '2022-01-04 03:32:17.305107', `customer_id` = 3815, `type` = 'copyright', `description` = '一些信息', `value_amount` = 250000, `expired_at` = '2022-04-26' WHERE `loan_chattel`.`id` = 1111;
UPDATE `loan_car` SET `created_at` = '2021-05-07 03:34:22.145582', `updated_at` = '2022-01-04 09:27:36.318010', `customer_id` = 4096, `model_id` = 253, `vin_number` = '368038053291097582', `date_produced` = '2019-07-12', `value_estimated` = 220000 WHERE `loan_car`.`id` = 3299;
UPDATE `loan_car` SET `created_at` = '2021-02-10 10:32:13.447101', `updated_at` = '2022-01-04 03:26:26.002528', `customer_id` = 952, `model_id` = 157, `vin_number` = '634354225377276910', `date_produced` = '2011-04-20', `value_estimated` = 190000 WHERE `loan_car`.`id` = 732;
UPDATE `loan_car` SET `created_at` = '2021-12-17 00:54:54.316187', `updated_at` = '2022-01-04 14:13:27.119632', `customer_id` = 1355, `model_id` = 163, `vin_number` = '599661766195537292', `date_produced` = '2011-05-22', `value_estimated` = 220000 WHERE `loan_car`.`id` = 1054;
UPDATE `loan_car` SET `created_at` = '2020-10-10 08:30:37.636637', `updated_at` = '2022-01-04 07:40:48.737223', `customer_id` = 123, `model_id` = 230, `vin_number` = '109881929629942711', `date_produced` = '2015-03-08', `value_estimated` = 360000 WHERE `loan_car`.`id` = 94;
UPDATE `loan_car` SET `created_at` = '2021-11-15 19:25:51.589389', `updated_at` = '2022-01-04 10:57:29.096752', `customer_id` = 4223, `model_id` = 84, `vin_number` = '723070016398131694', `date_produced` = '2020-01-16', `value_estimated` = 20000 WHERE `loan_car`.`id` = 3411;
UPDATE `loan_car` SET `created_at` = '2021-04-09 08:43:25.375598', `updated_at` = '2022-01-04 20:32:32.526451', `customer_id` = 5188, `model_id` = 109, `vin_number` = '871759469095403864', `date_produced` = '2011-09-28', `value_estimated` = 510000 WHERE `loan_car`.`id` = 4182;
UPDATE `loan_car` SET `created_at` = '2021-09-18 13:25:27.616825', `updated_at` = '2022-01-04 22:53:35.108725', `customer_id` = 901, `model_id` = 69, `vin_number` = '936147364773385570', `date_produced` = '2021-06-27', `value_estimated` = 410000 WHERE `loan_car`.`id` = 690;
UPDATE `loan_car` SET `created_at` = '2018-09-22 18:58:07.482067', `updated_at` = '2022-01-04 06:15:30.167301', `customer_id` = 5195, `model_id` = 69, `vin_number` = '767044055738052101', `date_produced` = '2010-08-10', `value_estimated` = 90000 WHERE `loan_car`.`id` = 4188;
UPDATE `loan_car` SET `created_at` = '2018-10-19 04:40:50.779038', `updated_at` = '2022-01-04 23:39:39.465801', `customer_id` = 1261, `model_id` = 270, `vin_number` = '726825425653266239', `date_produced` = '2013-09-04', `value_estimated` = 320000 WHERE `loan_car`.`id` = 974;
UPDATE `loan_car` SET `created_at` = '2022-01-02 16:23:32.741386', `updated_at` = '2022-01-04 05:00:01.844740', `customer_id` = 5549, `model_id` = 85, `vin_number` = '469198319559686662', `date_produced` = '2013-06-12', `value_estimated` = 430000 WHERE `loan_car`.`id` = 4463;
UPDATE `loan_car` SET `created_at` = '2021-03-23 21:39:20.645981', `updated_at` = '2022-01-04 16:39:02.438448', `customer_id` = 302, `model_id` = 235, `vin_number` = '105859356328935158', `date_produced` = '2020-02-13', `value_estimated` = 170000 WHERE `loan_car`.`id` = 229;
UPDATE `loan_car` SET `created_at` = '2019-10-11 23:52:09.617734', `updated_at` = '2022-01-04 12:15:41.602291', `customer_id` = 1861, `model_id` = 295, `vin_number` = '033468656549877320', `date_produced` = '2015-03-28', `value_estimated` = 730000 WHERE `loan_car`.`id` = 1470;
UPDATE `loan_car` SET `created_at` = '2019-04-17 16:27:48.940401', `updated_at` = '2022-01-04 18:16:26.102230', `customer_id` = 1276, `model_id` = 240, `vin_number` = '254857002985676095', `date_produced` = '2013-02-18', `value_estimated` = 170000 WHERE `loan_car`.`id` = 988;
UPDATE `loan_car` SET `created_at` = '2021-12-04 04:06:05.191762', `updated_at` = '2022-01-04 21:04:43.219059', `customer_id` = 764, `model_id` = 256, `vin_number` = '718899115496708790', `date_produced` = '2020-03-25', `value_estimated` = 110000 WHERE `loan_car`.`id` = 593;
UPDATE `loan_car` SET `created_at` = '2020-03-09 04:26:12.386312', `updated_at` = '2022-01-04 21:37:05.098038', `customer_id` = 3602, `model_id` = 25, `vin_number` = '318975546094424164', `date_produced` = '2017-04-20', `value_estimated` = 210000 WHERE `loan_car`.`id` = 2890;
UPDATE `loan_car` SET `created_at` = '2021-11-23 16:09:08.263012', `updated_at` = '2022-01-04 21:03:25.338562', `customer_id` = 2261, `model_id` = 63, `vin_number` = '263704569616422004', `date_produced` = '2014-09-30', `value_estimated` = 240000 WHERE `loan_car`.`id` = 1794;
UPDATE `loan_car` SET `created_at` = '2021-11-05 14:02:50.914650', `updated_at` = '2022-01-04 09:52:03.024164', `customer_id` = 5026, `model_id` = 304, `vin_number` = '135179425028261418', `date_produced` = '2011-02-16', `value_estimated` = 150000 WHERE `loan_car`.`id` = 4060;
UPDATE `loan_car` SET `created_at` = '2020-04-08 06:29:35.776999', `updated_at` = '2022-01-04 20:46:17.968801', `customer_id` = 2862, `model_id` = 143, `vin_number` = '974559887688959951', `date_produced` = '2015-01-05', `value_estimated` = 480000 WHERE `loan_car`.`id` = 2291;
UPDATE `loan_car` SET `created_at` = '2019-08-27 13:35:15.191267', `updated_at` = '2022-01-04 00:13:38.840309', `customer_id` = 1629, `model_id` = 36, `vin_number` = '232029916475599183', `date_produced` = '2020-12-07', `value_estimated` = 270000 WHERE `loan_car`.`id` = 1282;
UPDATE `loan_car` SET `created_at` = '2021-11-12 18:39:01.994527', `updated_at` = '2022-01-04 02:37:36.139532', `customer_id` = 220, `model_id` = 171, `vin_number` = '598704252660099661', `date_produced` = '2020-07-04', `value_estimated` = 210000 WHERE `loan_car`.`id` = 170;
UPDATE `loan_car` SET `created_at` = '2020-05-10 10:25:08.935797', `updated_at` = '2022-01-04 08:16:47.423394', `customer_id` = 302, `model_id` = 294, `vin_number` = '352793431958406252', `date_produced` = '2011-12-10', `value_estimated` = 100000 WHERE `loan_car`.`id` = 228;
UPDATE `loan_car` SET `created_at` = '2020-07-19 09:41:14.356361', `updated_at` = '2022-01-04 03:03:27.164571', `customer_id` = 2437, `model_id` = 160, `vin_number` = '664844970748804977', `date_produced` = '2012-02-19', `value_estimated` = 590000 WHERE `loan_car`.`id` = 1934;
UPDATE `loan_car` SET `created_at` = '2022-01-02 21:39:32.981034', `updated_at` = '2022-01-04 08:28:12.483103', `customer_id` = 5675, `model_id` = 45, `vin_number` = '249452103377752379', `date_produced` = '2016-01-11', `value_estimated` = 600000 WHERE `loan_car`.`id` = 4568;
UPDATE `loan_car` SET `created_at` = '2019-11-30 15:13:10.322268', `updated_at` = '2022-01-04 10:05:01.521861', `customer_id` = 1991, `model_id` = 175, `vin_number` = '462095713159291564', `date_produced` = '2017-06-22', `value_estimated` = 310000 WHERE `loan_car`.`id` = 1574;
UPDATE `loan_car` SET `created_at` = '2021-07-20 16:23:36.577367', `updated_at` = '2022-01-04 13:03:49.322724', `customer_id` = 2093, `model_id` = 135, `vin_number` = '246041557981892340', `date_produced` = '2017-10-02', `value_estimated` = 30000 WHERE `loan_car`.`id` = 1657;
UPDATE `loan_car` SET `created_at` = '2020-07-01 22:01:09.228375', `updated_at` = '2022-01-04 12:24:59.768897', `customer_id` = 3750, `model_id` = 222, `vin_number` = '277707395120742657', `date_produced` = '2019-12-18', `value_estimated` = 550000 WHERE `loan_car`.`id` = 3019;
UPDATE `loan_car` SET `created_at` = '2020-01-05 10:23:40.742871', `updated_at` = '2022-01-04 05:57:30.227213', `customer_id` = 3784, `model_id` = 169, `vin_number` = '642842178894196265', `date_produced` = '2015-08-12', `value_estimated` = 190000 WHERE `loan_car`.`id` = 3052;
UPDATE `loan_account` SET `created_at` = '2021-06-11 23:58:22.026869', `updated_at` = '2022-01-04 07:46:13.508597', `customer_id` = 1606, `number` = '523917224090301725', `balance` = 93314 WHERE `loan_account`.`id` = 1468;
UPDATE `loan_account` SET `created_at` = '2021-01-21 17:03:41.105264', `updated_at` = '2022-01-04 14:11:31.668993', `customer_id` = 2562, `number` = '438081554244901847', `balance` = 24376 WHERE `loan_account`.`id` = 2338;
UPDATE `loan_account` SET `created_at` = '2021-04-28 09:09:11.969467', `updated_at` = '2022-01-04 15:51:18.567884', `customer_id` = 1295, `number` = '373494182653367511', `balance` = 42526 WHERE `loan_account`.`id` = 1178;
UPDATE `loan_account` SET `created_at` = '2019-02-11 05:11:50.821793', `updated_at` = '2022-01-04 22:49:12.323086', `customer_id` = 4561, `number` = '413504622638355194', `balance` = 138917 WHERE `loan_account`.`id` = 4172;
UPDATE `loan_account` SET `created_at` = '2021-11-12 14:21:05.910484', `updated_at` = '2022-01-04 12:19:15.143349', `customer_id` = 779, `number` = '785795875877894323', `balance` = 0 WHERE `loan_account`.`id` = 705;
UPDATE `loan_account` SET `created_at` = '2019-04-03 15:40:30.712864', `updated_at` = '2022-01-04 22:18:13.698923', `customer_id` = 3131, `number` = '612500041114255515', `balance` = 72963 WHERE `loan_account`.`id` = 2870;
UPDATE `loan_account` SET `created_at` = '2020-09-12 06:05:51.175359', `updated_at` = '2022-01-04 01:47:01.292961', `customer_id` = 1697, `number` = '200228549663349664', `balance` = 0 WHERE `loan_account`.`id` = 1555;
UPDATE `loan_account` SET `created_at` = '2021-09-13 06:02:00.411881', `updated_at` = '2022-01-04 00:19:31.621095', `customer_id` = 3868, `number` = '174561574717082935', `balance` = 0 WHERE `loan_account`.`id` = 3543;
UPDATE `loan_account` SET `created_at` = '2019-06-22 07:04:04.735611', `updated_at` = '2022-01-04 16:07:11.878450', `customer_id` = 815, `number` = '314583004321318360', `balance` = 0 WHERE `loan_account`.`id` = 737;
UPDATE `loan_account` SET `created_at` = '2019-05-21 01:40:08.391759', `updated_at` = '2022-01-04 23:37:24.971368', `customer_id` = 384, `number` = '027294858352081790', `balance` = 39823 WHERE `loan_account`.`id` = 349;
UPDATE `loan_account` SET `created_at` = '2021-09-30 21:15:43.616459', `updated_at` = '2022-01-04 18:11:53.550530', `customer_id` = 1838, `number` = '449794133667484101', `balance` = 0 WHERE `loan_account`.`id` = 1684;
UPDATE `loan_account` SET `created_at` = '2021-09-22 00:59:36.459124', `updated_at` = '2022-01-04 21:19:00.736097', `customer_id` = 3031, `number` = '484189724805802352', `balance` = 60480 WHERE `loan_account`.`id` = 2778;
UPDATE `loan_account` SET `created_at` = '2019-11-18 22:29:24.507196', `updated_at` = '2022-01-04 01:14:20.654995', `customer_id` = 3303, `number` = '764309890410782853', `balance` = 115168 WHERE `loan_account`.`id` = 3031;
UPDATE `loan_account` SET `created_at` = '2018-05-12 10:27:07.088866', `updated_at` = '2022-01-04 18:36:33.781425', `customer_id` = 5237, `number` = '495605988919707406', `balance` = 37230 WHERE `loan_account`.`id` = 4798;
UPDATE `loan_account` SET `created_at` = '2021-08-08 23:19:01.598071', `updated_at` = '2022-01-04 16:17:12.137518', `customer_id` = 2456, `number` = '400377280018699076', `balance` = 33165 WHERE `loan_account`.`id` = 2239;
UPDATE `loan_account` SET `created_at` = '2021-01-12 05:20:39.333502', `updated_at` = '2022-01-04 04:15:58.001991', `customer_id` = 1831, `number` = '759466145406161338', `balance` = 0 WHERE `loan_account`.`id` = 1678;
UPDATE `loan_account` SET `created_at` = '2021-08-05 14:24:20.379538', `updated_at` = '2022-01-04 02:13:52.251809', `customer_id` = 4712, `number` = '129824115693043089', `balance` = 141705 WHERE `loan_account`.`id` = 4312;
UPDATE `loan_account` SET `created_at` = '2022-01-03 10:20:39.777587', `updated_at` = '2022-01-04 04:21:00.190154', `customer_id` = 5772, `number` = '504688229194877804', `balance` = 62886 WHERE `loan_account`.`id` = 5277;
UPDATE `loan_account` SET `created_at` = '2021-09-30 04:16:09.561460', `updated_at` = '2022-01-04 14:49:28.412747', `customer_id` = 1746, `number` = '314175530142351276', `balance` = 35874 WHERE `loan_account`.`id` = 1603;
UPDATE `loan_account` SET `created_at` = '2020-01-14 16:12:44.440148', `updated_at` = '2022-01-04 08:36:49.344965', `customer_id` = 471, `number` = '390950378505221306', `balance` = 63025 WHERE `loan_account`.`id` = 423;
UPDATE `loan_account` SET `created_at` = '2018-06-19 12:08:56.030014', `updated_at` = '2022-01-04 17:36:04.485902', `customer_id` = 3837, `number` = '317203977057006178', `balance` = 66570 WHERE `loan_account`.`id` = 3516;
UPDATE `loan_account` SET `created_at` = '2021-06-12 01:32:14.432859', `updated_at` = '2022-01-04 18:29:48.215313', `customer_id` = 729, `number` = '345406985888486814', `balance` = 90607 WHERE `loan_account`.`id` = 660;
UPDATE `loan_account` SET `created_at` = '2021-02-15 15:14:45.898038', `updated_at` = '2022-01-04 08:04:34.809020', `customer_id` = 1747, `number` = '166978560144603835', `balance` = 35938 WHERE `loan_account`.`id` = 1604;
UPDATE `loan_account` SET `created_at` = '2020-08-31 18:59:38.737068', `updated_at` = '2022-01-04 20:08:00.044833', `customer_id` = 1745, `number` = '078554010830758403', `balance` = 78848 WHERE `loan_account`.`id` = 1602;
UPDATE `loan_account` SET `created_at` = '2021-02-10 18:30:40.969891', `updated_at` = '2022-01-04 00:02:43.180519', `customer_id` = 1401, `number` = '977665149085165838', `balance` = 74144 WHERE `loan_account`.`id` = 1277;
UPDATE `loan_account` SET `created_at` = '2019-06-19 04:03:04.163677', `updated_at` = '2022-01-04 17:35:22.855992', `customer_id` = 3912, `number` = '412633324406904713', `balance` = 94497 WHERE `loan_account`.`id` = 3582;
UPDATE `loan_account` SET `created_at` = '2021-10-09 02:11:50.886979', `updated_at` = '2022-01-04 16:39:14.864421', `customer_id` = 3619, `number` = '937195180546309128', `balance` = 0 WHERE `loan_account`.`id` = 3318;
UPDATE `loan_account` SET `created_at` = '2019-04-28 18:48:47.655404', `updated_at` = '2022-01-04 01:58:47.673304', `customer_id` = 1609, `number` = '741067553575407127', `balance` = 59550 WHERE `loan_account`.`id` = 1471;
UPDATE `loan_account` SET `created_at` = '2019-06-05 19:14:30.447600', `updated_at` = '2022-01-04 23:21:46.934198', `customer_id` = 4785, `number` = '242727714663132259', `balance` = 10312 WHERE `loan_account`.`id` = 4381;
UPDATE `loan_account` SET `created_at` = '2019-12-17 00:30:34.482444', `updated_at` = '2022-01-04 03:01:36.215940', `customer_id` = 3899, `number` = '277413819732051507', `balance` = 42411 WHERE `loan_account`.`id` = 3570;
UPDATE `loan_account` SET `created_at` = '2021-03-11 03:30:42.824414', `updated_at` = '2022-01-04 22:53:58.362047', `customer_id` = 5437, `number` = '383406945538685911', `balance` = 0 WHERE `loan_account`.`id` = 4977;
UPDATE `loan_account` SET `created_at` = '2021-11-23 08:51:42.319457', `updated_at` = '2022-01-04 13:28:18.083171', `customer_id` = 2566, `number` = '100810690506072863', `balance` = 130195 WHERE `loan_account`.`id` = 2342;
UPDATE `loan_account` SET `created_at` = '2021-04-12 16:11:26.131340', `updated_at` = '2022-01-04 05:14:31.630556', `customer_id` = 2357, `number` = '317395074669936901', `balance` = 93115 WHERE `loan_account`.`id` = 2148;
UPDATE `loan_account` SET `created_at` = '2021-03-03 02:02:06.847501', `updated_at` = '2022-01-04 07:45:38.769161', `customer_id` = 113, `number` = '051183805159131150', `balance` = 84077 WHERE `loan_account`.`id` = 102;
UPDATE `loan_account` SET `created_at` = '2021-08-04 01:37:33.870954', `updated_at` = '2022-01-04 14:19:49.382459', `customer_id` = 308, `number` = '095716571912197131', `balance` = 20053 WHERE `loan_account`.`id` = 285;
UPDATE `loan_account` SET `created_at` = '2020-05-20 05:42:39.482680', `updated_at` = '2022-01-04 07:28:52.012984', `customer_id` = 5027, `number` = '895929288599993099', `balance` = 137820 WHERE `loan_account`.`id` = 4599;
UPDATE `loan_account` SET `created_at` = '2021-10-26 16:55:22.191958', `updated_at` = '2022-01-04 12:10:23.545444', `customer_id` = 2216, `number` = '321369633940902354', `balance` = 62139 WHERE `loan_account`.`id` = 2023;
UPDATE `loan_account` SET `created_at` = '2020-11-14 19:13:48.890378', `updated_at` = '2022-01-04 09:42:19.788027', `customer_id` = 3072, `number` = '278990281850157028', `balance` = 96794 WHERE `loan_account`.`id` = 2817;
UPDATE `loan_account` SET `created_at` = '2021-05-02 19:54:20.581126', `updated_at` = '2022-01-04 17:09:50.805708', `customer_id` = 1494, `number` = '771105304662237953', `balance` = 80666 WHERE `loan_account`.`id` = 1367;
UPDATE `loan_account` SET `created_at` = '2020-03-15 15:34:08.535690', `updated_at` = '2022-01-04 06:40:42.110204', `customer_id` = 832, `number` = '053959570214455958', `balance` = 44621 WHERE `loan_account`.`id` = 752;
UPDATE `loan_account` SET `created_at` = '2021-04-09 09:49:55.436196', `updated_at` = '2022-01-04 12:29:10.329396', `customer_id` = 5424, `number` = '215393116029698556', `balance` = 133288 WHERE `loan_account`.`id` = 4964;
UPDATE `loan_account` SET `created_at` = '2021-12-05 16:20:34.029677', `updated_at` = '2022-01-04 16:34:06.964031', `customer_id` = 4234, `number` = '367349171119205256', `balance` = 0 WHERE `loan_account`.`id` = 3871;
UPDATE `loan_account` SET `created_at` = '2018-11-23 10:18:30.199739', `updated_at` = '2022-01-04 17:07:26.660706', `customer_id` = 1748, `number` = '929198521910737451', `balance` = 82288 WHERE `loan_account`.`id` = 1605;
UPDATE `loan_account` SET `created_at` = '2021-08-16 02:04:39.344721', `updated_at` = '2022-01-04 08:28:29.833478', `customer_id` = 3806, `number` = '718088543840605478', `balance` = 30348 WHERE `loan_account`.`id` = 3490;
UPDATE `loan_account` SET `created_at` = '2019-05-18 19:26:21.080173', `updated_at` = '2022-01-04 17:08:11.054583', `customer_id` = 5094, `number` = '207612163839869144', `balance` = 68410 WHERE `loan_account`.`id` = 4661;
UPDATE `loan_account` SET `created_at` = '2021-04-24 04:47:21.780313', `updated_at` = '2022-01-04 23:47:18.108220', `customer_id` = 3897, `number` = '516615677584524044', `balance` = 9864 WHERE `loan_account`.`id` = 3568;
UPDATE `loan_account` SET `created_at` = '2021-10-27 11:33:37.303750', `updated_at` = '2022-01-04 20:49:02.334710', `customer_id` = 1710, `number` = '882031674500333597', `balance` = 16476 WHERE `loan_account`.`id` = 1567;
UPDATE `loan_account` SET `created_at` = '2022-01-02 09:20:57.399876', `updated_at` = '2022-01-04 21:43:07.425025', `customer_id` = 5596, `number` = '189829111668280785', `balance` = 77203 WHERE `loan_account`.`id` = 5121;