UPDATE `loan_address` SET `created_at` = '2022-01-05 12:18:51.748338', `updated_at` = '2022-01-05 12:18:51.748338', `province` = '甘肃省', `city` = '甘南藏族自治州', `county` = '夏河县', `town` = '王格尔塘镇', `detail` = '保屯路105号' WHERE `loan_address`.`id` = 9512;
INSERT INTO `loan_address` (`id`, `created_at`, `updated_at`, `province`, `city`, `county`, `town`, `detail`) VALUES (9512, '2022-01-05 12:18:51.748338', '2022-01-05 12:18:51.748338', '甘肃省', '甘南藏族自治州', '夏河县', '王格尔塘镇', '保屯路105号');
UPDATE `loan_company` SET `created_at` = '2022-01-05 12:18:51.748338', `updated_at` = '2022-01-05 12:18:51.748338', `name` = '曼柔科技', `industry` = '生产制造', `phone_number` = '069-714199', `cellphone_number` = '14501329906', `address_id` = 9512 WHERE `loan_company`.`id` = 90;
INSERT INTO `loan_company` (`id`, `created_at`, `updated_at`, `name`, `industry`, `phone_number`, `cellphone_number`, `address_id`) VALUES (90, '2022-01-05 12:18:51.748338', '2022-01-05 12:18:51.748338', '曼柔科技', '生产制造', '069-714199', '14501329906', 9512);
UPDATE `loan_address` SET `created_at` = '2022-01-05 17:42:22.463302', `updated_at` = '2022-01-05 17:42:22.463302', `province` = '海南省', `city` = '省直辖县级行政区划', `county` = '琼中黎族苗族自治县', `town` = '黎母山镇', `detail` = '北艾路协通公寓92号' WHERE `loan_address`.`id` = 9513;
INSERT INTO `loan_address` (`id`, `created_at`, `updated_at`, `province`, `city`, `county`, `town`, `detail`) VALUES (9513, '2022-01-05 17:42:22.463302', '2022-01-05 17:42:22.463302', '海南省', '省直辖县级行政区划', '琼中黎族苗族自治县', '黎母山镇', '北艾路协通公寓92号');
UPDATE `loan_company` SET `created_at` = '2022-01-05 17:42:22.463302', `updated_at` = '2022-01-05 17:42:22.463302', `name` = '娟妍科技', `industry` = '其他', `phone_number` = '094-364637', `cellphone_number` = '12334362148', `address_id` = 9513 WHERE `loan_company`.`id` = 91;
INSERT INTO `loan_company` (`id`, `created_at`, `updated_at`, `name`, `industry`, `phone_number`, `cellphone_number`, `address_id`) VALUES (91, '2022-01-05 17:42:22.463302', '2022-01-05 17:42:22.463302', '娟妍科技', '其他', '094-364637', '12334362148', 9513);
UPDATE `loan_job` SET `created_at` = '2022-01-05 12:18:51.748338', `updated_at` = '2022-01-05 12:18:51.748338', `company_id` = 90, `position` = '实验室技术员' WHERE `loan_job`.`id` = 1958;
INSERT INTO `loan_job` (`id`, `created_at`, `updated_at`, `company_id`, `position`) VALUES (1958, '2022-01-05 12:18:51.748338', '2022-01-05 12:18:51.748338', 90, '实验室技术员');
UPDATE `loan_job` SET `created_at` = '2022-01-05 12:18:51.748338', `updated_at` = '2022-01-05 13:16:20.714544', `company_id` = 90, `position` = '可靠度工程师' WHERE `loan_job`.`id` = 1959;
INSERT INTO `loan_job` (`id`, `created_at`, `updated_at`, `company_id`, `position`) VALUES (1959, '2022-01-05 12:18:51.748338', '2022-01-05 13:16:20.714544', 90, '可靠度工程师');
UPDATE `loan_job` SET `created_at` = '2022-01-05 12:18:51.748338', `updated_at` = '2022-01-05 12:18:51.748338', `company_id` = 90, `position` = '电梯工' WHERE `loan_job`.`id` = 1960;
INSERT INTO `loan_job` (`id`, `created_at`, `updated_at`, `company_id`, `position`) VALUES (1960, '2022-01-05 12:18:51.748338', '2022-01-05 12:18:51.748338', 90, '电梯工');
UPDATE `loan_job` SET `created_at` = '2022-01-05 12:18:51.748338', `updated_at` = '2022-01-05 13:29:22.724374', `company_id` = 90, `position` = '焊接工程师' WHERE `loan_job`.`id` = 1961;
INSERT INTO `loan_job` (`id`, `created_at`, `updated_at`, `company_id`, `position`) VALUES (1961, '2022-01-05 12:18:51.748338', '2022-01-05 13:29:22.724374', 90, '焊接工程师');
UPDATE `loan_job` SET `created_at` = '2022-01-05 12:18:51.748338', `updated_at` = '2022-01-05 17:31:32.518786', `company_id` = 90, `position` = '铣工' WHERE `loan_job`.`id` = 1962;
INSERT INTO `loan_job` (`id`, `created_at`, `updated_at`, `company_id`, `position`) VALUES (1962, '2022-01-05 12:18:51.748338', '2022-01-05 17:31:32.518786', 90, '铣工');
UPDATE `loan_job` SET `created_at` = '2022-01-05 12:18:51.748338', `updated_at` = '2022-01-05 14:03:19.784021', `company_id` = 90, `position` = '生产安全员' WHERE `loan_job`.`id` = 1963;
INSERT INTO `loan_job` (`id`, `created_at`, `updated_at`, `company_id`, `position`) VALUES (1963, '2022-01-05 12:18:51.748338', '2022-01-05 14:03:19.784021', 90, '生产安全员');
UPDATE `loan_job` SET `created_at` = '2022-01-05 12:18:51.748338', `updated_at` = '2022-01-05 12:18:51.748338', `company_id` = 90, `position` = '电机工程师' WHERE `loan_job`.`id` = 1964;
INSERT INTO `loan_job` (`id`, `created_at`, `updated_at`, `company_id`, `position`) VALUES (1964, '2022-01-05 12:18:51.748338', '2022-01-05 12:18:51.748338', 90, '电机工程师');
UPDATE `loan_job` SET `created_at` = '2022-01-05 12:18:51.748338', `updated_at` = '2022-01-05 12:18:51.748338', `company_id` = 90, `position` = '生产营运' WHERE `loan_job`.`id` = 1965;
INSERT INTO `loan_job` (`id`, `created_at`, `updated_at`, `company_id`, `position`) VALUES (1965, '2022-01-05 12:18:51.748338', '2022-01-05 12:18:51.748338', 90, '生产营运');
UPDATE `loan_job` SET `created_at` = '2022-01-05 12:18:51.748338', `updated_at` = '2022-01-05 12:18:51.748338', `company_id` = 90, `position` = '食品/饮料研发' WHERE `loan_job`.`id` = 1966;
INSERT INTO `loan_job` (`id`, `created_at`, `updated_at`, `company_id`, `position`) VALUES (1966, '2022-01-05 12:18:51.748338', '2022-01-05 12:18:51.748338', 90, '食品/饮料研发');
UPDATE `loan_job` SET `created_at` = '2022-01-05 12:18:51.748338', `updated_at` = '2022-01-05 12:18:51.748338', `company_id` = 90, `position` = '漆工' WHERE `loan_job`.`id` = 1967;
INSERT INTO `loan_job` (`id`, `created_at`, `updated_at`, `company_id`, `position`) VALUES (1967, '2022-01-05 12:18:51.748338', '2022-01-05 12:18:51.748338', 90, '漆工');
UPDATE `loan_job` SET `created_at` = '2022-01-05 12:18:51.748338', `updated_at` = '2022-01-05 12:18:51.748338', `company_id` = 90, `position` = '生产计划/物料控制' WHERE `loan_job`.`id` = 1968;
INSERT INTO `loan_job` (`id`, `created_at`, `updated_at`, `company_id`, `position`) VALUES (1968, '2022-01-05 12:18:51.748338', '2022-01-05 12:18:51.748338', 90, '生产计划/物料控制');
UPDATE `loan_job` SET `created_at` = '2022-01-05 12:18:51.748338', `updated_at` = '2022-01-05 12:18:51.748338', `company_id` = 90, `position` = '涂料研发' WHERE `loan_job`.`id` = 1969;
INSERT INTO `loan_job` (`id`, `created_at`, `updated_at`, `company_id`, `position`) VALUES (1969, '2022-01-05 12:18:51.748338', '2022-01-05 12:18:51.748338', 90, '涂料研发');
UPDATE `loan_job` SET `created_at` = '2022-01-05 12:18:51.748338', `updated_at` = '2022-01-05 12:18:51.748338', `company_id` = 90, `position` = '底盘工程师' WHERE `loan_job`.`id` = 1970;
INSERT INTO `loan_job` (`id`, `created_at`, `updated_at`, `company_id`, `position`) VALUES (1970, '2022-01-05 12:18:51.748338', '2022-01-05 12:18:51.748338', 90, '底盘工程师');
UPDATE `loan_job` SET `created_at` = '2022-01-05 12:18:51.748338', `updated_at` = '2022-01-05 19:42:33.967328', `company_id` = 90, `position` = '充电桩设计' WHERE `loan_job`.`id` = 1971;
INSERT INTO `loan_job` (`id`, `created_at`, `updated_at`, `company_id`, `position`) VALUES (1971, '2022-01-05 12:18:51.748338', '2022-01-05 19:42:33.967328', 90, '充电桩设计');
UPDATE `loan_job` SET `created_at` = '2022-01-05 12:18:51.748338', `updated_at` = '2022-01-05 12:18:51.748338', `company_id` = 90, `position` = '样衣工' WHERE `loan_job`.`id` = 1972;
INSERT INTO `loan_job` (`id`, `created_at`, `updated_at`, `company_id`, `position`) VALUES (1972, '2022-01-05 12:18:51.748338', '2022-01-05 12:18:51.748338', 90, '样衣工');
UPDATE `loan_job` SET `created_at` = '2022-01-05 12:18:51.748338', `updated_at` = '2022-01-05 12:18:51.748338', `company_id` = 90, `position` = '线束设计' WHERE `loan_job`.`id` = 1973;
INSERT INTO `loan_job` (`id`, `created_at`, `updated_at`, `company_id`, `position`) VALUES (1973, '2022-01-05 12:18:51.748338', '2022-01-05 12:18:51.748338', 90, '线束设计');
UPDATE `loan_job` SET `created_at` = '2022-01-05 23:54:43.048377', `updated_at` = '2022-01-05 23:54:43.048377', `company_id` = 90, `position` = '总装工程师' WHERE `loan_job`.`id` = 1974;
INSERT INTO `loan_job` (`id`, `created_at`, `updated_at`, `company_id`, `position`) VALUES (1974, '2022-01-05 23:54:43.048377', '2022-01-05 23:54:43.048377', 90, '总装工程师');
UPDATE `loan_job` SET `created_at` = '2022-01-05 12:18:51.748338', `updated_at` = '2022-01-05 14:37:43.241102', `company_id` = 90, `position` = '生产员' WHERE `loan_job`.`id` = 1975;
INSERT INTO `loan_job` (`id`, `created_at`, `updated_at`, `company_id`, `position`) VALUES (1975, '2022-01-05 12:18:51.748338', '2022-01-05 14:37:43.241102', 90, '生产员');
UPDATE `loan_job` SET `created_at` = '2022-01-05 12:18:51.748338', `updated_at` = '2022-01-05 12:18:51.748338', `company_id` = 90, `position` = '服装/纺织设计' WHERE `loan_job`.`id` = 1976;
INSERT INTO `loan_job` (`id`, `created_at`, `updated_at`, `company_id`, `position`) VALUES (1976, '2022-01-05 12:18:51.748338', '2022-01-05 12:18:51.748338', 90, '服装/纺织设计');
UPDATE `loan_job` SET `created_at` = '2022-01-05 12:18:51.748338', `updated_at` = '2022-01-05 12:18:51.748338', `company_id` = 90, `position` = '叉车司机' WHERE `loan_job`.`id` = 1977;
INSERT INTO `loan_job` (`id`, `created_at`, `updated_at`, `company_id`, `position`) VALUES (1977, '2022-01-05 12:18:51.748338', '2022-01-05 12:18:51.748338', 90, '叉车司机');
UPDATE `loan_job` SET `created_at` = '2022-01-05 12:18:51.748338', `updated_at` = '2022-01-05 23:48:13.266672', `company_id` = 90, `position` = '生产总监' WHERE `loan_job`.`id` = 1978;
INSERT INTO `loan_job` (`id`, `created_at`, `updated_at`, `company_id`, `position`) VALUES (1978, '2022-01-05 12:18:51.748338', '2022-01-05 23:48:13.266672', 90, '生产总监');
UPDATE `loan_job` SET `created_at` = '2022-01-05 12:18:51.748338', `updated_at` = '2022-01-05 22:01:21.672382', `company_id` = 90, `position` = '精益工程师' WHERE `loan_job`.`id` = 1979;
INSERT INTO `loan_job` (`id`, `created_at`, `updated_at`, `company_id`, `position`) VALUES (1979, '2022-01-05 12:18:51.748338', '2022-01-05 22:01:21.672382', 90, '精益工程师');
UPDATE `loan_job` SET `created_at` = '2022-01-05 12:18:51.748338', `updated_at` = '2022-01-05 12:18:51.748338', `company_id` = 90, `position` = '缝纫工' WHERE `loan_job`.`id` = 1980;
INSERT INTO `loan_job` (`id`, `created_at`, `updated_at`, `company_id`, `position`) VALUES (1980, '2022-01-05 12:18:51.748338', '2022-01-05 12:18:51.748338', 90, '缝纫工');
UPDATE `loan_job` SET `created_at` = '2022-01-05 12:18:51.748338', `updated_at` = '2022-01-05 12:18:51.748338', `company_id` = 90, `position` = '钳工' WHERE `loan_job`.`id` = 1981;
INSERT INTO `loan_job` (`id`, `created_at`, `updated_at`, `company_id`, `position`) VALUES (1981, '2022-01-05 12:18:51.748338', '2022-01-05 12:18:51.748338', 90, '钳工');
UPDATE `loan_job` SET `created_at` = '2022-01-05 12:18:51.748338', `updated_at` = '2022-01-05 12:18:51.748338', `company_id` = 90, `position` = '汽车维修' WHERE `loan_job`.`id` = 1982;
INSERT INTO `loan_job` (`id`, `created_at`, `updated_at`, `company_id`, `position`) VALUES (1982, '2022-01-05 12:18:51.748338', '2022-01-05 12:18:51.748338', 90, '汽车维修');
UPDATE `loan_job` SET `created_at` = '2022-01-05 12:18:51.748338', `updated_at` = '2022-01-05 12:18:51.748338', `company_id` = 90, `position` = '生产组长/拉长' WHERE `loan_job`.`id` = 1983;
INSERT INTO `loan_job` (`id`, `created_at`, `updated_at`, `company_id`, `position`) VALUES (1983, '2022-01-05 12:18:51.748338', '2022-01-05 12:18:51.748338', 90, '生产组长/拉长');
UPDATE `loan_job` SET `created_at` = '2022-01-05 12:18:51.748338', `updated_at` = '2022-01-05 22:20:06.609732', `company_id` = 90, `position` = '机械设计师' WHERE `loan_job`.`id` = 1984;
INSERT INTO `loan_job` (`id`, `created_at`, `updated_at`, `company_id`, `position`) VALUES (1984, '2022-01-05 12:18:51.748338', '2022-01-05 22:20:06.609732', 90, '机械设计师');
UPDATE `loan_job` SET `created_at` = '2022-01-05 12:18:51.748338', `updated_at` = '2022-01-05 12:18:51.748338', `company_id` = 90, `position` = '机械结构工程师' WHERE `loan_job`.`id` = 1985;
INSERT INTO `loan_job` (`id`, `created_at`, `updated_at`, `company_id`, `position`) VALUES (1985, '2022-01-05 12:18:51.748338', '2022-01-05 12:18:51.748338', 90, '机械结构工程师');
UPDATE `loan_job` SET `created_at` = '2022-01-05 12:18:51.748338', `updated_at` = '2022-01-05 20:05:02.001755', `company_id` = 90, `position` = '普工/操作工' WHERE `loan_job`.`id` = 1986;
INSERT INTO `loan_job` (`id`, `created_at`, `updated_at`, `company_id`, `position`) VALUES (1986, '2022-01-05 12:18:51.748338', '2022-01-05 20:05:02.001755', 90, '普工/操作工');
UPDATE `loan_job` SET `created_at` = '2022-01-05 12:18:51.748338', `updated_at` = '2022-01-05 12:18:51.748338', `company_id` = 90, `position` = '审核员' WHERE `loan_job`.`id` = 1987;
INSERT INTO `loan_job` (`id`, `created_at`, `updated_at`, `company_id`, `position`) VALUES (1987, '2022-01-05 12:18:51.748338', '2022-01-05 12:18:51.748338', 90, '审核员');
UPDATE `loan_job` SET `created_at` = '2022-01-05 12:18:51.748338', `updated_at` = '2022-01-05 12:18:51.748338', `company_id` = 90, `position` = '车工' WHERE `loan_job`.`id` = 1988;
INSERT INTO `loan_job` (`id`, `created_at`, `updated_at`, `company_id`, `position`) VALUES (1988, '2022-01-05 12:18:51.748338', '2022-01-05 12:18:51.748338', 90, '车工');
UPDATE `loan_job` SET `created_at` = '2022-01-05 12:18:51.748338', `updated_at` = '2022-01-05 20:04:27.703964', `company_id` = 90, `position` = '机械维修/保养' WHERE `loan_job`.`id` = 1989;
INSERT INTO `loan_job` (`id`, `created_at`, `updated_at`, `company_id`, `position`) VALUES (1989, '2022-01-05 12:18:51.748338', '2022-01-05 20:04:27.703964', 90, '机械维修/保养');
UPDATE `loan_job` SET `created_at` = '2022-01-05 12:18:51.748338', `updated_at` = '2022-01-05 14:42:00.965766', `company_id` = 90, `position` = '汽车美容' WHERE `loan_job`.`id` = 1990;
INSERT INTO `loan_job` (`id`, `created_at`, `updated_at`, `company_id`, `position`) VALUES (1990, '2022-01-05 12:18:51.748338', '2022-01-05 14:42:00.965766', 90, '汽车美容');
UPDATE `loan_job` SET `created_at` = '2022-01-05 12:18:51.748338', `updated_at` = '2022-01-05 12:18:51.748338', `company_id` = 90, `position` = '质检员' WHERE `loan_job`.`id` = 1991;
INSERT INTO `loan_job` (`id`, `created_at`, `updated_at`, `company_id`, `position`) VALUES (1991, '2022-01-05 12:18:51.748338', '2022-01-05 12:18:51.748338', 90, '质检员');
UPDATE `loan_job` SET `created_at` = '2022-01-05 18:42:08.957533', `updated_at` = '2022-01-05 22:04:48.322642', `company_id` = 90, `position` = '厂长/工厂经理' WHERE `loan_job`.`id` = 1992;
INSERT INTO `loan_job` (`id`, `created_at`, `updated_at`, `company_id`, `position`) VALUES (1992, '2022-01-05 18:42:08.957533', '2022-01-05 22:04:48.322642', 90, '厂长/工厂经理');
UPDATE `loan_job` SET `created_at` = '2022-01-05 12:18:51.748338', `updated_at` = '2022-01-05 12:18:51.748338', `company_id` = 90, `position` = '学徒工' WHERE `loan_job`.`id` = 1993;
INSERT INTO `loan_job` (`id`, `created_at`, `updated_at`, `company_id`, `position`) VALUES (1993, '2022-01-05 12:18:51.748338', '2022-01-05 12:18:51.748338', 90, '学徒工');
UPDATE `loan_job` SET `created_at` = '2022-01-05 12:18:51.748338', `updated_at` = '2022-01-05 23:45:16.620352', `company_id` = 90, `position` = '化学分析' WHERE `loan_job`.`id` = 1994;
INSERT INTO `loan_job` (`id`, `created_at`, `updated_at`, `company_id`, `position`) VALUES (1994, '2022-01-05 12:18:51.748338', '2022-01-05 23:45:16.620352', 90, '化学分析');
UPDATE `loan_job` SET `created_at` = '2022-01-05 12:18:51.748338', `updated_at` = '2022-01-05 12:18:51.748338', `company_id` = 90, `position` = '注塑工程师' WHERE `loan_job`.`id` = 1995;
INSERT INTO `loan_job` (`id`, `created_at`, `updated_at`, `company_id`, `position`) VALUES (1995, '2022-01-05 12:18:51.748338', '2022-01-05 12:18:51.748338', 90, '注塑工程师');
UPDATE `loan_job` SET `created_at` = '2022-01-05 12:18:51.748338', `updated_at` = '2022-01-05 12:18:51.748338', `company_id` = 90, `position` = '化妆品研发' WHERE `loan_job`.`id` = 1996;
INSERT INTO `loan_job` (`id`, `created_at`, `updated_at`, `company_id`, `position`) VALUES (1996, '2022-01-05 12:18:51.748338', '2022-01-05 12:18:51.748338', 90, '化妆品研发');
UPDATE `loan_job` SET `created_at` = '2022-01-05 12:18:51.748338', `updated_at` = '2022-01-05 12:18:51.748338', `company_id` = 90, `position` = '4S店店长/维修站长' WHERE `loan_job`.`id` = 1997;
INSERT INTO `loan_job` (`id`, `created_at`, `updated_at`, `company_id`, `position`) VALUES (1997, '2022-01-05 12:18:51.748338', '2022-01-05 12:18:51.748338', 90, '4S店店长/维修站长');
UPDATE `loan_job` SET `created_at` = '2022-01-05 12:18:51.748338', `updated_at` = '2022-01-05 14:48:23.836236', `company_id` = 90, `position` = '认证工程师' WHERE `loan_job`.`id` = 1998;
INSERT INTO `loan_job` (`id`, `created_at`, `updated_at`, `company_id`, `position`) VALUES (1998, '2022-01-05 12:18:51.748338', '2022-01-05 14:48:23.836236', 90, '认证工程师');
UPDATE `loan_job` SET `created_at` = '2022-01-05 21:39:42.109334', `updated_at` = '2022-01-05 21:39:42.109334', `company_id` = 90, `position` = 'CNC/数控' WHERE `loan_job`.`id` = 1999;
INSERT INTO `loan_job` (`id`, `created_at`, `updated_at`, `company_id`, `position`) VALUES (1999, '2022-01-05 21:39:42.109334', '2022-01-05 21:39:42.109334', 90, 'CNC/数控');
UPDATE `loan_job` SET `created_at` = '2022-01-05 12:18:51.748338', `updated_at` = '2022-01-05 12:18:51.748338', `company_id` = 90, `position` = '铆工' WHERE `loan_job`.`id` = 2000;
INSERT INTO `loan_job` (`id`, `created_at`, `updated_at`, `company_id`, `position`) VALUES (2000, '2022-01-05 12:18:51.748338', '2022-01-05 12:18:51.748338', 90, '铆工');
UPDATE `loan_job` SET `created_at` = '2022-01-05 12:18:51.748338', `updated_at` = '2022-01-05 12:18:51.748338', `company_id` = 90, `position` = '冲压工程师' WHERE `loan_job`.`id` = 2001;
INSERT INTO `loan_job` (`id`, `created_at`, `updated_at`, `company_id`, `position`) VALUES (2001, '2022-01-05 12:18:51.748338', '2022-01-05 12:18:51.748338', 90, '冲压工程师');
UPDATE `loan_job` SET `created_at` = '2022-01-05 12:18:51.748338', `updated_at` = '2022-01-05 12:18:51.748338', `company_id` = 90, `position` = '汽车质量工程师' WHERE `loan_job`.`id` = 2002;
INSERT INTO `loan_job` (`id`, `created_at`, `updated_at`, `company_id`, `position`) VALUES (2002, '2022-01-05 12:18:51.748338', '2022-01-05 12:18:51.748338', 90, '汽车质量工程师');
UPDATE `loan_job` SET `created_at` = '2022-01-05 12:18:51.748338', `updated_at` = '2022-01-05 17:27:06.583878', `company_id` = 90, `position` = '机电工程师' WHERE `loan_job`.`id` = 2003;
INSERT INTO `loan_job` (`id`, `created_at`, `updated_at`, `company_id`, `position`) VALUES (2003, '2022-01-05 12:18:51.748338', '2022-01-05 17:27:06.583878', 90, '机电工程师');
UPDATE `loan_job` SET `created_at` = '2022-01-05 12:18:51.748338', `updated_at` = '2022-01-05 12:18:51.748338', `company_id` = 90, `position` = '氩弧焊工' WHERE `loan_job`.`id` = 2004;
INSERT INTO `loan_job` (`id`, `created_at`, `updated_at`, `company_id`, `position`) VALUES (2004, '2022-01-05 12:18:51.748338', '2022-01-05 12:18:51.748338', 90, '氩弧焊工');
UPDATE `loan_job` SET `created_at` = '2022-01-05 12:18:51.748338', `updated_at` = '2022-01-05 12:18:51.748338', `company_id` = 90, `position` = '汽车销售' WHERE `loan_job`.`id` = 2005;
INSERT INTO `loan_job` (`id`, `created_at`, `updated_at`, `company_id`, `position`) VALUES (2005, '2022-01-05 12:18:51.748338', '2022-01-05 12:18:51.748338', 90, '汽车销售');
UPDATE `loan_job` SET `created_at` = '2022-01-05 12:18:51.748338', `updated_at` = '2022-01-05 12:18:51.748338', `company_id` = 90, `position` = '工业工程师' WHERE `loan_job`.`id` = 2006;
INSERT INTO `loan_job` (`id`, `created_at`, `updated_at`, `company_id`, `position`) VALUES (2006, '2022-01-05 12:18:51.748338', '2022-01-05 12:18:51.748338', 90, '工业工程师');
UPDATE `loan_job` SET `created_at` = '2022-01-05 12:18:51.748338', `updated_at` = '2022-01-05 12:18:51.748338', `company_id` = 90, `position` = '铲车司机' WHERE `loan_job`.`id` = 2007;
INSERT INTO `loan_job` (`id`, `created_at`, `updated_at`, `company_id`, `position`) VALUES (2007, '2022-01-05 12:18:51.748338', '2022-01-05 12:18:51.748338', 90, '铲车司机');
UPDATE `loan_job` SET `created_at` = '2022-01-05 12:18:51.748338', `updated_at` = '2022-01-05 12:18:51.748338', `company_id` = 90, `position` = '汽车配件销售' WHERE `loan_job`.`id` = 2008;
INSERT INTO `loan_job` (`id`, `created_at`, `updated_at`, `company_id`, `position`) VALUES (2008, '2022-01-05 12:18:51.748338', '2022-01-05 12:18:51.748338', 90, '汽车配件销售');
UPDATE `loan_job` SET `created_at` = '2022-01-05 12:18:51.748338', `updated_at` = '2022-01-05 12:18:51.748338', `company_id` = 90, `position` = '钣金工' WHERE `loan_job`.`id` = 2009;
INSERT INTO `loan_job` (`id`, `created_at`, `updated_at`, `company_id`, `position`) VALUES (2009, '2022-01-05 12:18:51.748338', '2022-01-05 12:18:51.748338', 90, '钣金工');
UPDATE `loan_job` SET `created_at` = '2022-01-05 12:18:51.748338', `updated_at` = '2022-01-05 12:18:51.748338', `company_id` = 90, `position` = '故障分析师' WHERE `loan_job`.`id` = 2010;
INSERT INTO `loan_job` (`id`, `created_at`, `updated_at`, `company_id`, `position`) VALUES (2010, '2022-01-05 12:18:51.748338', '2022-01-05 12:18:51.748338', 90, '故障分析师');
UPDATE `loan_job` SET `created_at` = '2022-01-05 16:48:46.934344', `updated_at` = '2022-01-05 23:06:58.390273', `company_id` = 90, `position` = '切割工' WHERE `loan_job`.`id` = 2011;
INSERT INTO `loan_job` (`id`, `created_at`, `updated_at`, `company_id`, `position`) VALUES (2011, '2022-01-05 16:48:46.934344', '2022-01-05 23:06:58.390273', 90, '切割工');
UPDATE `loan_job` SET `created_at` = '2022-01-05 12:18:51.748338', `updated_at` = '2022-01-05 19:35:23.042664', `company_id` = 90, `position` = '化工工程师' WHERE `loan_job`.`id` = 2012;
INSERT INTO `loan_job` (`id`, `created_at`, `updated_at`, `company_id`, `position`) VALUES (2012, '2022-01-05 12:18:51.748338', '2022-01-05 19:35:23.042664', 90, '化工工程师');
UPDATE `loan_job` SET `created_at` = '2022-01-05 12:18:51.748338', `updated_at` = '2022-01-05 20:48:06.468695', `company_id` = 90, `position` = '体系工程师' WHERE `loan_job`.`id` = 2013;
INSERT INTO `loan_job` (`id`, `created_at`, `updated_at`, `company_id`, `position`) VALUES (2013, '2022-01-05 12:18:51.748338', '2022-01-05 20:48:06.468695', 90, '体系工程师');
UPDATE `loan_job` SET `created_at` = '2022-01-05 12:18:51.748338', `updated_at` = '2022-01-05 12:18:51.748338', `company_id` = 90, `position` = '机械设备工程师' WHERE `loan_job`.`id` = 2014;
INSERT INTO `loan_job` (`id`, `created_at`, `updated_at`, `company_id`, `position`) VALUES (2014, '2022-01-05 12:18:51.748338', '2022-01-05 12:18:51.748338', 90, '机械设备工程师');
UPDATE `loan_job` SET `created_at` = '2022-01-05 12:18:51.748338', `updated_at` = '2022-01-05 20:43:58.395445', `company_id` = 90, `position` = '其他生产制造职位' WHERE `loan_job`.`id` = 2015;
INSERT INTO `loan_job` (`id`, `created_at`, `updated_at`, `company_id`, `position`) VALUES (2015, '2022-01-05 12:18:51.748338', '2022-01-05 20:43:58.395445', 90, '其他生产制造职位');
UPDATE `loan_job` SET `created_at` = '2022-01-05 13:04:59.088778', `updated_at` = '2022-01-05 13:04:59.088778', `company_id` = 90, `position` = '汽车零部件设计' WHERE `loan_job`.`id` = 2016;
INSERT INTO `loan_job` (`id`, `created_at`, `updated_at`, `company_id`, `position`) VALUES (2016, '2022-01-05 13:04:59.088778', '2022-01-05 13:04:59.088778', 90, '汽车零部件设计');
UPDATE `loan_job` SET `created_at` = '2022-01-05 12:18:51.748338', `updated_at` = '2022-01-05 21:25:13.638327', `company_id` = 90, `position` = '质量管理/测试' WHERE `loan_job`.`id` = 2017;
INSERT INTO `loan_job` (`id`, `created_at`, `updated_at`, `company_id`, `position`) VALUES (2017, '2022-01-05 12:18:51.748338', '2022-01-05 21:25:13.638327', 90, '质量管理/测试');
UPDATE `loan_job` SET `created_at` = '2022-01-05 12:18:51.748338', `updated_at` = '2022-01-05 19:19:44.679098', `company_id` = 90, `position` = '工艺/制程工程师' WHERE `loan_job`.`id` = 2018;
INSERT INTO `loan_job` (`id`, `created_at`, `updated_at`, `company_id`, `position`) VALUES (2018, '2022-01-05 12:18:51.748338', '2022-01-05 19:19:44.679098', 90, '工艺/制程工程师');
UPDATE `loan_job` SET `created_at` = '2022-01-05 12:18:51.748338', `updated_at` = '2022-01-05 12:18:51.748338', `company_id` = 90, `position` = '材料工程师' WHERE `loan_job`.`id` = 2019;
INSERT INTO `loan_job` (`id`, `created_at`, `updated_at`, `company_id`, `position`) VALUES (2019, '2022-01-05 12:18:51.748338', '2022-01-05 12:18:51.748338', 90, '材料工程师');
UPDATE `loan_job` SET `created_at` = '2022-01-05 23:32:47.160951', `updated_at` = '2022-01-05 23:32:47.160951', `company_id` = 90, `position` = '汽车改装工程师' WHERE `loan_job`.`id` = 2020;
INSERT INTO `loan_job` (`id`, `created_at`, `updated_at`, `company_id`, `position`) VALUES (2020, '2022-01-05 23:32:47.160951', '2022-01-05 23:32:47.160951', 90, '汽车改装工程师');
UPDATE `loan_job` SET `created_at` = '2022-01-05 12:18:51.748338', `updated_at` = '2022-01-05 12:18:51.748338', `company_id` = 90, `position` = '木工' WHERE `loan_job`.`id` = 2021;
INSERT INTO `loan_job` (`id`, `created_at`, `updated_at`, `company_id`, `position`) VALUES (2021, '2022-01-05 12:18:51.748338', '2022-01-05 12:18:51.748338', 90, '木工');
UPDATE `loan_job` SET `created_at` = '2022-01-05 12:18:51.748338', `updated_at` = '2022-01-05 12:18:51.748338', `company_id` = 90, `position` = '搬运工' WHERE `loan_job`.`id` = 2022;
INSERT INTO `loan_job` (`id`, `created_at`, `updated_at`, `company_id`, `position`) VALUES (2022, '2022-01-05 12:18:51.748338', '2022-01-05 12:18:51.748338', 90, '搬运工');
UPDATE `loan_job` SET `created_at` = '2022-01-05 22:28:44.983684', `updated_at` = '2022-01-05 23:18:16.474235', `company_id` = 90, `position` = '抛光工' WHERE `loan_job`.`id` = 2023;
INSERT INTO `loan_job` (`id`, `created_at`, `updated_at`, `company_id`, `position`) VALUES (2023, '2022-01-05 22:28:44.983684', '2022-01-05 23:18:16.474235', 90, '抛光工');
UPDATE `loan_job` SET `created_at` = '2022-01-05 12:18:51.748338', `updated_at` = '2022-01-05 12:18:51.748338', `company_id` = 90, `position` = '焊工' WHERE `loan_job`.`id` = 2024;
INSERT INTO `loan_job` (`id`, `created_at`, `updated_at`, `company_id`, `position`) VALUES (2024, '2022-01-05 12:18:51.748338', '2022-01-05 12:18:51.748338', 90, '焊工');
UPDATE `loan_job` SET `created_at` = '2022-01-05 12:18:51.748338', `updated_at` = '2022-01-05 12:18:51.748338', `company_id` = 90, `position` = '空调工' WHERE `loan_job`.`id` = 2025;
INSERT INTO `loan_job` (`id`, `created_at`, `updated_at`, `company_id`, `position`) VALUES (2025, '2022-01-05 12:18:51.748338', '2022-01-05 12:18:51.748338', 90, '空调工');
UPDATE `loan_job` SET `created_at` = '2022-01-05 12:18:51.748338', `updated_at` = '2022-01-05 12:18:51.748338', `company_id` = 90, `position` = '钻工' WHERE `loan_job`.`id` = 2026;
INSERT INTO `loan_job` (`id`, `created_at`, `updated_at`, `company_id`, `position`) VALUES (2026, '2022-01-05 12:18:51.748338', '2022-01-05 12:18:51.748338', 90, '钻工');
UPDATE `loan_job` SET `created_at` = '2022-01-05 17:02:44.526819', `updated_at` = '2022-01-05 17:02:44.526819', `company_id` = 90, `position` = '锅炉工' WHERE `loan_job`.`id` = 2027;
INSERT INTO `loan_job` (`id`, `created_at`, `updated_at`, `company_id`, `position`) VALUES (2027, '2022-01-05 17:02:44.526819', '2022-01-05 17:02:44.526819', 90, '锅炉工');
UPDATE `loan_job` SET `created_at` = '2022-01-05 22:59:44.505768', `updated_at` = '2022-01-05 22:59:44.505768', `company_id` = 90, `position` = '铸造/锻造工程师' WHERE `loan_job`.`id` = 2028;
INSERT INTO `loan_job` (`id`, `created_at`, `updated_at`, `company_id`, `position`) VALUES (2028, '2022-01-05 22:59:44.505768', '2022-01-05 22:59:44.505768', 90, '铸造/锻造工程师');
UPDATE `loan_job` SET `created_at` = '2022-01-05 12:18:51.748338', `updated_at` = '2022-01-05 12:18:51.748338', `company_id` = 90, `position` = '生产设备管理' WHERE `loan_job`.`id` = 2029;
INSERT INTO `loan_job` (`id`, `created_at`, `updated_at`, `company_id`, `position`) VALUES (2029, '2022-01-05 12:18:51.748338', '2022-01-05 12:18:51.748338', 90, '生产设备管理');
UPDATE `loan_job` SET `created_at` = '2022-01-05 19:18:08.247933', `updated_at` = '2022-01-05 20:13:50.395593', `company_id` = 90, `position` = '模具工程师' WHERE `loan_job`.`id` = 2030;
INSERT INTO `loan_job` (`id`, `created_at`, `updated_at`, `company_id`, `position`) VALUES (2030, '2022-01-05 19:18:08.247933', '2022-01-05 20:13:50.395593', 90, '模具工程师');
UPDATE `loan_job` SET `created_at` = '2022-01-05 12:18:51.748338', `updated_at` = '2022-01-05 16:20:01.890107', `company_id` = 90, `position` = '二手车评估师' WHERE `loan_job`.`id` = 2031;
INSERT INTO `loan_job` (`id`, `created_at`, `updated_at`, `company_id`, `position`) VALUES (2031, '2022-01-05 12:18:51.748338', '2022-01-05 16:20:01.890107', 90, '二手车评估师');
UPDATE `loan_job` SET `created_at` = '2022-01-05 12:18:51.748338', `updated_at` = '2022-01-05 17:41:43.575423', `company_id` = 90, `position` = '汽车服务顾问' WHERE `loan_job`.`id` = 2032;
INSERT INTO `loan_job` (`id`, `created_at`, `updated_at`, `company_id`, `position`) VALUES (2032, '2022-01-05 12:18:51.748338', '2022-01-05 17:41:43.575423', 90, '汽车服务顾问');
UPDATE `loan_job` SET `created_at` = '2022-01-05 12:18:51.748338', `updated_at` = '2022-01-05 19:30:41.283889', `company_id` = 90, `position` = '机修工' WHERE `loan_job`.`id` = 2033;
INSERT INTO `loan_job` (`id`, `created_at`, `updated_at`, `company_id`, `position`) VALUES (2033, '2022-01-05 12:18:51.748338', '2022-01-05 19:30:41.283889', 90, '机修工');
UPDATE `loan_job` SET `created_at` = '2022-01-05 12:18:51.748338', `updated_at` = '2022-01-05 12:18:51.748338', `company_id` = 90, `position` = '化工项目经理' WHERE `loan_job`.`id` = 2034;
INSERT INTO `loan_job` (`id`, `created_at`, `updated_at`, `company_id`, `position`) VALUES (2034, '2022-01-05 12:18:51.748338', '2022-01-05 12:18:51.748338', 90, '化工项目经理');
UPDATE `loan_job` SET `created_at` = '2022-01-05 12:18:51.748338', `updated_at` = '2022-01-05 12:18:51.748338', `company_id` = 90, `position` = '生产跟单' WHERE `loan_job`.`id` = 2035;
INSERT INTO `loan_job` (`id`, `created_at`, `updated_at`, `company_id`, `position`) VALUES (2035, '2022-01-05 12:18:51.748338', '2022-01-05 12:18:51.748338', 90, '生产跟单');
UPDATE `loan_job` SET `created_at` = '2022-01-05 12:18:51.748338', `updated_at` = '2022-01-05 13:19:35.345190', `company_id` = 90, `position` = '折弯工' WHERE `loan_job`.`id` = 2036;
INSERT INTO `loan_job` (`id`, `created_at`, `updated_at`, `company_id`, `position`) VALUES (2036, '2022-01-05 12:18:51.748338', '2022-01-05 13:19:35.345190', 90, '折弯工');
UPDATE `loan_job` SET `created_at` = '2022-01-05 12:18:51.748338', `updated_at` = '2022-01-05 19:18:29.939824', `company_id` = 90, `position` = '电工' WHERE `loan_job`.`id` = 2037;
INSERT INTO `loan_job` (`id`, `created_at`, `updated_at`, `company_id`, `position`) VALUES (2037, '2022-01-05 12:18:51.748338', '2022-01-05 19:18:29.939824', 90, '电工');
UPDATE `loan_job` SET `created_at` = '2022-01-05 12:18:51.748338', `updated_at` = '2022-01-05 12:18:51.748338', `company_id` = 90, `position` = '服装/纺织/皮革跟单' WHERE `loan_job`.`id` = 2038;
INSERT INTO `loan_job` (`id`, `created_at`, `updated_at`, `company_id`, `position`) VALUES (2038, '2022-01-05 12:18:51.748338', '2022-01-05 12:18:51.748338', 90, '服装/纺织/皮革跟单');
UPDATE `loan_job` SET `created_at` = '2022-01-05 12:18:51.748338', `updated_at` = '2022-01-05 12:18:51.748338', `company_id` = 90, `position` = '生产经理/车间主任' WHERE `loan_job`.`id` = 2039;
INSERT INTO `loan_job` (`id`, `created_at`, `updated_at`, `company_id`, `position`) VALUES (2039, '2022-01-05 12:18:51.748338', '2022-01-05 12:18:51.748338', 90, '生产经理/车间主任');
UPDATE `loan_job` SET `created_at` = '2022-01-05 12:18:51.748338', `updated_at` = '2022-01-05 15:08:08.917321', `company_id` = 90, `position` = '磨工' WHERE `loan_job`.`id` = 2040;
INSERT INTO `loan_job` (`id`, `created_at`, `updated_at`, `company_id`, `position`) VALUES (2040, '2022-01-05 12:18:51.748338', '2022-01-05 15:08:08.917321', 90, '磨工');
UPDATE `loan_job` SET `created_at` = '2022-01-05 12:18:51.748338', `updated_at` = '2022-01-05 20:14:51.068890', `company_id` = 90, `position` = '喷塑工' WHERE `loan_job`.`id` = 2041;
INSERT INTO `loan_job` (`id`, `created_at`, `updated_at`, `company_id`, `position`) VALUES (2041, '2022-01-05 12:18:51.748338', '2022-01-05 20:14:51.068890', 90, '喷塑工');
UPDATE `loan_job` SET `created_at` = '2022-01-05 12:18:51.748338', `updated_at` = '2022-01-05 12:18:51.748338', `company_id` = 90, `position` = '内外饰设计工程师' WHERE `loan_job`.`id` = 2042;
INSERT INTO `loan_job` (`id`, `created_at`, `updated_at`, `company_id`, `position`) VALUES (2042, '2022-01-05 12:18:51.748338', '2022-01-05 12:18:51.748338', 90, '内外饰设计工程师');
UPDATE `loan_job` SET `created_at` = '2022-01-05 12:18:51.748338', `updated_at` = '2022-01-05 15:15:28.750151', `company_id` = 90, `position` = '模具工' WHERE `loan_job`.`id` = 2043;
INSERT INTO `loan_job` (`id`, `created_at`, `updated_at`, `company_id`, `position`) VALUES (2043, '2022-01-05 12:18:51.748338', '2022-01-05 15:15:28.750151', 90, '模具工');
UPDATE `loan_job` SET `created_at` = '2022-01-05 12:18:51.748338', `updated_at` = '2022-01-05 12:18:51.748338', `company_id` = 90, `position` = '汽车设计' WHERE `loan_job`.`id` = 2044;
INSERT INTO `loan_job` (`id`, `created_at`, `updated_at`, `company_id`, `position`) VALUES (2044, '2022-01-05 12:18:51.748338', '2022-01-05 12:18:51.748338', 90, '汽车设计');
UPDATE `loan_job` SET `created_at` = '2022-01-05 12:18:51.748338', `updated_at` = '2022-01-05 12:18:51.748338', `company_id` = 90, `position` = '汽车定损理赔' WHERE `loan_job`.`id` = 2045;
INSERT INTO `loan_job` (`id`, `created_at`, `updated_at`, `company_id`, `position`) VALUES (2045, '2022-01-05 12:18:51.748338', '2022-01-05 12:18:51.748338', 90, '汽车定损理赔');
UPDATE `loan_job` SET `created_at` = '2022-01-05 12:18:51.748338', `updated_at` = '2022-01-05 12:18:51.748338', `company_id` = 90, `position` = '电池工程师' WHERE `loan_job`.`id` = 2046;
INSERT INTO `loan_job` (`id`, `created_at`, `updated_at`, `company_id`, `position`) VALUES (2046, '2022-01-05 12:18:51.748338', '2022-01-05 12:18:51.748338', 90, '电池工程师');
UPDATE `loan_job` SET `created_at` = '2022-01-05 22:40:55.176883', `updated_at` = '2022-01-05 22:40:55.176883', `company_id` = 90, `position` = '车身/造型设计' WHERE `loan_job`.`id` = 2047;
INSERT INTO `loan_job` (`id`, `created_at`, `updated_at`, `company_id`, `position`) VALUES (2047, '2022-01-05 22:40:55.176883', '2022-01-05 22:40:55.176883', 90, '车身/造型设计');
UPDATE `loan_job` SET `created_at` = '2022-01-05 12:18:51.748338', `updated_at` = '2022-01-05 13:01:47.618533', `company_id` = 90, `position` = '夹具工程师' WHERE `loan_job`.`id` = 2048;
INSERT INTO `loan_job` (`id`, `created_at`, `updated_at`, `company_id`, `position`) VALUES (2048, '2022-01-05 12:18:51.748338', '2022-01-05 13:01:47.618533', 90, '夹具工程师');
UPDATE `loan_job` SET `created_at` = '2022-01-05 12:18:51.748338', `updated_at` = '2022-01-05 12:18:51.748338', `company_id` = 90, `position` = '包装工' WHERE `loan_job`.`id` = 2049;
INSERT INTO `loan_job` (`id`, `created_at`, `updated_at`, `company_id`, `position`) VALUES (2049, '2022-01-05 12:18:51.748338', '2022-01-05 12:18:51.748338', 90, '包装工');
UPDATE `loan_job` SET `created_at` = '2022-01-05 12:18:51.748338', `updated_at` = '2022-01-05 13:25:14.772307', `company_id` = 90, `position` = '打样/制版' WHERE `loan_job`.`id` = 2050;
INSERT INTO `loan_job` (`id`, `created_at`, `updated_at`, `company_id`, `position`) VALUES (2050, '2022-01-05 12:18:51.748338', '2022-01-05 13:25:14.772307', 90, '打样/制版');
UPDATE `loan_job` SET `created_at` = '2022-01-05 12:18:51.748338', `updated_at` = '2022-01-05 13:37:40.297553', `company_id` = 90, `position` = '注塑工' WHERE `loan_job`.`id` = 2051;
INSERT INTO `loan_job` (`id`, `created_at`, `updated_at`, `company_id`, `position`) VALUES (2051, '2022-01-05 12:18:51.748338', '2022-01-05 13:37:40.297553', 90, '注塑工');
UPDATE `loan_job` SET `created_at` = '2022-01-05 16:36:14.466147', `updated_at` = '2022-01-05 16:36:14.466147', `company_id` = 90, `position` = '动力系统工程师' WHERE `loan_job`.`id` = 2052;
INSERT INTO `loan_job` (`id`, `created_at`, `updated_at`, `company_id`, `position`) VALUES (2052, '2022-01-05 16:36:14.466147', '2022-01-05 16:36:14.466147', 90, '动力系统工程师');
UPDATE `loan_job` SET `created_at` = '2022-01-05 12:18:51.748338', `updated_at` = '2022-01-05 12:18:51.748338', `company_id` = 90, `position` = '机械制图' WHERE `loan_job`.`id` = 2053;
INSERT INTO `loan_job` (`id`, `created_at`, `updated_at`, `company_id`, `position`) VALUES (2053, '2022-01-05 12:18:51.748338', '2022-01-05 12:18:51.748338', 90, '机械制图');
UPDATE `loan_job` SET `created_at` = '2022-01-05 14:52:57.324511', `updated_at` = '2022-01-05 22:30:55.734741', `company_id` = 90, `position` = '汽车项目管理' WHERE `loan_job`.`id` = 2054;
INSERT INTO `loan_job` (`id`, `created_at`, `updated_at`, `company_id`, `position`) VALUES (2054, '2022-01-05 14:52:57.324511', '2022-01-05 22:30:55.734741', 90, '汽车项目管理');
UPDATE `loan_job` SET `created_at` = '2022-01-05 12:18:51.748338', `updated_at` = '2022-01-05 12:18:51.748338', `company_id` = 90, `position` = '汽车电子工程师' WHERE `loan_job`.`id` = 2055;
INSERT INTO `loan_job` (`id`, `created_at`, `updated_at`, `company_id`, `position`) VALUES (2055, '2022-01-05 12:18:51.748338', '2022-01-05 12:18:51.748338', 90, '汽车电子工程师');
UPDATE `loan_job` SET `created_at` = '2022-01-05 12:18:51.748338', `updated_at` = '2022-01-05 13:03:10.350579', `company_id` = 90, `position` = '机械工程师' WHERE `loan_job`.`id` = 2056;
INSERT INTO `loan_job` (`id`, `created_at`, `updated_at`, `company_id`, `position`) VALUES (2056, '2022-01-05 12:18:51.748338', '2022-01-05 13:03:10.350579', 90, '机械工程师');
UPDATE `loan_job` SET `created_at` = '2022-01-05 12:18:51.748338', `updated_at` = '2022-01-05 12:18:51.748338', `company_id` = 90, `position` = '电镀工' WHERE `loan_job`.`id` = 2057;
INSERT INTO `loan_job` (`id`, `created_at`, `updated_at`, `company_id`, `position`) VALUES (2057, '2022-01-05 12:18:51.748338', '2022-01-05 12:18:51.748338', 90, '电镀工');
UPDATE `loan_job` SET `created_at` = '2022-01-05 21:01:15.725245', `updated_at` = '2022-01-05 21:01:15.725245', `company_id` = 90, `position` = '组装工' WHERE `loan_job`.`id` = 2058;
INSERT INTO `loan_job` (`id`, `created_at`, `updated_at`, `company_id`, `position`) VALUES (2058, '2022-01-05 21:01:15.725245', '2022-01-05 21:01:15.725245', 90, '组装工');
UPDATE `loan_job` SET `created_at` = '2022-01-05 12:18:51.748338', `updated_at` = '2022-01-05 18:46:52.745847', `company_id` = 90, `position` = '机械设计/制造' WHERE `loan_job`.`id` = 2059;
INSERT INTO `loan_job` (`id`, `created_at`, `updated_at`, `company_id`, `position`) VALUES (2059, '2022-01-05 12:18:51.748338', '2022-01-05 18:46:52.745847', 90, '机械设计/制造');
UPDATE `loan_job` SET `created_at` = '2022-01-05 21:29:43.413418', `updated_at` = '2022-01-05 21:29:43.413418', `company_id` = 91, `position` = '其他职位' WHERE `loan_job`.`id` = 2060;
INSERT INTO `loan_job` (`id`, `created_at`, `updated_at`, `company_id`, `position`) VALUES (2060, '2022-01-05 21:29:43.413418', '2022-01-05 21:29:43.413418', 91, '其他职位');
UPDATE `loan_address` SET `created_at` = '2022-01-05 12:01:35.452708', `updated_at` = '2022-01-05 12:01:35.452708', `province` = '河南省', `city` = '郑州市', `county` = '中牟县', `town` = '刁家乡', `detail` = '宝山路175号' WHERE `loan_address`.`id` = 9514;
INSERT INTO `loan_address` (`id`, `created_at`, `updated_at`, `province`, `city`, `county`, `town`, `detail`) VALUES (9514, '2022-01-05 12:01:35.452708', '2022-01-05 12:01:35.452708', '河南省', '郑州市', '中牟县', '刁家乡', '宝山路175号');
UPDATE `loan_customer` SET `created_at` = '2022-01-05 12:01:35.452708', `updated_at` = '2022-01-05 17:32:45.044529', `name` = '孔姣', `id_number` = '810353900214721432', `gender` = 'f', `birthday` = '1982-12-01', `address_id` = 9514, `job_id` = 1958, `salary` = 15000 WHERE `loan_customer`.`id` = 5905;
INSERT INTO `loan_customer` (`id`, `created_at`, `updated_at`, `name`, `id_number`, `gender`, `birthday`, `address_id`, `job_id`, `salary`) VALUES (5905, '2022-01-05 12:01:35.452708', '2022-01-05 17:32:45.044529', '孔姣', '810353900214721432', 'f', '1982-12-01', 9514, 1958, 15000);
UPDATE `loan_address` SET `created_at` = '2022-01-05 14:54:58.044187', `updated_at` = '2022-01-05 14:54:58.044187', `province` = '新疆维吾尔自治区', `city` = '塔城地区', `county` = '额敏县', `town` = '加尔布拉克农场', `detail` = '宝通路50号' WHERE `loan_address`.`id` = 9515;
INSERT INTO `loan_address` (`id`, `created_at`, `updated_at`, `province`, `city`, `county`, `town`, `detail`) VALUES (9515, '2022-01-05 14:54:58.044187', '2022-01-05 14:54:58.044187', '新疆维吾尔自治区', '塔城地区', '额敏县', '加尔布拉克农场', '宝通路50号');
UPDATE `loan_estate` SET `created_at` = '2022-01-05 14:54:58.044187', `updated_at` = '2022-01-05 14:54:58.044187', `customer_id` = 5905, `address_id` = 9515 WHERE `loan_estate`.`id` = 3519;
INSERT INTO `loan_estate` (`id`, `created_at`, `updated_at`, `customer_id`, `address_id`) VALUES (3519, '2022-01-05 14:54:58.044187', '2022-01-05 14:54:58.044187', 5905, 9515);
UPDATE `loan_address` SET `created_at` = '2022-01-05 20:19:46.730705', `updated_at` = '2022-01-05 20:19:46.730705', `province` = '河北省', `city` = '保定市', `county` = '曲阳县', `town` = '孝墓乡', `detail` = '宝林路东新大厦97号' WHERE `loan_address`.`id` = 9516;
INSERT INTO `loan_address` (`id`, `created_at`, `updated_at`, `province`, `city`, `county`, `town`, `detail`) VALUES (9516, '2022-01-05 20:19:46.730705', '2022-01-05 20:19:46.730705', '河北省', '保定市', '曲阳县', '孝墓乡', '宝林路东新大厦97号');
UPDATE `loan_estate` SET `created_at` = '2022-01-05 20:19:46.730705', `updated_at` = '2022-01-05 20:19:46.730705', `customer_id` = 5905, `address_id` = 9516 WHERE `loan_estate`.`id` = 3520;
INSERT INTO `loan_estate` (`id`, `created_at`, `updated_at`, `customer_id`, `address_id`) VALUES (3520, '2022-01-05 20:19:46.730705', '2022-01-05 20:19:46.730705', 5905, 9516);
UPDATE `loan_car` SET `created_at` = '2022-01-05 14:10:10.777838', `updated_at` = '2022-01-05 15:24:59.170045', `customer_id` = 5905, `model_id` = 226, `vin_number` = '200189474497814488', `date_produced` = '2014-08-24', `value_estimated` = 190000 WHERE `loan_car`.`id` = 4745;
INSERT INTO `loan_car` (`id`, `created_at`, `updated_at`, `customer_id`, `model_id`, `vin_number`, `date_produced`, `value_estimated`) VALUES (4745, '2022-01-05 14:10:10.777838', '2022-01-05 15:24:59.170045', 5905, 226, '200189474497814488', '2014-08-24', 190000);
UPDATE `loan_account` SET `created_at` = '2022-01-05 17:30:13.952504', `updated_at` = '2022-01-05 17:30:13.952504', `customer_id` = 5905, `number` = '039698595640176003', `balance` = 63457 WHERE `loan_account`.`id` = 5389;
INSERT INTO `loan_account` (`id`, `created_at`, `updated_at`, `customer_id`, `number`, `balance`) VALUES (5389, '2022-01-05 17:30:13.952504', '2022-01-05 17:30:13.952504', 5905, '039698595640176003', 63457);
UPDATE `loan_address` SET `created_at` = '2022-01-05 18:03:58.282345', `updated_at` = '2022-01-05 18:03:58.282345', `province` = '新疆维吾尔自治区', `city` = '喀什地区', `county` = '麦盖提县', `town` = '麦盖提镇', `detail` = '鞍山支路住友嘉馨名园74号' WHERE `loan_address`.`id` = 9517;
INSERT INTO `loan_address` (`id`, `created_at`, `updated_at`, `province`, `city`, `county`, `town`, `detail`) VALUES (9517, '2022-01-05 18:03:58.282345', '2022-01-05 18:03:58.282345', '新疆维吾尔自治区', '喀什地区', '麦盖提县', '麦盖提镇', '鞍山支路住友嘉馨名园74号');
UPDATE `loan_customer` SET `created_at` = '2022-01-05 18:03:58.282345', `updated_at` = '2022-01-05 18:03:58.282345', `name` = '陆波', `id_number` = '023085095745985510', `gender` = 'f', `birthday` = '2009-05-04', `address_id` = 9517, `job_id` = 1958, `salary` = 35000 WHERE `loan_customer`.`id` = 5906;
INSERT INTO `loan_customer` (`id`, `created_at`, `updated_at`, `name`, `id_number`, `gender`, `birthday`, `address_id`, `job_id`, `salary`) VALUES (5906, '2022-01-05 18:03:58.282345', '2022-01-05 18:03:58.282345', '陆波', '023085095745985510', 'f', '2009-05-04', 9517, 1958, 35000);
UPDATE `loan_account` SET `created_at` = '2022-01-05 19:52:57.583727', `updated_at` = '2022-01-05 22:19:01.170129', `customer_id` = 5906, `number` = '124598555913785997', `balance` = 54582 WHERE `loan_account`.`id` = 5390;
INSERT INTO `loan_account` (`id`, `created_at`, `updated_at`, `customer_id`, `number`, `balance`) VALUES (5390, '2022-01-05 19:52:57.583727', '2022-01-05 22:19:01.170129', 5906, '124598555913785997', 54582);
UPDATE `loan_address` SET `created_at` = '2022-01-05 01:08:51.727367', `updated_at` = '2022-01-05 01:08:51.727367', `province` = '新疆维吾尔自治区', `city` = '塔城地区', `county` = '额敏县', `town` = '加尔布拉克农场', `detail` = '爱国路和亭佳苑17号' WHERE `loan_address`.`id` = 9518;
INSERT INTO `loan_address` (`id`, `created_at`, `updated_at`, `province`, `city`, `county`, `town`, `detail`) VALUES (9518, '2022-01-05 01:08:51.727367', '2022-01-05 01:08:51.727367', '新疆维吾尔自治区', '塔城地区', '额敏县', '加尔布拉克农场', '爱国路和亭佳苑17号');
UPDATE `loan_customer` SET `created_at` = '2022-01-05 01:08:51.727367', `updated_at` = '2022-01-05 14:01:51.078336', `name` = '郭建德', `id_number` = '865534943804981371', `gender` = 'm', `birthday` = '1996-11-26', `address_id` = 9518, `job_id` = 1959, `salary` = 19000 WHERE `loan_customer`.`id` = 5907;
INSERT INTO `loan_customer` (`id`, `created_at`, `updated_at`, `name`, `id_number`, `gender`, `birthday`, `address_id`, `job_id`, `salary`) VALUES (5907, '2022-01-05 01:08:51.727367', '2022-01-05 14:01:51.078336', '郭建德', '865534943804981371', 'm', '1996-11-26', 9518, 1959, 19000);
UPDATE `loan_address` SET `created_at` = '2022-01-05 17:30:52.302562', `updated_at` = '2022-01-05 17:30:52.302562', `province` = '辽宁省', `city` = '大连市', `county` = '庄河市', `town` = '长岭镇', `detail` = '宝杨路菊园五街坊22号' WHERE `loan_address`.`id` = 9519;
INSERT INTO `loan_address` (`id`, `created_at`, `updated_at`, `province`, `city`, `county`, `town`, `detail`) VALUES (9519, '2022-01-05 17:30:52.302562', '2022-01-05 17:30:52.302562', '辽宁省', '大连市', '庄河市', '长岭镇', '宝杨路菊园五街坊22号');
UPDATE `loan_estate` SET `created_at` = '2022-01-05 17:30:52.302562', `updated_at` = '2022-01-05 17:43:53.812454', `customer_id` = 5907, `address_id` = 9519 WHERE `loan_estate`.`id` = 3521;
INSERT INTO `loan_estate` (`id`, `created_at`, `updated_at`, `customer_id`, `address_id`) VALUES (3521, '2022-01-05 17:30:52.302562', '2022-01-05 17:43:53.812454', 5907, 9519);
UPDATE `loan_account` SET `created_at` = '2022-01-05 09:49:16.330224', `updated_at` = '2022-01-05 23:07:31.689933', `customer_id` = 5907, `number` = '480902491605595230', `balance` = 78051 WHERE `loan_account`.`id` = 5391;
INSERT INTO `loan_account` (`id`, `created_at`, `updated_at`, `customer_id`, `number`, `balance`) VALUES (5391, '2022-01-05 09:49:16.330224', '2022-01-05 23:07:31.689933', 5907, '480902491605595230', 78051);
UPDATE `loan_address` SET `created_at` = '2022-01-05 10:34:31.113390', `updated_at` = '2022-01-05 10:34:31.113390', `province` = '海南省', `city` = '省直辖县级行政区划', `county` = '乐东黎族自治县', `town` = '千家镇', `detail` = '白玉路耀江花园125号' WHERE `loan_address`.`id` = 9520;
INSERT INTO `loan_address` (`id`, `created_at`, `updated_at`, `province`, `city`, `county`, `town`, `detail`) VALUES (9520, '2022-01-05 10:34:31.113390', '2022-01-05 10:34:31.113390', '海南省', '省直辖县级行政区划', '乐东黎族自治县', '千家镇', '白玉路耀江花园125号');
UPDATE `loan_customer` SET `created_at` = '2022-01-05 10:34:31.113390', `updated_at` = '2022-01-05 18:49:37.168031', `name` = '周灵', `id_number` = '270051538748376732', `gender` = 'm', `birthday` = '1989-11-13', `address_id` = 9520, `job_id` = 1959, `salary` = 19000 WHERE `loan_customer`.`id` = 5908;
INSERT INTO `loan_customer` (`id`, `created_at`, `updated_at`, `name`, `id_number`, `gender`, `birthday`, `address_id`, `job_id`, `salary`) VALUES (5908, '2022-01-05 10:34:31.113390', '2022-01-05 18:49:37.168031', '周灵', '270051538748376732', 'm', '1989-11-13', 9520, 1959, 19000);
UPDATE `loan_address` SET `created_at` = '2022-01-05 13:49:49.104786', `updated_at` = '2022-01-05 13:49:49.104786', `province` = '新疆维吾尔自治区', `city` = '克孜勒苏柯尔克孜自治州', `county` = '阿合奇县', `town` = '哈拉布拉克乡', `detail` = '宝昌路55号' WHERE `loan_address`.`id` = 9521;
INSERT INTO `loan_address` (`id`, `created_at`, `updated_at`, `province`, `city`, `county`, `town`, `detail`) VALUES (9521, '2022-01-05 13:49:49.104786', '2022-01-05 13:49:49.104786', '新疆维吾尔自治区', '克孜勒苏柯尔克孜自治州', '阿合奇县', '哈拉布拉克乡', '宝昌路55号');
UPDATE `loan_estate` SET `created_at` = '2022-01-05 13:49:49.104786', `updated_at` = '2022-01-05 13:49:49.104786', `customer_id` = 5908, `address_id` = 9521 WHERE `loan_estate`.`id` = 3522;
INSERT INTO `loan_estate` (`id`, `created_at`, `updated_at`, `customer_id`, `address_id`) VALUES (3522, '2022-01-05 13:49:49.104786', '2022-01-05 13:49:49.104786', 5908, 9521);
UPDATE `loan_address` SET `created_at` = '2022-01-05 19:07:08.081265', `updated_at` = '2022-01-05 19:07:08.081265', `province` = '甘肃省', `city` = '兰州市', `county` = '城关区', `town` = '焦家湾街道', `detail` = '包头南路95号' WHERE `loan_address`.`id` = 9522;
INSERT INTO `loan_address` (`id`, `created_at`, `updated_at`, `province`, `city`, `county`, `town`, `detail`) VALUES (9522, '2022-01-05 19:07:08.081265', '2022-01-05 19:07:08.081265', '甘肃省', '兰州市', '城关区', '焦家湾街道', '包头南路95号');
UPDATE `loan_estate` SET `created_at` = '2022-01-05 19:07:08.081265', `updated_at` = '2022-01-05 19:07:08.081265', `customer_id` = 5908, `address_id` = 9522 WHERE `loan_estate`.`id` = 3523;
INSERT INTO `loan_estate` (`id`, `created_at`, `updated_at`, `customer_id`, `address_id`) VALUES (3523, '2022-01-05 19:07:08.081265', '2022-01-05 19:07:08.081265', 5908, 9522);
UPDATE `loan_account` SET `created_at` = '2022-01-05 19:24:16.583565', `updated_at` = '2022-01-05 21:29:42.718012', `customer_id` = 5908, `number` = '782803312755118189', `balance` = 42592 WHERE `loan_account`.`id` = 5392;
INSERT INTO `loan_account` (`id`, `created_at`, `updated_at`, `customer_id`, `number`, `balance`) VALUES (5392, '2022-01-05 19:24:16.583565', '2022-01-05 21:29:42.718012', 5908, '782803312755118189', 42592);
UPDATE `loan_address` SET `created_at` = '2022-01-05 00:31:43.551117', `updated_at` = '2022-01-05 00:31:43.551117', `province` = '新疆维吾尔自治区', `city` = '塔城地区', `county` = '乌苏市', `town` = '兵团一二八团', `detail` = '百安路（方泰镇）82号' WHERE `loan_address`.`id` = 9523;
INSERT INTO `loan_address` (`id`, `created_at`, `updated_at`, `province`, `city`, `county`, `town`, `detail`) VALUES (9523, '2022-01-05 00:31:43.551117', '2022-01-05 00:31:43.551117', '新疆维吾尔自治区', '塔城地区', '乌苏市', '兵团一二八团', '百安路（方泰镇）82号');
UPDATE `loan_customer` SET `created_at` = '2022-01-05 00:31:43.551117', `updated_at` = '2022-01-05 04:21:59.821333', `name` = '刘良弼', `id_number` = '022553506375629395', `gender` = 'm', `birthday` = '2006-10-09', `address_id` = 9523, `job_id` = 1960, `salary` = 29000 WHERE `loan_customer`.`id` = 5909;
INSERT INTO `loan_customer` (`id`, `created_at`, `updated_at`, `name`, `id_number`, `gender`, `birthday`, `address_id`, `job_id`, `salary`) VALUES (5909, '2022-01-05 00:31:43.551117', '2022-01-05 04:21:59.821333', '刘良弼', '022553506375629395', 'm', '2006-10-09', 9523, 1960, 29000);
UPDATE `loan_address` SET `created_at` = '2022-01-05 10:39:30.068841', `updated_at` = '2022-01-05 10:39:30.068841', `province` = '广东省', `city` = '茂名市', `county` = '电白区', `town` = '曙光农场', `detail` = '保屯路溢盈河畔别墅141号' WHERE `loan_address`.`id` = 9524;
INSERT INTO `loan_address` (`id`, `created_at`, `updated_at`, `province`, `city`, `county`, `town`, `detail`) VALUES (9524, '2022-01-05 10:39:30.068841', '2022-01-05 10:39:30.068841', '广东省', '茂名市', '电白区', '曙光农场', '保屯路溢盈河畔别墅141号');
UPDATE `loan_estate` SET `created_at` = '2022-01-05 10:39:30.068841', `updated_at` = '2022-01-05 10:39:30.068841', `customer_id` = 5909, `address_id` = 9524 WHERE `loan_estate`.`id` = 3524;
INSERT INTO `loan_estate` (`id`, `created_at`, `updated_at`, `customer_id`, `address_id`) VALUES (3524, '2022-01-05 10:39:30.068841', '2022-01-05 10:39:30.068841', 5909, 9524);
UPDATE `loan_car` SET `created_at` = '2022-01-05 06:01:46.868332', `updated_at` = '2022-01-05 06:01:46.868332', `customer_id` = 5909, `model_id` = 63, `vin_number` = '551570805549157698', `date_produced` = '2017-06-30', `value_estimated` = 280000 WHERE `loan_car`.`id` = 4746;
INSERT INTO `loan_car` (`id`, `created_at`, `updated_at`, `customer_id`, `model_id`, `vin_number`, `date_produced`, `value_estimated`) VALUES (4746, '2022-01-05 06:01:46.868332', '2022-01-05 06:01:46.868332', 5909, 63, '551570805549157698', '2017-06-30', 280000);
UPDATE `loan_account` SET `created_at` = '2022-01-05 22:10:46.314922', `updated_at` = '2022-01-05 23:15:10.616043', `customer_id` = 5909, `number` = '918892071073657037', `balance` = 123326 WHERE `loan_account`.`id` = 5393;
INSERT INTO `loan_account` (`id`, `created_at`, `updated_at`, `customer_id`, `number`, `balance`) VALUES (5393, '2022-01-05 22:10:46.314922', '2022-01-05 23:15:10.616043', 5909, '918892071073657037', 123326);
UPDATE `loan_address` SET `created_at` = '2022-01-05 10:06:19.515940', `updated_at` = '2022-01-05 10:06:19.515940', `province` = '西藏自治区', `city` = '昌都市', `county` = '贡觉县', `town` = '哈加乡', `detail` = '保屯路金色家园56号' WHERE `loan_address`.`id` = 9525;
INSERT INTO `loan_address` (`id`, `created_at`, `updated_at`, `province`, `city`, `county`, `town`, `detail`) VALUES (9525, '2022-01-05 10:06:19.515940', '2022-01-05 10:06:19.515940', '西藏自治区', '昌都市', '贡觉县', '哈加乡', '保屯路金色家园56号');
UPDATE `loan_customer` SET `created_at` = '2022-01-05 10:06:19.515940', `updated_at` = '2022-01-05 10:06:19.515940', `name` = '孟学民', `id_number` = '880664198236489559', `gender` = 'm', `birthday` = '1980-02-20', `address_id` = 9525, `job_id` = 1960, `salary` = 31000 WHERE `loan_customer`.`id` = 5910;
INSERT INTO `loan_customer` (`id`, `created_at`, `updated_at`, `name`, `id_number`, `gender`, `birthday`, `address_id`, `job_id`, `salary`) VALUES (5910, '2022-01-05 10:06:19.515940', '2022-01-05 10:06:19.515940', '孟学民', '880664198236489559', 'm', '1980-02-20', 9525, 1960, 31000);
UPDATE `loan_chattel` SET `created_at` = '2022-01-05 21:34:58.788551', `updated_at` = '2022-01-05 21:34:58.788551', `customer_id` = 5910, `type` = 'check', `description` = '一些信息', `value_amount` = 700000, `expired_at` = '2033-05-23' WHERE `loan_chattel`.`id` = 1742;
INSERT INTO `loan_chattel` (`id`, `created_at`, `updated_at`, `customer_id`, `type`, `description`, `value_amount`, `expired_at`) VALUES (1742, '2022-01-05 21:34:58.788551', '2022-01-05 21:34:58.788551', 5910, 'check', '一些信息', 700000, '2033-05-23');
UPDATE `loan_address` SET `created_at` = '2022-01-05 11:33:04.961582', `updated_at` = '2022-01-05 11:33:04.961582', `province` = '吉林省', `city` = '长春市', `county` = '双阳区', `town` = '太平镇', `detail` = '安德路协通公寓49号' WHERE `loan_address`.`id` = 9526;
INSERT INTO `loan_address` (`id`, `created_at`, `updated_at`, `province`, `city`, `county`, `town`, `detail`) VALUES (9526, '2022-01-05 11:33:04.961582', '2022-01-05 11:33:04.961582', '吉林省', '长春市', '双阳区', '太平镇', '安德路协通公寓49号');
UPDATE `loan_estate` SET `created_at` = '2022-01-05 11:33:04.961582', `updated_at` = '2022-01-05 11:33:04.961582', `customer_id` = 5910, `address_id` = 9526 WHERE `loan_estate`.`id` = 3525;
INSERT INTO `loan_estate` (`id`, `created_at`, `updated_at`, `customer_id`, `address_id`) VALUES (3525, '2022-01-05 11:33:04.961582', '2022-01-05 11:33:04.961582', 5910, 9526);
UPDATE `loan_account` SET `created_at` = '2022-01-05 20:04:54.477750', `updated_at` = '2022-01-05 20:27:40.170329', `customer_id` = 5910, `number` = '219211540726151584', `balance` = 106410 WHERE `loan_account`.`id` = 5394;
INSERT INTO `loan_account` (`id`, `created_at`, `updated_at`, `customer_id`, `number`, `balance`) VALUES (5394, '2022-01-05 20:04:54.477750', '2022-01-05 20:27:40.170329', 5910, '219211540726151584', 106410);
UPDATE `loan_address` SET `created_at` = '2022-01-05 16:04:42.534797', `updated_at` = '2022-01-05 16:04:42.534797', `province` = '甘肃省', `city` = '甘南藏族自治州', `county` = '夏河县', `town` = '王格尔塘镇', `detail` = '白渡桥32号' WHERE `loan_address`.`id` = 9527;
INSERT INTO `loan_address` (`id`, `created_at`, `updated_at`, `province`, `city`, `county`, `town`, `detail`) VALUES (9527, '2022-01-05 16:04:42.534797', '2022-01-05 16:04:42.534797', '甘肃省', '甘南藏族自治州', '夏河县', '王格尔塘镇', '白渡桥32号');
UPDATE `loan_customer` SET `created_at` = '2022-01-05 16:04:42.534797', `updated_at` = '2022-01-05 22:01:45.985660', `name` = '熊天纵', `id_number` = '029308955686680604', `gender` = 'm', `birthday` = '2000-10-30', `address_id` = 9527, `job_id` = 1961, `salary` = 74000 WHERE `loan_customer`.`id` = 5911;
INSERT INTO `loan_customer` (`id`, `created_at`, `updated_at`, `name`, `id_number`, `gender`, `birthday`, `address_id`, `job_id`, `salary`) VALUES (5911, '2022-01-05 16:04:42.534797', '2022-01-05 22:01:45.985660', '熊天纵', '029308955686680604', 'm', '2000-10-30', 9527, 1961, 74000);
UPDATE `loan_car` SET `created_at` = '2022-01-05 19:29:46.622078', `updated_at` = '2022-01-05 22:04:18.196976', `customer_id` = 5911, `model_id` = 12, `vin_number` = '593994789832966884', `date_produced` = '2018-01-19', `value_estimated` = 440000 WHERE `loan_car`.`id` = 4747;
INSERT INTO `loan_car` (`id`, `created_at`, `updated_at`, `customer_id`, `model_id`, `vin_number`, `date_produced`, `value_estimated`) VALUES (4747, '2022-01-05 19:29:46.622078', '2022-01-05 22:04:18.196976', 5911, 12, '593994789832966884', '2018-01-19', 440000);
UPDATE `loan_car` SET `created_at` = '2022-01-05 21:57:36.550520', `updated_at` = '2022-01-05 21:57:36.550520', `customer_id` = 5911, `model_id` = 11, `vin_number` = '002941928120747328', `date_produced` = '2020-05-18', `value_estimated` = 120000 WHERE `loan_car`.`id` = 4748;
INSERT INTO `loan_car` (`id`, `created_at`, `updated_at`, `customer_id`, `model_id`, `vin_number`, `date_produced`, `value_estimated`) VALUES (4748, '2022-01-05 21:57:36.550520', '2022-01-05 21:57:36.550520', 5911, 11, '002941928120747328', '2020-05-18', 120000);
UPDATE `loan_account` SET `created_at` = '2022-01-05 18:23:56.511651', `updated_at` = '2022-01-05 18:23:56.511651', `customer_id` = 5911, `number` = '078965336864904770', `balance` = 54952 WHERE `loan_account`.`id` = 5395;
INSERT INTO `loan_account` (`id`, `created_at`, `updated_at`, `customer_id`, `number`, `balance`) VALUES (5395, '2022-01-05 18:23:56.511651', '2022-01-05 18:23:56.511651', 5911, '078965336864904770', 54952);
UPDATE `loan_address` SET `created_at` = '2022-01-05 03:07:47.063901', `updated_at` = '2022-01-05 03:07:47.063901', `province` = '安徽省', `city` = '宿州市', `county` = '灵璧县', `town` = '浍沟镇', `detail` = '宝联路住友嘉馨名园186号' WHERE `loan_address`.`id` = 9528;
INSERT INTO `loan_address` (`id`, `created_at`, `updated_at`, `province`, `city`, `county`, `town`, `detail`) VALUES (9528, '2022-01-05 03:07:47.063901', '2022-01-05 03:07:47.063901', '安徽省', '宿州市', '灵璧县', '浍沟镇', '宝联路住友嘉馨名园186号');
UPDATE `loan_customer` SET `created_at` = '2022-01-05 03:07:47.063901', `updated_at` = '2022-01-05 03:07:47.063901', `name` = '蒋贝莉', `id_number` = '297875565891295249', `gender` = 'f', `birthday` = '1995-10-02', `address_id` = 9528, `job_id` = 1961, `salary` = 50000 WHERE `loan_customer`.`id` = 5912;
INSERT INTO `loan_customer` (`id`, `created_at`, `updated_at`, `name`, `id_number`, `gender`, `birthday`, `address_id`, `job_id`, `salary`) VALUES (5912, '2022-01-05 03:07:47.063901', '2022-01-05 03:07:47.063901', '蒋贝莉', '297875565891295249', 'f', '1995-10-02', 9528, 1961, 50000);
UPDATE `loan_address` SET `created_at` = '2022-01-05 20:15:39.203217', `updated_at` = '2022-01-05 20:15:39.203217', `province` = '陕西省', `city` = '西安市', `county` = '雁塔区', `town` = '鱼化寨街道办事处', `detail` = '保屯路东新大厦36号' WHERE `loan_address`.`id` = 9529;
INSERT INTO `loan_address` (`id`, `created_at`, `updated_at`, `province`, `city`, `county`, `town`, `detail`) VALUES (9529, '2022-01-05 20:15:39.203217', '2022-01-05 20:15:39.203217', '陕西省', '西安市', '雁塔区', '鱼化寨街道办事处', '保屯路东新大厦36号');
UPDATE `loan_estate` SET `created_at` = '2022-01-05 20:15:39.203217', `updated_at` = '2022-01-05 20:15:39.203217', `customer_id` = 5912, `address_id` = 9529 WHERE `loan_estate`.`id` = 3526;
INSERT INTO `loan_estate` (`id`, `created_at`, `updated_at`, `customer_id`, `address_id`) VALUES (3526, '2022-01-05 20:15:39.203217', '2022-01-05 20:15:39.203217', 5912, 9529);
UPDATE `loan_address` SET `created_at` = '2022-01-05 05:09:17.732851', `updated_at` = '2022-01-05 05:09:17.732851', `province` = '贵州省', `city` = '毕节市', `county` = '纳雍县', `town` = '羊场苗族彝族乡', `detail` = '半淞园路爱里舍花园37号' WHERE `loan_address`.`id` = 9530;
INSERT INTO `loan_address` (`id`, `created_at`, `updated_at`, `province`, `city`, `county`, `town`, `detail`) VALUES (9530, '2022-01-05 05:09:17.732851', '2022-01-05 05:09:17.732851', '贵州省', '毕节市', '纳雍县', '羊场苗族彝族乡', '半淞园路爱里舍花园37号');
UPDATE `loan_estate` SET `created_at` = '2022-01-05 05:09:17.732851', `updated_at` = '2022-01-05 05:09:17.732851', `customer_id` = 5912, `address_id` = 9530 WHERE `loan_estate`.`id` = 3527;
INSERT INTO `loan_estate` (`id`, `created_at`, `updated_at`, `customer_id`, `address_id`) VALUES (3527, '2022-01-05 05:09:17.732851', '2022-01-05 05:09:17.732851', 5912, 9530);
UPDATE `loan_car` SET `created_at` = '2022-01-05 13:43:47.147894', `updated_at` = '2022-01-05 13:43:47.147894', `customer_id` = 5912, `model_id` = 212, `vin_number` = '099974014975111556', `date_produced` = '2015-05-12', `value_estimated` = 410000 WHERE `loan_car`.`id` = 4749;
INSERT INTO `loan_car` (`id`, `created_at`, `updated_at`, `customer_id`, `model_id`, `vin_number`, `date_produced`, `value_estimated`) VALUES (4749, '2022-01-05 13:43:47.147894', '2022-01-05 13:43:47.147894', 5912, 212, '099974014975111556', '2015-05-12', 410000);
UPDATE `loan_car` SET `created_at` = '2022-01-05 17:54:57.773414', `updated_at` = '2022-01-05 20:24:22.978692', `customer_id` = 5912, `model_id` = 163, `vin_number` = '634950910772726321', `date_produced` = '2016-02-27', `value_estimated` = 60000 WHERE `loan_car`.`id` = 4750;
INSERT INTO `loan_car` (`id`, `created_at`, `updated_at`, `customer_id`, `model_id`, `vin_number`, `date_produced`, `value_estimated`) VALUES (4750, '2022-01-05 17:54:57.773414', '2022-01-05 20:24:22.978692', 5912, 163, '634950910772726321', '2016-02-27', 60000);
UPDATE `loan_account` SET `created_at` = '2022-01-05 17:50:45.769207', `updated_at` = '2022-01-05 17:50:45.769207', `customer_id` = 5912, `number` = '875490072823924200', `balance` = 61191 WHERE `loan_account`.`id` = 5396;
INSERT INTO `loan_account` (`id`, `created_at`, `updated_at`, `customer_id`, `number`, `balance`) VALUES (5396, '2022-01-05 17:50:45.769207', '2022-01-05 17:50:45.769207', 5912, '875490072823924200', 61191);
UPDATE `loan_address` SET `created_at` = '2022-01-05 09:44:40.169374', `updated_at` = '2022-01-05 09:44:40.169374', `province` = '甘肃省', `city` = '甘南藏族自治州', `county` = '夏河县', `town` = '甘加镇', `detail` = '安仁路住友嘉馨名园123号' WHERE `loan_address`.`id` = 9531;
INSERT INTO `loan_address` (`id`, `created_at`, `updated_at`, `province`, `city`, `county`, `town`, `detail`) VALUES (9531, '2022-01-05 09:44:40.169374', '2022-01-05 09:44:40.169374', '甘肃省', '甘南藏族自治州', '夏河县', '甘加镇', '安仁路住友嘉馨名园123号');
UPDATE `loan_customer` SET `created_at` = '2022-01-05 09:44:40.169374', `updated_at` = '2022-01-05 09:44:40.169374', `name` = '侯佳', `id_number` = '245452002679487404', `gender` = 'm', `birthday` = '1982-05-17', `address_id` = 9531, `job_id` = 1962, `salary` = 7000 WHERE `loan_customer`.`id` = 5913;
INSERT INTO `loan_customer` (`id`, `created_at`, `updated_at`, `name`, `id_number`, `gender`, `birthday`, `address_id`, `job_id`, `salary`) VALUES (5913, '2022-01-05 09:44:40.169374', '2022-01-05 09:44:40.169374', '侯佳', '245452002679487404', 'm', '1982-05-17', 9531, 1962, 7000);
UPDATE `loan_address` SET `created_at` = '2022-01-05 10:42:36.361466', `updated_at` = '2022-01-05 10:42:36.361466', `province` = '广东省', `city` = '茂名市', `county` = '电白区', `town` = '曙光农场', `detail` = '包头路105号' WHERE `loan_address`.`id` = 9532;
INSERT INTO `loan_address` (`id`, `created_at`, `updated_at`, `province`, `city`, `county`, `town`, `detail`) VALUES (9532, '2022-01-05 10:42:36.361466', '2022-01-05 10:42:36.361466', '广东省', '茂名市', '电白区', '曙光农场', '包头路105号');
UPDATE `loan_estate` SET `created_at` = '2022-01-05 10:42:36.361466', `updated_at` = '2022-01-05 10:42:36.361466', `customer_id` = 5913, `address_id` = 9532 WHERE `loan_estate`.`id` = 3528;
INSERT INTO `loan_estate` (`id`, `created_at`, `updated_at`, `customer_id`, `address_id`) VALUES (3528, '2022-01-05 10:42:36.361466', '2022-01-05 10:42:36.361466', 5913, 9532);
UPDATE `loan_account` SET `created_at` = '2022-01-05 17:08:01.239774', `updated_at` = '2022-01-05 17:26:38.444045', `customer_id` = 5913, `number` = '972149903877075465', `balance` = 94246 WHERE `loan_account`.`id` = 5397;
INSERT INTO `loan_account` (`id`, `created_at`, `updated_at`, `customer_id`, `number`, `balance`) VALUES (5397, '2022-01-05 17:08:01.239774', '2022-01-05 17:26:38.444045', 5913, '972149903877075465', 94246);
UPDATE `loan_address` SET `created_at` = '2022-01-05 06:52:09.203708', `updated_at` = '2022-01-05 06:52:09.203708', `province` = '浙江省', `city` = '嘉兴市', `county` = '平湖市', `town` = '当湖街道', `detail` = '安德路溢盈河畔别墅23号' WHERE `loan_address`.`id` = 9533;
INSERT INTO `loan_address` (`id`, `created_at`, `updated_at`, `province`, `city`, `county`, `town`, `detail`) VALUES (9533, '2022-01-05 06:52:09.203708', '2022-01-05 06:52:09.203708', '浙江省', '嘉兴市', '平湖市', '当湖街道', '安德路溢盈河畔别墅23号');
UPDATE `loan_customer` SET `created_at` = '2022-01-05 06:52:09.203708', `updated_at` = '2022-01-05 08:36:38.959149', `name` = '丁曼', `id_number` = '754897928307831548', `gender` = 'm', `birthday` = '2009-10-19', `address_id` = 9533, `job_id` = 1962, `salary` = 54000 WHERE `loan_customer`.`id` = 5914;
INSERT INTO `loan_customer` (`id`, `created_at`, `updated_at`, `name`, `id_number`, `gender`, `birthday`, `address_id`, `job_id`, `salary`) VALUES (5914, '2022-01-05 06:52:09.203708', '2022-01-05 08:36:38.959149', '丁曼', '754897928307831548', 'm', '2009-10-19', 9533, 1962, 54000);
UPDATE `loan_address` SET `created_at` = '2022-01-05 12:26:00.723088', `updated_at` = '2022-01-05 12:26:00.723088', `province` = '辽宁省', `city` = '鞍山市', `county` = '千山区', `town` = '大屯镇', `detail` = '半淞园路溢盈河畔别墅143号' WHERE `loan_address`.`id` = 9534;
INSERT INTO `loan_address` (`id`, `created_at`, `updated_at`, `province`, `city`, `county`, `town`, `detail`) VALUES (9534, '2022-01-05 12:26:00.723088', '2022-01-05 12:26:00.723088', '辽宁省', '鞍山市', '千山区', '大屯镇', '半淞园路溢盈河畔别墅143号');
UPDATE `loan_estate` SET `created_at` = '2022-01-05 12:26:00.723088', `updated_at` = '2022-01-05 12:26:00.723088', `customer_id` = 5914, `address_id` = 9534 WHERE `loan_estate`.`id` = 3529;
INSERT INTO `loan_estate` (`id`, `created_at`, `updated_at`, `customer_id`, `address_id`) VALUES (3529, '2022-01-05 12:26:00.723088', '2022-01-05 12:26:00.723088', 5914, 9534);
UPDATE `loan_car` SET `created_at` = '2022-01-05 15:47:17.309987', `updated_at` = '2022-01-05 16:17:37.258385', `customer_id` = 5914, `model_id` = 248, `vin_number` = '990362935035693947', `date_produced` = '2010-10-13', `value_estimated` = 360000 WHERE `loan_car`.`id` = 4751;
INSERT INTO `loan_car` (`id`, `created_at`, `updated_at`, `customer_id`, `model_id`, `vin_number`, `date_produced`, `value_estimated`) VALUES (4751, '2022-01-05 15:47:17.309987', '2022-01-05 16:17:37.258385', 5914, 248, '990362935035693947', '2010-10-13', 360000);
UPDATE `loan_account` SET `created_at` = '2022-01-05 08:26:54.959826', `updated_at` = '2022-01-05 14:32:25.748174', `customer_id` = 5914, `number` = '532809609579863772', `balance` = 67763 WHERE `loan_account`.`id` = 5398;
INSERT INTO `loan_account` (`id`, `created_at`, `updated_at`, `customer_id`, `number`, `balance`) VALUES (5398, '2022-01-05 08:26:54.959826', '2022-01-05 14:32:25.748174', 5914, '532809609579863772', 67763);
UPDATE `loan_address` SET `created_at` = '2022-01-05 01:39:15.627737', `updated_at` = '2022-01-05 01:39:15.627737', `province` = '新疆维吾尔自治区', `city` = '伊犁哈萨克自治州', `county` = '昭苏县', `town` = '察汗乌苏蒙古族乡', `detail` = '白城路127号' WHERE `loan_address`.`id` = 9535;
INSERT INTO `loan_address` (`id`, `created_at`, `updated_at`, `province`, `city`, `county`, `town`, `detail`) VALUES (9535, '2022-01-05 01:39:15.627737', '2022-01-05 01:39:15.627737', '新疆维吾尔自治区', '伊犁哈萨克自治州', '昭苏县', '察汗乌苏蒙古族乡', '白城路127号');
UPDATE `loan_customer` SET `created_at` = '2022-01-05 01:39:15.627737', `updated_at` = '2022-01-05 23:16:54.697515', `name` = '武绍', `id_number` = '875443037374751208', `gender` = 'f', `birthday` = '2003-04-17', `address_id` = 9535, `job_id` = 1962, `salary` = 25000 WHERE `loan_customer`.`id` = 5915;
INSERT INTO `loan_customer` (`id`, `created_at`, `updated_at`, `name`, `id_number`, `gender`, `birthday`, `address_id`, `job_id`, `salary`) VALUES (5915, '2022-01-05 01:39:15.627737', '2022-01-05 23:16:54.697515', '武绍', '875443037374751208', 'f', '2003-04-17', 9535, 1962, 25000);
UPDATE `loan_address` SET `created_at` = '2022-01-05 14:37:16.060764', `updated_at` = '2022-01-05 14:37:16.060764', `province` = '广东省', `city` = '肇庆市', `county` = '德庆县', `town` = '播植镇', `detail` = '宝通路东新大厦89号' WHERE `loan_address`.`id` = 9536;
INSERT INTO `loan_address` (`id`, `created_at`, `updated_at`, `province`, `city`, `county`, `town`, `detail`) VALUES (9536, '2022-01-05 14:37:16.060764', '2022-01-05 14:37:16.060764', '广东省', '肇庆市', '德庆县', '播植镇', '宝通路东新大厦89号');
UPDATE `loan_estate` SET `created_at` = '2022-01-05 14:37:16.060764', `updated_at` = '2022-01-05 14:37:16.060764', `customer_id` = 5915, `address_id` = 9536 WHERE `loan_estate`.`id` = 3530;
INSERT INTO `loan_estate` (`id`, `created_at`, `updated_at`, `customer_id`, `address_id`) VALUES (3530, '2022-01-05 14:37:16.060764', '2022-01-05 14:37:16.060764', 5915, 9536);
UPDATE `loan_address` SET `created_at` = '2022-01-05 04:30:20.722222', `updated_at` = '2022-01-05 04:30:20.722222', `province` = '新疆维吾尔自治区', `city` = '伊犁哈萨克自治州', `county` = '昭苏县', `town` = '察汗乌苏蒙古族乡', `detail` = '保屯路111号' WHERE `loan_address`.`id` = 9537;
INSERT INTO `loan_address` (`id`, `created_at`, `updated_at`, `province`, `city`, `county`, `town`, `detail`) VALUES (9537, '2022-01-05 04:30:20.722222', '2022-01-05 04:30:20.722222', '新疆维吾尔自治区', '伊犁哈萨克自治州', '昭苏县', '察汗乌苏蒙古族乡', '保屯路111号');
UPDATE `loan_estate` SET `created_at` = '2022-01-05 04:30:20.722222', `updated_at` = '2022-01-05 21:49:02.141803', `customer_id` = 5915, `address_id` = 9537 WHERE `loan_estate`.`id` = 3531;
INSERT INTO `loan_estate` (`id`, `created_at`, `updated_at`, `customer_id`, `address_id`) VALUES (3531, '2022-01-05 04:30:20.722222', '2022-01-05 21:49:02.141803', 5915, 9537);
UPDATE `loan_account` SET `created_at` = '2022-01-05 22:19:49.839699', `updated_at` = '2022-01-05 22:19:49.839699', `customer_id` = 5915, `number` = '080817563335422818', `balance` = 36182 WHERE `loan_account`.`id` = 5399;
INSERT INTO `loan_account` (`id`, `created_at`, `updated_at`, `customer_id`, `number`, `balance`) VALUES (5399, '2022-01-05 22:19:49.839699', '2022-01-05 22:19:49.839699', 5915, '080817563335422818', 36182);
UPDATE `loan_address` SET `created_at` = '2022-01-05 02:04:25.181050', `updated_at` = '2022-01-05 02:04:25.181050', `province` = '重庆市', `city` = '县', `county` = '垫江县', `town` = '白家镇', `detail` = '百安路（方泰镇）溢盈河畔别墅55号' WHERE `loan_address`.`id` = 9538;
INSERT INTO `loan_address` (`id`, `created_at`, `updated_at`, `province`, `city`, `county`, `town`, `detail`) VALUES (9538, '2022-01-05 02:04:25.181050', '2022-01-05 02:04:25.181050', '重庆市', '县', '垫江县', '白家镇', '百安路（方泰镇）溢盈河畔别墅55号');
UPDATE `loan_customer` SET `created_at` = '2022-01-05 02:04:25.181050', `updated_at` = '2022-01-05 11:24:38.478811', `name` = '龚社', `id_number` = '527580602725794540', `gender` = 'm', `birthday` = '1981-10-05', `address_id` = 9538, `job_id` = 1962, `salary` = 57000 WHERE `loan_customer`.`id` = 5916;
INSERT INTO `loan_customer` (`id`, `created_at`, `updated_at`, `name`, `id_number`, `gender`, `birthday`, `address_id`, `job_id`, `salary`) VALUES (5916, '2022-01-05 02:04:25.181050', '2022-01-05 11:24:38.478811', '龚社', '527580602725794540', 'm', '1981-10-05', 9538, 1962, 57000);
UPDATE `loan_address` SET `created_at` = '2022-01-05 10:50:56.650994', `updated_at` = '2022-01-05 10:50:56.650994', `province` = '广东省', `city` = '清远市', `county` = '连州市', `town` = '连州镇', `detail` = '保屯路阳光翠竹苑80号' WHERE `loan_address`.`id` = 9539;
INSERT INTO `loan_address` (`id`, `created_at`, `updated_at`, `province`, `city`, `county`, `town`, `detail`) VALUES (9539, '2022-01-05 10:50:56.650994', '2022-01-05 10:50:56.650994', '广东省', '清远市', '连州市', '连州镇', '保屯路阳光翠竹苑80号');
UPDATE `loan_estate` SET `created_at` = '2022-01-05 10:50:56.650994', `updated_at` = '2022-01-05 10:50:56.650994', `customer_id` = 5916, `address_id` = 9539 WHERE `loan_estate`.`id` = 3532;
INSERT INTO `loan_estate` (`id`, `created_at`, `updated_at`, `customer_id`, `address_id`) VALUES (3532, '2022-01-05 10:50:56.650994', '2022-01-05 10:50:56.650994', 5916, 9539);
UPDATE `loan_car` SET `created_at` = '2022-01-05 16:15:54.021216', `updated_at` = '2022-01-05 16:15:54.021216', `customer_id` = 5916, `model_id` = 238, `vin_number` = '754039271779659521', `date_produced` = '2020-07-08', `value_estimated` = 860000 WHERE `loan_car`.`id` = 4752;
INSERT INTO `loan_car` (`id`, `created_at`, `updated_at`, `customer_id`, `model_id`, `vin_number`, `date_produced`, `value_estimated`) VALUES (4752, '2022-01-05 16:15:54.021216', '2022-01-05 16:15:54.021216', 5916, 238, '754039271779659521', '2020-07-08', 860000);
UPDATE `loan_address` SET `created_at` = '2022-01-05 00:32:15.401880', `updated_at` = '2022-01-05 00:32:15.401880', `province` = '广东省', `city` = '清远市', `county` = '连州市', `town` = '连州镇', `detail` = '白渡路住友嘉馨名园37号' WHERE `loan_address`.`id` = 9540;
INSERT INTO `loan_address` (`id`, `created_at`, `updated_at`, `province`, `city`, `county`, `town`, `detail`) VALUES (9540, '2022-01-05 00:32:15.401880', '2022-01-05 00:32:15.401880', '广东省', '清远市', '连州市', '连州镇', '白渡路住友嘉馨名园37号');
UPDATE `loan_customer` SET `created_at` = '2022-01-05 00:32:15.401880', `updated_at` = '2022-01-05 00:32:15.401880', `name` = '梁秀敏', `id_number` = '464504183185795164', `gender` = 'm', `birthday` = '1988-11-02', `address_id` = 9540, `job_id` = 1962, `salary` = 56000 WHERE `loan_customer`.`id` = 5917;
INSERT INTO `loan_customer` (`id`, `created_at`, `updated_at`, `name`, `id_number`, `gender`, `birthday`, `address_id`, `job_id`, `salary`) VALUES (5917, '2022-01-05 00:32:15.401880', '2022-01-05 00:32:15.401880', '梁秀敏', '464504183185795164', 'm', '1988-11-02', 9540, 1962, 56000);
UPDATE `loan_account` SET `created_at` = '2022-01-05 10:22:36.598334', `updated_at` = '2022-01-05 10:22:36.598334', `customer_id` = 5917, `number` = '907232454098636739', `balance` = 24618 WHERE `loan_account`.`id` = 5400;
INSERT INTO `loan_account` (`id`, `created_at`, `updated_at`, `customer_id`, `number`, `balance`) VALUES (5400, '2022-01-05 10:22:36.598334', '2022-01-05 10:22:36.598334', 5917, '907232454098636739', 24618);
UPDATE `loan_address` SET `created_at` = '2022-01-05 23:24:21.039718', `updated_at` = '2022-01-05 23:24:21.039718', `province` = '吉林省', `city` = '辽源市', `county` = '东丰县', `town` = '三合满族朝鲜族乡', `detail` = '百色路27号' WHERE `loan_address`.`id` = 9541;
INSERT INTO `loan_address` (`id`, `created_at`, `updated_at`, `province`, `city`, `county`, `town`, `detail`) VALUES (9541, '2022-01-05 23:24:21.039718', '2022-01-05 23:24:21.039718', '吉林省', '辽源市', '东丰县', '三合满族朝鲜族乡', '百色路27号');
UPDATE `loan_customer` SET `created_at` = '2022-01-05 23:24:21.039718', `updated_at` = '2022-01-05 23:59:12.362425', `name` = '罗咏歌', `id_number` = '476107568737820873', `gender` = 'f', `birthday` = '1981-03-21', `address_id` = 9541, `job_id` = 1963, `salary` = 30000 WHERE `loan_customer`.`id` = 5918;
INSERT INTO `loan_customer` (`id`, `created_at`, `updated_at`, `name`, `id_number`, `gender`, `birthday`, `address_id`, `job_id`, `salary`) VALUES (5918, '2022-01-05 23:24:21.039718', '2022-01-05 23:59:12.362425', '罗咏歌', '476107568737820873', 'f', '1981-03-21', 9541, 1963, 30000);
UPDATE `loan_address` SET `created_at` = '2022-01-05 23:48:39.817711', `updated_at` = '2022-01-05 23:48:39.817711', `province` = '广西壮族自治区', `city` = '桂林市', `county` = '恭城瑶族自治县', `town` = '三江乡', `detail` = '安业路菊园五街坊20号' WHERE `loan_address`.`id` = 9542;
INSERT INTO `loan_address` (`id`, `created_at`, `updated_at`, `province`, `city`, `county`, `town`, `detail`) VALUES (9542, '2022-01-05 23:48:39.817711', '2022-01-05 23:48:39.817711', '广西壮族自治区', '桂林市', '恭城瑶族自治县', '三江乡', '安业路菊园五街坊20号');
UPDATE `loan_estate` SET `created_at` = '2022-01-05 23:48:39.817711', `updated_at` = '2022-01-05 23:48:39.817711', `customer_id` = 5918, `address_id` = 9542 WHERE `loan_estate`.`id` = 3533;
INSERT INTO `loan_estate` (`id`, `created_at`, `updated_at`, `customer_id`, `address_id`) VALUES (3533, '2022-01-05 23:48:39.817711', '2022-01-05 23:48:39.817711', 5918, 9542);
UPDATE `loan_account` SET `created_at` = '2022-01-05 23:49:21.876627', `updated_at` = '2022-01-05 23:49:21.876627', `customer_id` = 5918, `number` = '826937016101753893', `balance` = 69702 WHERE `loan_account`.`id` = 5401;
INSERT INTO `loan_account` (`id`, `created_at`, `updated_at`, `customer_id`, `number`, `balance`) VALUES (5401, '2022-01-05 23:49:21.876627', '2022-01-05 23:49:21.876627', 5918, '826937016101753893', 69702);
UPDATE `loan_address` SET `created_at` = '2022-01-05 02:49:23.592365', `updated_at` = '2022-01-05 02:49:23.592365', `province` = '重庆市', `city` = '县', `county` = '垫江县', `town` = '白家镇', `detail` = '白渡桥84号' WHERE `loan_address`.`id` = 9543;
INSERT INTO `loan_address` (`id`, `created_at`, `updated_at`, `province`, `city`, `county`, `town`, `detail`) VALUES (9543, '2022-01-05 02:49:23.592365', '2022-01-05 02:49:23.592365', '重庆市', '县', '垫江县', '白家镇', '白渡桥84号');
UPDATE `loan_customer` SET `created_at` = '2022-01-05 02:49:23.592365', `updated_at` = '2022-01-05 02:49:23.592365', `name` = '黄致', `id_number` = '324329464630026608', `gender` = 'f', `birthday` = '1992-06-16', `address_id` = 9543, `job_id` = 1963, `salary` = 25000 WHERE `loan_customer`.`id` = 5919;
INSERT INTO `loan_customer` (`id`, `created_at`, `updated_at`, `name`, `id_number`, `gender`, `birthday`, `address_id`, `job_id`, `salary`) VALUES (5919, '2022-01-05 02:49:23.592365', '2022-01-05 02:49:23.592365', '黄致', '324329464630026608', 'f', '1992-06-16', 9543, 1963, 25000);
UPDATE `loan_car` SET `created_at` = '2022-01-05 10:14:00.009969', `updated_at` = '2022-01-05 10:14:00.009969', `customer_id` = 5919, `model_id` = 223, `vin_number` = '271406723581013605', `date_produced` = '2012-09-18', `value_estimated` = 130000 WHERE `loan_car`.`id` = 4753;
INSERT INTO `loan_car` (`id`, `created_at`, `updated_at`, `customer_id`, `model_id`, `vin_number`, `date_produced`, `value_estimated`) VALUES (4753, '2022-01-05 10:14:00.009969', '2022-01-05 10:14:00.009969', 5919, 223, '271406723581013605', '2012-09-18', 130000);
UPDATE `loan_account` SET `created_at` = '2022-01-05 06:24:54.043050', `updated_at` = '2022-01-05 08:38:45.254875', `customer_id` = 5919, `number` = '967972223476367472', `balance` = 0 WHERE `loan_account`.`id` = 5402;
INSERT INTO `loan_account` (`id`, `created_at`, `updated_at`, `customer_id`, `number`, `balance`) VALUES (5402, '2022-01-05 06:24:54.043050', '2022-01-05 08:38:45.254875', 5919, '967972223476367472', 0);
UPDATE `loan_address` SET `created_at` = '2022-01-05 23:11:04.204617', `updated_at` = '2022-01-05 23:11:04.204617', `province` = '浙江省', `city` = '嘉兴市', `county` = '平湖市', `town` = '当湖街道', `detail` = '百官街东新大厦92号' WHERE `loan_address`.`id` = 9544;
INSERT INTO `loan_address` (`id`, `created_at`, `updated_at`, `province`, `city`, `county`, `town`, `detail`) VALUES (9544, '2022-01-05 23:11:04.204617', '2022-01-05 23:11:04.204617', '浙江省', '嘉兴市', '平湖市', '当湖街道', '百官街东新大厦92号');
UPDATE `loan_customer` SET `created_at` = '2022-01-05 23:11:04.204617', `updated_at` = '2022-01-05 23:45:11.617661', `name` = '崔浩渺', `id_number` = '588615264898504635', `gender` = 'f', `birthday` = '1996-11-25', `address_id` = 9544, `job_id` = 1963, `salary` = 28000 WHERE `loan_customer`.`id` = 5920;
INSERT INTO `loan_customer` (`id`, `created_at`, `updated_at`, `name`, `id_number`, `gender`, `birthday`, `address_id`, `job_id`, `salary`) VALUES (5920, '2022-01-05 23:11:04.204617', '2022-01-05 23:45:11.617661', '崔浩渺', '588615264898504635', 'f', '1996-11-25', 9544, 1963, 28000);
UPDATE `loan_address` SET `created_at` = '2022-01-05 23:44:47.575987', `updated_at` = '2022-01-05 23:44:47.575987', `province` = '江苏省', `city` = '连云港市', `county` = '连云区', `town` = '板桥街道', `detail` = '宝林路113号' WHERE `loan_address`.`id` = 9545;
INSERT INTO `loan_address` (`id`, `created_at`, `updated_at`, `province`, `city`, `county`, `town`, `detail`) VALUES (9545, '2022-01-05 23:44:47.575987', '2022-01-05 23:44:47.575987', '江苏省', '连云港市', '连云区', '板桥街道', '宝林路113号');
UPDATE `loan_estate` SET `created_at` = '2022-01-05 23:44:47.575987', `updated_at` = '2022-01-05 23:52:41.656919', `customer_id` = 5920, `address_id` = 9545 WHERE `loan_estate`.`id` = 3534;
INSERT INTO `loan_estate` (`id`, `created_at`, `updated_at`, `customer_id`, `address_id`) VALUES (3534, '2022-01-05 23:44:47.575987', '2022-01-05 23:52:41.656919', 5920, 9545);
UPDATE `loan_address` SET `created_at` = '2022-01-05 23:12:22.185671', `updated_at` = '2022-01-05 23:12:22.185671', `province` = '安徽省', `city` = '宿州市', `county` = '灵璧县', `town` = '浍沟镇', `detail` = '安波路10号' WHERE `loan_address`.`id` = 9546;
INSERT INTO `loan_address` (`id`, `created_at`, `updated_at`, `province`, `city`, `county`, `town`, `detail`) VALUES (9546, '2022-01-05 23:12:22.185671', '2022-01-05 23:12:22.185671', '安徽省', '宿州市', '灵璧县', '浍沟镇', '安波路10号');
UPDATE `loan_estate` SET `created_at` = '2022-01-05 23:12:22.185671', `updated_at` = '2022-01-05 23:12:22.185671', `customer_id` = 5920, `address_id` = 9546 WHERE `loan_estate`.`id` = 3535;
INSERT INTO `loan_estate` (`id`, `created_at`, `updated_at`, `customer_id`, `address_id`) VALUES (3535, '2022-01-05 23:12:22.185671', '2022-01-05 23:12:22.185671', 5920, 9546);
UPDATE `loan_address` SET `created_at` = '2022-01-05 23:38:52.853563', `updated_at` = '2022-01-05 23:38:52.853563', `province` = '河北省', `city` = '邯郸市', `county` = '邯郸冀南新区', `town` = '城南办事处', `detail` = '安义路耀江花园3号' WHERE `loan_address`.`id` = 9547;
INSERT INTO `loan_address` (`id`, `created_at`, `updated_at`, `province`, `city`, `county`, `town`, `detail`) VALUES (9547, '2022-01-05 23:38:52.853563', '2022-01-05 23:38:52.853563', '河北省', '邯郸市', '邯郸冀南新区', '城南办事处', '安义路耀江花园3号');
UPDATE `loan_estate` SET `created_at` = '2022-01-05 23:38:52.853563', `updated_at` = '2022-01-05 23:38:52.853563', `customer_id` = 5920, `address_id` = 9547 WHERE `loan_estate`.`id` = 3536;
INSERT INTO `loan_estate` (`id`, `created_at`, `updated_at`, `customer_id`, `address_id`) VALUES (3536, '2022-01-05 23:38:52.853563', '2022-01-05 23:38:52.853563', 5920, 9547);
UPDATE `loan_car` SET `created_at` = '2022-01-05 23:15:48.202416', `updated_at` = '2022-01-05 23:28:20.020430', `customer_id` = 5920, `model_id` = 46, `vin_number` = '569411399627974778', `date_produced` = '2016-09-06', `value_estimated` = 440000 WHERE `loan_car`.`id` = 4754;
INSERT INTO `loan_car` (`id`, `created_at`, `updated_at`, `customer_id`, `model_id`, `vin_number`, `date_produced`, `value_estimated`) VALUES (4754, '2022-01-05 23:15:48.202416', '2022-01-05 23:28:20.020430', 5920, 46, '569411399627974778', '2016-09-06', 440000);
UPDATE `loan_account` SET `created_at` = '2022-01-05 23:19:59.153449', `updated_at` = '2022-01-05 23:19:59.153449', `customer_id` = 5920, `number` = '689503469631251419', `balance` = 114184 WHERE `loan_account`.`id` = 5403;
INSERT INTO `loan_account` (`id`, `created_at`, `updated_at`, `customer_id`, `number`, `balance`) VALUES (5403, '2022-01-05 23:19:59.153449', '2022-01-05 23:19:59.153449', 5920, '689503469631251419', 114184);
UPDATE `loan_address` SET `created_at` = '2022-01-05 15:29:37.627232', `updated_at` = '2022-01-05 15:29:37.627232', `province` = '云南省', `city` = '曲靖市', `county` = '会泽县', `town` = '大海乡', `detail` = '白玉路爱里舍花园145号' WHERE `loan_address`.`id` = 9548;
INSERT INTO `loan_address` (`id`, `created_at`, `updated_at`, `province`, `city`, `county`, `town`, `detail`) VALUES (9548, '2022-01-05 15:29:37.627232', '2022-01-05 15:29:37.627232', '云南省', '曲靖市', '会泽县', '大海乡', '白玉路爱里舍花园145号');
UPDATE `loan_customer` SET `created_at` = '2022-01-05 15:29:37.627232', `updated_at` = '2022-01-05 20:23:10.388873', `name` = '武姳', `id_number` = '204642655670508167', `gender` = 'm', `birthday` = '2006-06-02', `address_id` = 9548, `job_id` = 1964, `salary` = 12000 WHERE `loan_customer`.`id` = 5921;
INSERT INTO `loan_customer` (`id`, `created_at`, `updated_at`, `name`, `id_number`, `gender`, `birthday`, `address_id`, `job_id`, `salary`) VALUES (5921, '2022-01-05 15:29:37.627232', '2022-01-05 20:23:10.388873', '武姳', '204642655670508167', 'm', '2006-06-02', 9548, 1964, 12000);
UPDATE `loan_chattel` SET `created_at` = '2022-01-05 18:34:28.140821', `updated_at` = '2022-01-05 19:41:52.504081', `customer_id` = 5921, `type` = 'promissory_note', `description` = '一些信息', `value_amount` = 300000, `expired_at` = '2032-12-14' WHERE `loan_chattel`.`id` = 1743;
INSERT INTO `loan_chattel` (`id`, `created_at`, `updated_at`, `customer_id`, `type`, `description`, `value_amount`, `expired_at`) VALUES (1743, '2022-01-05 18:34:28.140821', '2022-01-05 19:41:52.504081', 5921, 'promissory_note', '一些信息', 300000, '2032-12-14');
UPDATE `loan_chattel` SET `created_at` = '2022-01-05 16:05:04.954759', `updated_at` = '2022-01-05 21:08:52.303576', `customer_id` = 5921, `type` = 'trademark', `description` = '一些信息', `value_amount` = 780000, `expired_at` = '2025-10-01' WHERE `loan_chattel`.`id` = 1744;
INSERT INTO `loan_chattel` (`id`, `created_at`, `updated_at`, `customer_id`, `type`, `description`, `value_amount`, `expired_at`) VALUES (1744, '2022-01-05 16:05:04.954759', '2022-01-05 21:08:52.303576', 5921, 'trademark', '一些信息', 780000, '2025-10-01');
UPDATE `loan_car` SET `created_at` = '2022-01-05 17:57:31.257260', `updated_at` = '2022-01-05 17:57:31.257260', `customer_id` = 5921, `model_id` = 247, `vin_number` = '102034039092340163', `date_produced` = '2015-06-28', `value_estimated` = 150000 WHERE `loan_car`.`id` = 4755;
INSERT INTO `loan_car` (`id`, `created_at`, `updated_at`, `customer_id`, `model_id`, `vin_number`, `date_produced`, `value_estimated`) VALUES (4755, '2022-01-05 17:57:31.257260', '2022-01-05 17:57:31.257260', 5921, 247, '102034039092340163', '2015-06-28', 150000);
UPDATE `loan_account` SET `created_at` = '2022-01-05 16:54:12.764647', `updated_at` = '2022-01-05 18:27:29.502899', `customer_id` = 5921, `number` = '296067561888925737', `balance` = 53686 WHERE `loan_account`.`id` = 5404;
INSERT INTO `loan_account` (`id`, `created_at`, `updated_at`, `customer_id`, `number`, `balance`) VALUES (5404, '2022-01-05 16:54:12.764647', '2022-01-05 18:27:29.502899', 5921, '296067561888925737', 53686);
UPDATE `loan_address` SET `created_at` = '2022-01-05 13:55:52.411288', `updated_at` = '2022-01-05 13:55:52.411288', `province` = '江苏省', `city` = '连云港市', `county` = '连云区', `town` = '板桥街道', `detail` = '宝源路真新六街坊52号' WHERE `loan_address`.`id` = 9549;
INSERT INTO `loan_address` (`id`, `created_at`, `updated_at`, `province`, `city`, `county`, `town`, `detail`) VALUES (9549, '2022-01-05 13:55:52.411288', '2022-01-05 13:55:52.411288', '江苏省', '连云港市', '连云区', '板桥街道', '宝源路真新六街坊52号');
UPDATE `loan_customer` SET `created_at` = '2022-01-05 13:55:52.411288', `updated_at` = '2022-01-05 17:25:17.410596', `name` = '杨贵', `id_number` = '639366943039914412', `gender` = 'f', `birthday` = '1993-12-10', `address_id` = 9549, `job_id` = 1965, `salary` = 9000 WHERE `loan_customer`.`id` = 5922;
INSERT INTO `loan_customer` (`id`, `created_at`, `updated_at`, `name`, `id_number`, `gender`, `birthday`, `address_id`, `job_id`, `salary`) VALUES (5922, '2022-01-05 13:55:52.411288', '2022-01-05 17:25:17.410596', '杨贵', '639366943039914412', 'f', '1993-12-10', 9549, 1965, 9000);
UPDATE `loan_address` SET `created_at` = '2022-01-05 16:29:20.147566', `updated_at` = '2022-01-05 16:29:20.147566', `province` = '湖北省', `city` = '武汉市', `county` = '青山区', `town` = '钢都花园管理委员会', `detail` = '北艾路协通公寓24号' WHERE `loan_address`.`id` = 9550;
INSERT INTO `loan_address` (`id`, `created_at`, `updated_at`, `province`, `city`, `county`, `town`, `detail`) VALUES (9550, '2022-01-05 16:29:20.147566', '2022-01-05 16:29:20.147566', '湖北省', '武汉市', '青山区', '钢都花园管理委员会', '北艾路协通公寓24号');
UPDATE `loan_estate` SET `created_at` = '2022-01-05 16:29:20.147566', `updated_at` = '2022-01-05 19:46:39.700862', `customer_id` = 5922, `address_id` = 9550 WHERE `loan_estate`.`id` = 3537;
INSERT INTO `loan_estate` (`id`, `created_at`, `updated_at`, `customer_id`, `address_id`) VALUES (3537, '2022-01-05 16:29:20.147566', '2022-01-05 19:46:39.700862', 5922, 9550);
UPDATE `loan_address` SET `created_at` = '2022-01-05 14:31:56.018439', `updated_at` = '2022-01-05 14:31:56.018439', `province` = '云南省', `city` = '楚雄彝族自治州', `county` = '武定县', `town` = '田心乡', `detail` = '包头南路161号' WHERE `loan_address`.`id` = 9551;
INSERT INTO `loan_address` (`id`, `created_at`, `updated_at`, `province`, `city`, `county`, `town`, `detail`) VALUES (9551, '2022-01-05 14:31:56.018439', '2022-01-05 14:31:56.018439', '云南省', '楚雄彝族自治州', '武定县', '田心乡', '包头南路161号');
UPDATE `loan_estate` SET `created_at` = '2022-01-05 14:31:56.018439', `updated_at` = '2022-01-05 14:31:56.018439', `customer_id` = 5922, `address_id` = 9551 WHERE `loan_estate`.`id` = 3538;
INSERT INTO `loan_estate` (`id`, `created_at`, `updated_at`, `customer_id`, `address_id`) VALUES (3538, '2022-01-05 14:31:56.018439', '2022-01-05 14:31:56.018439', 5922, 9551);
UPDATE `loan_car` SET `created_at` = '2022-01-05 23:37:11.454807', `updated_at` = '2022-01-05 23:37:11.454807', `customer_id` = 5922, `model_id` = 69, `vin_number` = '446041352549056059', `date_produced` = '2020-01-08', `value_estimated` = 90000 WHERE `loan_car`.`id` = 4756;
INSERT INTO `loan_car` (`id`, `created_at`, `updated_at`, `customer_id`, `model_id`, `vin_number`, `date_produced`, `value_estimated`) VALUES (4756, '2022-01-05 23:37:11.454807', '2022-01-05 23:37:11.454807', 5922, 69, '446041352549056059', '2020-01-08', 90000);
UPDATE `loan_car` SET `created_at` = '2022-01-05 22:17:58.096729', `updated_at` = '2022-01-05 23:40:46.441028', `customer_id` = 5922, `model_id` = 147, `vin_number` = '720792316312616991', `date_produced` = '2019-06-24', `value_estimated` = 180000 WHERE `loan_car`.`id` = 4757;
INSERT INTO `loan_car` (`id`, `created_at`, `updated_at`, `customer_id`, `model_id`, `vin_number`, `date_produced`, `value_estimated`) VALUES (4757, '2022-01-05 22:17:58.096729', '2022-01-05 23:40:46.441028', 5922, 147, '720792316312616991', '2019-06-24', 180000);
UPDATE `loan_account` SET `created_at` = '2022-01-05 23:03:34.482369', `updated_at` = '2022-01-05 23:03:34.482369', `customer_id` = 5922, `number` = '007004462776356589', `balance` = 50222 WHERE `loan_account`.`id` = 5405;
INSERT INTO `loan_account` (`id`, `created_at`, `updated_at`, `customer_id`, `number`, `balance`) VALUES (5405, '2022-01-05 23:03:34.482369', '2022-01-05 23:03:34.482369', 5922, '007004462776356589', 50222);
UPDATE `loan_address` SET `created_at` = '2022-01-05 19:54:30.156892', `updated_at` = '2022-01-05 19:54:30.156892', `province` = '青海省', `city` = '玉树藏族自治州', `county` = '称多县', `town` = '拉布乡', `detail` = '安亭路186号' WHERE `loan_address`.`id` = 9552;
INSERT INTO `loan_address` (`id`, `created_at`, `updated_at`, `province`, `city`, `county`, `town`, `detail`) VALUES (9552, '2022-01-05 19:54:30.156892', '2022-01-05 19:54:30.156892', '青海省', '玉树藏族自治州', '称多县', '拉布乡', '安亭路186号');
UPDATE `loan_customer` SET `created_at` = '2022-01-05 19:54:30.156892', `updated_at` = '2022-01-05 19:54:30.156892', `name` = '谭青雪', `id_number` = '759239569904443312', `gender` = 'm', `birthday` = '1986-12-07', `address_id` = 9552, `job_id` = 1965, `salary` = 16000 WHERE `loan_customer`.`id` = 5923;
INSERT INTO `loan_customer` (`id`, `created_at`, `updated_at`, `name`, `id_number`, `gender`, `birthday`, `address_id`, `job_id`, `salary`) VALUES (5923, '2022-01-05 19:54:30.156892', '2022-01-05 19:54:30.156892', '谭青雪', '759239569904443312', 'm', '1986-12-07', 9552, 1965, 16000);
UPDATE `loan_address` SET `created_at` = '2022-01-05 20:48:51.888133', `updated_at` = '2022-01-05 20:48:51.888133', `province` = '重庆市', `city` = '县', `county` = '秀山土家族苗族自治县', `town` = '涌洞乡', `detail` = '鞍山路爱里舍花园28号' WHERE `loan_address`.`id` = 9553;
INSERT INTO `loan_address` (`id`, `created_at`, `updated_at`, `province`, `city`, `county`, `town`, `detail`) VALUES (9553, '2022-01-05 20:48:51.888133', '2022-01-05 20:48:51.888133', '重庆市', '县', '秀山土家族苗族自治县', '涌洞乡', '鞍山路爱里舍花园28号');
UPDATE `loan_estate` SET `created_at` = '2022-01-05 20:48:51.888133', `updated_at` = '2022-01-05 20:48:51.888133', `customer_id` = 5923, `address_id` = 9553 WHERE `loan_estate`.`id` = 3539;
INSERT INTO `loan_estate` (`id`, `created_at`, `updated_at`, `customer_id`, `address_id`) VALUES (3539, '2022-01-05 20:48:51.888133', '2022-01-05 20:48:51.888133', 5923, 9553);
UPDATE `loan_address` SET `created_at` = '2022-01-05 23:55:33.356149', `updated_at` = '2022-01-05 23:55:33.356149', `province` = '江西省', `city` = '九江市', `county` = '湖口县', `town` = '城山镇', `detail` = '宝山路93号' WHERE `loan_address`.`id` = 9554;
INSERT INTO `loan_address` (`id`, `created_at`, `updated_at`, `province`, `city`, `county`, `town`, `detail`) VALUES (9554, '2022-01-05 23:55:33.356149', '2022-01-05 23:55:33.356149', '江西省', '九江市', '湖口县', '城山镇', '宝山路93号');
UPDATE `loan_estate` SET `created_at` = '2022-01-05 23:55:33.356149', `updated_at` = '2022-01-05 23:55:33.356149', `customer_id` = 5923, `address_id` = 9554 WHERE `loan_estate`.`id` = 3540;
INSERT INTO `loan_estate` (`id`, `created_at`, `updated_at`, `customer_id`, `address_id`) VALUES (3540, '2022-01-05 23:55:33.356149', '2022-01-05 23:55:33.356149', 5923, 9554);
UPDATE `loan_account` SET `created_at` = '2022-01-05 23:26:58.258608', `updated_at` = '2022-01-05 23:27:51.849881', `customer_id` = 5923, `number` = '605745464066319991', `balance` = 77185 WHERE `loan_account`.`id` = 5406;
INSERT INTO `loan_account` (`id`, `created_at`, `updated_at`, `customer_id`, `number`, `balance`) VALUES (5406, '2022-01-05 23:26:58.258608', '2022-01-05 23:27:51.849881', 5923, '605745464066319991', 77185);
UPDATE `loan_address` SET `created_at` = '2022-01-05 09:41:00.126695', `updated_at` = '2022-01-05 09:41:00.126695', `province` = '青海省', `city` = '西宁市', `county` = '大通回族土族自治县', `town` = '逊让乡', `detail` = '白兰路42号' WHERE `loan_address`.`id` = 9555;
INSERT INTO `loan_address` (`id`, `created_at`, `updated_at`, `province`, `city`, `county`, `town`, `detail`) VALUES (9555, '2022-01-05 09:41:00.126695', '2022-01-05 09:41:00.126695', '青海省', '西宁市', '大通回族土族自治县', '逊让乡', '白兰路42号');
UPDATE `loan_customer` SET `created_at` = '2022-01-05 09:41:00.126695', `updated_at` = '2022-01-05 13:52:56.147574', `name` = '康建本', `id_number` = '390550580133422425', `gender` = 'm', `birthday` = '2001-07-07', `address_id` = 9555, `job_id` = 1965, `salary` = 37000 WHERE `loan_customer`.`id` = 5924;
INSERT INTO `loan_customer` (`id`, `created_at`, `updated_at`, `name`, `id_number`, `gender`, `birthday`, `address_id`, `job_id`, `salary`) VALUES (5924, '2022-01-05 09:41:00.126695', '2022-01-05 13:52:56.147574', '康建本', '390550580133422425', 'm', '2001-07-07', 9555, 1965, 37000);
UPDATE `loan_address` SET `created_at` = '2022-01-05 18:24:27.471428', `updated_at` = '2022-01-05 18:24:27.471428', `province` = '江西省', `city` = '九江市', `county` = '湖口县', `town` = '城山镇', `detail` = '安汾路32号' WHERE `loan_address`.`id` = 9556;
INSERT INTO `loan_address` (`id`, `created_at`, `updated_at`, `province`, `city`, `county`, `town`, `detail`) VALUES (9556, '2022-01-05 18:24:27.471428', '2022-01-05 18:24:27.471428', '江西省', '九江市', '湖口县', '城山镇', '安汾路32号');
UPDATE `loan_estate` SET `created_at` = '2022-01-05 18:24:27.471428', `updated_at` = '2022-01-05 18:24:27.471428', `customer_id` = 5924, `address_id` = 9556 WHERE `loan_estate`.`id` = 3541;
INSERT INTO `loan_estate` (`id`, `created_at`, `updated_at`, `customer_id`, `address_id`) VALUES (3541, '2022-01-05 18:24:27.471428', '2022-01-05 18:24:27.471428', 5924, 9556);
UPDATE `loan_car` SET `created_at` = '2022-01-05 16:37:10.220160', `updated_at` = '2022-01-05 16:37:10.220160', `customer_id` = 5924, `model_id` = 47, `vin_number` = '209807353301237290', `date_produced` = '2016-12-14', `value_estimated` = 580000 WHERE `loan_car`.`id` = 4758;
INSERT INTO `loan_car` (`id`, `created_at`, `updated_at`, `customer_id`, `model_id`, `vin_number`, `date_produced`, `value_estimated`) VALUES (4758, '2022-01-05 16:37:10.220160', '2022-01-05 16:37:10.220160', 5924, 47, '209807353301237290', '2016-12-14', 580000);
UPDATE `loan_account` SET `created_at` = '2022-01-05 10:40:27.111468', `updated_at` = '2022-01-05 13:03:56.803219', `customer_id` = 5924, `number` = '263101753350833407', `balance` = 60023 WHERE `loan_account`.`id` = 5407;
INSERT INTO `loan_account` (`id`, `created_at`, `updated_at`, `customer_id`, `number`, `balance`) VALUES (5407, '2022-01-05 10:40:27.111468', '2022-01-05 13:03:56.803219', 5924, '263101753350833407', 60023);
UPDATE `loan_address` SET `created_at` = '2022-01-05 23:48:50.927888', `updated_at` = '2022-01-05 23:48:50.927888', `province` = '内蒙古自治区', `city` = '赤峰市', `county` = '巴林右旗', `town` = '巴彦琥硕镇', `detail` = '白水路136号' WHERE `loan_address`.`id` = 9557;
INSERT INTO `loan_address` (`id`, `created_at`, `updated_at`, `province`, `city`, `county`, `town`, `detail`) VALUES (9557, '2022-01-05 23:48:50.927888', '2022-01-05 23:48:50.927888', '内蒙古自治区', '赤峰市', '巴林右旗', '巴彦琥硕镇', '白水路136号');
UPDATE `loan_customer` SET `created_at` = '2022-01-05 23:48:50.927888', `updated_at` = '2022-01-05 23:54:41.675601', `name` = '贾涵涤', `id_number` = '225358409677756918', `gender` = 'f', `birthday` = '1988-06-02', `address_id` = 9557, `job_id` = 1965, `salary` = 65000 WHERE `loan_customer`.`id` = 5925;
INSERT INTO `loan_customer` (`id`, `created_at`, `updated_at`, `name`, `id_number`, `gender`, `birthday`, `address_id`, `job_id`, `salary`) VALUES (5925, '2022-01-05 23:48:50.927888', '2022-01-05 23:54:41.675601', '贾涵涤', '225358409677756918', 'f', '1988-06-02', 9557, 1965, 65000);
UPDATE `loan_address` SET `created_at` = '2022-01-05 23:55:21.657823', `updated_at` = '2022-01-05 23:55:21.657823', `province` = '浙江省', `city` = '杭州市', `county` = '余杭区', `town` = '南苑街道', `detail` = '北艾路99号' WHERE `loan_address`.`id` = 9558;
INSERT INTO `loan_address` (`id`, `created_at`, `updated_at`, `province`, `city`, `county`, `town`, `detail`) VALUES (9558, '2022-01-05 23:55:21.657823', '2022-01-05 23:55:21.657823', '浙江省', '杭州市', '余杭区', '南苑街道', '北艾路99号');
UPDATE `loan_estate` SET `created_at` = '2022-01-05 23:55:21.657823', `updated_at` = '2022-01-05 23:55:21.657823', `customer_id` = 5925, `address_id` = 9558 WHERE `loan_estate`.`id` = 3542;
INSERT INTO `loan_estate` (`id`, `created_at`, `updated_at`, `customer_id`, `address_id`) VALUES (3542, '2022-01-05 23:55:21.657823', '2022-01-05 23:55:21.657823', 5925, 9558);
UPDATE `loan_account` SET `created_at` = '2022-01-05 23:59:10.632903', `updated_at` = '2022-01-05 23:59:10.632903', `customer_id` = 5925, `number` = '674009052427785839', `balance` = 14952 WHERE `loan_account`.`id` = 5408;
INSERT INTO `loan_account` (`id`, `created_at`, `updated_at`, `customer_id`, `number`, `balance`) VALUES (5408, '2022-01-05 23:59:10.632903', '2022-01-05 23:59:10.632903', 5925, '674009052427785839', 14952);
UPDATE `loan_address` SET `created_at` = '2022-01-05 19:44:53.521498', `updated_at` = '2022-01-05 19:44:53.521498', `province` = '福建省', `city` = '三明市', `county` = '将乐县', `town` = '南口乡', `detail` = '鞍山路菊园五街坊129号' WHERE `loan_address`.`id` = 9559;
INSERT INTO `loan_address` (`id`, `created_at`, `updated_at`, `province`, `city`, `county`, `town`, `detail`) VALUES (9559, '2022-01-05 19:44:53.521498', '2022-01-05 19:44:53.521498', '福建省', '三明市', '将乐县', '南口乡', '鞍山路菊园五街坊129号');
UPDATE `loan_customer` SET `created_at` = '2022-01-05 19:44:53.521498', `updated_at` = '2022-01-05 23:44:36.583378', `name` = '崔慧', `id_number` = '347047217684424236', `gender` = 'f', `birthday` = '1997-03-23', `address_id` = 9559, `job_id` = 1966, `salary` = 2000 WHERE `loan_customer`.`id` = 5926;
INSERT INTO `loan_customer` (`id`, `created_at`, `updated_at`, `name`, `id_number`, `gender`, `birthday`, `address_id`, `job_id`, `salary`) VALUES (5926, '2022-01-05 19:44:53.521498', '2022-01-05 23:44:36.583378', '崔慧', '347047217684424236', 'f', '1997-03-23', 9559, 1966, 2000);
UPDATE `loan_address` SET `created_at` = '2022-01-05 23:32:57.428072', `updated_at` = '2022-01-05 23:32:57.428072', `province` = '四川省', `city` = '广安市', `county` = '武胜县', `town` = '华封镇', `detail` = '鞍山支路复华城市花园14号' WHERE `loan_address`.`id` = 9560;
INSERT INTO `loan_address` (`id`, `created_at`, `updated_at`, `province`, `city`, `county`, `town`, `detail`) VALUES (9560, '2022-01-05 23:32:57.428072', '2022-01-05 23:32:57.428072', '四川省', '广安市', '武胜县', '华封镇', '鞍山支路复华城市花园14号');
UPDATE `loan_estate` SET `created_at` = '2022-01-05 23:32:57.428072', `updated_at` = '2022-01-05 23:32:57.428072', `customer_id` = 5926, `address_id` = 9560 WHERE `loan_estate`.`id` = 3543;
INSERT INTO `loan_estate` (`id`, `created_at`, `updated_at`, `customer_id`, `address_id`) VALUES (3543, '2022-01-05 23:32:57.428072', '2022-01-05 23:32:57.428072', 5926, 9560);
UPDATE `loan_car` SET `created_at` = '2022-01-05 21:07:28.900380', `updated_at` = '2022-01-05 21:07:28.900380', `customer_id` = 5926, `model_id` = 82, `vin_number` = '734016622280114647', `date_produced` = '2012-06-06', `value_estimated` = 100000 WHERE `loan_car`.`id` = 4759;
INSERT INTO `loan_car` (`id`, `created_at`, `updated_at`, `customer_id`, `model_id`, `vin_number`, `date_produced`, `value_estimated`) VALUES (4759, '2022-01-05 21:07:28.900380', '2022-01-05 21:07:28.900380', 5926, 82, '734016622280114647', '2012-06-06', 100000);
UPDATE `loan_account` SET `created_at` = '2022-01-05 20:34:37.223002', `updated_at` = '2022-01-05 21:15:38.961805', `customer_id` = 5926, `number` = '607114313759361180', `balance` = 49371 WHERE `loan_account`.`id` = 5409;
INSERT INTO `loan_account` (`id`, `created_at`, `updated_at`, `customer_id`, `number`, `balance`) VALUES (5409, '2022-01-05 20:34:37.223002', '2022-01-05 21:15:38.961805', 5926, '607114313759361180', 49371);
UPDATE `loan_address` SET `created_at` = '2022-01-05 07:15:21.701710', `updated_at` = '2022-01-05 07:15:21.701710', `province` = '内蒙古自治区', `city` = '包头市', `county` = '昆都仑区', `town` = '少先路街道办事处', `detail` = '宝山路复华城市花园193号' WHERE `loan_address`.`id` = 9561;
INSERT INTO `loan_address` (`id`, `created_at`, `updated_at`, `province`, `city`, `county`, `town`, `detail`) VALUES (9561, '2022-01-05 07:15:21.701710', '2022-01-05 07:15:21.701710', '内蒙古自治区', '包头市', '昆都仑区', '少先路街道办事处', '宝山路复华城市花园193号');
UPDATE `loan_customer` SET `created_at` = '2022-01-05 07:15:21.701710', `updated_at` = '2022-01-05 07:15:21.701710', `name` = '卢淼', `id_number` = '470656157889690341', `gender` = 'm', `birthday` = '2009-02-15', `address_id` = 9561, `job_id` = 1966, `salary` = 32000 WHERE `loan_customer`.`id` = 5927;
INSERT INTO `loan_customer` (`id`, `created_at`, `updated_at`, `name`, `id_number`, `gender`, `birthday`, `address_id`, `job_id`, `salary`) VALUES (5927, '2022-01-05 07:15:21.701710', '2022-01-05 07:15:21.701710', '卢淼', '470656157889690341', 'm', '2009-02-15', 9561, 1966, 32000);
UPDATE `loan_chattel` SET `created_at` = '2022-01-05 09:54:05.998274', `updated_at` = '2022-01-05 21:14:57.050894', `customer_id` = 5927, `type` = 'bond', `description` = '一些信息', `value_amount` = 90000, `expired_at` = '2023-06-08' WHERE `loan_chattel`.`id` = 1745;
INSERT INTO `loan_chattel` (`id`, `created_at`, `updated_at`, `customer_id`, `type`, `description`, `value_amount`, `expired_at`) VALUES (1745, '2022-01-05 09:54:05.998274', '2022-01-05 21:14:57.050894', 5927, 'bond', '一些信息', 90000, '2023-06-08');
UPDATE `loan_address` SET `created_at` = '2022-01-05 23:47:19.825934', `updated_at` = '2022-01-05 23:47:19.825934', `province` = '云南省', `city` = '临沧市', `county` = '耿马傣族佤族自治县', `town` = '耿马镇', `detail` = '宝杨路东新大厦50号' WHERE `loan_address`.`id` = 9562;
INSERT INTO `loan_address` (`id`, `created_at`, `updated_at`, `province`, `city`, `county`, `town`, `detail`) VALUES (9562, '2022-01-05 23:47:19.825934', '2022-01-05 23:47:19.825934', '云南省', '临沧市', '耿马傣族佤族自治县', '耿马镇', '宝杨路东新大厦50号');
UPDATE `loan_estate` SET `created_at` = '2022-01-05 23:47:19.825934', `updated_at` = '2022-01-05 23:47:19.825934', `customer_id` = 5927, `address_id` = 9562 WHERE `loan_estate`.`id` = 3544;
INSERT INTO `loan_estate` (`id`, `created_at`, `updated_at`, `customer_id`, `address_id`) VALUES (3544, '2022-01-05 23:47:19.825934', '2022-01-05 23:47:19.825934', 5927, 9562);
UPDATE `loan_account` SET `created_at` = '2022-01-05 17:04:21.808736', `updated_at` = '2022-01-05 17:04:21.808736', `customer_id` = 5927, `number` = '213300113909251872', `balance` = 0 WHERE `loan_account`.`id` = 5410;
INSERT INTO `loan_account` (`id`, `created_at`, `updated_at`, `customer_id`, `number`, `balance`) VALUES (5410, '2022-01-05 17:04:21.808736', '2022-01-05 17:04:21.808736', 5927, '213300113909251872', 0);
UPDATE `loan_address` SET `created_at` = '2022-01-05 15:16:13.383669', `updated_at` = '2022-01-05 15:16:13.383669', `province` = '四川省', `city` = '泸州市', `county` = '江阳区', `town` = '方山镇', `detail` = '安图路60号' WHERE `loan_address`.`id` = 9563;
INSERT INTO `loan_address` (`id`, `created_at`, `updated_at`, `province`, `city`, `county`, `town`, `detail`) VALUES (9563, '2022-01-05 15:16:13.383669', '2022-01-05 15:16:13.383669', '四川省', '泸州市', '江阳区', '方山镇', '安图路60号');
UPDATE `loan_customer` SET `created_at` = '2022-01-05 15:16:13.383669', `updated_at` = '2022-01-05 20:52:36.430392', `name` = '孟馗', `id_number` = '540165938317710336', `gender` = 'f', `birthday` = '1989-02-18', `address_id` = 9563, `job_id` = 1966, `salary` = 21000 WHERE `loan_customer`.`id` = 5928;
INSERT INTO `loan_customer` (`id`, `created_at`, `updated_at`, `name`, `id_number`, `gender`, `birthday`, `address_id`, `job_id`, `salary`) VALUES (5928, '2022-01-05 15:16:13.383669', '2022-01-05 20:52:36.430392', '孟馗', '540165938317710336', 'f', '1989-02-18', 9563, 1966, 21000);
UPDATE `loan_car` SET `created_at` = '2022-01-05 20:36:23.888612', `updated_at` = '2022-01-05 20:36:23.888612', `customer_id` = 5928, `model_id` = 196, `vin_number` = '776678372925113950', `date_produced` = '2018-01-05', `value_estimated` = 270000 WHERE `loan_car`.`id` = 4760;
INSERT INTO `loan_car` (`id`, `created_at`, `updated_at`, `customer_id`, `model_id`, `vin_number`, `date_produced`, `value_estimated`) VALUES (4760, '2022-01-05 20:36:23.888612', '2022-01-05 20:36:23.888612', 5928, 196, '776678372925113950', '2018-01-05', 270000);
UPDATE `loan_account` SET `created_at` = '2022-01-05 21:46:19.846155', `updated_at` = '2022-01-05 21:46:19.846155', `customer_id` = 5928, `number` = '384283032297014575', `balance` = 62464 WHERE `loan_account`.`id` = 5411;
INSERT INTO `loan_account` (`id`, `created_at`, `updated_at`, `customer_id`, `number`, `balance`) VALUES (5411, '2022-01-05 21:46:19.846155', '2022-01-05 21:46:19.846155', 5928, '384283032297014575', 62464);
UPDATE `loan_address` SET `created_at` = '2022-01-05 18:01:40.968690', `updated_at` = '2022-01-05 18:01:40.968690', `province` = '陕西省', `city` = '汉中市', `county` = '西乡县', `town` = '两河口镇', `detail` = '安边路28号' WHERE `loan_address`.`id` = 9564;
INSERT INTO `loan_address` (`id`, `created_at`, `updated_at`, `province`, `city`, `county`, `town`, `detail`) VALUES (9564, '2022-01-05 18:01:40.968690', '2022-01-05 18:01:40.968690', '陕西省', '汉中市', '西乡县', '两河口镇', '安边路28号');
UPDATE `loan_customer` SET `created_at` = '2022-01-05 18:01:40.968690', `updated_at` = '2022-01-05 21:57:29.260322', `name` = '冯霄', `id_number` = '065664265369442574', `gender` = 'f', `birthday` = '2004-09-06', `address_id` = 9564, `job_id` = 1966, `salary` = 31000 WHERE `loan_customer`.`id` = 5929;
INSERT INTO `loan_customer` (`id`, `created_at`, `updated_at`, `name`, `id_number`, `gender`, `birthday`, `address_id`, `job_id`, `salary`) VALUES (5929, '2022-01-05 18:01:40.968690', '2022-01-05 21:57:29.260322', '冯霄', '065664265369442574', 'f', '2004-09-06', 9564, 1966, 31000);
UPDATE `loan_car` SET `created_at` = '2022-01-05 23:34:58.662670', `updated_at` = '2022-01-05 23:34:58.662670', `customer_id` = 5929, `model_id` = 154, `vin_number` = '889092029700996711', `date_produced` = '2010-11-24', `value_estimated` = 200000 WHERE `loan_car`.`id` = 4761;
INSERT INTO `loan_car` (`id`, `created_at`, `updated_at`, `customer_id`, `model_id`, `vin_number`, `date_produced`, `value_estimated`) VALUES (4761, '2022-01-05 23:34:58.662670', '2022-01-05 23:34:58.662670', 5929, 154, '889092029700996711', '2010-11-24', 200000);
UPDATE `loan_account` SET `created_at` = '2022-01-05 23:53:02.092194', `updated_at` = '2022-01-05 23:53:02.092194', `customer_id` = 5929, `number` = '226366983519806341', `balance` = 93683 WHERE `loan_account`.`id` = 5412;
INSERT INTO `loan_account` (`id`, `created_at`, `updated_at`, `customer_id`, `number`, `balance`) VALUES (5412, '2022-01-05 23:53:02.092194', '2022-01-05 23:53:02.092194', 5929, '226366983519806341', 93683);
UPDATE `loan_address` SET `created_at` = '2022-01-05 00:17:38.485891', `updated_at` = '2022-01-05 00:17:38.485891', `province` = '福建省', `city` = '三明市', `county` = '将乐县', `town` = '南口乡', `detail` = '百花街36号' WHERE `loan_address`.`id` = 9565;
INSERT INTO `loan_address` (`id`, `created_at`, `updated_at`, `province`, `city`, `county`, `town`, `detail`) VALUES (9565, '2022-01-05 00:17:38.485891', '2022-01-05 00:17:38.485891', '福建省', '三明市', '将乐县', '南口乡', '百花街36号');
UPDATE `loan_customer` SET `created_at` = '2022-01-05 00:17:38.485891', `updated_at` = '2022-01-05 12:08:13.776826', `name` = '方代曼', `id_number` = '086387377328358354', `gender` = 'f', `birthday` = '2001-10-19', `address_id` = 9565, `job_id` = 1966, `salary` = 22000 WHERE `loan_customer`.`id` = 5930;
INSERT INTO `loan_customer` (`id`, `created_at`, `updated_at`, `name`, `id_number`, `gender`, `birthday`, `address_id`, `job_id`, `salary`) VALUES (5930, '2022-01-05 00:17:38.485891', '2022-01-05 12:08:13.776826', '方代曼', '086387377328358354', 'f', '2001-10-19', 9565, 1966, 22000);
UPDATE `loan_car` SET `created_at` = '2022-01-05 21:16:11.080030', `updated_at` = '2022-01-05 21:16:11.080030', `customer_id` = 5930, `model_id` = 289, `vin_number` = '021532709685685766', `date_produced` = '2016-03-30', `value_estimated` = 40000 WHERE `loan_car`.`id` = 4762;
INSERT INTO `loan_car` (`id`, `created_at`, `updated_at`, `customer_id`, `model_id`, `vin_number`, `date_produced`, `value_estimated`) VALUES (4762, '2022-01-05 21:16:11.080030', '2022-01-05 21:16:11.080030', 5930, 289, '021532709685685766', '2016-03-30', 40000);
UPDATE `loan_address` SET `created_at` = '2022-01-05 17:15:21.068603', `updated_at` = '2022-01-05 17:15:21.068603', `province` = '青海省', `city` = '玉树藏族自治州', `county` = '称多县', `town` = '拉布乡', `detail` = '宝安路167号' WHERE `loan_address`.`id` = 9566;
INSERT INTO `loan_address` (`id`, `created_at`, `updated_at`, `province`, `city`, `county`, `town`, `detail`) VALUES (9566, '2022-01-05 17:15:21.068603', '2022-01-05 17:15:21.068603', '青海省', '玉树藏族自治州', '称多县', '拉布乡', '宝安路167号');
UPDATE `loan_customer` SET `created_at` = '2022-01-05 17:15:21.068603', `updated_at` = '2022-01-05 21:16:09.541975', `name` = '秦霞', `id_number` = '722358295799597247', `gender` = 'f', `birthday` = '1985-01-23', `address_id` = 9566, `job_id` = 1967, `salary` = 43000 WHERE `loan_customer`.`id` = 5931;
INSERT INTO `loan_customer` (`id`, `created_at`, `updated_at`, `name`, `id_number`, `gender`, `birthday`, `address_id`, `job_id`, `salary`) VALUES (5931, '2022-01-05 17:15:21.068603', '2022-01-05 21:16:09.541975', '秦霞', '722358295799597247', 'f', '1985-01-23', 9566, 1967, 43000);
UPDATE `loan_car` SET `created_at` = '2022-01-05 21:40:19.949290', `updated_at` = '2022-01-05 23:35:43.041003', `customer_id` = 5931, `model_id` = 27, `vin_number` = '790829271489500274', `date_produced` = '2020-07-08', `value_estimated` = 70000 WHERE `loan_car`.`id` = 4763;
INSERT INTO `loan_car` (`id`, `created_at`, `updated_at`, `customer_id`, `model_id`, `vin_number`, `date_produced`, `value_estimated`) VALUES (4763, '2022-01-05 21:40:19.949290', '2022-01-05 23:35:43.041003', 5931, 27, '790829271489500274', '2020-07-08', 70000);
UPDATE `loan_account` SET `created_at` = '2022-01-05 22:15:46.651540', `updated_at` = '2022-01-05 22:26:33.210292', `customer_id` = 5931, `number` = '625765078281186925', `balance` = 137664 WHERE `loan_account`.`id` = 5413;
INSERT INTO `loan_account` (`id`, `created_at`, `updated_at`, `customer_id`, `number`, `balance`) VALUES (5413, '2022-01-05 22:15:46.651540', '2022-01-05 22:26:33.210292', 5931, '625765078281186925', 137664);
UPDATE `loan_address` SET `created_at` = '2022-01-05 02:07:19.432797', `updated_at` = '2022-01-05 02:07:19.432797', `province` = '广东省', `city` = '潮州市', `county` = '潮安区', `town` = '凤凰镇', `detail` = '安福路金色家园140号' WHERE `loan_address`.`id` = 9567;
INSERT INTO `loan_address` (`id`, `created_at`, `updated_at`, `province`, `city`, `county`, `town`, `detail`) VALUES (9567, '2022-01-05 02:07:19.432797', '2022-01-05 02:07:19.432797', '广东省', '潮州市', '潮安区', '凤凰镇', '安福路金色家园140号');
UPDATE `loan_customer` SET `created_at` = '2022-01-05 02:07:19.432797', `updated_at` = '2022-01-05 23:42:07.782725', `name` = '苏冬卉', `id_number` = '054212301888243310', `gender` = 'f', `birthday` = '1989-09-15', `address_id` = 9567, `job_id` = 1967, `salary` = 19000 WHERE `loan_customer`.`id` = 5932;
INSERT INTO `loan_customer` (`id`, `created_at`, `updated_at`, `name`, `id_number`, `gender`, `birthday`, `address_id`, `job_id`, `salary`) VALUES (5932, '2022-01-05 02:07:19.432797', '2022-01-05 23:42:07.782725', '苏冬卉', '054212301888243310', 'f', '1989-09-15', 9567, 1967, 19000);
UPDATE `loan_chattel` SET `created_at` = '2022-01-05 17:03:32.084861', `updated_at` = '2022-01-05 17:03:32.084861', `customer_id` = 5932, `type` = 'trademark', `description` = '一些信息', `value_amount` = 120000, `expired_at` = '2019-09-30' WHERE `loan_chattel`.`id` = 1746;
INSERT INTO `loan_chattel` (`id`, `created_at`, `updated_at`, `customer_id`, `type`, `description`, `value_amount`, `expired_at`) VALUES (1746, '2022-01-05 17:03:32.084861', '2022-01-05 17:03:32.084861', 5932, 'trademark', '一些信息', 120000, '2019-09-30');
UPDATE `loan_address` SET `created_at` = '2022-01-05 18:02:53.591489', `updated_at` = '2022-01-05 18:02:53.591489', `province` = '甘肃省', `city` = '临夏回族自治州', `county` = '康乐县', `town` = '草滩乡', `detail` = '安顺路185号' WHERE `loan_address`.`id` = 9568;
INSERT INTO `loan_address` (`id`, `created_at`, `updated_at`, `province`, `city`, `county`, `town`, `detail`) VALUES (9568, '2022-01-05 18:02:53.591489', '2022-01-05 18:02:53.591489', '甘肃省', '临夏回族自治州', '康乐县', '草滩乡', '安顺路185号');
UPDATE `loan_estate` SET `created_at` = '2022-01-05 18:02:53.591489', `updated_at` = '2022-01-05 18:02:53.591489', `customer_id` = 5932, `address_id` = 9568 WHERE `loan_estate`.`id` = 3545;
INSERT INTO `loan_estate` (`id`, `created_at`, `updated_at`, `customer_id`, `address_id`) VALUES (3545, '2022-01-05 18:02:53.591489', '2022-01-05 18:02:53.591489', 5932, 9568);
UPDATE `loan_car` SET `created_at` = '2022-01-05 21:26:59.177823', `updated_at` = '2022-01-05 21:26:59.177823', `customer_id` = 5932, `model_id` = 217, `vin_number` = '410094680979311409', `date_produced` = '2012-03-14', `value_estimated` = 330000 WHERE `loan_car`.`id` = 4764;
INSERT INTO `loan_car` (`id`, `created_at`, `updated_at`, `customer_id`, `model_id`, `vin_number`, `date_produced`, `value_estimated`) VALUES (4764, '2022-01-05 21:26:59.177823', '2022-01-05 21:26:59.177823', 5932, 217, '410094680979311409', '2012-03-14', 330000);
UPDATE `loan_car` SET `created_at` = '2022-01-05 22:12:16.306289', `updated_at` = '2022-01-05 22:23:28.163965', `customer_id` = 5932, `model_id` = 16, `vin_number` = '940365524379455197', `date_produced` = '2014-09-09', `value_estimated` = 540000 WHERE `loan_car`.`id` = 4765;
INSERT INTO `loan_car` (`id`, `created_at`, `updated_at`, `customer_id`, `model_id`, `vin_number`, `date_produced`, `value_estimated`) VALUES (4765, '2022-01-05 22:12:16.306289', '2022-01-05 22:23:28.163965', 5932, 16, '940365524379455197', '2014-09-09', 540000);
UPDATE `loan_account` SET `created_at` = '2022-01-05 07:18:10.700263', `updated_at` = '2022-01-05 09:05:17.444128', `customer_id` = 5932, `number` = '140470755753944646', `balance` = 56439 WHERE `loan_account`.`id` = 5414;
INSERT INTO `loan_account` (`id`, `created_at`, `updated_at`, `customer_id`, `number`, `balance`) VALUES (5414, '2022-01-05 07:18:10.700263', '2022-01-05 09:05:17.444128', 5932, '140470755753944646', 56439);
UPDATE `loan_address` SET `created_at` = '2022-01-05 10:08:59.302612', `updated_at` = '2022-01-05 10:08:59.302612', `province` = '江苏省', `city` = '连云港市', `county` = '连云区', `town` = '板桥街道', `detail` = '宝安路148号' WHERE `loan_address`.`id` = 9569;
INSERT INTO `loan_address` (`id`, `created_at`, `updated_at`, `province`, `city`, `county`, `town`, `detail`) VALUES (9569, '2022-01-05 10:08:59.302612', '2022-01-05 10:08:59.302612', '江苏省', '连云港市', '连云区', '板桥街道', '宝安路148号');
UPDATE `loan_customer` SET `created_at` = '2022-01-05 10:08:59.302612', `updated_at` = '2022-01-05 15:01:30.815772', `name` = '周千雁', `id_number` = '962435054733558671', `gender` = 'f', `birthday` = '1988-08-21', `address_id` = 9569, `job_id` = 1967, `salary` = 19000 WHERE `loan_customer`.`id` = 5933;
INSERT INTO `loan_customer` (`id`, `created_at`, `updated_at`, `name`, `id_number`, `gender`, `birthday`, `address_id`, `job_id`, `salary`) VALUES (5933, '2022-01-05 10:08:59.302612', '2022-01-05 15:01:30.815772', '周千雁', '962435054733558671', 'f', '1988-08-21', 9569, 1967, 19000);
UPDATE `loan_address` SET `created_at` = '2022-01-05 22:38:47.088939', `updated_at` = '2022-01-05 22:38:47.088939', `province` = '江苏省', `city` = '连云港市', `county` = '海州区', `town` = '幸福路街道', `detail` = '白城南路协通公寓124号' WHERE `loan_address`.`id` = 9570;
INSERT INTO `loan_address` (`id`, `created_at`, `updated_at`, `province`, `city`, `county`, `town`, `detail`) VALUES (9570, '2022-01-05 22:38:47.088939', '2022-01-05 22:38:47.088939', '江苏省', '连云港市', '海州区', '幸福路街道', '白城南路协通公寓124号');
UPDATE `loan_estate` SET `created_at` = '2022-01-05 22:38:47.088939', `updated_at` = '2022-01-05 22:38:47.088939', `customer_id` = 5933, `address_id` = 9570 WHERE `loan_estate`.`id` = 3546;
INSERT INTO `loan_estate` (`id`, `created_at`, `updated_at`, `customer_id`, `address_id`) VALUES (3546, '2022-01-05 22:38:47.088939', '2022-01-05 22:38:47.088939', 5933, 9570);
UPDATE `loan_address` SET `created_at` = '2022-01-05 18:58:32.626946', `updated_at` = '2022-01-05 18:58:32.626946', `province` = '河北省', `city` = '衡水市', `county` = '阜城县', `town` = '崔家庙镇', `detail` = '安义路94号' WHERE `loan_address`.`id` = 9571;
INSERT INTO `loan_address` (`id`, `created_at`, `updated_at`, `province`, `city`, `county`, `town`, `detail`) VALUES (9571, '2022-01-05 18:58:32.626946', '2022-01-05 18:58:32.626946', '河北省', '衡水市', '阜城县', '崔家庙镇', '安义路94号');
UPDATE `loan_estate` SET `created_at` = '2022-01-05 18:58:32.626946', `updated_at` = '2022-01-05 18:58:32.626946', `customer_id` = 5933, `address_id` = 9571 WHERE `loan_estate`.`id` = 3547;
INSERT INTO `loan_estate` (`id`, `created_at`, `updated_at`, `customer_id`, `address_id`) VALUES (3547, '2022-01-05 18:58:32.626946', '2022-01-05 18:58:32.626946', 5933, 9571);
UPDATE `loan_car` SET `created_at` = '2022-01-05 10:23:27.938395', `updated_at` = '2022-01-05 10:23:27.938395', `customer_id` = 5933, `model_id` = 251, `vin_number` = '730586424301079244', `date_produced` = '2015-08-30', `value_estimated` = 530000 WHERE `loan_car`.`id` = 4766;
INSERT INTO `loan_car` (`id`, `created_at`, `updated_at`, `customer_id`, `model_id`, `vin_number`, `date_produced`, `value_estimated`) VALUES (4766, '2022-01-05 10:23:27.938395', '2022-01-05 10:23:27.938395', 5933, 251, '730586424301079244', '2015-08-30', 530000);
UPDATE `loan_account` SET `created_at` = '2022-01-05 14:23:10.683470', `updated_at` = '2022-01-05 14:23:10.683470', `customer_id` = 5933, `number` = '941198385244112329', `balance` = 82027 WHERE `loan_account`.`id` = 5415;
INSERT INTO `loan_account` (`id`, `created_at`, `updated_at`, `customer_id`, `number`, `balance`) VALUES (5415, '2022-01-05 14:23:10.683470', '2022-01-05 14:23:10.683470', 5933, '941198385244112329', 82027);
UPDATE `loan_address` SET `created_at` = '2022-01-05 10:33:57.003886', `updated_at` = '2022-01-05 10:33:57.003886', `province` = '陕西省', `city` = '西安市', `county` = '雁塔区', `town` = '鱼化寨街道办事处', `detail` = '安仁路161号' WHERE `loan_address`.`id` = 9572;
INSERT INTO `loan_address` (`id`, `created_at`, `updated_at`, `province`, `city`, `county`, `town`, `detail`) VALUES (9572, '2022-01-05 10:33:57.003886', '2022-01-05 10:33:57.003886', '陕西省', '西安市', '雁塔区', '鱼化寨街道办事处', '安仁路161号');
UPDATE `loan_customer` SET `created_at` = '2022-01-05 10:33:57.003886', `updated_at` = '2022-01-05 11:53:09.624152', `name` = '吕战', `id_number` = '641939018013428962', `gender` = 'f', `birthday` = '1986-09-05', `address_id` = 9572, `job_id` = 1968, `salary` = 11000 WHERE `loan_customer`.`id` = 5934;
INSERT INTO `loan_customer` (`id`, `created_at`, `updated_at`, `name`, `id_number`, `gender`, `birthday`, `address_id`, `job_id`, `salary`) VALUES (5934, '2022-01-05 10:33:57.003886', '2022-01-05 11:53:09.624152', '吕战', '641939018013428962', 'f', '1986-09-05', 9572, 1968, 11000);
UPDATE `loan_address` SET `created_at` = '2022-01-05 16:33:23.556904', `updated_at` = '2022-01-05 16:33:23.556904', `province` = '广西壮族自治区', `city` = '崇左市', `county` = '江州区', `town` = '左江华侨农场', `detail` = '安顺路菊园五街坊103号' WHERE `loan_address`.`id` = 9573;
INSERT INTO `loan_address` (`id`, `created_at`, `updated_at`, `province`, `city`, `county`, `town`, `detail`) VALUES (9573, '2022-01-05 16:33:23.556904', '2022-01-05 16:33:23.556904', '广西壮族自治区', '崇左市', '江州区', '左江华侨农场', '安顺路菊园五街坊103号');
UPDATE `loan_estate` SET `created_at` = '2022-01-05 16:33:23.556904', `updated_at` = '2022-01-05 18:08:19.011557', `customer_id` = 5934, `address_id` = 9573 WHERE `loan_estate`.`id` = 3548;
INSERT INTO `loan_estate` (`id`, `created_at`, `updated_at`, `customer_id`, `address_id`) VALUES (3548, '2022-01-05 16:33:23.556904', '2022-01-05 18:08:19.011557', 5934, 9573);
UPDATE `loan_account` SET `created_at` = '2022-01-05 12:09:19.001623', `updated_at` = '2022-01-05 14:30:17.633511', `customer_id` = 5934, `number` = '865304199614686726', `balance` = 23954 WHERE `loan_account`.`id` = 5416;
INSERT INTO `loan_account` (`id`, `created_at`, `updated_at`, `customer_id`, `number`, `balance`) VALUES (5416, '2022-01-05 12:09:19.001623', '2022-01-05 14:30:17.633511', 5934, '865304199614686726', 23954);
UPDATE `loan_address` SET `created_at` = '2022-01-05 05:53:54.801670', `updated_at` = '2022-01-05 05:53:54.801670', `province` = '内蒙古自治区', `city` = '赤峰市', `county` = '巴林右旗', `town` = '巴彦琥硕镇', `detail` = '宝源路62号' WHERE `loan_address`.`id` = 9574;
INSERT INTO `loan_address` (`id`, `created_at`, `updated_at`, `province`, `city`, `county`, `town`, `detail`) VALUES (9574, '2022-01-05 05:53:54.801670', '2022-01-05 05:53:54.801670', '内蒙古自治区', '赤峰市', '巴林右旗', '巴彦琥硕镇', '宝源路62号');
UPDATE `loan_customer` SET `created_at` = '2022-01-05 05:53:54.801670', `updated_at` = '2022-01-05 23:37:50.769484', `name` = '卢喜', `id_number` = '499527526157935108', `gender` = 'f', `birthday` = '1987-02-27', `address_id` = 9574, `job_id` = 1968, `salary` = 77000 WHERE `loan_customer`.`id` = 5935;
INSERT INTO `loan_customer` (`id`, `created_at`, `updated_at`, `name`, `id_number`, `gender`, `birthday`, `address_id`, `job_id`, `salary`) VALUES (5935, '2022-01-05 05:53:54.801670', '2022-01-05 23:37:50.769484', '卢喜', '499527526157935108', 'f', '1987-02-27', 9574, 1968, 77000);
UPDATE `loan_address` SET `created_at` = '2022-01-05 14:21:29.749540', `updated_at` = '2022-01-05 14:21:29.749540', `province` = '贵州省', `city` = '铜仁市', `county` = '印江土家族苗族自治县', `town` = '峨岭街道办事处', `detail` = '鞍山支路溢盈河畔别墅137号' WHERE `loan_address`.`id` = 9575;
INSERT INTO `loan_address` (`id`, `created_at`, `updated_at`, `province`, `city`, `county`, `town`, `detail`) VALUES (9575, '2022-01-05 14:21:29.749540', '2022-01-05 14:21:29.749540', '贵州省', '铜仁市', '印江土家族苗族自治县', '峨岭街道办事处', '鞍山支路溢盈河畔别墅137号');
UPDATE `loan_estate` SET `created_at` = '2022-01-05 14:21:29.749540', `updated_at` = '2022-01-05 14:21:29.749540', `customer_id` = 5935, `address_id` = 9575 WHERE `loan_estate`.`id` = 3549;
INSERT INTO `loan_estate` (`id`, `created_at`, `updated_at`, `customer_id`, `address_id`) VALUES (3549, '2022-01-05 14:21:29.749540', '2022-01-05 14:21:29.749540', 5935, 9575);
UPDATE `loan_address` SET `created_at` = '2022-01-05 17:41:25.717206', `updated_at` = '2022-01-05 17:41:25.717206', `province` = '辽宁省', `city` = '铁岭市', `county` = '昌图县', `town` = '通江口镇', `detail` = '保定路博泰新苑91号' WHERE `loan_address`.`id` = 9576;
INSERT INTO `loan_address` (`id`, `created_at`, `updated_at`, `province`, `city`, `county`, `town`, `detail`) VALUES (9576, '2022-01-05 17:41:25.717206', '2022-01-05 17:41:25.717206', '辽宁省', '铁岭市', '昌图县', '通江口镇', '保定路博泰新苑91号');
UPDATE `loan_estate` SET `created_at` = '2022-01-05 17:41:25.717206', `updated_at` = '2022-01-05 17:41:25.717206', `customer_id` = 5935, `address_id` = 9576 WHERE `loan_estate`.`id` = 3550;
INSERT INTO `loan_estate` (`id`, `created_at`, `updated_at`, `customer_id`, `address_id`) VALUES (3550, '2022-01-05 17:41:25.717206', '2022-01-05 17:41:25.717206', 5935, 9576);
UPDATE `loan_car` SET `created_at` = '2022-01-05 17:09:39.941476', `updated_at` = '2022-01-05 21:29:43.657213', `customer_id` = 5935, `model_id` = 151, `vin_number` = '902635763770833934', `date_produced` = '2011-06-18', `value_estimated` = 100000 WHERE `loan_car`.`id` = 4767;
INSERT INTO `loan_car` (`id`, `created_at`, `updated_at`, `customer_id`, `model_id`, `vin_number`, `date_produced`, `value_estimated`) VALUES (4767, '2022-01-05 17:09:39.941476', '2022-01-05 21:29:43.657213', 5935, 151, '902635763770833934', '2011-06-18', 100000);
UPDATE `loan_account` SET `created_at` = '2022-01-05 11:32:32.914629', `updated_at` = '2022-01-05 11:32:32.914629', `customer_id` = 5935, `number` = '120037125980376050', `balance` = 83494 WHERE `loan_account`.`id` = 5417;
INSERT INTO `loan_account` (`id`, `created_at`, `updated_at`, `customer_id`, `number`, `balance`) VALUES (5417, '2022-01-05 11:32:32.914629', '2022-01-05 11:32:32.914629', 5935, '120037125980376050', 83494);
UPDATE `loan_address` SET `created_at` = '2022-01-05 18:04:55.942345', `updated_at` = '2022-01-05 18:04:55.942345', `province` = '黑龙江省', `city` = '黑河市', `county` = '孙吴县', `town` = '孙吴镇', `detail` = '宝祁路123号' WHERE `loan_address`.`id` = 9577;
INSERT INTO `loan_address` (`id`, `created_at`, `updated_at`, `province`, `city`, `county`, `town`, `detail`) VALUES (9577, '2022-01-05 18:04:55.942345', '2022-01-05 18:04:55.942345', '黑龙江省', '黑河市', '孙吴县', '孙吴镇', '宝祁路123号');
UPDATE `loan_customer` SET `created_at` = '2022-01-05 18:04:55.942345', `updated_at` = '2022-01-05 23:23:17.660296', `name` = '熊澎', `id_number` = '068990097876994089', `gender` = 'f', `birthday` = '2007-01-25', `address_id` = 9577, `job_id` = 1968, `salary` = 39000 WHERE `loan_customer`.`id` = 5936;
INSERT INTO `loan_customer` (`id`, `created_at`, `updated_at`, `name`, `id_number`, `gender`, `birthday`, `address_id`, `job_id`, `salary`) VALUES (5936, '2022-01-05 18:04:55.942345', '2022-01-05 23:23:17.660296', '熊澎', '068990097876994089', 'f', '2007-01-25', 9577, 1968, 39000);
UPDATE `loan_address` SET `created_at` = '2022-01-05 18:57:04.200697', `updated_at` = '2022-01-05 18:57:04.200697', `province` = '河南省', `city` = '鹤壁市', `county` = '鹤壁经济技术开发区', `town` = '海河路办事处', `detail` = '白渡路175号' WHERE `loan_address`.`id` = 9578;
INSERT INTO `loan_address` (`id`, `created_at`, `updated_at`, `province`, `city`, `county`, `town`, `detail`) VALUES (9578, '2022-01-05 18:57:04.200697', '2022-01-05 18:57:04.200697', '河南省', '鹤壁市', '鹤壁经济技术开发区', '海河路办事处', '白渡路175号');
UPDATE `loan_estate` SET `created_at` = '2022-01-05 18:57:04.200697', `updated_at` = '2022-01-05 18:57:04.200697', `customer_id` = 5936, `address_id` = 9578 WHERE `loan_estate`.`id` = 3551;
INSERT INTO `loan_estate` (`id`, `created_at`, `updated_at`, `customer_id`, `address_id`) VALUES (3551, '2022-01-05 18:57:04.200697', '2022-01-05 18:57:04.200697', 5936, 9578);
UPDATE `loan_car` SET `created_at` = '2022-01-05 19:45:42.328711', `updated_at` = '2022-01-05 19:45:42.328711', `customer_id` = 5936, `model_id` = 182, `vin_number` = '347602111012352219', `date_produced` = '2015-05-09', `value_estimated` = 220000 WHERE `loan_car`.`id` = 4768;
INSERT INTO `loan_car` (`id`, `created_at`, `updated_at`, `customer_id`, `model_id`, `vin_number`, `date_produced`, `value_estimated`) VALUES (4768, '2022-01-05 19:45:42.328711', '2022-01-05 19:45:42.328711', 5936, 182, '347602111012352219', '2015-05-09', 220000);
UPDATE `loan_account` SET `created_at` = '2022-01-05 20:47:10.450730', `updated_at` = '2022-01-05 21:03:10.981530', `customer_id` = 5936, `number` = '544366256475678393', `balance` = 39933 WHERE `loan_account`.`id` = 5418;
INSERT INTO `loan_account` (`id`, `created_at`, `updated_at`, `customer_id`, `number`, `balance`) VALUES (5418, '2022-01-05 20:47:10.450730', '2022-01-05 21:03:10.981530', 5936, '544366256475678393', 39933);
UPDATE `loan_address` SET `created_at` = '2022-01-05 15:01:11.517046', `updated_at` = '2022-01-05 15:01:11.517046', `province` = '浙江省', `city` = '嘉兴市', `county` = '平湖市', `town` = '当湖街道', `detail` = '安顺路协通公寓61号' WHERE `loan_address`.`id` = 9579;
INSERT INTO `loan_address` (`id`, `created_at`, `updated_at`, `province`, `city`, `county`, `town`, `detail`) VALUES (9579, '2022-01-05 15:01:11.517046', '2022-01-05 15:01:11.517046', '浙江省', '嘉兴市', '平湖市', '当湖街道', '安顺路协通公寓61号');
UPDATE `loan_customer` SET `created_at` = '2022-01-05 15:01:11.517046', `updated_at` = '2022-01-05 15:01:11.517046', `name` = '孔子悦', `id_number` = '844741212955887563', `gender` = 'm', `birthday` = '1984-11-10', `address_id` = 9579, `job_id` = 1968, `salary` = 35000 WHERE `loan_customer`.`id` = 5937;
INSERT INTO `loan_customer` (`id`, `created_at`, `updated_at`, `name`, `id_number`, `gender`, `birthday`, `address_id`, `job_id`, `salary`) VALUES (5937, '2022-01-05 15:01:11.517046', '2022-01-05 15:01:11.517046', '孔子悦', '844741212955887563', 'm', '1984-11-10', 9579, 1968, 35000);
UPDATE `loan_chattel` SET `created_at` = '2022-01-05 16:43:07.137438', `updated_at` = '2022-01-05 16:43:07.137438', `customer_id` = 5937, `type` = 'fund', `description` = '一些信息', `value_amount` = 20000, `expired_at` = '2032-01-30' WHERE `loan_chattel`.`id` = 1747;
INSERT INTO `loan_chattel` (`id`, `created_at`, `updated_at`, `customer_id`, `type`, `description`, `value_amount`, `expired_at`) VALUES (1747, '2022-01-05 16:43:07.137438', '2022-01-05 16:43:07.137438', 5937, 'fund', '一些信息', 20000, '2032-01-30');
UPDATE `loan_car` SET `created_at` = '2022-01-05 22:41:28.243458', `updated_at` = '2022-01-05 23:03:35.675846', `customer_id` = 5937, `model_id` = 175, `vin_number` = '260847175518310975', `date_produced` = '2017-08-13', `value_estimated` = 40000 WHERE `loan_car`.`id` = 4769;
INSERT INTO `loan_car` (`id`, `created_at`, `updated_at`, `customer_id`, `model_id`, `vin_number`, `date_produced`, `value_estimated`) VALUES (4769, '2022-01-05 22:41:28.243458', '2022-01-05 23:03:35.675846', 5937, 175, '260847175518310975', '2017-08-13', 40000);
UPDATE `loan_account` SET `created_at` = '2022-01-05 20:54:07.974929', `updated_at` = '2022-01-05 23:05:27.839847', `customer_id` = 5937, `number` = '204450890376231069', `balance` = 0 WHERE `loan_account`.`id` = 5419;
INSERT INTO `loan_account` (`id`, `created_at`, `updated_at`, `customer_id`, `number`, `balance`) VALUES (5419, '2022-01-05 20:54:07.974929', '2022-01-05 23:05:27.839847', 5937, '204450890376231069', 0);
UPDATE `loan_address` SET `created_at` = '2022-01-05 03:36:32.437418', `updated_at` = '2022-01-05 03:36:32.437418', `province` = '四川省', `city` = '广安市', `county` = '邻水县', `town` = '高滩镇', `detail` = '保屯路93号' WHERE `loan_address`.`id` = 9580;
INSERT INTO `loan_address` (`id`, `created_at`, `updated_at`, `province`, `city`, `county`, `town`, `detail`) VALUES (9580, '2022-01-05 03:36:32.437418', '2022-01-05 03:36:32.437418', '四川省', '广安市', '邻水县', '高滩镇', '保屯路93号');
UPDATE `loan_customer` SET `created_at` = '2022-01-05 03:36:32.437418', `updated_at` = '2022-01-05 21:11:15.247351', `name` = '陆波', `id_number` = '330512845273914227', `gender` = 'f', `birthday` = '2003-07-15', `address_id` = 9580, `job_id` = 1968, `salary` = 32000 WHERE `loan_customer`.`id` = 5938;
INSERT INTO `loan_customer` (`id`, `created_at`, `updated_at`, `name`, `id_number`, `gender`, `birthday`, `address_id`, `job_id`, `salary`) VALUES (5938, '2022-01-05 03:36:32.437418', '2022-01-05 21:11:15.247351', '陆波', '330512845273914227', 'f', '2003-07-15', 9580, 1968, 32000);
UPDATE `loan_car` SET `created_at` = '2022-01-05 09:25:53.023887', `updated_at` = '2022-01-05 23:36:41.694537', `customer_id` = 5938, `model_id` = 288, `vin_number` = '425654538245256108', `date_produced` = '2019-09-08', `value_estimated` = 410000 WHERE `loan_car`.`id` = 4770;
INSERT INTO `loan_car` (`id`, `created_at`, `updated_at`, `customer_id`, `model_id`, `vin_number`, `date_produced`, `value_estimated`) VALUES (4770, '2022-01-05 09:25:53.023887', '2022-01-05 23:36:41.694537', 5938, 288, '425654538245256108', '2019-09-08', 410000);
UPDATE `loan_account` SET `created_at` = '2022-01-05 23:43:37.348802', `updated_at` = '2022-01-05 23:51:53.553871', `customer_id` = 5938, `number` = '797264734048843428', `balance` = 40837 WHERE `loan_account`.`id` = 5420;
INSERT INTO `loan_account` (`id`, `created_at`, `updated_at`, `customer_id`, `number`, `balance`) VALUES (5420, '2022-01-05 23:43:37.348802', '2022-01-05 23:51:53.553871', 5938, '797264734048843428', 40837);
UPDATE `loan_address` SET `created_at` = '2022-01-05 15:08:47.065206', `updated_at` = '2022-01-05 15:08:47.065206', `province` = '浙江省', `city` = '金华市', `county` = '武义县', `town` = '坦洪乡', `detail` = '鞍山路菊园五街坊154号' WHERE `loan_address`.`id` = 9581;
INSERT INTO `loan_address` (`id`, `created_at`, `updated_at`, `province`, `city`, `county`, `town`, `detail`) VALUES (9581, '2022-01-05 15:08:47.065206', '2022-01-05 15:08:47.065206', '浙江省', '金华市', '武义县', '坦洪乡', '鞍山路菊园五街坊154号');
UPDATE `loan_customer` SET `created_at` = '2022-01-05 15:08:47.065206', `updated_at` = '2022-01-05 23:37:15.425477', `name` = '卢喜', `id_number` = '071706054261408812', `gender` = 'm', `birthday` = '2009-05-27', `address_id` = 9581, `job_id` = 1969, `salary` = 30000 WHERE `loan_customer`.`id` = 5939;
INSERT INTO `loan_customer` (`id`, `created_at`, `updated_at`, `name`, `id_number`, `gender`, `birthday`, `address_id`, `job_id`, `salary`) VALUES (5939, '2022-01-05 15:08:47.065206', '2022-01-05 23:37:15.425477', '卢喜', '071706054261408812', 'm', '2009-05-27', 9581, 1969, 30000);
UPDATE `loan_address` SET `created_at` = '2022-01-05 16:57:39.610984', `updated_at` = '2022-01-05 16:57:39.610984', `province` = '江西省', `city` = '九江市', `county` = '永修县', `town` = '云山企业集团', `detail` = '安龙路66号' WHERE `loan_address`.`id` = 9582;
INSERT INTO `loan_address` (`id`, `created_at`, `updated_at`, `province`, `city`, `county`, `town`, `detail`) VALUES (9582, '2022-01-05 16:57:39.610984', '2022-01-05 16:57:39.610984', '江西省', '九江市', '永修县', '云山企业集团', '安龙路66号');
UPDATE `loan_estate` SET `created_at` = '2022-01-05 16:57:39.610984', `updated_at` = '2022-01-05 16:57:39.610984', `customer_id` = 5939, `address_id` = 9582 WHERE `loan_estate`.`id` = 3552;
INSERT INTO `loan_estate` (`id`, `created_at`, `updated_at`, `customer_id`, `address_id`) VALUES (3552, '2022-01-05 16:57:39.610984', '2022-01-05 16:57:39.610984', 5939, 9582);
UPDATE `loan_account` SET `created_at` = '2022-01-05 19:16:45.053815', `updated_at` = '2022-01-05 20:33:09.817583', `customer_id` = 5939, `number` = '799124656488040434', `balance` = 52494 WHERE `loan_account`.`id` = 5421;
INSERT INTO `loan_account` (`id`, `created_at`, `updated_at`, `customer_id`, `number`, `balance`) VALUES (5421, '2022-01-05 19:16:45.053815', '2022-01-05 20:33:09.817583', 5939, '799124656488040434', 52494);
UPDATE `loan_address` SET `created_at` = '2022-01-05 22:58:39.851859', `updated_at` = '2022-01-05 22:58:39.851859', `province` = '云南省', `city` = '临沧市', `county` = '耿马傣族佤族自治县', `town` = '耿马镇', `detail` = '安亭路菊园五街坊124号' WHERE `loan_address`.`id` = 9583;
INSERT INTO `loan_address` (`id`, `created_at`, `updated_at`, `province`, `city`, `county`, `town`, `detail`) VALUES (9583, '2022-01-05 22:58:39.851859', '2022-01-05 22:58:39.851859', '云南省', '临沧市', '耿马傣族佤族自治县', '耿马镇', '安亭路菊园五街坊124号');
UPDATE `loan_customer` SET `created_at` = '2022-01-05 22:58:39.851859', `updated_at` = '2022-01-05 22:58:39.851859', `name` = '漕元亮', `id_number` = '899294540185945311', `gender` = 'm', `birthday` = '1987-08-13', `address_id` = 9583, `job_id` = 1969, `salary` = 16000 WHERE `loan_customer`.`id` = 5940;
INSERT INTO `loan_customer` (`id`, `created_at`, `updated_at`, `name`, `id_number`, `gender`, `birthday`, `address_id`, `job_id`, `salary`) VALUES (5940, '2022-01-05 22:58:39.851859', '2022-01-05 22:58:39.851859', '漕元亮', '899294540185945311', 'm', '1987-08-13', 9583, 1969, 16000);
UPDATE `loan_car` SET `created_at` = '2022-01-05 23:37:26.744231', `updated_at` = '2022-01-05 23:37:26.744231', `customer_id` = 5940, `model_id` = 292, `vin_number` = '192225288396802492', `date_produced` = '2012-11-29', `value_estimated` = 280000 WHERE `loan_car`.`id` = 4771;
INSERT INTO `loan_car` (`id`, `created_at`, `updated_at`, `customer_id`, `model_id`, `vin_number`, `date_produced`, `value_estimated`) VALUES (4771, '2022-01-05 23:37:26.744231', '2022-01-05 23:37:26.744231', 5940, 292, '192225288396802492', '2012-11-29', 280000);
UPDATE `loan_car` SET `created_at` = '2022-01-05 23:40:04.047543', `updated_at` = '2022-01-05 23:40:04.047543', `customer_id` = 5940, `model_id` = 154, `vin_number` = '889727545058415337', `date_produced` = '2021-07-04', `value_estimated` = 210000 WHERE `loan_car`.`id` = 4772;
INSERT INTO `loan_car` (`id`, `created_at`, `updated_at`, `customer_id`, `model_id`, `vin_number`, `date_produced`, `value_estimated`) VALUES (4772, '2022-01-05 23:40:04.047543', '2022-01-05 23:40:04.047543', 5940, 154, '889727545058415337', '2021-07-04', 210000);
UPDATE `loan_account` SET `created_at` = '2022-01-05 23:16:22.228228', `updated_at` = '2022-01-05 23:40:41.710607', `customer_id` = 5940, `number` = '600173468922267795', `balance` = 28232 WHERE `loan_account`.`id` = 5422;
INSERT INTO `loan_account` (`id`, `created_at`, `updated_at`, `customer_id`, `number`, `balance`) VALUES (5422, '2022-01-05 23:16:22.228228', '2022-01-05 23:40:41.710607', 5940, '600173468922267795', 28232);
UPDATE `loan_address` SET `created_at` = '2022-01-05 17:28:14.348584', `updated_at` = '2022-01-05 17:28:14.348584', `province` = '新疆维吾尔自治区', `city` = '塔城地区', `county` = '额敏县', `town` = '加尔布拉克农场', `detail` = '安图路40号' WHERE `loan_address`.`id` = 9584;
INSERT INTO `loan_address` (`id`, `created_at`, `updated_at`, `province`, `city`, `county`, `town`, `detail`) VALUES (9584, '2022-01-05 17:28:14.348584', '2022-01-05 17:28:14.348584', '新疆维吾尔自治区', '塔城地区', '额敏县', '加尔布拉克农场', '安图路40号');
UPDATE `loan_customer` SET `created_at` = '2022-01-05 17:28:14.348584', `updated_at` = '2022-01-05 21:37:48.009787', `name` = '郑驾', `id_number` = '991456516152620809', `gender` = 'm', `birthday` = '2008-09-29', `address_id` = 9584, `job_id` = 1969, `salary` = 31000 WHERE `loan_customer`.`id` = 5941;
INSERT INTO `loan_customer` (`id`, `created_at`, `updated_at`, `name`, `id_number`, `gender`, `birthday`, `address_id`, `job_id`, `salary`) VALUES (5941, '2022-01-05 17:28:14.348584', '2022-01-05 21:37:48.009787', '郑驾', '991456516152620809', 'm', '2008-09-29', 9584, 1969, 31000);
UPDATE `loan_address` SET `created_at` = '2022-01-05 19:59:24.139273', `updated_at` = '2022-01-05 19:59:24.139273', `province` = '河北省', `city` = '保定市', `county` = '曲阳县', `town` = '孝墓乡', `detail` = '包头南路耀江花园107号' WHERE `loan_address`.`id` = 9585;
INSERT INTO `loan_address` (`id`, `created_at`, `updated_at`, `province`, `city`, `county`, `town`, `detail`) VALUES (9585, '2022-01-05 19:59:24.139273', '2022-01-05 19:59:24.139273', '河北省', '保定市', '曲阳县', '孝墓乡', '包头南路耀江花园107号');
UPDATE `loan_estate` SET `created_at` = '2022-01-05 19:59:24.139273', `updated_at` = '2022-01-05 23:01:35.381544', `customer_id` = 5941, `address_id` = 9585 WHERE `loan_estate`.`id` = 3553;
INSERT INTO `loan_estate` (`id`, `created_at`, `updated_at`, `customer_id`, `address_id`) VALUES (3553, '2022-01-05 19:59:24.139273', '2022-01-05 23:01:35.381544', 5941, 9585);
UPDATE `loan_car` SET `created_at` = '2022-01-05 23:11:39.819824', `updated_at` = '2022-01-05 23:52:43.618935', `customer_id` = 5941, `model_id` = 211, `vin_number` = '338388891313896102', `date_produced` = '2017-07-06', `value_estimated` = 550000 WHERE `loan_car`.`id` = 4773;
INSERT INTO `loan_car` (`id`, `created_at`, `updated_at`, `customer_id`, `model_id`, `vin_number`, `date_produced`, `value_estimated`) VALUES (4773, '2022-01-05 23:11:39.819824', '2022-01-05 23:52:43.618935', 5941, 211, '338388891313896102', '2017-07-06', 550000);
UPDATE `loan_account` SET `created_at` = '2022-01-05 23:43:11.273988', `updated_at` = '2022-01-05 23:46:39.978251', `customer_id` = 5941, `number` = '193594637979799814', `balance` = 24696 WHERE `loan_account`.`id` = 5423;
INSERT INTO `loan_account` (`id`, `created_at`, `updated_at`, `customer_id`, `number`, `balance`) VALUES (5423, '2022-01-05 23:43:11.273988', '2022-01-05 23:46:39.978251', 5941, '193594637979799814', 24696);
UPDATE `loan_address` SET `created_at` = '2022-01-05 21:31:13.554301', `updated_at` = '2022-01-05 21:31:13.554301', `province` = '浙江省', `city` = '金华市', `county` = '武义县', `town` = '坦洪乡', `detail` = '北艾路156号' WHERE `loan_address`.`id` = 9586;
INSERT INTO `loan_address` (`id`, `created_at`, `updated_at`, `province`, `city`, `county`, `town`, `detail`) VALUES (9586, '2022-01-05 21:31:13.554301', '2022-01-05 21:31:13.554301', '浙江省', '金华市', '武义县', '坦洪乡', '北艾路156号');
UPDATE `loan_customer` SET `created_at` = '2022-01-05 21:31:13.554301', `updated_at` = '2022-01-05 23:15:05.456123', `name` = '常和硕', `id_number` = '665880653892450160', `gender` = 'm', `birthday` = '1982-10-08', `address_id` = 9586, `job_id` = 1969, `salary` = 14000 WHERE `loan_customer`.`id` = 5942;
INSERT INTO `loan_customer` (`id`, `created_at`, `updated_at`, `name`, `id_number`, `gender`, `birthday`, `address_id`, `job_id`, `salary`) VALUES (5942, '2022-01-05 21:31:13.554301', '2022-01-05 23:15:05.456123', '常和硕', '665880653892450160', 'm', '1982-10-08', 9586, 1969, 14000);
UPDATE `loan_car` SET `created_at` = '2022-01-05 22:10:13.007277', `updated_at` = '2022-01-05 22:10:13.007277', `customer_id` = 5942, `model_id` = 189, `vin_number` = '175899365496767651', `date_produced` = '2019-06-07', `value_estimated` = 490000 WHERE `loan_car`.`id` = 4774;
INSERT INTO `loan_car` (`id`, `created_at`, `updated_at`, `customer_id`, `model_id`, `vin_number`, `date_produced`, `value_estimated`) VALUES (4774, '2022-01-05 22:10:13.007277', '2022-01-05 22:10:13.007277', 5942, 189, '175899365496767651', '2019-06-07', 490000);
UPDATE `loan_car` SET `created_at` = '2022-01-05 23:17:51.166439', `updated_at` = '2022-01-05 23:17:51.166439', `customer_id` = 5942, `model_id` = 148, `vin_number` = '118386180408056738', `date_produced` = '2016-11-05', `value_estimated` = 390000 WHERE `loan_car`.`id` = 4775;
INSERT INTO `loan_car` (`id`, `created_at`, `updated_at`, `customer_id`, `model_id`, `vin_number`, `date_produced`, `value_estimated`) VALUES (4775, '2022-01-05 23:17:51.166439', '2022-01-05 23:17:51.166439', 5942, 148, '118386180408056738', '2016-11-05', 390000);
UPDATE `loan_account` SET `created_at` = '2022-01-05 22:15:55.717327', `updated_at` = '2022-01-05 22:15:55.717327', `customer_id` = 5942, `number` = '655443331769407947', `balance` = 129183 WHERE `loan_account`.`id` = 5424;
INSERT INTO `loan_account` (`id`, `created_at`, `updated_at`, `customer_id`, `number`, `balance`) VALUES (5424, '2022-01-05 22:15:55.717327', '2022-01-05 22:15:55.717327', 5942, '655443331769407947', 129183);
UPDATE `loan_address` SET `created_at` = '2022-01-05 17:36:44.142806', `updated_at` = '2022-01-05 17:36:44.142806', `province` = '吉林省', `city` = '白城市', `county` = '洮北区', `town` = '新立街道办事处', `detail` = '白城路103号' WHERE `loan_address`.`id` = 9587;
INSERT INTO `loan_address` (`id`, `created_at`, `updated_at`, `province`, `city`, `county`, `town`, `detail`) VALUES (9587, '2022-01-05 17:36:44.142806', '2022-01-05 17:36:44.142806', '吉林省', '白城市', '洮北区', '新立街道办事处', '白城路103号');
UPDATE `loan_customer` SET `created_at` = '2022-01-05 17:36:44.142806', `updated_at` = '2022-01-05 21:34:01.394103', `name` = '夏卓', `id_number` = '101723464190487940', `gender` = 'm', `birthday` = '1986-08-16', `address_id` = 9587, `job_id` = 1970, `salary` = 27000 WHERE `loan_customer`.`id` = 5943;
INSERT INTO `loan_customer` (`id`, `created_at`, `updated_at`, `name`, `id_number`, `gender`, `birthday`, `address_id`, `job_id`, `salary`) VALUES (5943, '2022-01-05 17:36:44.142806', '2022-01-05 21:34:01.394103', '夏卓', '101723464190487940', 'm', '1986-08-16', 9587, 1970, 27000);
UPDATE `loan_car` SET `created_at` = '2022-01-05 19:34:34.426049', `updated_at` = '2022-01-05 19:34:34.426049', `customer_id` = 5943, `model_id` = 282, `vin_number` = '663672312414143870', `date_produced` = '2021-02-15', `value_estimated` = 80000 WHERE `loan_car`.`id` = 4776;
INSERT INTO `loan_car` (`id`, `created_at`, `updated_at`, `customer_id`, `model_id`, `vin_number`, `date_produced`, `value_estimated`) VALUES (4776, '2022-01-05 19:34:34.426049', '2022-01-05 19:34:34.426049', 5943, 282, '663672312414143870', '2021-02-15', 80000);
UPDATE `loan_account` SET `created_at` = '2022-01-05 21:16:46.741979', `updated_at` = '2022-01-05 23:03:39.870473', `customer_id` = 5943, `number` = '319428733306846869', `balance` = 25757 WHERE `loan_account`.`id` = 5425;
INSERT INTO `loan_account` (`id`, `created_at`, `updated_at`, `customer_id`, `number`, `balance`) VALUES (5425, '2022-01-05 21:16:46.741979', '2022-01-05 23:03:39.870473', 5943, '319428733306846869', 25757);
UPDATE `loan_address` SET `created_at` = '2022-01-05 18:56:24.971464', `updated_at` = '2022-01-05 18:56:24.971464', `province` = '广东省', `city` = '清远市', `county` = '连州市', `town` = '连州镇', `detail` = '安福路协通公寓157号' WHERE `loan_address`.`id` = 9588;
INSERT INTO `loan_address` (`id`, `created_at`, `updated_at`, `province`, `city`, `county`, `town`, `detail`) VALUES (9588, '2022-01-05 18:56:24.971464', '2022-01-05 18:56:24.971464', '广东省', '清远市', '连州市', '连州镇', '安福路协通公寓157号');
UPDATE `loan_customer` SET `created_at` = '2022-01-05 18:56:24.971464', `updated_at` = '2022-01-05 20:51:15.002919', `name` = '江芮', `id_number` = '581169918584642311', `gender` = 'f', `birthday` = '1995-10-04', `address_id` = 9588, `job_id` = 1970, `salary` = 42000 WHERE `loan_customer`.`id` = 5944;
INSERT INTO `loan_customer` (`id`, `created_at`, `updated_at`, `name`, `id_number`, `gender`, `birthday`, `address_id`, `job_id`, `salary`) VALUES (5944, '2022-01-05 18:56:24.971464', '2022-01-05 20:51:15.002919', '江芮', '581169918584642311', 'f', '1995-10-04', 9588, 1970, 42000);
UPDATE `loan_address` SET `created_at` = '2022-01-05 19:45:56.826861', `updated_at` = '2022-01-05 19:45:56.826861', `province` = '陕西省', `city` = '榆林市', `county` = '佳县', `town` = '木头峪镇', `detail` = '宝山路79号' WHERE `loan_address`.`id` = 9589;
INSERT INTO `loan_address` (`id`, `created_at`, `updated_at`, `province`, `city`, `county`, `town`, `detail`) VALUES (9589, '2022-01-05 19:45:56.826861', '2022-01-05 19:45:56.826861', '陕西省', '榆林市', '佳县', '木头峪镇', '宝山路79号');
UPDATE `loan_estate` SET `created_at` = '2022-01-05 19:45:56.826861', `updated_at` = '2022-01-05 21:35:52.767698', `customer_id` = 5944, `address_id` = 9589 WHERE `loan_estate`.`id` = 3554;
INSERT INTO `loan_estate` (`id`, `created_at`, `updated_at`, `customer_id`, `address_id`) VALUES (3554, '2022-01-05 19:45:56.826861', '2022-01-05 21:35:52.767698', 5944, 9589);
UPDATE `loan_account` SET `created_at` = '2022-01-05 21:17:56.319714', `updated_at` = '2022-01-05 21:17:56.319714', `customer_id` = 5944, `number` = '657187027233982481', `balance` = 123638 WHERE `loan_account`.`id` = 5426;
INSERT INTO `loan_account` (`id`, `created_at`, `updated_at`, `customer_id`, `number`, `balance`) VALUES (5426, '2022-01-05 21:17:56.319714', '2022-01-05 21:17:56.319714', 5944, '657187027233982481', 123638);
UPDATE `loan_address` SET `created_at` = '2022-01-05 06:57:59.291691', `updated_at` = '2022-01-05 06:57:59.291691', `province` = '浙江省', `city` = '嘉兴市', `county` = '平湖市', `town` = '当湖街道', `detail` = '白城南路105号' WHERE `loan_address`.`id` = 9590;
INSERT INTO `loan_address` (`id`, `created_at`, `updated_at`, `province`, `city`, `county`, `town`, `detail`) VALUES (9590, '2022-01-05 06:57:59.291691', '2022-01-05 06:57:59.291691', '浙江省', '嘉兴市', '平湖市', '当湖街道', '白城南路105号');
UPDATE `loan_customer` SET `created_at` = '2022-01-05 06:57:59.291691', `updated_at` = '2022-01-05 06:57:59.291691', `name` = '武沧', `id_number` = '147461197642786605', `gender` = 'm', `birthday` = '2002-09-28', `address_id` = 9590, `job_id` = 1970, `salary` = 6000 WHERE `loan_customer`.`id` = 5945;
INSERT INTO `loan_customer` (`id`, `created_at`, `updated_at`, `name`, `id_number`, `gender`, `birthday`, `address_id`, `job_id`, `salary`) VALUES (5945, '2022-01-05 06:57:59.291691', '2022-01-05 06:57:59.291691', '武沧', '147461197642786605', 'm', '2002-09-28', 9590, 1970, 6000);
UPDATE `loan_address` SET `created_at` = '2022-01-05 16:11:35.102381', `updated_at` = '2022-01-05 16:11:35.102381', `province` = '陕西省', `city` = '安康市', `county` = '汉阴县', `town` = '涧池镇', `detail` = '安龙路96号' WHERE `loan_address`.`id` = 9591;
INSERT INTO `loan_address` (`id`, `created_at`, `updated_at`, `province`, `city`, `county`, `town`, `detail`) VALUES (9591, '2022-01-05 16:11:35.102381', '2022-01-05 16:11:35.102381', '陕西省', '安康市', '汉阴县', '涧池镇', '安龙路96号');
UPDATE `loan_customer` SET `created_at` = '2022-01-05 16:11:35.102381', `updated_at` = '2022-01-05 16:26:13.910725', `name` = '方旭', `id_number` = '749860761399460228', `gender` = 'f', `birthday` = '1994-01-05', `address_id` = 9591, `job_id` = 1970, `salary` = 6000 WHERE `loan_customer`.`id` = 5946;
INSERT INTO `loan_customer` (`id`, `created_at`, `updated_at`, `name`, `id_number`, `gender`, `birthday`, `address_id`, `job_id`, `salary`) VALUES (5946, '2022-01-05 16:11:35.102381', '2022-01-05 16:26:13.910725', '方旭', '749860761399460228', 'f', '1994-01-05', 9591, 1970, 6000);
UPDATE `loan_chattel` SET `created_at` = '2022-01-05 22:57:20.832316', `updated_at` = '2022-01-05 23:26:40.584595', `customer_id` = 5946, `type` = 'trademark', `description` = '一些信息', `value_amount` = 320000, `expired_at` = '2026-10-07' WHERE `loan_chattel`.`id` = 1748;
INSERT INTO `loan_chattel` (`id`, `created_at`, `updated_at`, `customer_id`, `type`, `description`, `value_amount`, `expired_at`) VALUES (1748, '2022-01-05 22:57:20.832316', '2022-01-05 23:26:40.584595', 5946, 'trademark', '一些信息', 320000, '2026-10-07');
UPDATE `loan_account` SET `created_at` = '2022-01-05 23:30:03.387192', `updated_at` = '2022-01-05 23:30:03.387192', `customer_id` = 5946, `number` = '947600903911965014', `balance` = 141708 WHERE `loan_account`.`id` = 5427;
INSERT INTO `loan_account` (`id`, `created_at`, `updated_at`, `customer_id`, `number`, `balance`) VALUES (5427, '2022-01-05 23:30:03.387192', '2022-01-05 23:30:03.387192', 5946, '947600903911965014', 141708);
UPDATE `loan_address` SET `created_at` = '2022-01-05 01:16:09.632902', `updated_at` = '2022-01-05 01:16:09.632902', `province` = '河南省', `city` = '平顶山市', `county` = '鲁山县', `town` = '熊背乡', `detail` = '半淞园路博泰新苑145号' WHERE `loan_address`.`id` = 9592;
INSERT INTO `loan_address` (`id`, `created_at`, `updated_at`, `province`, `city`, `county`, `town`, `detail`) VALUES (9592, '2022-01-05 01:16:09.632902', '2022-01-05 01:16:09.632902', '河南省', '平顶山市', '鲁山县', '熊背乡', '半淞园路博泰新苑145号');
UPDATE `loan_customer` SET `created_at` = '2022-01-05 01:16:09.632902', `updated_at` = '2022-01-05 09:33:03.913929', `name` = '黄文华', `id_number` = '276116245685296199', `gender` = 'f', `birthday` = '1990-02-23', `address_id` = 9592, `job_id` = 1970, `salary` = 57000 WHERE `loan_customer`.`id` = 5947;
INSERT INTO `loan_customer` (`id`, `created_at`, `updated_at`, `name`, `id_number`, `gender`, `birthday`, `address_id`, `job_id`, `salary`) VALUES (5947, '2022-01-05 01:16:09.632902', '2022-01-05 09:33:03.913929', '黄文华', '276116245685296199', 'f', '1990-02-23', 9592, 1970, 57000);
UPDATE `loan_chattel` SET `created_at` = '2022-01-05 10:41:01.458335', `updated_at` = '2022-01-05 10:41:01.458335', `customer_id` = 5947, `type` = 'copyright', `description` = '一些信息', `value_amount` = 480000, `expired_at` = '2033-07-13' WHERE `loan_chattel`.`id` = 1749;
INSERT INTO `loan_chattel` (`id`, `created_at`, `updated_at`, `customer_id`, `type`, `description`, `value_amount`, `expired_at`) VALUES (1749, '2022-01-05 10:41:01.458335', '2022-01-05 10:41:01.458335', 5947, 'copyright', '一些信息', 480000, '2033-07-13');
UPDATE `loan_address` SET `created_at` = '2022-01-05 21:07:49.911496', `updated_at` = '2022-01-05 21:07:49.911496', `province` = '江西省', `city` = '九江市', `county` = '湖口县', `town` = '城山镇', `detail` = '爱国路阳光翠竹苑123号' WHERE `loan_address`.`id` = 9593;
INSERT INTO `loan_address` (`id`, `created_at`, `updated_at`, `province`, `city`, `county`, `town`, `detail`) VALUES (9593, '2022-01-05 21:07:49.911496', '2022-01-05 21:07:49.911496', '江西省', '九江市', '湖口县', '城山镇', '爱国路阳光翠竹苑123号');
UPDATE `loan_estate` SET `created_at` = '2022-01-05 21:07:49.911496', `updated_at` = '2022-01-05 21:07:49.911496', `customer_id` = 5947, `address_id` = 9593 WHERE `loan_estate`.`id` = 3555;
INSERT INTO `loan_estate` (`id`, `created_at`, `updated_at`, `customer_id`, `address_id`) VALUES (3555, '2022-01-05 21:07:49.911496', '2022-01-05 21:07:49.911496', 5947, 9593);
UPDATE `loan_car` SET `created_at` = '2022-01-05 04:30:00.633186', `updated_at` = '2022-01-05 04:30:00.633186', `customer_id` = 5947, `model_id` = 90, `vin_number` = '583852671509305029', `date_produced` = '2014-07-29', `value_estimated` = 260000 WHERE `loan_car`.`id` = 4777;
INSERT INTO `loan_car` (`id`, `created_at`, `updated_at`, `customer_id`, `model_id`, `vin_number`, `date_produced`, `value_estimated`) VALUES (4777, '2022-01-05 04:30:00.633186', '2022-01-05 04:30:00.633186', 5947, 90, '583852671509305029', '2014-07-29', 260000);
UPDATE `loan_car` SET `created_at` = '2022-01-05 18:25:15.162708', `updated_at` = '2022-01-05 18:25:15.162708', `customer_id` = 5947, `model_id` = 107, `vin_number` = '999877188642949894', `date_produced` = '2019-04-11', `value_estimated` = 410000 WHERE `loan_car`.`id` = 4778;
INSERT INTO `loan_car` (`id`, `created_at`, `updated_at`, `customer_id`, `model_id`, `vin_number`, `date_produced`, `value_estimated`) VALUES (4778, '2022-01-05 18:25:15.162708', '2022-01-05 18:25:15.162708', 5947, 107, '999877188642949894', '2019-04-11', 410000);
UPDATE `loan_account` SET `created_at` = '2022-01-05 03:47:56.904852', `updated_at` = '2022-01-05 07:01:01.596930', `customer_id` = 5947, `number` = '223570472743940323', `balance` = 46024 WHERE `loan_account`.`id` = 5428;
INSERT INTO `loan_account` (`id`, `created_at`, `updated_at`, `customer_id`, `number`, `balance`) VALUES (5428, '2022-01-05 03:47:56.904852', '2022-01-05 07:01:01.596930', 5947, '223570472743940323', 46024);
UPDATE `loan_address` SET `created_at` = '2022-01-05 10:34:51.975668', `updated_at` = '2022-01-05 10:34:51.975668', `province` = '广西壮族自治区', `city` = '来宾市', `county` = '兴宾区', `town` = '寺山镇', `detail` = '包头南路185号' WHERE `loan_address`.`id` = 9594;
INSERT INTO `loan_address` (`id`, `created_at`, `updated_at`, `province`, `city`, `county`, `town`, `detail`) VALUES (9594, '2022-01-05 10:34:51.975668', '2022-01-05 10:34:51.975668', '广西壮族自治区', '来宾市', '兴宾区', '寺山镇', '包头南路185号');
UPDATE `loan_customer` SET `created_at` = '2022-01-05 10:34:51.975668', `updated_at` = '2022-01-05 11:37:38.936699', `name` = '钱阳德', `id_number` = '714229552112503719', `gender` = 'f', `birthday` = '1989-11-07', `address_id` = 9594, `job_id` = 1971, `salary` = 8000 WHERE `loan_customer`.`id` = 5948;
INSERT INTO `loan_customer` (`id`, `created_at`, `updated_at`, `name`, `id_number`, `gender`, `birthday`, `address_id`, `job_id`, `salary`) VALUES (5948, '2022-01-05 10:34:51.975668', '2022-01-05 11:37:38.936699', '钱阳德', '714229552112503719', 'f', '1989-11-07', 9594, 1971, 8000);
UPDATE `loan_address` SET `created_at` = '2022-01-05 18:01:31.145816', `updated_at` = '2022-01-05 18:01:31.145816', `province` = '吉林省', `city` = '白城市', `county` = '洮北区', `town` = '新立街道办事处', `detail` = '安亭路61号' WHERE `loan_address`.`id` = 9595;
INSERT INTO `loan_address` (`id`, `created_at`, `updated_at`, `province`, `city`, `county`, `town`, `detail`) VALUES (9595, '2022-01-05 18:01:31.145816', '2022-01-05 18:01:31.145816', '吉林省', '白城市', '洮北区', '新立街道办事处', '安亭路61号');
UPDATE `loan_customer` SET `created_at` = '2022-01-05 18:01:31.145816', `updated_at` = '2022-01-05 20:02:13.793695', `name` = '罗妆', `id_number` = '250217838974701513', `gender` = 'f', `birthday` = '1989-09-30', `address_id` = 9595, `job_id` = 1971, `salary` = 10000 WHERE `loan_customer`.`id` = 5949;
INSERT INTO `loan_customer` (`id`, `created_at`, `updated_at`, `name`, `id_number`, `gender`, `birthday`, `address_id`, `job_id`, `salary`) VALUES (5949, '2022-01-05 18:01:31.145816', '2022-01-05 20:02:13.793695', '罗妆', '250217838974701513', 'f', '1989-09-30', 9595, 1971, 10000);
UPDATE `loan_address` SET `created_at` = '2022-01-05 19:14:31.903885', `updated_at` = '2022-01-05 19:14:31.903885', `province` = '西藏自治区', `city` = '日喀则市', `county` = '谢通门县', `town` = '通门乡', `detail` = '安德路127号' WHERE `loan_address`.`id` = 9596;
INSERT INTO `loan_address` (`id`, `created_at`, `updated_at`, `province`, `city`, `county`, `town`, `detail`) VALUES (9596, '2022-01-05 19:14:31.903885', '2022-01-05 19:14:31.903885', '西藏自治区', '日喀则市', '谢通门县', '通门乡', '安德路127号');
UPDATE `loan_estate` SET `created_at` = '2022-01-05 19:14:31.903885', `updated_at` = '2022-01-05 19:14:31.903885', `customer_id` = 5949, `address_id` = 9596 WHERE `loan_estate`.`id` = 3556;
INSERT INTO `loan_estate` (`id`, `created_at`, `updated_at`, `customer_id`, `address_id`) VALUES (3556, '2022-01-05 19:14:31.903885', '2022-01-05 19:14:31.903885', 5949, 9596);
UPDATE `loan_account` SET `created_at` = '2022-01-05 20:27:45.073296', `updated_at` = '2022-01-05 20:27:45.073296', `customer_id` = 5949, `number` = '370525254762250925', `balance` = 0 WHERE `loan_account`.`id` = 5429;
INSERT INTO `loan_account` (`id`, `created_at`, `updated_at`, `customer_id`, `number`, `balance`) VALUES (5429, '2022-01-05 20:27:45.073296', '2022-01-05 20:27:45.073296', 5949, '370525254762250925', 0);
UPDATE `loan_address` SET `created_at` = '2022-01-05 09:11:19.936736', `updated_at` = '2022-01-05 09:11:19.936736', `province` = '黑龙江省', `city` = '黑河市', `county` = '孙吴县', `town` = '孙吴镇', `detail` = '安义路199号' WHERE `loan_address`.`id` = 9597;
INSERT INTO `loan_address` (`id`, `created_at`, `updated_at`, `province`, `city`, `county`, `town`, `detail`) VALUES (9597, '2022-01-05 09:11:19.936736', '2022-01-05 09:11:19.936736', '黑龙江省', '黑河市', '孙吴县', '孙吴镇', '安义路199号');
UPDATE `loan_customer` SET `created_at` = '2022-01-05 09:11:19.936736', `updated_at` = '2022-01-05 12:36:33.357016', `name` = '尹俟', `id_number` = '327032076698408010', `gender` = 'm', `birthday` = '1986-11-28', `address_id` = 9597, `job_id` = 1972, `salary` = 47000 WHERE `loan_customer`.`id` = 5950;
INSERT INTO `loan_customer` (`id`, `created_at`, `updated_at`, `name`, `id_number`, `gender`, `birthday`, `address_id`, `job_id`, `salary`) VALUES (5950, '2022-01-05 09:11:19.936736', '2022-01-05 12:36:33.357016', '尹俟', '327032076698408010', 'm', '1986-11-28', 9597, 1972, 47000);
UPDATE `loan_car` SET `created_at` = '2022-01-05 12:04:48.469625', `updated_at` = '2022-01-05 12:04:48.469625', `customer_id` = 5950, `model_id` = 5, `vin_number` = '548141568972210277', `date_produced` = '2010-03-29', `value_estimated` = 600000 WHERE `loan_car`.`id` = 4779;
INSERT INTO `loan_car` (`id`, `created_at`, `updated_at`, `customer_id`, `model_id`, `vin_number`, `date_produced`, `value_estimated`) VALUES (4779, '2022-01-05 12:04:48.469625', '2022-01-05 12:04:48.469625', 5950, 5, '548141568972210277', '2010-03-29', 600000);
UPDATE `loan_account` SET `created_at` = '2022-01-05 14:23:59.378060', `updated_at` = '2022-01-05 21:48:08.069151', `customer_id` = 5950, `number` = '701495495853298174', `balance` = 109405 WHERE `loan_account`.`id` = 5430;
INSERT INTO `loan_account` (`id`, `created_at`, `updated_at`, `customer_id`, `number`, `balance`) VALUES (5430, '2022-01-05 14:23:59.378060', '2022-01-05 21:48:08.069151', 5950, '701495495853298174', 109405);
UPDATE `loan_address` SET `created_at` = '2022-01-05 17:08:21.702264', `updated_at` = '2022-01-05 17:08:21.702264', `province` = '河北省', `city` = '保定市', `county` = '曲阳县', `town` = '孝墓乡', `detail` = '百安路（方泰镇）20号' WHERE `loan_address`.`id` = 9598;
INSERT INTO `loan_address` (`id`, `created_at`, `updated_at`, `province`, `city`, `county`, `town`, `detail`) VALUES (9598, '2022-01-05 17:08:21.702264', '2022-01-05 17:08:21.702264', '河北省', '保定市', '曲阳县', '孝墓乡', '百安路（方泰镇）20号');
UPDATE `loan_customer` SET `created_at` = '2022-01-05 17:08:21.702264', `updated_at` = '2022-01-05 22:38:19.574080', `name` = '程仪琳', `id_number` = '055939346519396567', `gender` = 'f', `birthday` = '1998-03-18', `address_id` = 9598, `job_id` = 1973, `salary` = 53000 WHERE `loan_customer`.`id` = 5951;
INSERT INTO `loan_customer` (`id`, `created_at`, `updated_at`, `name`, `id_number`, `gender`, `birthday`, `address_id`, `job_id`, `salary`) VALUES (5951, '2022-01-05 17:08:21.702264', '2022-01-05 22:38:19.574080', '程仪琳', '055939346519396567', 'f', '1998-03-18', 9598, 1973, 53000);
UPDATE `loan_car` SET `created_at` = '2022-01-05 19:23:19.812997', `updated_at` = '2022-01-05 19:23:19.812997', `customer_id` = 5951, `model_id` = 209, `vin_number` = '002451513974605241', `date_produced` = '2012-10-27', `value_estimated` = 130000 WHERE `loan_car`.`id` = 4780;
INSERT INTO `loan_car` (`id`, `created_at`, `updated_at`, `customer_id`, `model_id`, `vin_number`, `date_produced`, `value_estimated`) VALUES (4780, '2022-01-05 19:23:19.812997', '2022-01-05 19:23:19.812997', 5951, 209, '002451513974605241', '2012-10-27', 130000);
UPDATE `loan_account` SET `created_at` = '2022-01-05 18:41:44.906791', `updated_at` = '2022-01-05 18:41:44.906791', `customer_id` = 5951, `number` = '490575556256407894', `balance` = 3755 WHERE `loan_account`.`id` = 5431;
INSERT INTO `loan_account` (`id`, `created_at`, `updated_at`, `customer_id`, `number`, `balance`) VALUES (5431, '2022-01-05 18:41:44.906791', '2022-01-05 18:41:44.906791', 5951, '490575556256407894', 3755);
UPDATE `loan_address` SET `created_at` = '2022-01-05 08:49:12.632532', `updated_at` = '2022-01-05 08:49:12.632532', `province` = '浙江省', `city` = '温州市', `county` = '文成县', `town` = '双桂乡', `detail` = '半淞园路141号' WHERE `loan_address`.`id` = 9599;
INSERT INTO `loan_address` (`id`, `created_at`, `updated_at`, `province`, `city`, `county`, `town`, `detail`) VALUES (9599, '2022-01-05 08:49:12.632532', '2022-01-05 08:49:12.632532', '浙江省', '温州市', '文成县', '双桂乡', '半淞园路141号');
UPDATE `loan_customer` SET `created_at` = '2022-01-05 08:49:12.632532', `updated_at` = '2022-01-05 12:18:52.278869', `name` = '宋宣', `id_number` = '605027015144071492', `gender` = 'f', `birthday` = '1990-07-17', `address_id` = 9599, `job_id` = 1974, `salary` = 28000 WHERE `loan_customer`.`id` = 5952;
INSERT INTO `loan_customer` (`id`, `created_at`, `updated_at`, `name`, `id_number`, `gender`, `birthday`, `address_id`, `job_id`, `salary`) VALUES (5952, '2022-01-05 08:49:12.632532', '2022-01-05 12:18:52.278869', '宋宣', '605027015144071492', 'f', '1990-07-17', 9599, 1974, 28000);
UPDATE `loan_account` SET `created_at` = '2022-01-05 09:45:59.662136', `updated_at` = '2022-01-05 14:27:13.373085', `customer_id` = 5952, `number` = '423972304683641874', `balance` = 44766 WHERE `loan_account`.`id` = 5432;
INSERT INTO `loan_account` (`id`, `created_at`, `updated_at`, `customer_id`, `number`, `balance`) VALUES (5432, '2022-01-05 09:45:59.662136', '2022-01-05 14:27:13.373085', 5952, '423972304683641874', 44766);
UPDATE `loan_address` SET `created_at` = '2022-01-05 18:29:38.531042', `updated_at` = '2022-01-05 18:29:38.531042', `province` = '广东省', `city` = '清远市', `county` = '连州市', `town` = '连州镇', `detail` = '宝昌路爱里舍花园146号' WHERE `loan_address`.`id` = 9600;
INSERT INTO `loan_address` (`id`, `created_at`, `updated_at`, `province`, `city`, `county`, `town`, `detail`) VALUES (9600, '2022-01-05 18:29:38.531042', '2022-01-05 18:29:38.531042', '广东省', '清远市', '连州市', '连州镇', '宝昌路爱里舍花园146号');
UPDATE `loan_customer` SET `created_at` = '2022-01-05 18:29:38.531042', `updated_at` = '2022-01-05 18:29:38.531042', `name` = '汤选', `id_number` = '886555667030664052', `gender` = 'f', `birthday` = '1986-10-04', `address_id` = 9600, `job_id` = 1974, `salary` = 12000 WHERE `loan_customer`.`id` = 5953;
INSERT INTO `loan_customer` (`id`, `created_at`, `updated_at`, `name`, `id_number`, `gender`, `birthday`, `address_id`, `job_id`, `salary`) VALUES (5953, '2022-01-05 18:29:38.531042', '2022-01-05 18:29:38.531042', '汤选', '886555667030664052', 'f', '1986-10-04', 9600, 1974, 12000);
UPDATE `loan_chattel` SET `created_at` = '2022-01-05 20:54:54.487659', `updated_at` = '2022-01-05 20:54:54.487659', `customer_id` = 5953, `type` = 'deposit', `description` = '一些信息', `value_amount` = 400000, `expired_at` = '2025-01-30' WHERE `loan_chattel`.`id` = 1750;
INSERT INTO `loan_chattel` (`id`, `created_at`, `updated_at`, `customer_id`, `type`, `description`, `value_amount`, `expired_at`) VALUES (1750, '2022-01-05 20:54:54.487659', '2022-01-05 20:54:54.487659', 5953, 'deposit', '一些信息', 400000, '2025-01-30');
UPDATE `loan_account` SET `created_at` = '2022-01-05 20:27:08.910197', `updated_at` = '2022-01-05 20:34:02.921339', `customer_id` = 5953, `number` = '556566815929658963', `balance` = 0 WHERE `loan_account`.`id` = 5433;
INSERT INTO `loan_account` (`id`, `created_at`, `updated_at`, `customer_id`, `number`, `balance`) VALUES (5433, '2022-01-05 20:27:08.910197', '2022-01-05 20:34:02.921339', 5953, '556566815929658963', 0);
UPDATE `loan_address` SET `created_at` = '2022-01-05 06:16:38.471561', `updated_at` = '2022-01-05 06:16:38.471561', `province` = '河北省', `city` = '保定市', `county` = '博野县', `town` = '城东镇', `detail` = '安化路耀江花园115号' WHERE `loan_address`.`id` = 9601;
INSERT INTO `loan_address` (`id`, `created_at`, `updated_at`, `province`, `city`, `county`, `town`, `detail`) VALUES (9601, '2022-01-05 06:16:38.471561', '2022-01-05 06:16:38.471561', '河北省', '保定市', '博野县', '城东镇', '安化路耀江花园115号');
UPDATE `loan_customer` SET `created_at` = '2022-01-05 06:16:38.471561', `updated_at` = '2022-01-05 06:16:38.471561', `name` = '龙荔', `id_number` = '208643077743361581', `gender` = 'f', `birthday` = '2004-06-26', `address_id` = 9601, `job_id` = 1975, `salary` = 60000 WHERE `loan_customer`.`id` = 5954;
INSERT INTO `loan_customer` (`id`, `created_at`, `updated_at`, `name`, `id_number`, `gender`, `birthday`, `address_id`, `job_id`, `salary`) VALUES (5954, '2022-01-05 06:16:38.471561', '2022-01-05 06:16:38.471561', '龙荔', '208643077743361581', 'f', '2004-06-26', 9601, 1975, 60000);
UPDATE `loan_chattel` SET `created_at` = '2022-01-05 21:04:15.407388', `updated_at` = '2022-01-05 22:15:27.280978', `customer_id` = 5954, `type` = 'copyright', `description` = '一些信息', `value_amount` = 20000, `expired_at` = '2019-07-21' WHERE `loan_chattel`.`id` = 1751;
INSERT INTO `loan_chattel` (`id`, `created_at`, `updated_at`, `customer_id`, `type`, `description`, `value_amount`, `expired_at`) VALUES (1751, '2022-01-05 21:04:15.407388', '2022-01-05 22:15:27.280978', 5954, 'copyright', '一些信息', 20000, '2019-07-21');
UPDATE `loan_account` SET `created_at` = '2022-01-05 16:48:00.324428', `updated_at` = '2022-01-05 17:53:23.963199', `customer_id` = 5954, `number` = '481939459755170809', `balance` = 17371 WHERE `loan_account`.`id` = 5434;
INSERT INTO `loan_account` (`id`, `created_at`, `updated_at`, `customer_id`, `number`, `balance`) VALUES (5434, '2022-01-05 16:48:00.324428', '2022-01-05 17:53:23.963199', 5954, '481939459755170809', 17371);
UPDATE `loan_address` SET `created_at` = '2022-01-05 11:39:40.739668', `updated_at` = '2022-01-05 11:39:40.739668', `province` = '江西省', `city` = '景德镇市', `county` = '乐平市', `town` = '后港镇', `detail` = '安汾路71号' WHERE `loan_address`.`id` = 9602;
INSERT INTO `loan_address` (`id`, `created_at`, `updated_at`, `province`, `city`, `county`, `town`, `detail`) VALUES (9602, '2022-01-05 11:39:40.739668', '2022-01-05 11:39:40.739668', '江西省', '景德镇市', '乐平市', '后港镇', '安汾路71号');
UPDATE `loan_customer` SET `created_at` = '2022-01-05 11:39:40.739668', `updated_at` = '2022-01-05 22:28:52.312223', `name` = '傅茂典', `id_number` = '900890570410771694', `gender` = 'm', `birthday` = '1985-03-31', `address_id` = 9602, `job_id` = 1976, `salary` = 47000 WHERE `loan_customer`.`id` = 5955;
INSERT INTO `loan_customer` (`id`, `created_at`, `updated_at`, `name`, `id_number`, `gender`, `birthday`, `address_id`, `job_id`, `salary`) VALUES (5955, '2022-01-05 11:39:40.739668', '2022-01-05 22:28:52.312223', '傅茂典', '900890570410771694', 'm', '1985-03-31', 9602, 1976, 47000);
UPDATE `loan_chattel` SET `created_at` = '2022-01-05 23:08:59.900188', `updated_at` = '2022-01-05 23:08:59.900188', `customer_id` = 5955, `type` = 'copyright', `description` = '一些信息', `value_amount` = 140000, `expired_at` = '2020-05-02' WHERE `loan_chattel`.`id` = 1752;
INSERT INTO `loan_chattel` (`id`, `created_at`, `updated_at`, `customer_id`, `type`, `description`, `value_amount`, `expired_at`) VALUES (1752, '2022-01-05 23:08:59.900188', '2022-01-05 23:08:59.900188', 5955, 'copyright', '一些信息', 140000, '2020-05-02');
UPDATE `loan_car` SET `created_at` = '2022-01-05 15:51:23.163264', `updated_at` = '2022-01-05 20:34:09.753791', `customer_id` = 5955, `model_id` = 92, `vin_number` = '146390266417657489', `date_produced` = '2013-07-17', `value_estimated` = 380000 WHERE `loan_car`.`id` = 4781;
INSERT INTO `loan_car` (`id`, `created_at`, `updated_at`, `customer_id`, `model_id`, `vin_number`, `date_produced`, `value_estimated`) VALUES (4781, '2022-01-05 15:51:23.163264', '2022-01-05 20:34:09.753791', 5955, 92, '146390266417657489', '2013-07-17', 380000);
UPDATE `loan_car` SET `created_at` = '2022-01-05 23:19:11.805866', `updated_at` = '2022-01-05 23:19:11.805866', `customer_id` = 5955, `model_id` = 247, `vin_number` = '954258809303785734', `date_produced` = '2011-06-18', `value_estimated` = 630000 WHERE `loan_car`.`id` = 4782;
INSERT INTO `loan_car` (`id`, `created_at`, `updated_at`, `customer_id`, `model_id`, `vin_number`, `date_produced`, `value_estimated`) VALUES (4782, '2022-01-05 23:19:11.805866', '2022-01-05 23:19:11.805866', 5955, 247, '954258809303785734', '2011-06-18', 630000);
UPDATE `loan_account` SET `created_at` = '2022-01-05 15:13:06.160520', `updated_at` = '2022-01-05 17:11:55.052127', `customer_id` = 5955, `number` = '798568209448074640', `balance` = 13428 WHERE `loan_account`.`id` = 5435;
INSERT INTO `loan_account` (`id`, `created_at`, `updated_at`, `customer_id`, `number`, `balance`) VALUES (5435, '2022-01-05 15:13:06.160520', '2022-01-05 17:11:55.052127', 5955, '798568209448074640', 13428);
UPDATE `loan_address` SET `created_at` = '2022-01-05 15:14:41.532947', `updated_at` = '2022-01-05 15:14:41.532947', `province` = '湖北省', `city` = '随州市', `county` = '随县', `town` = '安居镇', `detail` = '百色路和亭佳苑173号' WHERE `loan_address`.`id` = 9603;
INSERT INTO `loan_address` (`id`, `created_at`, `updated_at`, `province`, `city`, `county`, `town`, `detail`) VALUES (9603, '2022-01-05 15:14:41.532947', '2022-01-05 15:14:41.532947', '湖北省', '随州市', '随县', '安居镇', '百色路和亭佳苑173号');
UPDATE `loan_customer` SET `created_at` = '2022-01-05 15:14:41.532947', `updated_at` = '2022-01-05 17:23:57.516663', `name` = '曹博实', `id_number` = '674176102505347694', `gender` = 'f', `birthday` = '2002-06-30', `address_id` = 9603, `job_id` = 1977, `salary` = 32000 WHERE `loan_customer`.`id` = 5956;
INSERT INTO `loan_customer` (`id`, `created_at`, `updated_at`, `name`, `id_number`, `gender`, `birthday`, `address_id`, `job_id`, `salary`) VALUES (5956, '2022-01-05 15:14:41.532947', '2022-01-05 17:23:57.516663', '曹博实', '674176102505347694', 'f', '2002-06-30', 9603, 1977, 32000);
UPDATE `loan_address` SET `created_at` = '2022-01-05 16:52:12.564194', `updated_at` = '2022-01-05 16:52:12.564194', `province` = '广东省', `city` = '深圳市', `county` = '罗湖区', `town` = '桂园街道办事处', `detail` = '宝林路112号' WHERE `loan_address`.`id` = 9604;
INSERT INTO `loan_address` (`id`, `created_at`, `updated_at`, `province`, `city`, `county`, `town`, `detail`) VALUES (9604, '2022-01-05 16:52:12.564194', '2022-01-05 16:52:12.564194', '广东省', '深圳市', '罗湖区', '桂园街道办事处', '宝林路112号');
UPDATE `loan_estate` SET `created_at` = '2022-01-05 16:52:12.564194', `updated_at` = '2022-01-05 16:52:12.564194', `customer_id` = 5956, `address_id` = 9604 WHERE `loan_estate`.`id` = 3557;
INSERT INTO `loan_estate` (`id`, `created_at`, `updated_at`, `customer_id`, `address_id`) VALUES (3557, '2022-01-05 16:52:12.564194', '2022-01-05 16:52:12.564194', 5956, 9604);
UPDATE `loan_car` SET `created_at` = '2022-01-05 20:31:41.283284', `updated_at` = '2022-01-05 20:31:41.283284', `customer_id` = 5956, `model_id` = 263, `vin_number` = '519452841179051052', `date_produced` = '2010-10-28', `value_estimated` = 340000 WHERE `loan_car`.`id` = 4783;
INSERT INTO `loan_car` (`id`, `created_at`, `updated_at`, `customer_id`, `model_id`, `vin_number`, `date_produced`, `value_estimated`) VALUES (4783, '2022-01-05 20:31:41.283284', '2022-01-05 20:31:41.283284', 5956, 263, '519452841179051052', '2010-10-28', 340000);
UPDATE `loan_account` SET `created_at` = '2022-01-05 18:51:06.124349', `updated_at` = '2022-01-05 18:54:30.443067', `customer_id` = 5956, `number` = '763884230022498089', `balance` = 76692 WHERE `loan_account`.`id` = 5436;
INSERT INTO `loan_account` (`id`, `created_at`, `updated_at`, `customer_id`, `number`, `balance`) VALUES (5436, '2022-01-05 18:51:06.124349', '2022-01-05 18:54:30.443067', 5956, '763884230022498089', 76692);
UPDATE `loan_address` SET `created_at` = '2022-01-05 07:45:13.981708', `updated_at` = '2022-01-05 07:45:13.981708', `province` = '浙江省', `city` = '温州市', `county` = '文成县', `town` = '双桂乡', `detail` = '宝通路溢盈河畔别墅105号' WHERE `loan_address`.`id` = 9605;
INSERT INTO `loan_address` (`id`, `created_at`, `updated_at`, `province`, `city`, `county`, `town`, `detail`) VALUES (9605, '2022-01-05 07:45:13.981708', '2022-01-05 07:45:13.981708', '浙江省', '温州市', '文成县', '双桂乡', '宝通路溢盈河畔别墅105号');
UPDATE `loan_customer` SET `created_at` = '2022-01-05 07:45:13.981708', `updated_at` = '2022-01-05 12:02:34.691937', `name` = '常奇正', `id_number` = '515512518382249541', `gender` = 'f', `birthday` = '1998-11-12', `address_id` = 9605, `job_id` = 1977, `salary` = 38000 WHERE `loan_customer`.`id` = 5957;
INSERT INTO `loan_customer` (`id`, `created_at`, `updated_at`, `name`, `id_number`, `gender`, `birthday`, `address_id`, `job_id`, `salary`) VALUES (5957, '2022-01-05 07:45:13.981708', '2022-01-05 12:02:34.691937', '常奇正', '515512518382249541', 'f', '1998-11-12', 9605, 1977, 38000);
UPDATE `loan_address` SET `created_at` = '2022-01-05 13:56:30.327335', `updated_at` = '2022-01-05 13:56:30.327335', `province` = '黑龙江省', `city` = '齐齐哈尔市', `county` = '讷河市', `town` = '拉哈镇', `detail` = '百官街184号' WHERE `loan_address`.`id` = 9606;
INSERT INTO `loan_address` (`id`, `created_at`, `updated_at`, `province`, `city`, `county`, `town`, `detail`) VALUES (9606, '2022-01-05 13:56:30.327335', '2022-01-05 13:56:30.327335', '黑龙江省', '齐齐哈尔市', '讷河市', '拉哈镇', '百官街184号');
UPDATE `loan_estate` SET `created_at` = '2022-01-05 13:56:30.327335', `updated_at` = '2022-01-05 13:56:30.327335', `customer_id` = 5957, `address_id` = 9606 WHERE `loan_estate`.`id` = 3558;
INSERT INTO `loan_estate` (`id`, `created_at`, `updated_at`, `customer_id`, `address_id`) VALUES (3558, '2022-01-05 13:56:30.327335', '2022-01-05 13:56:30.327335', 5957, 9606);
UPDATE `loan_account` SET `created_at` = '2022-01-05 20:17:11.927881', `updated_at` = '2022-01-05 21:55:14.637903', `customer_id` = 5957, `number` = '262437949564669012', `balance` = 32170 WHERE `loan_account`.`id` = 5437;
INSERT INTO `loan_account` (`id`, `created_at`, `updated_at`, `customer_id`, `number`, `balance`) VALUES (5437, '2022-01-05 20:17:11.927881', '2022-01-05 21:55:14.637903', 5957, '262437949564669012', 32170);
UPDATE `loan_address` SET `created_at` = '2022-01-05 19:53:42.442059', `updated_at` = '2022-01-05 19:53:42.442059', `province` = '青海省', `city` = '海东市', `county` = '互助土族自治县', `town` = '威远镇', `detail` = '保定路协通公寓2号' WHERE `loan_address`.`id` = 9607;
INSERT INTO `loan_address` (`id`, `created_at`, `updated_at`, `province`, `city`, `county`, `town`, `detail`) VALUES (9607, '2022-01-05 19:53:42.442059', '2022-01-05 19:53:42.442059', '青海省', '海东市', '互助土族自治县', '威远镇', '保定路协通公寓2号');
UPDATE `loan_customer` SET `created_at` = '2022-01-05 19:53:42.442059', `updated_at` = '2022-01-05 19:53:42.442059', `name` = '韩瀚漠', `id_number` = '050648743884309166', `gender` = 'm', `birthday` = '1986-10-17', `address_id` = 9607, `job_id` = 1977, `salary` = 19000 WHERE `loan_customer`.`id` = 5958;
INSERT INTO `loan_customer` (`id`, `created_at`, `updated_at`, `name`, `id_number`, `gender`, `birthday`, `address_id`, `job_id`, `salary`) VALUES (5958, '2022-01-05 19:53:42.442059', '2022-01-05 19:53:42.442059', '韩瀚漠', '050648743884309166', 'm', '1986-10-17', 9607, 1977, 19000);
UPDATE `loan_address` SET `created_at` = '2022-01-05 20:26:59.208624', `updated_at` = '2022-01-05 20:26:59.208624', `province` = '广西壮族自治区', `city` = '来宾市', `county` = '兴宾区', `town` = '寺山镇', `detail` = '鞍山支路153号' WHERE `loan_address`.`id` = 9608;
INSERT INTO `loan_address` (`id`, `created_at`, `updated_at`, `province`, `city`, `county`, `town`, `detail`) VALUES (9608, '2022-01-05 20:26:59.208624', '2022-01-05 20:26:59.208624', '广西壮族自治区', '来宾市', '兴宾区', '寺山镇', '鞍山支路153号');
UPDATE `loan_estate` SET `created_at` = '2022-01-05 20:26:59.208624', `updated_at` = '2022-01-05 20:26:59.208624', `customer_id` = 5958, `address_id` = 9608 WHERE `loan_estate`.`id` = 3559;
INSERT INTO `loan_estate` (`id`, `created_at`, `updated_at`, `customer_id`, `address_id`) VALUES (3559, '2022-01-05 20:26:59.208624', '2022-01-05 20:26:59.208624', 5958, 9608);
UPDATE `loan_car` SET `created_at` = '2022-01-05 22:57:36.429823', `updated_at` = '2022-01-05 22:57:36.429823', `customer_id` = 5958, `model_id` = 229, `vin_number` = '589166457741892721', `date_produced` = '2012-05-07', `value_estimated` = 140000 WHERE `loan_car`.`id` = 4784;
INSERT INTO `loan_car` (`id`, `created_at`, `updated_at`, `customer_id`, `model_id`, `vin_number`, `date_produced`, `value_estimated`) VALUES (4784, '2022-01-05 22:57:36.429823', '2022-01-05 22:57:36.429823', 5958, 229, '589166457741892721', '2012-05-07', 140000);
UPDATE `loan_car` SET `created_at` = '2022-01-05 23:09:43.701971', `updated_at` = '2022-01-05 23:09:43.701971', `customer_id` = 5958, `model_id` = 139, `vin_number` = '893498361560297612', `date_produced` = '2012-11-13', `value_estimated` = 190000 WHERE `loan_car`.`id` = 4785;
INSERT INTO `loan_car` (`id`, `created_at`, `updated_at`, `customer_id`, `model_id`, `vin_number`, `date_produced`, `value_estimated`) VALUES (4785, '2022-01-05 23:09:43.701971', '2022-01-05 23:09:43.701971', 5958, 139, '893498361560297612', '2012-11-13', 190000);
UPDATE `loan_account` SET `created_at` = '2022-01-05 20:18:33.787405', `updated_at` = '2022-01-05 20:18:33.787405', `customer_id` = 5958, `number` = '392331277221843179', `balance` = 80041 WHERE `loan_account`.`id` = 5438;
INSERT INTO `loan_account` (`id`, `created_at`, `updated_at`, `customer_id`, `number`, `balance`) VALUES (5438, '2022-01-05 20:18:33.787405', '2022-01-05 20:18:33.787405', 5958, '392331277221843179', 80041);
UPDATE `loan_address` SET `created_at` = '2022-01-05 08:12:20.432944', `updated_at` = '2022-01-05 08:12:20.432944', `province` = '浙江省', `city` = '嘉兴市', `county` = '平湖市', `town` = '当湖街道', `detail` = '宝安公路9号' WHERE `loan_address`.`id` = 9609;
INSERT INTO `loan_address` (`id`, `created_at`, `updated_at`, `province`, `city`, `county`, `town`, `detail`) VALUES (9609, '2022-01-05 08:12:20.432944', '2022-01-05 08:12:20.432944', '浙江省', '嘉兴市', '平湖市', '当湖街道', '宝安公路9号');
UPDATE `loan_customer` SET `created_at` = '2022-01-05 08:12:20.432944', `updated_at` = '2022-01-05 08:12:20.432944', `name` = '潘绍', `id_number` = '661675265275426636', `gender` = 'f', `birthday` = '1985-10-03', `address_id` = 9609, `job_id` = 1977, `salary` = 17000 WHERE `loan_customer`.`id` = 5959;
INSERT INTO `loan_customer` (`id`, `created_at`, `updated_at`, `name`, `id_number`, `gender`, `birthday`, `address_id`, `job_id`, `salary`) VALUES (5959, '2022-01-05 08:12:20.432944', '2022-01-05 08:12:20.432944', '潘绍', '661675265275426636', 'f', '1985-10-03', 9609, 1977, 17000);
UPDATE `loan_car` SET `created_at` = '2022-01-05 19:26:15.376920', `updated_at` = '2022-01-05 23:20:28.587606', `customer_id` = 5959, `model_id` = 119, `vin_number` = '300575422657920284', `date_produced` = '2019-12-22', `value_estimated` = 80000 WHERE `loan_car`.`id` = 4786;
INSERT INTO `loan_car` (`id`, `created_at`, `updated_at`, `customer_id`, `model_id`, `vin_number`, `date_produced`, `value_estimated`) VALUES (4786, '2022-01-05 19:26:15.376920', '2022-01-05 23:20:28.587606', 5959, 119, '300575422657920284', '2019-12-22', 80000);
UPDATE `loan_account` SET `created_at` = '2022-01-05 23:45:38.282302', `updated_at` = '2022-01-05 23:55:34.134168', `customer_id` = 5959, `number` = '189065926268488268', `balance` = 63129 WHERE `loan_account`.`id` = 5439;
INSERT INTO `loan_account` (`id`, `created_at`, `updated_at`, `customer_id`, `number`, `balance`) VALUES (5439, '2022-01-05 23:45:38.282302', '2022-01-05 23:55:34.134168', 5959, '189065926268488268', 63129);
UPDATE `loan_address` SET `created_at` = '2022-01-05 22:55:02.724157', `updated_at` = '2022-01-05 22:55:02.724157', `province` = '广西壮族自治区', `city` = '来宾市', `county` = '兴宾区', `town` = '寺山镇', `detail` = '白兰路耀江花园176号' WHERE `loan_address`.`id` = 9610;
INSERT INTO `loan_address` (`id`, `created_at`, `updated_at`, `province`, `city`, `county`, `town`, `detail`) VALUES (9610, '2022-01-05 22:55:02.724157', '2022-01-05 22:55:02.724157', '广西壮族自治区', '来宾市', '兴宾区', '寺山镇', '白兰路耀江花园176号');
UPDATE `loan_customer` SET `created_at` = '2022-01-05 22:55:02.724157', `updated_at` = '2022-01-05 23:25:01.443771', `name` = '姚旷', `id_number` = '584323513732970241', `gender` = 'm', `birthday` = '1980-10-23', `address_id` = 9610, `job_id` = 1977, `salary` = 2000 WHERE `loan_customer`.`id` = 5960;
INSERT INTO `loan_customer` (`id`, `created_at`, `updated_at`, `name`, `id_number`, `gender`, `birthday`, `address_id`, `job_id`, `salary`) VALUES (5960, '2022-01-05 22:55:02.724157', '2022-01-05 23:25:01.443771', '姚旷', '584323513732970241', 'm', '1980-10-23', 9610, 1977, 2000);
UPDATE `loan_car` SET `created_at` = '2022-01-05 23:34:54.798505', `updated_at` = '2022-01-05 23:34:54.798505', `customer_id` = 5960, `model_id` = 239, `vin_number` = '384350152134758374', `date_produced` = '2015-04-17', `value_estimated` = 540000 WHERE `loan_car`.`id` = 4787;
INSERT INTO `loan_car` (`id`, `created_at`, `updated_at`, `customer_id`, `model_id`, `vin_number`, `date_produced`, `value_estimated`) VALUES (4787, '2022-01-05 23:34:54.798505', '2022-01-05 23:34:54.798505', 5960, 239, '384350152134758374', '2015-04-17', 540000);
UPDATE `loan_account` SET `created_at` = '2022-01-05 23:10:57.375035', `updated_at` = '2022-01-05 23:17:36.326516', `customer_id` = 5960, `number` = '417906510892807827', `balance` = 113303 WHERE `loan_account`.`id` = 5440;
INSERT INTO `loan_account` (`id`, `created_at`, `updated_at`, `customer_id`, `number`, `balance`) VALUES (5440, '2022-01-05 23:10:57.375035', '2022-01-05 23:17:36.326516', 5960, '417906510892807827', 113303);
UPDATE `loan_address` SET `created_at` = '2022-01-05 12:10:25.618800', `updated_at` = '2022-01-05 12:10:25.618800', `province` = '广东省', `city` = '深圳市', `county` = '罗湖区', `town` = '桂园街道办事处', `detail` = '宝祁路49号' WHERE `loan_address`.`id` = 9611;
INSERT INTO `loan_address` (`id`, `created_at`, `updated_at`, `province`, `city`, `county`, `town`, `detail`) VALUES (9611, '2022-01-05 12:10:25.618800', '2022-01-05 12:10:25.618800', '广东省', '深圳市', '罗湖区', '桂园街道办事处', '宝祁路49号');
UPDATE `loan_customer` SET `created_at` = '2022-01-05 12:10:25.618800', `updated_at` = '2022-01-05 23:22:43.477460', `name` = '李博学', `id_number` = '489562164219585655', `gender` = 'm', `birthday` = '2007-09-15', `address_id` = 9611, `job_id` = 1978, `salary` = 26000 WHERE `loan_customer`.`id` = 5961;
INSERT INTO `loan_customer` (`id`, `created_at`, `updated_at`, `name`, `id_number`, `gender`, `birthday`, `address_id`, `job_id`, `salary`) VALUES (5961, '2022-01-05 12:10:25.618800', '2022-01-05 23:22:43.477460', '李博学', '489562164219585655', 'm', '2007-09-15', 9611, 1978, 26000);
UPDATE `loan_car` SET `created_at` = '2022-01-05 21:11:46.157401', `updated_at` = '2022-01-05 21:11:46.157401', `customer_id` = 5961, `model_id` = 29, `vin_number` = '607695886516982986', `date_produced` = '2021-07-09', `value_estimated` = 270000 WHERE `loan_car`.`id` = 4788;
INSERT INTO `loan_car` (`id`, `created_at`, `updated_at`, `customer_id`, `model_id`, `vin_number`, `date_produced`, `value_estimated`) VALUES (4788, '2022-01-05 21:11:46.157401', '2022-01-05 21:11:46.157401', 5961, 29, '607695886516982986', '2021-07-09', 270000);
UPDATE `loan_account` SET `created_at` = '2022-01-05 16:06:30.203495', `updated_at` = '2022-01-05 16:06:30.203495', `customer_id` = 5961, `number` = '615491246444315253', `balance` = 55352 WHERE `loan_account`.`id` = 5441;
INSERT INTO `loan_account` (`id`, `created_at`, `updated_at`, `customer_id`, `number`, `balance`) VALUES (5441, '2022-01-05 16:06:30.203495', '2022-01-05 16:06:30.203495', 5961, '615491246444315253', 55352);
UPDATE `loan_address` SET `created_at` = '2022-01-05 15:57:28.911706', `updated_at` = '2022-01-05 15:57:28.911706', `province` = '江苏省', `city` = '连云港市', `county` = '海州区', `town` = '幸福路街道', `detail` = '保德路爱里舍花园137号' WHERE `loan_address`.`id` = 9612;
INSERT INTO `loan_address` (`id`, `created_at`, `updated_at`, `province`, `city`, `county`, `town`, `detail`) VALUES (9612, '2022-01-05 15:57:28.911706', '2022-01-05 15:57:28.911706', '江苏省', '连云港市', '海州区', '幸福路街道', '保德路爱里舍花园137号');
UPDATE `loan_customer` SET `created_at` = '2022-01-05 15:57:28.911706', `updated_at` = '2022-01-05 21:53:31.422716', `name` = '钱欣', `id_number` = '172287084920034833', `gender` = 'm', `birthday` = '2000-09-09', `address_id` = 9612, `job_id` = 1978, `salary` = 36000 WHERE `loan_customer`.`id` = 5962;
INSERT INTO `loan_customer` (`id`, `created_at`, `updated_at`, `name`, `id_number`, `gender`, `birthday`, `address_id`, `job_id`, `salary`) VALUES (5962, '2022-01-05 15:57:28.911706', '2022-01-05 21:53:31.422716', '钱欣', '172287084920034833', 'm', '2000-09-09', 9612, 1978, 36000);
UPDATE `loan_account` SET `created_at` = '2022-01-05 17:47:38.100611', `updated_at` = '2022-01-05 17:47:38.100611', `customer_id` = 5962, `number` = '920381206999701254', `balance` = 16103 WHERE `loan_account`.`id` = 5442;
INSERT INTO `loan_account` (`id`, `created_at`, `updated_at`, `customer_id`, `number`, `balance`) VALUES (5442, '2022-01-05 17:47:38.100611', '2022-01-05 17:47:38.100611', 5962, '920381206999701254', 16103);
UPDATE `loan_address` SET `created_at` = '2022-01-05 00:25:22.080745', `updated_at` = '2022-01-05 00:25:22.080745', `province` = '贵州省', `city` = '毕节市', `county` = '纳雍县', `town` = '左鸠戛彝族苗族乡', `detail` = '八一路东新大厦14号' WHERE `loan_address`.`id` = 9613;
INSERT INTO `loan_address` (`id`, `created_at`, `updated_at`, `province`, `city`, `county`, `town`, `detail`) VALUES (9613, '2022-01-05 00:25:22.080745', '2022-01-05 00:25:22.080745', '贵州省', '毕节市', '纳雍县', '左鸠戛彝族苗族乡', '八一路东新大厦14号');
UPDATE `loan_customer` SET `created_at` = '2022-01-05 00:25:22.080745', `updated_at` = '2022-01-05 03:01:05.313715', `name` = '蒋宁', `id_number` = '496027269245600972', `gender` = 'm', `birthday` = '1989-05-10', `address_id` = 9613, `job_id` = 1978, `salary` = 22000 WHERE `loan_customer`.`id` = 5963;
INSERT INTO `loan_customer` (`id`, `created_at`, `updated_at`, `name`, `id_number`, `gender`, `birthday`, `address_id`, `job_id`, `salary`) VALUES (5963, '2022-01-05 00:25:22.080745', '2022-01-05 03:01:05.313715', '蒋宁', '496027269245600972', 'm', '1989-05-10', 9613, 1978, 22000);
UPDATE `loan_car` SET `created_at` = '2022-01-05 19:14:35.511517', `updated_at` = '2022-01-05 19:14:35.511517', `customer_id` = 5963, `model_id` = 243, `vin_number` = '018795144140521420', `date_produced` = '2015-12-30', `value_estimated` = 100000 WHERE `loan_car`.`id` = 4789;
INSERT INTO `loan_car` (`id`, `created_at`, `updated_at`, `customer_id`, `model_id`, `vin_number`, `date_produced`, `value_estimated`) VALUES (4789, '2022-01-05 19:14:35.511517', '2022-01-05 19:14:35.511517', 5963, 243, '018795144140521420', '2015-12-30', 100000);
UPDATE `loan_account` SET `created_at` = '2022-01-05 23:28:03.718709', `updated_at` = '2022-01-05 23:28:03.718709', `customer_id` = 5963, `number` = '491185106702373308', `balance` = 0 WHERE `loan_account`.`id` = 5443;
INSERT INTO `loan_account` (`id`, `created_at`, `updated_at`, `customer_id`, `number`, `balance`) VALUES (5443, '2022-01-05 23:28:03.718709', '2022-01-05 23:28:03.718709', 5963, '491185106702373308', 0);
UPDATE `loan_address` SET `created_at` = '2022-01-05 12:30:47.580007', `updated_at` = '2022-01-05 12:30:47.580007', `province` = '吉林省', `city` = '辽源市', `county` = '东丰县', `town` = '三合满族朝鲜族乡', `detail` = '安澜路复华城市花园41号' WHERE `loan_address`.`id` = 9614;
INSERT INTO `loan_address` (`id`, `created_at`, `updated_at`, `province`, `city`, `county`, `town`, `detail`) VALUES (9614, '2022-01-05 12:30:47.580007', '2022-01-05 12:30:47.580007', '吉林省', '辽源市', '东丰县', '三合满族朝鲜族乡', '安澜路复华城市花园41号');
UPDATE `loan_customer` SET `created_at` = '2022-01-05 12:30:47.580007', `updated_at` = '2022-01-05 22:53:40.637960', `name` = '陈雪艳', `id_number` = '334497784450638814', `gender` = 'm', `birthday` = '1980-09-21', `address_id` = 9614, `job_id` = 1978, `salary` = 51000 WHERE `loan_customer`.`id` = 5964;
INSERT INTO `loan_customer` (`id`, `created_at`, `updated_at`, `name`, `id_number`, `gender`, `birthday`, `address_id`, `job_id`, `salary`) VALUES (5964, '2022-01-05 12:30:47.580007', '2022-01-05 22:53:40.637960', '陈雪艳', '334497784450638814', 'm', '1980-09-21', 9614, 1978, 51000);
UPDATE `loan_account` SET `created_at` = '2022-01-05 19:29:32.041875', `updated_at` = '2022-01-05 19:29:32.041875', `customer_id` = 5964, `number` = '445859850003086335', `balance` = 11882 WHERE `loan_account`.`id` = 5444;
INSERT INTO `loan_account` (`id`, `created_at`, `updated_at`, `customer_id`, `number`, `balance`) VALUES (5444, '2022-01-05 19:29:32.041875', '2022-01-05 19:29:32.041875', 5964, '445859850003086335', 11882);
UPDATE `loan_address` SET `created_at` = '2022-01-05 23:08:01.520281', `updated_at` = '2022-01-05 23:08:01.520281', `province` = '江苏省', `city` = '泰州市', `county` = '泰州医药高新技术产业开发区', `town` = '明珠街道', `detail` = '保屯路爱里舍花园69号' WHERE `loan_address`.`id` = 9615;
INSERT INTO `loan_address` (`id`, `created_at`, `updated_at`, `province`, `city`, `county`, `town`, `detail`) VALUES (9615, '2022-01-05 23:08:01.520281', '2022-01-05 23:08:01.520281', '江苏省', '泰州市', '泰州医药高新技术产业开发区', '明珠街道', '保屯路爱里舍花园69号');
UPDATE `loan_customer` SET `created_at` = '2022-01-05 23:08:01.520281', `updated_at` = '2022-01-05 23:47:16.636634', `name` = '沈月朗', `id_number` = '374851142086862774', `gender` = 'm', `birthday` = '2002-06-21', `address_id` = 9615, `job_id` = 1978, `salary` = 34000 WHERE `loan_customer`.`id` = 5965;
INSERT INTO `loan_customer` (`id`, `created_at`, `updated_at`, `name`, `id_number`, `gender`, `birthday`, `address_id`, `job_id`, `salary`) VALUES (5965, '2022-01-05 23:08:01.520281', '2022-01-05 23:47:16.636634', '沈月朗', '374851142086862774', 'm', '2002-06-21', 9615, 1978, 34000);
UPDATE `loan_chattel` SET `created_at` = '2022-01-05 23:37:53.001918', `updated_at` = '2022-01-05 23:41:35.160412', `customer_id` = 5965, `type` = 'trademark', `description` = '一些信息', `value_amount` = 20000, `expired_at` = '2026-02-27' WHERE `loan_chattel`.`id` = 1753;
INSERT INTO `loan_chattel` (`id`, `created_at`, `updated_at`, `customer_id`, `type`, `description`, `value_amount`, `expired_at`) VALUES (1753, '2022-01-05 23:37:53.001918', '2022-01-05 23:41:35.160412', 5965, 'trademark', '一些信息', 20000, '2026-02-27');
UPDATE `loan_car` SET `created_at` = '2022-01-05 23:41:32.217300', `updated_at` = '2022-01-05 23:52:40.138865', `customer_id` = 5965, `model_id` = 101, `vin_number` = '672806544988181660', `date_produced` = '2019-12-14', `value_estimated` = 370000 WHERE `loan_car`.`id` = 4790;
INSERT INTO `loan_car` (`id`, `created_at`, `updated_at`, `customer_id`, `model_id`, `vin_number`, `date_produced`, `value_estimated`) VALUES (4790, '2022-01-05 23:41:32.217300', '2022-01-05 23:52:40.138865', 5965, 101, '672806544988181660', '2019-12-14', 370000);
UPDATE `loan_account` SET `created_at` = '2022-01-05 23:58:21.389288', `updated_at` = '2022-01-05 23:59:19.877564', `customer_id` = 5965, `number` = '616671645863295298', `balance` = 8430 WHERE `loan_account`.`id` = 5445;
INSERT INTO `loan_account` (`id`, `created_at`, `updated_at`, `customer_id`, `number`, `balance`) VALUES (5445, '2022-01-05 23:58:21.389288', '2022-01-05 23:59:19.877564', 5965, '616671645863295298', 8430);
UPDATE `loan_address` SET `created_at` = '2022-01-05 12:17:25.522084', `updated_at` = '2022-01-05 12:17:25.522084', `province` = '陕西省', `city` = '安康市', `county` = '汉阴县', `town` = '涧池镇', `detail` = '宝祁路171号' WHERE `loan_address`.`id` = 9616;
INSERT INTO `loan_address` (`id`, `created_at`, `updated_at`, `province`, `city`, `county`, `town`, `detail`) VALUES (9616, '2022-01-05 12:17:25.522084', '2022-01-05 12:17:25.522084', '陕西省', '安康市', '汉阴县', '涧池镇', '宝祁路171号');
UPDATE `loan_customer` SET `created_at` = '2022-01-05 12:17:25.522084', `updated_at` = '2022-01-05 13:36:50.720961', `name` = '吕煜', `id_number` = '063054669588846243', `gender` = 'f', `birthday` = '2004-01-03', `address_id` = 9616, `job_id` = 1979, `salary` = 63000 WHERE `loan_customer`.`id` = 5966;
INSERT INTO `loan_customer` (`id`, `created_at`, `updated_at`, `name`, `id_number`, `gender`, `birthday`, `address_id`, `job_id`, `salary`) VALUES (5966, '2022-01-05 12:17:25.522084', '2022-01-05 13:36:50.720961', '吕煜', '063054669588846243', 'f', '2004-01-03', 9616, 1979, 63000);
UPDATE `loan_chattel` SET `created_at` = '2022-01-05 14:43:49.078436', `updated_at` = '2022-01-05 18:07:50.271901', `customer_id` = 5966, `type` = 'bond', `description` = '一些信息', `value_amount` = 20000, `expired_at` = '2032-01-14' WHERE `loan_chattel`.`id` = 1754;
INSERT INTO `loan_chattel` (`id`, `created_at`, `updated_at`, `customer_id`, `type`, `description`, `value_amount`, `expired_at`) VALUES (1754, '2022-01-05 14:43:49.078436', '2022-01-05 18:07:50.271901', 5966, 'bond', '一些信息', 20000, '2032-01-14');
UPDATE `loan_car` SET `created_at` = '2022-01-05 12:25:09.073355', `updated_at` = '2022-01-05 12:25:09.073355', `customer_id` = 5966, `model_id` = 255, `vin_number` = '693928885953847471', `date_produced` = '2019-07-04', `value_estimated` = 570000 WHERE `loan_car`.`id` = 4791;
INSERT INTO `loan_car` (`id`, `created_at`, `updated_at`, `customer_id`, `model_id`, `vin_number`, `date_produced`, `value_estimated`) VALUES (4791, '2022-01-05 12:25:09.073355', '2022-01-05 12:25:09.073355', 5966, 255, '693928885953847471', '2019-07-04', 570000);
UPDATE `loan_account` SET `created_at` = '2022-01-05 20:45:55.699370', `updated_at` = '2022-01-05 20:45:55.699370', `customer_id` = 5966, `number` = '400423038729766423', `balance` = 75244 WHERE `loan_account`.`id` = 5446;
INSERT INTO `loan_account` (`id`, `created_at`, `updated_at`, `customer_id`, `number`, `balance`) VALUES (5446, '2022-01-05 20:45:55.699370', '2022-01-05 20:45:55.699370', 5966, '400423038729766423', 75244);
UPDATE `loan_address` SET `created_at` = '2022-01-05 12:36:54.173807', `updated_at` = '2022-01-05 12:36:54.173807', `province` = '河北省', `city` = '邯郸市', `county` = '邯郸冀南新区', `town` = '城南办事处', `detail` = '宝联路和亭佳苑47号' WHERE `loan_address`.`id` = 9617;
INSERT INTO `loan_address` (`id`, `created_at`, `updated_at`, `province`, `city`, `county`, `town`, `detail`) VALUES (9617, '2022-01-05 12:36:54.173807', '2022-01-05 12:36:54.173807', '河北省', '邯郸市', '邯郸冀南新区', '城南办事处', '宝联路和亭佳苑47号');
UPDATE `loan_customer` SET `created_at` = '2022-01-05 12:36:54.173807', `updated_at` = '2022-01-05 17:51:08.962670', `name` = '石鹏赋', `id_number` = '376185009150276727', `gender` = 'm', `birthday` = '2004-12-11', `address_id` = 9617, `job_id` = 1979, `salary` = 37000 WHERE `loan_customer`.`id` = 5967;
INSERT INTO `loan_customer` (`id`, `created_at`, `updated_at`, `name`, `id_number`, `gender`, `birthday`, `address_id`, `job_id`, `salary`) VALUES (5967, '2022-01-05 12:36:54.173807', '2022-01-05 17:51:08.962670', '石鹏赋', '376185009150276727', 'm', '2004-12-11', 9617, 1979, 37000);
UPDATE `loan_account` SET `created_at` = '2022-01-05 18:19:47.934135', `updated_at` = '2022-01-05 21:07:02.250998', `customer_id` = 5967, `number` = '613718622152392286', `balance` = 88752 WHERE `loan_account`.`id` = 5447;
INSERT INTO `loan_account` (`id`, `created_at`, `updated_at`, `customer_id`, `number`, `balance`) VALUES (5447, '2022-01-05 18:19:47.934135', '2022-01-05 21:07:02.250998', 5967, '613718622152392286', 88752);
UPDATE `loan_address` SET `created_at` = '2022-01-05 14:29:32.395467', `updated_at` = '2022-01-05 14:29:32.395467', `province` = '湖南省', `city` = '怀化市', `county` = '靖州苗族侗族自治县', `town` = '平茶镇', `detail` = '安福路62号' WHERE `loan_address`.`id` = 9618;
INSERT INTO `loan_address` (`id`, `created_at`, `updated_at`, `province`, `city`, `county`, `town`, `detail`) VALUES (9618, '2022-01-05 14:29:32.395467', '2022-01-05 14:29:32.395467', '湖南省', '怀化市', '靖州苗族侗族自治县', '平茶镇', '安福路62号');
UPDATE `loan_customer` SET `created_at` = '2022-01-05 14:29:32.395467', `updated_at` = '2022-01-05 23:30:13.812137', `name` = '武辰', `id_number` = '156245253770825065', `gender` = 'f', `birthday` = '1998-01-10', `address_id` = 9618, `job_id` = 1979, `salary` = 30000 WHERE `loan_customer`.`id` = 5968;
INSERT INTO `loan_customer` (`id`, `created_at`, `updated_at`, `name`, `id_number`, `gender`, `birthday`, `address_id`, `job_id`, `salary`) VALUES (5968, '2022-01-05 14:29:32.395467', '2022-01-05 23:30:13.812137', '武辰', '156245253770825065', 'f', '1998-01-10', 9618, 1979, 30000);
UPDATE `loan_address` SET `created_at` = '2022-01-05 17:38:21.509319', `updated_at` = '2022-01-05 17:38:21.509319', `province` = '浙江省', `city` = '温州市', `county` = '文成县', `town` = '双桂乡', `detail` = '安龙路复华城市花园114号' WHERE `loan_address`.`id` = 9619;
INSERT INTO `loan_address` (`id`, `created_at`, `updated_at`, `province`, `city`, `county`, `town`, `detail`) VALUES (9619, '2022-01-05 17:38:21.509319', '2022-01-05 17:38:21.509319', '浙江省', '温州市', '文成县', '双桂乡', '安龙路复华城市花园114号');
UPDATE `loan_estate` SET `created_at` = '2022-01-05 17:38:21.509319', `updated_at` = '2022-01-05 17:38:21.509319', `customer_id` = 5968, `address_id` = 9619 WHERE `loan_estate`.`id` = 3560;
INSERT INTO `loan_estate` (`id`, `created_at`, `updated_at`, `customer_id`, `address_id`) VALUES (3560, '2022-01-05 17:38:21.509319', '2022-01-05 17:38:21.509319', 5968, 9619);
UPDATE `loan_car` SET `created_at` = '2022-01-05 18:43:21.934616', `updated_at` = '2022-01-05 21:27:05.551765', `customer_id` = 5968, `model_id` = 257, `vin_number` = '775994319478125980', `date_produced` = '2017-01-19', `value_estimated` = 380000 WHERE `loan_car`.`id` = 4792;
INSERT INTO `loan_car` (`id`, `created_at`, `updated_at`, `customer_id`, `model_id`, `vin_number`, `date_produced`, `value_estimated`) VALUES (4792, '2022-01-05 18:43:21.934616', '2022-01-05 21:27:05.551765', 5968, 257, '775994319478125980', '2017-01-19', 380000);
UPDATE `loan_address` SET `created_at` = '2022-01-05 18:06:46.842791', `updated_at` = '2022-01-05 18:06:46.842791', `province` = '广西壮族自治区', `city` = '百色市', `county` = '田阳县', `town` = '百育镇', `detail` = '百官街118号' WHERE `loan_address`.`id` = 9620;
INSERT INTO `loan_address` (`id`, `created_at`, `updated_at`, `province`, `city`, `county`, `town`, `detail`) VALUES (9620, '2022-01-05 18:06:46.842791', '2022-01-05 18:06:46.842791', '广西壮族自治区', '百色市', '田阳县', '百育镇', '百官街118号');
UPDATE `loan_customer` SET `created_at` = '2022-01-05 18:06:46.842791', `updated_at` = '2022-01-05 20:06:53.817077', `name` = '万碫', `id_number` = '907557025288231574', `gender` = 'm', `birthday` = '2004-03-28', `address_id` = 9620, `job_id` = 1979, `salary` = 16000 WHERE `loan_customer`.`id` = 5969;
INSERT INTO `loan_customer` (`id`, `created_at`, `updated_at`, `name`, `id_number`, `gender`, `birthday`, `address_id`, `job_id`, `salary`) VALUES (5969, '2022-01-05 18:06:46.842791', '2022-01-05 20:06:53.817077', '万碫', '907557025288231574', 'm', '2004-03-28', 9620, 1979, 16000);
UPDATE `loan_address` SET `created_at` = '2022-01-05 20:04:58.292179', `updated_at` = '2022-01-05 20:04:58.292179', `province` = '陕西省', `city` = '汉中市', `county` = '略阳县', `town` = '两河口镇', `detail` = '北艾路98号' WHERE `loan_address`.`id` = 9621;
INSERT INTO `loan_address` (`id`, `created_at`, `updated_at`, `province`, `city`, `county`, `town`, `detail`) VALUES (9621, '2022-01-05 20:04:58.292179', '2022-01-05 20:04:58.292179', '陕西省', '汉中市', '略阳县', '两河口镇', '北艾路98号');
UPDATE `loan_estate` SET `created_at` = '2022-01-05 20:04:58.292179', `updated_at` = '2022-01-05 23:33:01.923028', `customer_id` = 5969, `address_id` = 9621 WHERE `loan_estate`.`id` = 3561;
INSERT INTO `loan_estate` (`id`, `created_at`, `updated_at`, `customer_id`, `address_id`) VALUES (3561, '2022-01-05 20:04:58.292179', '2022-01-05 23:33:01.923028', 5969, 9621);
UPDATE `loan_address` SET `created_at` = '2022-01-05 21:54:53.315615', `updated_at` = '2022-01-05 21:54:53.315615', `province` = '陕西省', `city` = '榆林市', `county` = '佳县', `town` = '木头峪镇', `detail` = '北艾路耀江花园1号' WHERE `loan_address`.`id` = 9622;
INSERT INTO `loan_address` (`id`, `created_at`, `updated_at`, `province`, `city`, `county`, `town`, `detail`) VALUES (9622, '2022-01-05 21:54:53.315615', '2022-01-05 21:54:53.315615', '陕西省', '榆林市', '佳县', '木头峪镇', '北艾路耀江花园1号');
UPDATE `loan_estate` SET `created_at` = '2022-01-05 21:54:53.315615', `updated_at` = '2022-01-05 21:54:53.315615', `customer_id` = 5969, `address_id` = 9622 WHERE `loan_estate`.`id` = 3562;
INSERT INTO `loan_estate` (`id`, `created_at`, `updated_at`, `customer_id`, `address_id`) VALUES (3562, '2022-01-05 21:54:53.315615', '2022-01-05 21:54:53.315615', 5969, 9622);
UPDATE `loan_car` SET `created_at` = '2022-01-05 21:52:26.653213', `updated_at` = '2022-01-05 23:59:28.767004', `customer_id` = 5969, `model_id` = 225, `vin_number` = '831333047803352323', `date_produced` = '2016-07-05', `value_estimated` = 240000 WHERE `loan_car`.`id` = 4793;
INSERT INTO `loan_car` (`id`, `created_at`, `updated_at`, `customer_id`, `model_id`, `vin_number`, `date_produced`, `value_estimated`) VALUES (4793, '2022-01-05 21:52:26.653213', '2022-01-05 23:59:28.767004', 5969, 225, '831333047803352323', '2016-07-05', 240000);
UPDATE `loan_account` SET `created_at` = '2022-01-05 19:28:54.478481', `updated_at` = '2022-01-05 22:22:19.189890', `customer_id` = 5969, `number` = '218964022897697006', `balance` = 0 WHERE `loan_account`.`id` = 5448;
INSERT INTO `loan_account` (`id`, `created_at`, `updated_at`, `customer_id`, `number`, `balance`) VALUES (5448, '2022-01-05 19:28:54.478481', '2022-01-05 22:22:19.189890', 5969, '218964022897697006', 0);
UPDATE `loan_address` SET `created_at` = '2022-01-05 05:55:26.932294', `updated_at` = '2022-01-05 05:55:26.932294', `province` = '黑龙江省', `city` = '牡丹江市', `county` = '阳明区', `town` = '前进街道办事处', `detail` = '百安路（方泰镇）阳光翠竹苑154号' WHERE `loan_address`.`id` = 9623;
INSERT INTO `loan_address` (`id`, `created_at`, `updated_at`, `province`, `city`, `county`, `town`, `detail`) VALUES (9623, '2022-01-05 05:55:26.932294', '2022-01-05 05:55:26.932294', '黑龙江省', '牡丹江市', '阳明区', '前进街道办事处', '百安路（方泰镇）阳光翠竹苑154号');
UPDATE `loan_customer` SET `created_at` = '2022-01-05 05:55:26.932294', `updated_at` = '2022-01-05 06:57:45.986119', `name` = '文擎', `id_number` = '557124163452017401', `gender` = 'm', `birthday` = '1981-12-30', `address_id` = 9623, `job_id` = 1979, `salary` = 10000 WHERE `loan_customer`.`id` = 5970;
INSERT INTO `loan_customer` (`id`, `created_at`, `updated_at`, `name`, `id_number`, `gender`, `birthday`, `address_id`, `job_id`, `salary`) VALUES (5970, '2022-01-05 05:55:26.932294', '2022-01-05 06:57:45.986119', '文擎', '557124163452017401', 'm', '1981-12-30', 9623, 1979, 10000);
UPDATE `loan_car` SET `created_at` = '2022-01-05 08:21:47.421034', `updated_at` = '2022-01-05 21:34:50.340668', `customer_id` = 5970, `model_id` = 225, `vin_number` = '436133540844088253', `date_produced` = '2010-01-28', `value_estimated` = 390000 WHERE `loan_car`.`id` = 4794;
INSERT INTO `loan_car` (`id`, `created_at`, `updated_at`, `customer_id`, `model_id`, `vin_number`, `date_produced`, `value_estimated`) VALUES (4794, '2022-01-05 08:21:47.421034', '2022-01-05 21:34:50.340668', 5970, 225, '436133540844088253', '2010-01-28', 390000);
UPDATE `loan_car` SET `created_at` = '2022-01-05 08:29:51.604051', `updated_at` = '2022-01-05 08:29:51.604051', `customer_id` = 5970, `model_id` = 251, `vin_number` = '473644106232064937', `date_produced` = '2018-04-04', `value_estimated` = 80000 WHERE `loan_car`.`id` = 4795;
INSERT INTO `loan_car` (`id`, `created_at`, `updated_at`, `customer_id`, `model_id`, `vin_number`, `date_produced`, `value_estimated`) VALUES (4795, '2022-01-05 08:29:51.604051', '2022-01-05 08:29:51.604051', 5970, 251, '473644106232064937', '2018-04-04', 80000);
UPDATE `loan_account` SET `created_at` = '2022-01-05 16:13:53.979943', `updated_at` = '2022-01-05 16:48:42.385161', `customer_id` = 5970, `number` = '305739765121591111', `balance` = 60295 WHERE `loan_account`.`id` = 5449;
INSERT INTO `loan_account` (`id`, `created_at`, `updated_at`, `customer_id`, `number`, `balance`) VALUES (5449, '2022-01-05 16:13:53.979943', '2022-01-05 16:48:42.385161', 5970, '305739765121591111', 60295);
UPDATE `loan_address` SET `created_at` = '2022-01-05 04:00:37.819764', `updated_at` = '2022-01-05 04:00:37.819764', `province` = '山东省', `city` = '青岛市', `county` = '平度市', `town` = '店子镇', `detail` = '安业路东新大厦138号' WHERE `loan_address`.`id` = 9624;
INSERT INTO `loan_address` (`id`, `created_at`, `updated_at`, `province`, `city`, `county`, `town`, `detail`) VALUES (9624, '2022-01-05 04:00:37.819764', '2022-01-05 04:00:37.819764', '山东省', '青岛市', '平度市', '店子镇', '安业路东新大厦138号');
UPDATE `loan_customer` SET `created_at` = '2022-01-05 04:00:37.819764', `updated_at` = '2022-01-05 09:28:29.044999', `name` = '杜备', `id_number` = '278332371206948552', `gender` = 'f', `birthday` = '1991-09-17', `address_id` = 9624, `job_id` = 1980, `salary` = 36000 WHERE `loan_customer`.`id` = 5971;
INSERT INTO `loan_customer` (`id`, `created_at`, `updated_at`, `name`, `id_number`, `gender`, `birthday`, `address_id`, `job_id`, `salary`) VALUES (5971, '2022-01-05 04:00:37.819764', '2022-01-05 09:28:29.044999', '杜备', '278332371206948552', 'f', '1991-09-17', 9624, 1980, 36000);
UPDATE `loan_chattel` SET `created_at` = '2022-01-05 12:04:20.234723', `updated_at` = '2022-01-05 12:04:20.234723', `customer_id` = 5971, `type` = 'draft', `description` = '一些信息', `value_amount` = 630000, `expired_at` = '2032-01-15' WHERE `loan_chattel`.`id` = 1755;
INSERT INTO `loan_chattel` (`id`, `created_at`, `updated_at`, `customer_id`, `type`, `description`, `value_amount`, `expired_at`) VALUES (1755, '2022-01-05 12:04:20.234723', '2022-01-05 12:04:20.234723', 5971, 'draft', '一些信息', 630000, '2032-01-15');
UPDATE `loan_car` SET `created_at` = '2022-01-05 16:25:46.789685', `updated_at` = '2022-01-05 16:25:46.789685', `customer_id` = 5971, `model_id` = 13, `vin_number` = '273046821023598873', `date_produced` = '2011-08-21', `value_estimated` = 710000 WHERE `loan_car`.`id` = 4796;
INSERT INTO `loan_car` (`id`, `created_at`, `updated_at`, `customer_id`, `model_id`, `vin_number`, `date_produced`, `value_estimated`) VALUES (4796, '2022-01-05 16:25:46.789685', '2022-01-05 16:25:46.789685', 5971, 13, '273046821023598873', '2011-08-21', 710000);
UPDATE `loan_car` SET `created_at` = '2022-01-05 19:56:41.219418', `updated_at` = '2022-01-05 20:50:41.792676', `customer_id` = 5971, `model_id` = 22, `vin_number` = '677814672462105286', `date_produced` = '2011-02-07', `value_estimated` = 320000 WHERE `loan_car`.`id` = 4797;
INSERT INTO `loan_car` (`id`, `created_at`, `updated_at`, `customer_id`, `model_id`, `vin_number`, `date_produced`, `value_estimated`) VALUES (4797, '2022-01-05 19:56:41.219418', '2022-01-05 20:50:41.792676', 5971, 22, '677814672462105286', '2011-02-07', 320000);
UPDATE `loan_account` SET `created_at` = '2022-01-05 10:18:26.722664', `updated_at` = '2022-01-05 19:17:11.654655', `customer_id` = 5971, `number` = '343030990708370109', `balance` = 58891 WHERE `loan_account`.`id` = 5450;
INSERT INTO `loan_account` (`id`, `created_at`, `updated_at`, `customer_id`, `number`, `balance`) VALUES (5450, '2022-01-05 10:18:26.722664', '2022-01-05 19:17:11.654655', 5971, '343030990708370109', 58891);
UPDATE `loan_address` SET `created_at` = '2022-01-05 11:58:56.838038', `updated_at` = '2022-01-05 11:58:56.838038', `province` = '四川省', `city` = '泸州市', `county` = '江阳区', `town` = '方山镇', `detail` = '宝安公路85号' WHERE `loan_address`.`id` = 9625;
INSERT INTO `loan_address` (`id`, `created_at`, `updated_at`, `province`, `city`, `county`, `town`, `detail`) VALUES (9625, '2022-01-05 11:58:56.838038', '2022-01-05 11:58:56.838038', '四川省', '泸州市', '江阳区', '方山镇', '宝安公路85号');
UPDATE `loan_customer` SET `created_at` = '2022-01-05 11:58:56.838038', `updated_at` = '2022-01-05 21:28:50.202439', `name` = '龚明', `id_number` = '537329064027066306', `gender` = 'f', `birthday` = '1992-06-12', `address_id` = 9625, `job_id` = 1980, `salary` = 39000 WHERE `loan_customer`.`id` = 5972;
INSERT INTO `loan_customer` (`id`, `created_at`, `updated_at`, `name`, `id_number`, `gender`, `birthday`, `address_id`, `job_id`, `salary`) VALUES (5972, '2022-01-05 11:58:56.838038', '2022-01-05 21:28:50.202439', '龚明', '537329064027066306', 'f', '1992-06-12', 9625, 1980, 39000);
UPDATE `loan_chattel` SET `created_at` = '2022-01-05 21:36:16.030558', `updated_at` = '2022-01-05 21:36:16.030558', `customer_id` = 5972, `type` = 'receivable', `description` = '一些信息', `value_amount` = 550000, `expired_at` = '2032-10-02' WHERE `loan_chattel`.`id` = 1756;
INSERT INTO `loan_chattel` (`id`, `created_at`, `updated_at`, `customer_id`, `type`, `description`, `value_amount`, `expired_at`) VALUES (1756, '2022-01-05 21:36:16.030558', '2022-01-05 21:36:16.030558', 5972, 'receivable', '一些信息', 550000, '2032-10-02');
UPDATE `loan_car` SET `created_at` = '2022-01-05 21:53:19.307750', `updated_at` = '2022-01-05 21:53:19.307750', `customer_id` = 5972, `model_id` = 173, `vin_number` = '394632447165984394', `date_produced` = '2019-09-14', `value_estimated` = 100000 WHERE `loan_car`.`id` = 4798;
INSERT INTO `loan_car` (`id`, `created_at`, `updated_at`, `customer_id`, `model_id`, `vin_number`, `date_produced`, `value_estimated`) VALUES (4798, '2022-01-05 21:53:19.307750', '2022-01-05 21:53:19.307750', 5972, 173, '394632447165984394', '2019-09-14', 100000);
UPDATE `loan_car` SET `created_at` = '2022-01-05 12:20:54.798329', `updated_at` = '2022-01-05 12:20:54.798329', `customer_id` = 5972, `model_id` = 112, `vin_number` = '983861159558861831', `date_produced` = '2016-08-18', `value_estimated` = 430000 WHERE `loan_car`.`id` = 4799;
INSERT INTO `loan_car` (`id`, `created_at`, `updated_at`, `customer_id`, `model_id`, `vin_number`, `date_produced`, `value_estimated`) VALUES (4799, '2022-01-05 12:20:54.798329', '2022-01-05 12:20:54.798329', 5972, 112, '983861159558861831', '2016-08-18', 430000);
UPDATE `loan_account` SET `created_at` = '2022-01-05 13:10:23.031901', `updated_at` = '2022-01-05 13:10:23.031901', `customer_id` = 5972, `number` = '438960392551242620', `balance` = 12529 WHERE `loan_account`.`id` = 5451;
INSERT INTO `loan_account` (`id`, `created_at`, `updated_at`, `customer_id`, `number`, `balance`) VALUES (5451, '2022-01-05 13:10:23.031901', '2022-01-05 13:10:23.031901', 5972, '438960392551242620', 12529);
UPDATE `loan_address` SET `created_at` = '2022-01-05 10:49:36.449380', `updated_at` = '2022-01-05 10:49:36.449380', `province` = '四川省', `city` = '泸州市', `county` = '江阳区', `town` = '方山镇', `detail` = '安义路东新大厦116号' WHERE `loan_address`.`id` = 9626;
INSERT INTO `loan_address` (`id`, `created_at`, `updated_at`, `province`, `city`, `county`, `town`, `detail`) VALUES (9626, '2022-01-05 10:49:36.449380', '2022-01-05 10:49:36.449380', '四川省', '泸州市', '江阳区', '方山镇', '安义路东新大厦116号');
UPDATE `loan_customer` SET `created_at` = '2022-01-05 10:49:36.449380', `updated_at` = '2022-01-05 19:49:36.300026', `name` = '刘芫华', `id_number` = '808002989303752944', `gender` = 'm', `birthday` = '1991-05-25', `address_id` = 9626, `job_id` = 1980, `salary` = 15000 WHERE `loan_customer`.`id` = 5973;
INSERT INTO `loan_customer` (`id`, `created_at`, `updated_at`, `name`, `id_number`, `gender`, `birthday`, `address_id`, `job_id`, `salary`) VALUES (5973, '2022-01-05 10:49:36.449380', '2022-01-05 19:49:36.300026', '刘芫华', '808002989303752944', 'm', '1991-05-25', 9626, 1980, 15000);
UPDATE `loan_chattel` SET `created_at` = '2022-01-05 11:23:33.718974', `updated_at` = '2022-01-05 20:23:09.455138', `customer_id` = 5973, `type` = 'copyright', `description` = '一些信息', `value_amount` = 20000, `expired_at` = '2032-03-10' WHERE `loan_chattel`.`id` = 1757;
INSERT INTO `loan_chattel` (`id`, `created_at`, `updated_at`, `customer_id`, `type`, `description`, `value_amount`, `expired_at`) VALUES (1757, '2022-01-05 11:23:33.718974', '2022-01-05 20:23:09.455138', 5973, 'copyright', '一些信息', 20000, '2032-03-10');
UPDATE `loan_car` SET `created_at` = '2022-01-05 11:15:48.917487', `updated_at` = '2022-01-05 11:15:48.917487', `customer_id` = 5973, `model_id` = 140, `vin_number` = '523184549594005757', `date_produced` = '2010-04-23', `value_estimated` = 260000 WHERE `loan_car`.`id` = 4800;
INSERT INTO `loan_car` (`id`, `created_at`, `updated_at`, `customer_id`, `model_id`, `vin_number`, `date_produced`, `value_estimated`) VALUES (4800, '2022-01-05 11:15:48.917487', '2022-01-05 11:15:48.917487', 5973, 140, '523184549594005757', '2010-04-23', 260000);
UPDATE `loan_account` SET `created_at` = '2022-01-05 18:48:25.592072', `updated_at` = '2022-01-05 18:48:25.592072', `customer_id` = 5973, `number` = '050308224524217303', `balance` = 49944 WHERE `loan_account`.`id` = 5452;
INSERT INTO `loan_account` (`id`, `created_at`, `updated_at`, `customer_id`, `number`, `balance`) VALUES (5452, '2022-01-05 18:48:25.592072', '2022-01-05 18:48:25.592072', 5973, '050308224524217303', 49944);
UPDATE `loan_address` SET `created_at` = '2022-01-05 12:59:10.520022', `updated_at` = '2022-01-05 12:59:10.520022', `province` = '陕西省', `city` = '榆林市', `county` = '佳县', `town` = '木头峪镇', `detail` = '安波路89号' WHERE `loan_address`.`id` = 9627;
INSERT INTO `loan_address` (`id`, `created_at`, `updated_at`, `province`, `city`, `county`, `town`, `detail`) VALUES (9627, '2022-01-05 12:59:10.520022', '2022-01-05 12:59:10.520022', '陕西省', '榆林市', '佳县', '木头峪镇', '安波路89号');
UPDATE `loan_customer` SET `created_at` = '2022-01-05 12:59:10.520022', `updated_at` = '2022-01-05 15:55:47.872737', `name` = '许雅楠', `id_number` = '319318977389794143', `gender` = 'm', `birthday` = '2008-07-07', `address_id` = 9627, `job_id` = 1981, `salary` = 46000 WHERE `loan_customer`.`id` = 5974;
INSERT INTO `loan_customer` (`id`, `created_at`, `updated_at`, `name`, `id_number`, `gender`, `birthday`, `address_id`, `job_id`, `salary`) VALUES (5974, '2022-01-05 12:59:10.520022', '2022-01-05 15:55:47.872737', '许雅楠', '319318977389794143', 'm', '2008-07-07', 9627, 1981, 46000);
UPDATE `loan_chattel` SET `created_at` = '2022-01-05 20:26:30.265324', `updated_at` = '2022-01-05 20:26:30.265324', `customer_id` = 5974, `type` = 'fund', `description` = '一些信息', `value_amount` = 230000, `expired_at` = '2032-07-23' WHERE `loan_chattel`.`id` = 1758;
INSERT INTO `loan_chattel` (`id`, `created_at`, `updated_at`, `customer_id`, `type`, `description`, `value_amount`, `expired_at`) VALUES (1758, '2022-01-05 20:26:30.265324', '2022-01-05 20:26:30.265324', 5974, 'fund', '一些信息', 230000, '2032-07-23');
UPDATE `loan_address` SET `created_at` = '2022-01-05 22:16:15.159478', `updated_at` = '2022-01-05 22:16:15.159478', `province` = '吉林省', `city` = '通化市', `county` = '梅河口市', `town` = '中和镇', `detail` = '白城路65号' WHERE `loan_address`.`id` = 9628;
INSERT INTO `loan_address` (`id`, `created_at`, `updated_at`, `province`, `city`, `county`, `town`, `detail`) VALUES (9628, '2022-01-05 22:16:15.159478', '2022-01-05 22:16:15.159478', '吉林省', '通化市', '梅河口市', '中和镇', '白城路65号');
UPDATE `loan_estate` SET `created_at` = '2022-01-05 22:16:15.159478', `updated_at` = '2022-01-05 22:16:15.159478', `customer_id` = 5974, `address_id` = 9628 WHERE `loan_estate`.`id` = 3563;
INSERT INTO `loan_estate` (`id`, `created_at`, `updated_at`, `customer_id`, `address_id`) VALUES (3563, '2022-01-05 22:16:15.159478', '2022-01-05 22:16:15.159478', 5974, 9628);
UPDATE `loan_account` SET `created_at` = '2022-01-05 18:04:26.254542', `updated_at` = '2022-01-05 19:22:17.285756', `customer_id` = 5974, `number` = '482787958667381223', `balance` = 108070 WHERE `loan_account`.`id` = 5453;
INSERT INTO `loan_account` (`id`, `created_at`, `updated_at`, `customer_id`, `number`, `balance`) VALUES (5453, '2022-01-05 18:04:26.254542', '2022-01-05 19:22:17.285756', 5974, '482787958667381223', 108070);
UPDATE `loan_address` SET `created_at` = '2022-01-05 20:41:25.732448', `updated_at` = '2022-01-05 20:41:25.732448', `province` = '湖南省', `city` = '永州市', `county` = '冷水滩区', `town` = '高溪市镇', `detail` = '安亭路菊园五街坊117号' WHERE `loan_address`.`id` = 9629;
INSERT INTO `loan_address` (`id`, `created_at`, `updated_at`, `province`, `city`, `county`, `town`, `detail`) VALUES (9629, '2022-01-05 20:41:25.732448', '2022-01-05 20:41:25.732448', '湖南省', '永州市', '冷水滩区', '高溪市镇', '安亭路菊园五街坊117号');
UPDATE `loan_customer` SET `created_at` = '2022-01-05 20:41:25.732448', `updated_at` = '2022-01-05 21:47:18.136885', `name` = '陆丰雅', `id_number` = '247432412239247926', `gender` = 'm', `birthday` = '2000-03-14', `address_id` = 9629, `job_id` = 1981, `salary` = 16000 WHERE `loan_customer`.`id` = 5975;
INSERT INTO `loan_customer` (`id`, `created_at`, `updated_at`, `name`, `id_number`, `gender`, `birthday`, `address_id`, `job_id`, `salary`) VALUES (5975, '2022-01-05 20:41:25.732448', '2022-01-05 21:47:18.136885', '陆丰雅', '247432412239247926', 'm', '2000-03-14', 9629, 1981, 16000);
UPDATE `loan_car` SET `created_at` = '2022-01-05 23:58:16.741438', `updated_at` = '2022-01-05 23:59:06.871448', `customer_id` = 5975, `model_id` = 267, `vin_number` = '814339142843433875', `date_produced` = '2014-02-05', `value_estimated` = 50000 WHERE `loan_car`.`id` = 4801;
INSERT INTO `loan_car` (`id`, `created_at`, `updated_at`, `customer_id`, `model_id`, `vin_number`, `date_produced`, `value_estimated`) VALUES (4801, '2022-01-05 23:58:16.741438', '2022-01-05 23:59:06.871448', 5975, 267, '814339142843433875', '2014-02-05', 50000);
UPDATE `loan_car` SET `created_at` = '2022-01-05 23:35:13.350997', `updated_at` = '2022-01-05 23:48:33.301074', `customer_id` = 5975, `model_id` = 166, `vin_number` = '901278803483529556', `date_produced` = '2013-03-25', `value_estimated` = 130000 WHERE `loan_car`.`id` = 4802;
INSERT INTO `loan_car` (`id`, `created_at`, `updated_at`, `customer_id`, `model_id`, `vin_number`, `date_produced`, `value_estimated`) VALUES (4802, '2022-01-05 23:35:13.350997', '2022-01-05 23:48:33.301074', 5975, 166, '901278803483529556', '2013-03-25', 130000);
UPDATE `loan_account` SET `created_at` = '2022-01-05 22:50:14.401800', `updated_at` = '2022-01-05 23:51:19.523634', `customer_id` = 5975, `number` = '238677629556897350', `balance` = 52634 WHERE `loan_account`.`id` = 5454;
INSERT INTO `loan_account` (`id`, `created_at`, `updated_at`, `customer_id`, `number`, `balance`) VALUES (5454, '2022-01-05 22:50:14.401800', '2022-01-05 23:51:19.523634', 5975, '238677629556897350', 52634);
UPDATE `loan_address` SET `created_at` = '2022-01-05 00:15:41.851712', `updated_at` = '2022-01-05 00:15:41.851712', `province` = '云南省', `city` = '曲靖市', `county` = '会泽县', `town` = '大海乡', `detail` = '安波路真新六街坊99号' WHERE `loan_address`.`id` = 9630;
INSERT INTO `loan_address` (`id`, `created_at`, `updated_at`, `province`, `city`, `county`, `town`, `detail`) VALUES (9630, '2022-01-05 00:15:41.851712', '2022-01-05 00:15:41.851712', '云南省', '曲靖市', '会泽县', '大海乡', '安波路真新六街坊99号');
UPDATE `loan_customer` SET `created_at` = '2022-01-05 00:15:41.851712', `updated_at` = '2022-01-05 23:32:33.272576', `name` = '张晋鹏', `id_number` = '142222085734835422', `gender` = 'f', `birthday` = '1987-05-13', `address_id` = 9630, `job_id` = 1981, `salary` = 14000 WHERE `loan_customer`.`id` = 5976;
INSERT INTO `loan_customer` (`id`, `created_at`, `updated_at`, `name`, `id_number`, `gender`, `birthday`, `address_id`, `job_id`, `salary`) VALUES (5976, '2022-01-05 00:15:41.851712', '2022-01-05 23:32:33.272576', '张晋鹏', '142222085734835422', 'f', '1987-05-13', 9630, 1981, 14000);
UPDATE `loan_car` SET `created_at` = '2022-01-05 06:53:07.753715', `updated_at` = '2022-01-05 18:44:57.703097', `customer_id` = 5976, `model_id` = 111, `vin_number` = '789368794126429070', `date_produced` = '2021-11-26', `value_estimated` = 530000 WHERE `loan_car`.`id` = 4803;
INSERT INTO `loan_car` (`id`, `created_at`, `updated_at`, `customer_id`, `model_id`, `vin_number`, `date_produced`, `value_estimated`) VALUES (4803, '2022-01-05 06:53:07.753715', '2022-01-05 18:44:57.703097', 5976, 111, '789368794126429070', '2021-11-26', 530000);
UPDATE `loan_account` SET `created_at` = '2022-01-05 03:45:52.919754', `updated_at` = '2022-01-05 23:50:16.062213', `customer_id` = 5976, `number` = '670158103695821438', `balance` = 84186 WHERE `loan_account`.`id` = 5455;
INSERT INTO `loan_account` (`id`, `created_at`, `updated_at`, `customer_id`, `number`, `balance`) VALUES (5455, '2022-01-05 03:45:52.919754', '2022-01-05 23:50:16.062213', 5976, '670158103695821438', 84186);
UPDATE `loan_address` SET `created_at` = '2022-01-05 20:25:42.451370', `updated_at` = '2022-01-05 20:25:42.451370', `province` = '辽宁省', `city` = '大连市', `county` = '庄河市', `town` = '长岭镇', `detail` = '白渡路74号' WHERE `loan_address`.`id` = 9631;
INSERT INTO `loan_address` (`id`, `created_at`, `updated_at`, `province`, `city`, `county`, `town`, `detail`) VALUES (9631, '2022-01-05 20:25:42.451370', '2022-01-05 20:25:42.451370', '辽宁省', '大连市', '庄河市', '长岭镇', '白渡路74号');
UPDATE `loan_customer` SET `created_at` = '2022-01-05 20:25:42.451370', `updated_at` = '2022-01-05 20:25:42.451370', `name` = '文擎', `id_number` = '996263670001222939', `gender` = 'm', `birthday` = '2004-04-20', `address_id` = 9631, `job_id` = 1981, `salary` = 63000 WHERE `loan_customer`.`id` = 5977;
INSERT INTO `loan_customer` (`id`, `created_at`, `updated_at`, `name`, `id_number`, `gender`, `birthday`, `address_id`, `job_id`, `salary`) VALUES (5977, '2022-01-05 20:25:42.451370', '2022-01-05 20:25:42.451370', '文擎', '996263670001222939', 'm', '2004-04-20', 9631, 1981, 63000);
UPDATE `loan_address` SET `created_at` = '2022-01-05 21:11:15.018593', `updated_at` = '2022-01-05 21:11:15.018593', `province` = '甘肃省', `city` = '兰州市', `county` = '城关区', `town` = '焦家湾街道', `detail` = '百安路（方泰镇）116号' WHERE `loan_address`.`id` = 9632;
INSERT INTO `loan_address` (`id`, `created_at`, `updated_at`, `province`, `city`, `county`, `town`, `detail`) VALUES (9632, '2022-01-05 21:11:15.018593', '2022-01-05 21:11:15.018593', '甘肃省', '兰州市', '城关区', '焦家湾街道', '百安路（方泰镇）116号');
UPDATE `loan_estate` SET `created_at` = '2022-01-05 21:11:15.018593', `updated_at` = '2022-01-05 23:19:03.937184', `customer_id` = 5977, `address_id` = 9632 WHERE `loan_estate`.`id` = 3564;
INSERT INTO `loan_estate` (`id`, `created_at`, `updated_at`, `customer_id`, `address_id`) VALUES (3564, '2022-01-05 21:11:15.018593', '2022-01-05 23:19:03.937184', 5977, 9632);
UPDATE `loan_car` SET `created_at` = '2022-01-05 22:25:48.246936', `updated_at` = '2022-01-05 23:12:05.408486', `customer_id` = 5977, `model_id` = 143, `vin_number` = '016162149075986844', `date_produced` = '2017-06-29', `value_estimated` = 150000 WHERE `loan_car`.`id` = 4804;
INSERT INTO `loan_car` (`id`, `created_at`, `updated_at`, `customer_id`, `model_id`, `vin_number`, `date_produced`, `value_estimated`) VALUES (4804, '2022-01-05 22:25:48.246936', '2022-01-05 23:12:05.408486', 5977, 143, '016162149075986844', '2017-06-29', 150000);
UPDATE `loan_account` SET `created_at` = '2022-01-05 22:30:11.250301', `updated_at` = '2022-01-05 22:57:59.801415', `customer_id` = 5977, `number` = '802043217561228347', `balance` = 17849 WHERE `loan_account`.`id` = 5456;
INSERT INTO `loan_account` (`id`, `created_at`, `updated_at`, `customer_id`, `number`, `balance`) VALUES (5456, '2022-01-05 22:30:11.250301', '2022-01-05 22:57:59.801415', 5977, '802043217561228347', 17849);
UPDATE `loan_address` SET `created_at` = '2022-01-05 16:54:05.701263', `updated_at` = '2022-01-05 16:54:05.701263', `province` = '重庆市', `city` = '县', `county` = '垫江县', `town` = '白家镇', `detail` = '白渡路15号' WHERE `loan_address`.`id` = 9633;
INSERT INTO `loan_address` (`id`, `created_at`, `updated_at`, `province`, `city`, `county`, `town`, `detail`) VALUES (9633, '2022-01-05 16:54:05.701263', '2022-01-05 16:54:05.701263', '重庆市', '县', '垫江县', '白家镇', '白渡路15号');
UPDATE `loan_customer` SET `created_at` = '2022-01-05 16:54:05.701263', `updated_at` = '2022-01-05 17:25:26.799186', `name` = '王明煦', `id_number` = '516421495289236520', `gender` = 'f', `birthday` = '2008-09-26', `address_id` = 9633, `job_id` = 1981, `salary` = 84000 WHERE `loan_customer`.`id` = 5978;
INSERT INTO `loan_customer` (`id`, `created_at`, `updated_at`, `name`, `id_number`, `gender`, `birthday`, `address_id`, `job_id`, `salary`) VALUES (5978, '2022-01-05 16:54:05.701263', '2022-01-05 17:25:26.799186', '王明煦', '516421495289236520', 'f', '2008-09-26', 9633, 1981, 84000);
UPDATE `loan_car` SET `created_at` = '2022-01-05 21:15:02.680299', `updated_at` = '2022-01-05 21:15:02.680299', `customer_id` = 5978, `model_id` = 92, `vin_number` = '693654141266784783', `date_produced` = '2021-05-17', `value_estimated` = 190000 WHERE `loan_car`.`id` = 4805;
INSERT INTO `loan_car` (`id`, `created_at`, `updated_at`, `customer_id`, `model_id`, `vin_number`, `date_produced`, `value_estimated`) VALUES (4805, '2022-01-05 21:15:02.680299', '2022-01-05 21:15:02.680299', 5978, 92, '693654141266784783', '2021-05-17', 190000);
UPDATE `loan_account` SET `created_at` = '2022-01-05 17:27:06.102396', `updated_at` = '2022-01-05 17:27:06.102396', `customer_id` = 5978, `number` = '835778963709871601', `balance` = 120713 WHERE `loan_account`.`id` = 5457;
INSERT INTO `loan_account` (`id`, `created_at`, `updated_at`, `customer_id`, `number`, `balance`) VALUES (5457, '2022-01-05 17:27:06.102396', '2022-01-05 17:27:06.102396', 5978, '835778963709871601', 120713);
UPDATE `loan_address` SET `created_at` = '2022-01-05 23:46:14.434353', `updated_at` = '2022-01-05 23:46:14.434353', `province` = '河南省', `city` = '南阳市', `county` = '方城县', `town` = '小史店镇', `detail` = '百色路溢盈河畔别墅40号' WHERE `loan_address`.`id` = 9634;
INSERT INTO `loan_address` (`id`, `created_at`, `updated_at`, `province`, `city`, `county`, `town`, `detail`) VALUES (9634, '2022-01-05 23:46:14.434353', '2022-01-05 23:46:14.434353', '河南省', '南阳市', '方城县', '小史店镇', '百色路溢盈河畔别墅40号');
UPDATE `loan_customer` SET `created_at` = '2022-01-05 23:46:14.434353', `updated_at` = '2022-01-05 23:58:40.428380', `name` = '宋晏然', `id_number` = '253153945697021272', `gender` = 'f', `birthday` = '1990-04-26', `address_id` = 9634, `job_id` = 1982, `salary` = 40000 WHERE `loan_customer`.`id` = 5979;
INSERT INTO `loan_customer` (`id`, `created_at`, `updated_at`, `name`, `id_number`, `gender`, `birthday`, `address_id`, `job_id`, `salary`) VALUES (5979, '2022-01-05 23:46:14.434353', '2022-01-05 23:58:40.428380', '宋晏然', '253153945697021272', 'f', '1990-04-26', 9634, 1982, 40000);
UPDATE `loan_car` SET `created_at` = '2022-01-05 23:53:57.980956', `updated_at` = '2022-01-05 23:53:57.980956', `customer_id` = 5979, `model_id` = 99, `vin_number` = '661787257508185640', `date_produced` = '2014-12-21', `value_estimated` = 680000 WHERE `loan_car`.`id` = 4806;
INSERT INTO `loan_car` (`id`, `created_at`, `updated_at`, `customer_id`, `model_id`, `vin_number`, `date_produced`, `value_estimated`) VALUES (4806, '2022-01-05 23:53:57.980956', '2022-01-05 23:53:57.980956', 5979, 99, '661787257508185640', '2014-12-21', 680000);
UPDATE `loan_account` SET `created_at` = '2022-01-05 23:47:52.250482', `updated_at` = '2022-01-05 23:56:19.584720', `customer_id` = 5979, `number` = '060677197562743182', `balance` = 14556 WHERE `loan_account`.`id` = 5458;
INSERT INTO `loan_account` (`id`, `created_at`, `updated_at`, `customer_id`, `number`, `balance`) VALUES (5458, '2022-01-05 23:47:52.250482', '2022-01-05 23:56:19.584720', 5979, '060677197562743182', 14556);
UPDATE `loan_address` SET `created_at` = '2022-01-05 15:33:27.632335', `updated_at` = '2022-01-05 15:33:27.632335', `province` = '四川省', `city` = '广安市', `county` = '邻水县', `town` = '高滩镇', `detail` = '安福路177号' WHERE `loan_address`.`id` = 9635;
INSERT INTO `loan_address` (`id`, `created_at`, `updated_at`, `province`, `city`, `county`, `town`, `detail`) VALUES (9635, '2022-01-05 15:33:27.632335', '2022-01-05 15:33:27.632335', '四川省', '广安市', '邻水县', '高滩镇', '安福路177号');
UPDATE `loan_customer` SET `created_at` = '2022-01-05 15:33:27.632335', `updated_at` = '2022-01-05 22:27:58.212107', `name` = '夏寒', `id_number` = '829897523006741688', `gender` = 'f', `birthday` = '1988-12-31', `address_id` = 9635, `job_id` = 1982, `salary` = 50000 WHERE `loan_customer`.`id` = 5980;
INSERT INTO `loan_customer` (`id`, `created_at`, `updated_at`, `name`, `id_number`, `gender`, `birthday`, `address_id`, `job_id`, `salary`) VALUES (5980, '2022-01-05 15:33:27.632335', '2022-01-05 22:27:58.212107', '夏寒', '829897523006741688', 'f', '1988-12-31', 9635, 1982, 50000);
UPDATE `loan_chattel` SET `created_at` = '2022-01-05 15:53:47.388933', `updated_at` = '2022-01-05 15:53:47.388933', `customer_id` = 5980, `type` = 'draft', `description` = '一些信息', `value_amount` = 170000, `expired_at` = '2019-03-25' WHERE `loan_chattel`.`id` = 1759;
INSERT INTO `loan_chattel` (`id`, `created_at`, `updated_at`, `customer_id`, `type`, `description`, `value_amount`, `expired_at`) VALUES (1759, '2022-01-05 15:53:47.388933', '2022-01-05 15:53:47.388933', 5980, 'draft', '一些信息', 170000, '2019-03-25');
UPDATE `loan_address` SET `created_at` = '2022-01-05 19:00:23.423733', `updated_at` = '2022-01-05 19:00:23.423733', `province` = '宁夏回族自治区', `city` = '中卫市', `county` = '沙坡头区', `town` = '柔远镇', `detail` = '白玉路博泰新苑2号' WHERE `loan_address`.`id` = 9636;
INSERT INTO `loan_address` (`id`, `created_at`, `updated_at`, `province`, `city`, `county`, `town`, `detail`) VALUES (9636, '2022-01-05 19:00:23.423733', '2022-01-05 19:00:23.423733', '宁夏回族自治区', '中卫市', '沙坡头区', '柔远镇', '白玉路博泰新苑2号');
UPDATE `loan_estate` SET `created_at` = '2022-01-05 19:00:23.423733', `updated_at` = '2022-01-05 19:00:23.423733', `customer_id` = 5980, `address_id` = 9636 WHERE `loan_estate`.`id` = 3565;
INSERT INTO `loan_estate` (`id`, `created_at`, `updated_at`, `customer_id`, `address_id`) VALUES (3565, '2022-01-05 19:00:23.423733', '2022-01-05 19:00:23.423733', 5980, 9636);
UPDATE `loan_car` SET `created_at` = '2022-01-05 17:22:09.207607', `updated_at` = '2022-01-05 22:38:10.367714', `customer_id` = 5980, `model_id` = 243, `vin_number` = '933325381085166046', `date_produced` = '2017-08-10', `value_estimated` = 280000 WHERE `loan_car`.`id` = 4807;
INSERT INTO `loan_car` (`id`, `created_at`, `updated_at`, `customer_id`, `model_id`, `vin_number`, `date_produced`, `value_estimated`) VALUES (4807, '2022-01-05 17:22:09.207607', '2022-01-05 22:38:10.367714', 5980, 243, '933325381085166046', '2017-08-10', 280000);
UPDATE `loan_car` SET `created_at` = '2022-01-05 16:18:37.604422', `updated_at` = '2022-01-05 17:47:56.736755', `customer_id` = 5980, `model_id` = 294, `vin_number` = '732202005754806241', `date_produced` = '2014-06-16', `value_estimated` = 370000 WHERE `loan_car`.`id` = 4808;
INSERT INTO `loan_car` (`id`, `created_at`, `updated_at`, `customer_id`, `model_id`, `vin_number`, `date_produced`, `value_estimated`) VALUES (4808, '2022-01-05 16:18:37.604422', '2022-01-05 17:47:56.736755', 5980, 294, '732202005754806241', '2014-06-16', 370000);
UPDATE `loan_account` SET `created_at` = '2022-01-05 18:41:53.572868', `updated_at` = '2022-01-05 20:23:22.598119', `customer_id` = 5980, `number` = '763238933558273946', `balance` = 86569 WHERE `loan_account`.`id` = 5459;
INSERT INTO `loan_account` (`id`, `created_at`, `updated_at`, `customer_id`, `number`, `balance`) VALUES (5459, '2022-01-05 18:41:53.572868', '2022-01-05 20:23:22.598119', 5980, '763238933558273946', 86569);
UPDATE `loan_address` SET `created_at` = '2022-01-05 03:28:57.500294', `updated_at` = '2022-01-05 03:28:57.500294', `province` = '湖南省', `city` = '永州市', `county` = '冷水滩区', `town` = '高溪市镇', `detail` = '白城路58号' WHERE `loan_address`.`id` = 9637;
INSERT INTO `loan_address` (`id`, `created_at`, `updated_at`, `province`, `city`, `county`, `town`, `detail`) VALUES (9637, '2022-01-05 03:28:57.500294', '2022-01-05 03:28:57.500294', '湖南省', '永州市', '冷水滩区', '高溪市镇', '白城路58号');
UPDATE `loan_customer` SET `created_at` = '2022-01-05 03:28:57.500294', `updated_at` = '2022-01-05 03:28:57.500294', `name` = '胡沂秀', `id_number` = '874796081570840985', `gender` = 'm', `birthday` = '1996-05-30', `address_id` = 9637, `job_id` = 1983, `salary` = 16000 WHERE `loan_customer`.`id` = 5981;
INSERT INTO `loan_customer` (`id`, `created_at`, `updated_at`, `name`, `id_number`, `gender`, `birthday`, `address_id`, `job_id`, `salary`) VALUES (5981, '2022-01-05 03:28:57.500294', '2022-01-05 03:28:57.500294', '胡沂秀', '874796081570840985', 'm', '1996-05-30', 9637, 1983, 16000);
UPDATE `loan_account` SET `created_at` = '2022-01-05 07:33:40.880425', `updated_at` = '2022-01-05 19:14:07.645869', `customer_id` = 5981, `number` = '938878113128225628', `balance` = 79424 WHERE `loan_account`.`id` = 5460;
INSERT INTO `loan_account` (`id`, `created_at`, `updated_at`, `customer_id`, `number`, `balance`) VALUES (5460, '2022-01-05 07:33:40.880425', '2022-01-05 19:14:07.645869', 5981, '938878113128225628', 79424);
UPDATE `loan_address` SET `created_at` = '2022-01-05 21:52:13.232183', `updated_at` = '2022-01-05 21:52:13.232183', `province` = '广西壮族自治区', `city` = '百色市', `county` = '田阳县', `town` = '百育镇', `detail` = '安仁路2号' WHERE `loan_address`.`id` = 9638;
INSERT INTO `loan_address` (`id`, `created_at`, `updated_at`, `province`, `city`, `county`, `town`, `detail`) VALUES (9638, '2022-01-05 21:52:13.232183', '2022-01-05 21:52:13.232183', '广西壮族自治区', '百色市', '田阳县', '百育镇', '安仁路2号');
UPDATE `loan_customer` SET `created_at` = '2022-01-05 21:52:13.232183', `updated_at` = '2022-01-05 21:52:13.232183', `name` = '顾瑗', `id_number` = '530673554965305299', `gender` = 'f', `birthday` = '1993-04-12', `address_id` = 9638, `job_id` = 1984, `salary` = 6000 WHERE `loan_customer`.`id` = 5982;
INSERT INTO `loan_customer` (`id`, `created_at`, `updated_at`, `name`, `id_number`, `gender`, `birthday`, `address_id`, `job_id`, `salary`) VALUES (5982, '2022-01-05 21:52:13.232183', '2022-01-05 21:52:13.232183', '顾瑗', '530673554965305299', 'f', '1993-04-12', 9638, 1984, 6000);
UPDATE `loan_address` SET `created_at` = '2022-01-05 23:22:37.335289', `updated_at` = '2022-01-05 23:22:37.335289', `province` = '广西壮族自治区', `city` = '钦州市', `county` = '浦北县', `town` = '北通镇', `detail` = '北艾路33号' WHERE `loan_address`.`id` = 9639;
INSERT INTO `loan_address` (`id`, `created_at`, `updated_at`, `province`, `city`, `county`, `town`, `detail`) VALUES (9639, '2022-01-05 23:22:37.335289', '2022-01-05 23:22:37.335289', '广西壮族自治区', '钦州市', '浦北县', '北通镇', '北艾路33号');
UPDATE `loan_estate` SET `created_at` = '2022-01-05 23:22:37.335289', `updated_at` = '2022-01-05 23:22:37.335289', `customer_id` = 5982, `address_id` = 9639 WHERE `loan_estate`.`id` = 3566;
INSERT INTO `loan_estate` (`id`, `created_at`, `updated_at`, `customer_id`, `address_id`) VALUES (3566, '2022-01-05 23:22:37.335289', '2022-01-05 23:22:37.335289', 5982, 9639);
UPDATE `loan_car` SET `created_at` = '2022-01-05 23:21:52.307709', `updated_at` = '2022-01-05 23:37:01.388191', `customer_id` = 5982, `model_id` = 140, `vin_number` = '655811514018721439', `date_produced` = '2018-01-01', `value_estimated` = 230000 WHERE `loan_car`.`id` = 4809;
INSERT INTO `loan_car` (`id`, `created_at`, `updated_at`, `customer_id`, `model_id`, `vin_number`, `date_produced`, `value_estimated`) VALUES (4809, '2022-01-05 23:21:52.307709', '2022-01-05 23:37:01.388191', 5982, 140, '655811514018721439', '2018-01-01', 230000);
UPDATE `loan_address` SET `created_at` = '2022-01-05 14:29:50.688895', `updated_at` = '2022-01-05 14:29:50.688895', `province` = '黑龙江省', `city` = '牡丹江市', `county` = '阳明区', `town` = '前进街道办事处', `detail` = '白水路真新六街坊74号' WHERE `loan_address`.`id` = 9640;
INSERT INTO `loan_address` (`id`, `created_at`, `updated_at`, `province`, `city`, `county`, `town`, `detail`) VALUES (9640, '2022-01-05 14:29:50.688895', '2022-01-05 14:29:50.688895', '黑龙江省', '牡丹江市', '阳明区', '前进街道办事处', '白水路真新六街坊74号');
UPDATE `loan_customer` SET `created_at` = '2022-01-05 14:29:50.688895', `updated_at` = '2022-01-05 16:08:14.831457', `name` = '顾志国', `id_number` = '345838466184269370', `gender` = 'f', `birthday` = '1985-04-10', `address_id` = 9640, `job_id` = 1985, `salary` = 11000 WHERE `loan_customer`.`id` = 5983;
INSERT INTO `loan_customer` (`id`, `created_at`, `updated_at`, `name`, `id_number`, `gender`, `birthday`, `address_id`, `job_id`, `salary`) VALUES (5983, '2022-01-05 14:29:50.688895', '2022-01-05 16:08:14.831457', '顾志国', '345838466184269370', 'f', '1985-04-10', 9640, 1985, 11000);
UPDATE `loan_car` SET `created_at` = '2022-01-05 15:27:30.800258', `updated_at` = '2022-01-05 15:27:30.800258', `customer_id` = 5983, `model_id` = 57, `vin_number` = '785720317820726230', `date_produced` = '2015-11-16', `value_estimated` = 290000 WHERE `loan_car`.`id` = 4810;
INSERT INTO `loan_car` (`id`, `created_at`, `updated_at`, `customer_id`, `model_id`, `vin_number`, `date_produced`, `value_estimated`) VALUES (4810, '2022-01-05 15:27:30.800258', '2022-01-05 15:27:30.800258', 5983, 57, '785720317820726230', '2015-11-16', 290000);
UPDATE `loan_car` SET `created_at` = '2022-01-05 15:49:49.999372', `updated_at` = '2022-01-05 15:49:49.999372', `customer_id` = 5983, `model_id` = 89, `vin_number` = '452047845326737883', `date_produced` = '2017-02-27', `value_estimated` = 510000 WHERE `loan_car`.`id` = 4811;
INSERT INTO `loan_car` (`id`, `created_at`, `updated_at`, `customer_id`, `model_id`, `vin_number`, `date_produced`, `value_estimated`) VALUES (4811, '2022-01-05 15:49:49.999372', '2022-01-05 15:49:49.999372', 5983, 89, '452047845326737883', '2017-02-27', 510000);
UPDATE `loan_account` SET `created_at` = '2022-01-05 15:08:51.552748', `updated_at` = '2022-01-05 15:08:51.552748', `customer_id` = 5983, `number` = '371550237898475198', `balance` = 59395 WHERE `loan_account`.`id` = 5461;
INSERT INTO `loan_account` (`id`, `created_at`, `updated_at`, `customer_id`, `number`, `balance`) VALUES (5461, '2022-01-05 15:08:51.552748', '2022-01-05 15:08:51.552748', 5983, '371550237898475198', 59395);
UPDATE `loan_address` SET `created_at` = '2022-01-05 14:38:11.989870', `updated_at` = '2022-01-05 14:38:11.989870', `province` = '宁夏回族自治区', `city` = '中卫市', `county` = '沙坡头区', `town` = '柔远镇', `detail` = '宝通路126号' WHERE `loan_address`.`id` = 9641;
INSERT INTO `loan_address` (`id`, `created_at`, `updated_at`, `province`, `city`, `county`, `town`, `detail`) VALUES (9641, '2022-01-05 14:38:11.989870', '2022-01-05 14:38:11.989870', '宁夏回族自治区', '中卫市', '沙坡头区', '柔远镇', '宝通路126号');
UPDATE `loan_customer` SET `created_at` = '2022-01-05 14:38:11.989870', `updated_at` = '2022-01-05 14:38:11.989870', `name` = '夏卓', `id_number` = '605771995289187046', `gender` = 'm', `birthday` = '1989-02-10', `address_id` = 9641, `job_id` = 1986, `salary` = 7000 WHERE `loan_customer`.`id` = 5984;
INSERT INTO `loan_customer` (`id`, `created_at`, `updated_at`, `name`, `id_number`, `gender`, `birthday`, `address_id`, `job_id`, `salary`) VALUES (5984, '2022-01-05 14:38:11.989870', '2022-01-05 14:38:11.989870', '夏卓', '605771995289187046', 'm', '1989-02-10', 9641, 1986, 7000);
UPDATE `loan_address` SET `created_at` = '2022-01-05 16:35:05.293554', `updated_at` = '2022-01-05 16:35:05.293554', `province` = '青海省', `city` = '海东市', `county` = '互助土族自治县', `town` = '威远镇', `detail` = '白渡桥复华城市花园17号' WHERE `loan_address`.`id` = 9642;
INSERT INTO `loan_address` (`id`, `created_at`, `updated_at`, `province`, `city`, `county`, `town`, `detail`) VALUES (9642, '2022-01-05 16:35:05.293554', '2022-01-05 16:35:05.293554', '青海省', '海东市', '互助土族自治县', '威远镇', '白渡桥复华城市花园17号');
UPDATE `loan_estate` SET `created_at` = '2022-01-05 16:35:05.293554', `updated_at` = '2022-01-05 16:35:05.293554', `customer_id` = 5984, `address_id` = 9642 WHERE `loan_estate`.`id` = 3567;
INSERT INTO `loan_estate` (`id`, `created_at`, `updated_at`, `customer_id`, `address_id`) VALUES (3567, '2022-01-05 16:35:05.293554', '2022-01-05 16:35:05.293554', 5984, 9642);
UPDATE `loan_car` SET `created_at` = '2022-01-05 22:06:23.847906', `updated_at` = '2022-01-05 22:06:23.847906', `customer_id` = 5984, `model_id` = 256, `vin_number` = '333163932958034798', `date_produced` = '2015-03-29', `value_estimated` = 30000 WHERE `loan_car`.`id` = 4812;
INSERT INTO `loan_car` (`id`, `created_at`, `updated_at`, `customer_id`, `model_id`, `vin_number`, `date_produced`, `value_estimated`) VALUES (4812, '2022-01-05 22:06:23.847906', '2022-01-05 22:06:23.847906', 5984, 256, '333163932958034798', '2015-03-29', 30000);
UPDATE `loan_car` SET `created_at` = '2022-01-05 21:44:38.971624', `updated_at` = '2022-01-05 21:44:38.971624', `customer_id` = 5984, `model_id` = 235, `vin_number` = '822578637239162880', `date_produced` = '2016-06-04', `value_estimated` = 160000 WHERE `loan_car`.`id` = 4813;
INSERT INTO `loan_car` (`id`, `created_at`, `updated_at`, `customer_id`, `model_id`, `vin_number`, `date_produced`, `value_estimated`) VALUES (4813, '2022-01-05 21:44:38.971624', '2022-01-05 21:44:38.971624', 5984, 235, '822578637239162880', '2016-06-04', 160000);
UPDATE `loan_account` SET `created_at` = '2022-01-05 18:38:29.310920', `updated_at` = '2022-01-05 18:53:18.621060', `customer_id` = 5984, `number` = '796236270776238040', `balance` = 78421 WHERE `loan_account`.`id` = 5462;
INSERT INTO `loan_account` (`id`, `created_at`, `updated_at`, `customer_id`, `number`, `balance`) VALUES (5462, '2022-01-05 18:38:29.310920', '2022-01-05 18:53:18.621060', 5984, '796236270776238040', 78421);
UPDATE `loan_address` SET `created_at` = '2022-01-05 18:04:52.482820', `updated_at` = '2022-01-05 18:04:52.482820', `province` = '重庆市', `city` = '市辖区', `county` = '武隆区', `town` = '后坪苗族土家族乡', `detail` = '安龙路东新大厦157号' WHERE `loan_address`.`id` = 9643;
INSERT INTO `loan_address` (`id`, `created_at`, `updated_at`, `province`, `city`, `county`, `town`, `detail`) VALUES (9643, '2022-01-05 18:04:52.482820', '2022-01-05 18:04:52.482820', '重庆市', '市辖区', '武隆区', '后坪苗族土家族乡', '安龙路东新大厦157号');
UPDATE `loan_customer` SET `created_at` = '2022-01-05 18:04:52.482820', `updated_at` = '2022-01-05 19:26:17.235244', `name` = '白七锦', `id_number` = '447786875754602547', `gender` = 'm', `birthday` = '1989-12-10', `address_id` = 9643, `job_id` = 1986, `salary` = 60000 WHERE `loan_customer`.`id` = 5985;
INSERT INTO `loan_customer` (`id`, `created_at`, `updated_at`, `name`, `id_number`, `gender`, `birthday`, `address_id`, `job_id`, `salary`) VALUES (5985, '2022-01-05 18:04:52.482820', '2022-01-05 19:26:17.235244', '白七锦', '447786875754602547', 'm', '1989-12-10', 9643, 1986, 60000);
UPDATE `loan_account` SET `created_at` = '2022-01-05 22:53:49.218064', `updated_at` = '2022-01-05 23:17:01.087533', `customer_id` = 5985, `number` = '039609881209398881', `balance` = 130535 WHERE `loan_account`.`id` = 5463;
INSERT INTO `loan_account` (`id`, `created_at`, `updated_at`, `customer_id`, `number`, `balance`) VALUES (5463, '2022-01-05 22:53:49.218064', '2022-01-05 23:17:01.087533', 5985, '039609881209398881', 130535);
UPDATE `loan_address` SET `created_at` = '2022-01-05 20:53:48.620864', `updated_at` = '2022-01-05 20:53:48.620864', `province` = '湖北省', `city` = '随州市', `county` = '随县', `town` = '安居镇', `detail` = '巴林路197号' WHERE `loan_address`.`id` = 9644;
INSERT INTO `loan_address` (`id`, `created_at`, `updated_at`, `province`, `city`, `county`, `town`, `detail`) VALUES (9644, '2022-01-05 20:53:48.620864', '2022-01-05 20:53:48.620864', '湖北省', '随州市', '随县', '安居镇', '巴林路197号');
UPDATE `loan_customer` SET `created_at` = '2022-01-05 20:53:48.620864', `updated_at` = '2022-01-05 22:32:27.958319', `name` = '陆飞星', `id_number` = '313177127564045045', `gender` = 'm', `birthday` = '1999-07-22', `address_id` = 9644, `job_id` = 1986, `salary` = 29000 WHERE `loan_customer`.`id` = 5986;
INSERT INTO `loan_customer` (`id`, `created_at`, `updated_at`, `name`, `id_number`, `gender`, `birthday`, `address_id`, `job_id`, `salary`) VALUES (5986, '2022-01-05 20:53:48.620864', '2022-01-05 22:32:27.958319', '陆飞星', '313177127564045045', 'm', '1999-07-22', 9644, 1986, 29000);
UPDATE `loan_car` SET `created_at` = '2022-01-05 21:07:01.512885', `updated_at` = '2022-01-05 21:07:01.512885', `customer_id` = 5986, `model_id` = 97, `vin_number` = '706640270469166847', `date_produced` = '2010-04-16', `value_estimated` = 190000 WHERE `loan_car`.`id` = 4814;
INSERT INTO `loan_car` (`id`, `created_at`, `updated_at`, `customer_id`, `model_id`, `vin_number`, `date_produced`, `value_estimated`) VALUES (4814, '2022-01-05 21:07:01.512885', '2022-01-05 21:07:01.512885', 5986, 97, '706640270469166847', '2010-04-16', 190000);
UPDATE `loan_car` SET `created_at` = '2022-01-05 23:41:11.691144', `updated_at` = '2022-01-05 23:41:32.754388', `customer_id` = 5986, `model_id` = 141, `vin_number` = '770787664950489244', `date_produced` = '2018-12-30', `value_estimated` = 200000 WHERE `loan_car`.`id` = 4815;
INSERT INTO `loan_car` (`id`, `created_at`, `updated_at`, `customer_id`, `model_id`, `vin_number`, `date_produced`, `value_estimated`) VALUES (4815, '2022-01-05 23:41:11.691144', '2022-01-05 23:41:32.754388', 5986, 141, '770787664950489244', '2018-12-30', 200000);
UPDATE `loan_address` SET `created_at` = '2022-01-05 20:51:37.495825', `updated_at` = '2022-01-05 20:51:37.495825', `province` = '吉林省', `city` = '长春市', `county` = '双阳区', `town` = '太平镇', `detail` = '宝安公路50号' WHERE `loan_address`.`id` = 9645;
INSERT INTO `loan_address` (`id`, `created_at`, `updated_at`, `province`, `city`, `county`, `town`, `detail`) VALUES (9645, '2022-01-05 20:51:37.495825', '2022-01-05 20:51:37.495825', '吉林省', '长春市', '双阳区', '太平镇', '宝安公路50号');
UPDATE `loan_customer` SET `created_at` = '2022-01-05 20:51:37.495825', `updated_at` = '2022-01-05 20:51:37.495825', `name` = '武姳', `id_number` = '175401867602119382', `gender` = 'm', `birthday` = '2001-03-04', `address_id` = 9645, `job_id` = 1986, `salary` = 12000 WHERE `loan_customer`.`id` = 5987;
INSERT INTO `loan_customer` (`id`, `created_at`, `updated_at`, `name`, `id_number`, `gender`, `birthday`, `address_id`, `job_id`, `salary`) VALUES (5987, '2022-01-05 20:51:37.495825', '2022-01-05 20:51:37.495825', '武姳', '175401867602119382', 'm', '2001-03-04', 9645, 1986, 12000);
UPDATE `loan_address` SET `created_at` = '2022-01-05 23:25:31.318097', `updated_at` = '2022-01-05 23:25:31.318097', `province` = '贵州省', `city` = '铜仁市', `county` = '印江土家族苗族自治县', `town` = '峨岭街道办事处', `detail` = '安化路52号' WHERE `loan_address`.`id` = 9646;
INSERT INTO `loan_address` (`id`, `created_at`, `updated_at`, `province`, `city`, `county`, `town`, `detail`) VALUES (9646, '2022-01-05 23:25:31.318097', '2022-01-05 23:25:31.318097', '贵州省', '铜仁市', '印江土家族苗族自治县', '峨岭街道办事处', '安化路52号');
UPDATE `loan_estate` SET `created_at` = '2022-01-05 23:25:31.318097', `updated_at` = '2022-01-05 23:25:31.318097', `customer_id` = 5987, `address_id` = 9646 WHERE `loan_estate`.`id` = 3568;
INSERT INTO `loan_estate` (`id`, `created_at`, `updated_at`, `customer_id`, `address_id`) VALUES (3568, '2022-01-05 23:25:31.318097', '2022-01-05 23:25:31.318097', 5987, 9646);
UPDATE `loan_address` SET `created_at` = '2022-01-05 22:28:58.152163', `updated_at` = '2022-01-05 22:28:58.152163', `province` = '广西壮族自治区', `city` = '崇左市', `county` = '江州区', `town` = '左江华侨农场', `detail` = '宝通路12号' WHERE `loan_address`.`id` = 9647;
INSERT INTO `loan_address` (`id`, `created_at`, `updated_at`, `province`, `city`, `county`, `town`, `detail`) VALUES (9647, '2022-01-05 22:28:58.152163', '2022-01-05 22:28:58.152163', '广西壮族自治区', '崇左市', '江州区', '左江华侨农场', '宝通路12号');
UPDATE `loan_estate` SET `created_at` = '2022-01-05 22:28:58.152163', `updated_at` = '2022-01-05 22:28:58.152163', `customer_id` = 5987, `address_id` = 9647 WHERE `loan_estate`.`id` = 3569;
INSERT INTO `loan_estate` (`id`, `created_at`, `updated_at`, `customer_id`, `address_id`) VALUES (3569, '2022-01-05 22:28:58.152163', '2022-01-05 22:28:58.152163', 5987, 9647);
UPDATE `loan_car` SET `created_at` = '2022-01-05 21:35:04.540241', `updated_at` = '2022-01-05 21:35:04.540241', `customer_id` = 5987, `model_id` = 183, `vin_number` = '755302443718788101', `date_produced` = '2019-07-01', `value_estimated` = 210000 WHERE `loan_car`.`id` = 4816;
INSERT INTO `loan_car` (`id`, `created_at`, `updated_at`, `customer_id`, `model_id`, `vin_number`, `date_produced`, `value_estimated`) VALUES (4816, '2022-01-05 21:35:04.540241', '2022-01-05 21:35:04.540241', 5987, 183, '755302443718788101', '2019-07-01', 210000);
UPDATE `loan_address` SET `created_at` = '2022-01-05 07:46:46.266588', `updated_at` = '2022-01-05 07:46:46.266588', `province` = '广东省', `city` = '清远市', `county` = '连州市', `town` = '连州镇', `detail` = '安波路199号' WHERE `loan_address`.`id` = 9648;
INSERT INTO `loan_address` (`id`, `created_at`, `updated_at`, `province`, `city`, `county`, `town`, `detail`) VALUES (9648, '2022-01-05 07:46:46.266588', '2022-01-05 07:46:46.266588', '广东省', '清远市', '连州市', '连州镇', '安波路199号');
UPDATE `loan_customer` SET `created_at` = '2022-01-05 07:46:46.266588', `updated_at` = '2022-01-05 12:32:51.652704', `name` = '钟聪', `id_number` = '172124972423702525', `gender` = 'm', `birthday` = '1991-07-06', `address_id` = 9648, `job_id` = 1987, `salary` = 6000 WHERE `loan_customer`.`id` = 5988;
INSERT INTO `loan_customer` (`id`, `created_at`, `updated_at`, `name`, `id_number`, `gender`, `birthday`, `address_id`, `job_id`, `salary`) VALUES (5988, '2022-01-05 07:46:46.266588', '2022-01-05 12:32:51.652704', '钟聪', '172124972423702525', 'm', '1991-07-06', 9648, 1987, 6000);
UPDATE `loan_account` SET `created_at` = '2022-01-05 23:15:44.276981', `updated_at` = '2022-01-05 23:15:44.276981', `customer_id` = 5988, `number` = '946285070686650095', `balance` = 158485 WHERE `loan_account`.`id` = 5464;
INSERT INTO `loan_account` (`id`, `created_at`, `updated_at`, `customer_id`, `number`, `balance`) VALUES (5464, '2022-01-05 23:15:44.276981', '2022-01-05 23:15:44.276981', 5988, '946285070686650095', 158485);
UPDATE `loan_address` SET `created_at` = '2022-01-05 22:51:59.487261', `updated_at` = '2022-01-05 22:51:59.487261', `province` = '云南省', `city` = '曲靖市', `county` = '会泽县', `town` = '大海乡', `detail` = '安图路复华城市花园122号' WHERE `loan_address`.`id` = 9649;
INSERT INTO `loan_address` (`id`, `created_at`, `updated_at`, `province`, `city`, `county`, `town`, `detail`) VALUES (9649, '2022-01-05 22:51:59.487261', '2022-01-05 22:51:59.487261', '云南省', '曲靖市', '会泽县', '大海乡', '安图路复华城市花园122号');
UPDATE `loan_customer` SET `created_at` = '2022-01-05 22:51:59.487261', `updated_at` = '2022-01-05 23:48:50.792708', `name` = '白婉丽', `id_number` = '069158222138713855', `gender` = 'f', `birthday` = '2004-03-13', `address_id` = 9649, `job_id` = 1987, `salary` = 51000 WHERE `loan_customer`.`id` = 5989;
INSERT INTO `loan_customer` (`id`, `created_at`, `updated_at`, `name`, `id_number`, `gender`, `birthday`, `address_id`, `job_id`, `salary`) VALUES (5989, '2022-01-05 22:51:59.487261', '2022-01-05 23:48:50.792708', '白婉丽', '069158222138713855', 'f', '2004-03-13', 9649, 1987, 51000);
UPDATE `loan_address` SET `created_at` = '2022-01-05 23:49:45.083781', `updated_at` = '2022-01-05 23:49:45.083781', `province` = '辽宁省', `city` = '铁岭市', `county` = '昌图县', `town` = '通江口镇', `detail` = '安远路溢盈河畔别墅33号' WHERE `loan_address`.`id` = 9650;
INSERT INTO `loan_address` (`id`, `created_at`, `updated_at`, `province`, `city`, `county`, `town`, `detail`) VALUES (9650, '2022-01-05 23:49:45.083781', '2022-01-05 23:49:45.083781', '辽宁省', '铁岭市', '昌图县', '通江口镇', '安远路溢盈河畔别墅33号');
UPDATE `loan_estate` SET `created_at` = '2022-01-05 23:49:45.083781', `updated_at` = '2022-01-05 23:49:45.083781', `customer_id` = 5989, `address_id` = 9650 WHERE `loan_estate`.`id` = 3570;
INSERT INTO `loan_estate` (`id`, `created_at`, `updated_at`, `customer_id`, `address_id`) VALUES (3570, '2022-01-05 23:49:45.083781', '2022-01-05 23:49:45.083781', 5989, 9650);
UPDATE `loan_car` SET `created_at` = '2022-01-05 23:36:02.308189', `updated_at` = '2022-01-05 23:48:15.591834', `customer_id` = 5989, `model_id` = 97, `vin_number` = '813295086884365959', `date_produced` = '2020-06-06', `value_estimated` = 60000 WHERE `loan_car`.`id` = 4817;
INSERT INTO `loan_car` (`id`, `created_at`, `updated_at`, `customer_id`, `model_id`, `vin_number`, `date_produced`, `value_estimated`) VALUES (4817, '2022-01-05 23:36:02.308189', '2022-01-05 23:48:15.591834', 5989, 97, '813295086884365959', '2020-06-06', 60000);
UPDATE `loan_account` SET `created_at` = '2022-01-05 23:19:41.504409', `updated_at` = '2022-01-05 23:19:41.504409', `customer_id` = 5989, `number` = '975694389363127364', `balance` = 52198 WHERE `loan_account`.`id` = 5465;
INSERT INTO `loan_account` (`id`, `created_at`, `updated_at`, `customer_id`, `number`, `balance`) VALUES (5465, '2022-01-05 23:19:41.504409', '2022-01-05 23:19:41.504409', 5989, '975694389363127364', 52198);
UPDATE `loan_address` SET `created_at` = '2022-01-05 05:58:29.198705', `updated_at` = '2022-01-05 05:58:29.198705', `province` = '内蒙古自治区', `city` = '赤峰市', `county` = '巴林右旗', `town` = '巴彦琥硕镇', `detail` = '安澜路爱里舍花园70号' WHERE `loan_address`.`id` = 9651;
INSERT INTO `loan_address` (`id`, `created_at`, `updated_at`, `province`, `city`, `county`, `town`, `detail`) VALUES (9651, '2022-01-05 05:58:29.198705', '2022-01-05 05:58:29.198705', '内蒙古自治区', '赤峰市', '巴林右旗', '巴彦琥硕镇', '安澜路爱里舍花园70号');
UPDATE `loan_customer` SET `created_at` = '2022-01-05 05:58:29.198705', `updated_at` = '2022-01-05 05:58:29.198705', `name` = '万幼枫', `id_number` = '659242208254941049', `gender` = 'f', `birthday` = '1999-07-21', `address_id` = 9651, `job_id` = 1988, `salary` = 20000 WHERE `loan_customer`.`id` = 5990;
INSERT INTO `loan_customer` (`id`, `created_at`, `updated_at`, `name`, `id_number`, `gender`, `birthday`, `address_id`, `job_id`, `salary`) VALUES (5990, '2022-01-05 05:58:29.198705', '2022-01-05 05:58:29.198705', '万幼枫', '659242208254941049', 'f', '1999-07-21', 9651, 1988, 20000);
UPDATE `loan_account` SET `created_at` = '2022-01-05 07:16:03.049772', `updated_at` = '2022-01-05 07:16:03.049772', `customer_id` = 5990, `number` = '254200012859304317', `balance` = 58533 WHERE `loan_account`.`id` = 5466;
INSERT INTO `loan_account` (`id`, `created_at`, `updated_at`, `customer_id`, `number`, `balance`) VALUES (5466, '2022-01-05 07:16:03.049772', '2022-01-05 07:16:03.049772', 5990, '254200012859304317', 58533);
UPDATE `loan_address` SET `created_at` = '2022-01-05 08:28:58.175502', `updated_at` = '2022-01-05 08:28:58.175502', `province` = '新疆维吾尔自治区', `city` = '塔城地区', `county` = '乌苏市', `town` = '兵团一二八团', `detail` = '白兰路11号' WHERE `loan_address`.`id` = 9652;
INSERT INTO `loan_address` (`id`, `created_at`, `updated_at`, `province`, `city`, `county`, `town`, `detail`) VALUES (9652, '2022-01-05 08:28:58.175502', '2022-01-05 08:28:58.175502', '新疆维吾尔自治区', '塔城地区', '乌苏市', '兵团一二八团', '白兰路11号');
UPDATE `loan_customer` SET `created_at` = '2022-01-05 08:28:58.175502', `updated_at` = '2022-01-05 19:50:57.890843', `name` = '方宾', `id_number` = '682771517132092379', `gender` = 'f', `birthday` = '1993-05-22', `address_id` = 9652, `job_id` = 1988, `salary` = 38000 WHERE `loan_customer`.`id` = 5991;
INSERT INTO `loan_customer` (`id`, `created_at`, `updated_at`, `name`, `id_number`, `gender`, `birthday`, `address_id`, `job_id`, `salary`) VALUES (5991, '2022-01-05 08:28:58.175502', '2022-01-05 19:50:57.890843', '方宾', '682771517132092379', 'f', '1993-05-22', 9652, 1988, 38000);
UPDATE `loan_address` SET `created_at` = '2022-01-05 12:28:58.793937', `updated_at` = '2022-01-05 12:28:58.793937', `province` = '辽宁省', `city` = '铁岭市', `county` = '昌图县', `town` = '通江口镇', `detail` = '白水路和亭佳苑51号' WHERE `loan_address`.`id` = 9653;
INSERT INTO `loan_address` (`id`, `created_at`, `updated_at`, `province`, `city`, `county`, `town`, `detail`) VALUES (9653, '2022-01-05 12:28:58.793937', '2022-01-05 12:28:58.793937', '辽宁省', '铁岭市', '昌图县', '通江口镇', '白水路和亭佳苑51号');
UPDATE `loan_estate` SET `created_at` = '2022-01-05 12:28:58.793937', `updated_at` = '2022-01-05 12:28:58.793937', `customer_id` = 5991, `address_id` = 9653 WHERE `loan_estate`.`id` = 3571;
INSERT INTO `loan_estate` (`id`, `created_at`, `updated_at`, `customer_id`, `address_id`) VALUES (3571, '2022-01-05 12:28:58.793937', '2022-01-05 12:28:58.793937', 5991, 9653);
UPDATE `loan_account` SET `created_at` = '2022-01-05 20:37:41.092132', `updated_at` = '2022-01-05 23:07:14.519625', `customer_id` = 5991, `number` = '971901715689057176', `balance` = 59142 WHERE `loan_account`.`id` = 5467;
INSERT INTO `loan_account` (`id`, `created_at`, `updated_at`, `customer_id`, `number`, `balance`) VALUES (5467, '2022-01-05 20:37:41.092132', '2022-01-05 23:07:14.519625', 5991, '971901715689057176', 59142);
UPDATE `loan_address` SET `created_at` = '2022-01-05 09:58:07.981230', `updated_at` = '2022-01-05 09:58:07.981230', `province` = '辽宁省', `city` = '铁岭市', `county` = '昌图县', `town` = '通江口镇', `detail` = '保定路菊园五街坊21号' WHERE `loan_address`.`id` = 9654;
INSERT INTO `loan_address` (`id`, `created_at`, `updated_at`, `province`, `city`, `county`, `town`, `detail`) VALUES (9654, '2022-01-05 09:58:07.981230', '2022-01-05 09:58:07.981230', '辽宁省', '铁岭市', '昌图县', '通江口镇', '保定路菊园五街坊21号');
UPDATE `loan_customer` SET `created_at` = '2022-01-05 09:58:07.981230', `updated_at` = '2022-01-05 20:15:32.862218', `name` = '徐羚', `id_number` = '483169394248177827', `gender` = 'm', `birthday` = '2006-10-15', `address_id` = 9654, `job_id` = 1988, `salary` = 39000 WHERE `loan_customer`.`id` = 5992;
INSERT INTO `loan_customer` (`id`, `created_at`, `updated_at`, `name`, `id_number`, `gender`, `birthday`, `address_id`, `job_id`, `salary`) VALUES (5992, '2022-01-05 09:58:07.981230', '2022-01-05 20:15:32.862218', '徐羚', '483169394248177827', 'm', '2006-10-15', 9654, 1988, 39000);
UPDATE `loan_chattel` SET `created_at` = '2022-01-05 21:31:02.571472', `updated_at` = '2022-01-05 21:31:02.571472', `customer_id` = 5992, `type` = 'fund', `description` = '一些信息', `value_amount` = 170000, `expired_at` = '2030-02-27' WHERE `loan_chattel`.`id` = 1760;
INSERT INTO `loan_chattel` (`id`, `created_at`, `updated_at`, `customer_id`, `type`, `description`, `value_amount`, `expired_at`) VALUES (1760, '2022-01-05 21:31:02.571472', '2022-01-05 21:31:02.571472', 5992, 'fund', '一些信息', 170000, '2030-02-27');
UPDATE `loan_address` SET `created_at` = '2022-01-05 14:21:51.724609', `updated_at` = '2022-01-05 14:21:51.724609', `province` = '安徽省', `city` = '宣城市', `county` = '宣州区', `town` = '洪林镇', `detail` = '安波路金色家园3号' WHERE `loan_address`.`id` = 9655;
INSERT INTO `loan_address` (`id`, `created_at`, `updated_at`, `province`, `city`, `county`, `town`, `detail`) VALUES (9655, '2022-01-05 14:21:51.724609', '2022-01-05 14:21:51.724609', '安徽省', '宣城市', '宣州区', '洪林镇', '安波路金色家园3号');
UPDATE `loan_estate` SET `created_at` = '2022-01-05 14:21:51.724609', `updated_at` = '2022-01-05 16:21:57.583347', `customer_id` = 5992, `address_id` = 9655 WHERE `loan_estate`.`id` = 3572;
INSERT INTO `loan_estate` (`id`, `created_at`, `updated_at`, `customer_id`, `address_id`) VALUES (3572, '2022-01-05 14:21:51.724609', '2022-01-05 16:21:57.583347', 5992, 9655);
UPDATE `loan_car` SET `created_at` = '2022-01-05 22:12:23.846278', `updated_at` = '2022-01-05 22:42:36.148120', `customer_id` = 5992, `model_id` = 131, `vin_number` = '050132078760898193', `date_produced` = '2016-11-25', `value_estimated` = 100000 WHERE `loan_car`.`id` = 4818;
INSERT INTO `loan_car` (`id`, `created_at`, `updated_at`, `customer_id`, `model_id`, `vin_number`, `date_produced`, `value_estimated`) VALUES (4818, '2022-01-05 22:12:23.846278', '2022-01-05 22:42:36.148120', 5992, 131, '050132078760898193', '2016-11-25', 100000);
UPDATE `loan_account` SET `created_at` = '2022-01-05 15:05:12.225024', `updated_at` = '2022-01-05 21:45:34.001215', `customer_id` = 5992, `number` = '865340046373985635', `balance` = 79710 WHERE `loan_account`.`id` = 5468;
INSERT INTO `loan_account` (`id`, `created_at`, `updated_at`, `customer_id`, `number`, `balance`) VALUES (5468, '2022-01-05 15:05:12.225024', '2022-01-05 21:45:34.001215', 5992, '865340046373985635', 79710);
UPDATE `loan_address` SET `created_at` = '2022-01-05 02:01:04.400581', `updated_at` = '2022-01-05 02:01:04.400581', `province` = '广西壮族自治区', `city` = '来宾市', `county` = '兴宾区', `town` = '寺山镇', `detail` = '百色路106号' WHERE `loan_address`.`id` = 9656;
INSERT INTO `loan_address` (`id`, `created_at`, `updated_at`, `province`, `city`, `county`, `town`, `detail`) VALUES (9656, '2022-01-05 02:01:04.400581', '2022-01-05 02:01:04.400581', '广西壮族自治区', '来宾市', '兴宾区', '寺山镇', '百色路106号');
UPDATE `loan_customer` SET `created_at` = '2022-01-05 02:01:04.400581', `updated_at` = '2022-01-05 02:01:04.400581', `name` = '钟广', `id_number` = '394599619811874932', `gender` = 'm', `birthday` = '2002-05-17', `address_id` = 9656, `job_id` = 1988, `salary` = 12000 WHERE `loan_customer`.`id` = 5993;
INSERT INTO `loan_customer` (`id`, `created_at`, `updated_at`, `name`, `id_number`, `gender`, `birthday`, `address_id`, `job_id`, `salary`) VALUES (5993, '2022-01-05 02:01:04.400581', '2022-01-05 02:01:04.400581', '钟广', '394599619811874932', 'm', '2002-05-17', 9656, 1988, 12000);
UPDATE `loan_chattel` SET `created_at` = '2022-01-05 15:01:08.059505', `updated_at` = '2022-01-05 15:01:08.059505', `customer_id` = 5993, `type` = 'draft', `description` = '一些信息', `value_amount` = 210000, `expired_at` = '2022-10-24' WHERE `loan_chattel`.`id` = 1761;
INSERT INTO `loan_chattel` (`id`, `created_at`, `updated_at`, `customer_id`, `type`, `description`, `value_amount`, `expired_at`) VALUES (1761, '2022-01-05 15:01:08.059505', '2022-01-05 15:01:08.059505', 5993, 'draft', '一些信息', 210000, '2022-10-24');
UPDATE `loan_car` SET `created_at` = '2022-01-05 13:53:01.743380', `updated_at` = '2022-01-05 23:59:45.359815', `customer_id` = 5993, `model_id` = 242, `vin_number` = '970155342344451277', `date_produced` = '2019-03-07', `value_estimated` = 590000 WHERE `loan_car`.`id` = 4819;
INSERT INTO `loan_car` (`id`, `created_at`, `updated_at`, `customer_id`, `model_id`, `vin_number`, `date_produced`, `value_estimated`) VALUES (4819, '2022-01-05 13:53:01.743380', '2022-01-05 23:59:45.359815', 5993, 242, '970155342344451277', '2019-03-07', 590000);
UPDATE `loan_account` SET `created_at` = '2022-01-05 07:00:59.121099', `updated_at` = '2022-01-05 07:00:59.121099', `customer_id` = 5993, `number` = '476589556976480000', `balance` = 0 WHERE `loan_account`.`id` = 5469;
INSERT INTO `loan_account` (`id`, `created_at`, `updated_at`, `customer_id`, `number`, `balance`) VALUES (5469, '2022-01-05 07:00:59.121099', '2022-01-05 07:00:59.121099', 5993, '476589556976480000', 0);
UPDATE `loan_account` SET `created_at` = '2022-01-05 03:55:07.044935', `updated_at` = '2022-01-05 03:55:07.044935', `customer_id` = 5993, `number` = '008753657719285032', `balance` = 83920 WHERE `loan_account`.`id` = 5470;
INSERT INTO `loan_account` (`id`, `created_at`, `updated_at`, `customer_id`, `number`, `balance`) VALUES (5470, '2022-01-05 03:55:07.044935', '2022-01-05 03:55:07.044935', 5993, '008753657719285032', 83920);
UPDATE `loan_address` SET `created_at` = '2022-01-05 22:04:51.794894', `updated_at` = '2022-01-05 22:04:51.794894', `province` = '西藏自治区', `city` = '日喀则市', `county` = '谢通门县', `town` = '通门乡', `detail` = '北艾路爱里舍花园155号' WHERE `loan_address`.`id` = 9657;
INSERT INTO `loan_address` (`id`, `created_at`, `updated_at`, `province`, `city`, `county`, `town`, `detail`) VALUES (9657, '2022-01-05 22:04:51.794894', '2022-01-05 22:04:51.794894', '西藏自治区', '日喀则市', '谢通门县', '通门乡', '北艾路爱里舍花园155号');
UPDATE `loan_customer` SET `created_at` = '2022-01-05 22:04:51.794894', `updated_at` = '2022-01-05 22:14:05.212107', `name` = '廖双玉', `id_number` = '401455718277195443', `gender` = 'm', `birthday` = '1989-03-10', `address_id` = 9657, `job_id` = 1988, `salary` = 85000 WHERE `loan_customer`.`id` = 5994;
INSERT INTO `loan_customer` (`id`, `created_at`, `updated_at`, `name`, `id_number`, `gender`, `birthday`, `address_id`, `job_id`, `salary`) VALUES (5994, '2022-01-05 22:04:51.794894', '2022-01-05 22:14:05.212107', '廖双玉', '401455718277195443', 'm', '1989-03-10', 9657, 1988, 85000);
UPDATE `loan_address` SET `created_at` = '2022-01-05 22:13:56.096091', `updated_at` = '2022-01-05 22:13:56.096091', `province` = '广东省', `city` = '梅州市', `county` = '大埔县', `town` = '洲瑞林场', `detail` = '白城南路金色家园196号' WHERE `loan_address`.`id` = 9658;
INSERT INTO `loan_address` (`id`, `created_at`, `updated_at`, `province`, `city`, `county`, `town`, `detail`) VALUES (9658, '2022-01-05 22:13:56.096091', '2022-01-05 22:13:56.096091', '广东省', '梅州市', '大埔县', '洲瑞林场', '白城南路金色家园196号');
UPDATE `loan_estate` SET `created_at` = '2022-01-05 22:13:56.096091', `updated_at` = '2022-01-05 22:13:56.096091', `customer_id` = 5994, `address_id` = 9658 WHERE `loan_estate`.`id` = 3573;
INSERT INTO `loan_estate` (`id`, `created_at`, `updated_at`, `customer_id`, `address_id`) VALUES (3573, '2022-01-05 22:13:56.096091', '2022-01-05 22:13:56.096091', 5994, 9658);
UPDATE `loan_car` SET `created_at` = '2022-01-05 22:36:23.381721', `updated_at` = '2022-01-05 23:30:46.896145', `customer_id` = 5994, `model_id` = 14, `vin_number` = '044816553851074840', `date_produced` = '2015-03-02', `value_estimated` = 160000 WHERE `loan_car`.`id` = 4820;
INSERT INTO `loan_car` (`id`, `created_at`, `updated_at`, `customer_id`, `model_id`, `vin_number`, `date_produced`, `value_estimated`) VALUES (4820, '2022-01-05 22:36:23.381721', '2022-01-05 23:30:46.896145', 5994, 14, '044816553851074840', '2015-03-02', 160000);
UPDATE `loan_account` SET `created_at` = '2022-01-05 23:06:44.397155', `updated_at` = '2022-01-05 23:06:44.397155', `customer_id` = 5994, `number` = '674608730694244664', `balance` = 39127 WHERE `loan_account`.`id` = 5471;
INSERT INTO `loan_account` (`id`, `created_at`, `updated_at`, `customer_id`, `number`, `balance`) VALUES (5471, '2022-01-05 23:06:44.397155', '2022-01-05 23:06:44.397155', 5994, '674608730694244664', 39127);
UPDATE `loan_address` SET `created_at` = '2022-01-05 06:35:40.864141', `updated_at` = '2022-01-05 06:35:40.864141', `province` = '新疆维吾尔自治区', `city` = '塔城地区', `county` = '额敏县', `town` = '加尔布拉克农场', `detail` = '安福路193号' WHERE `loan_address`.`id` = 9659;
INSERT INTO `loan_address` (`id`, `created_at`, `updated_at`, `province`, `city`, `county`, `town`, `detail`) VALUES (9659, '2022-01-05 06:35:40.864141', '2022-01-05 06:35:40.864141', '新疆维吾尔自治区', '塔城地区', '额敏县', '加尔布拉克农场', '安福路193号');
UPDATE `loan_customer` SET `created_at` = '2022-01-05 06:35:40.864141', `updated_at` = '2022-01-05 16:02:21.209099', `name` = '卢含', `id_number` = '417850240464980928', `gender` = 'm', `birthday` = '2005-10-29', `address_id` = 9659, `job_id` = 1989, `salary` = 42000 WHERE `loan_customer`.`id` = 5995;
INSERT INTO `loan_customer` (`id`, `created_at`, `updated_at`, `name`, `id_number`, `gender`, `birthday`, `address_id`, `job_id`, `salary`) VALUES (5995, '2022-01-05 06:35:40.864141', '2022-01-05 16:02:21.209099', '卢含', '417850240464980928', 'm', '2005-10-29', 9659, 1989, 42000);
UPDATE `loan_chattel` SET `created_at` = '2022-01-05 20:03:39.236728', `updated_at` = '2022-01-05 20:03:39.236728', `customer_id` = 5995, `type` = 'patent', `description` = '一些信息', `value_amount` = 340000, `expired_at` = '2024-11-19' WHERE `loan_chattel`.`id` = 1762;
INSERT INTO `loan_chattel` (`id`, `created_at`, `updated_at`, `customer_id`, `type`, `description`, `value_amount`, `expired_at`) VALUES (1762, '2022-01-05 20:03:39.236728', '2022-01-05 20:03:39.236728', 5995, 'patent', '一些信息', 340000, '2024-11-19');
UPDATE `loan_address` SET `created_at` = '2022-01-05 09:19:46.659769', `updated_at` = '2022-01-05 09:19:46.659769', `province` = '广西壮族自治区', `city` = '桂林市', `county` = '恭城瑶族自治县', `town` = '三江乡', `detail` = '安仁路爱里舍花园141号' WHERE `loan_address`.`id` = 9660;
INSERT INTO `loan_address` (`id`, `created_at`, `updated_at`, `province`, `city`, `county`, `town`, `detail`) VALUES (9660, '2022-01-05 09:19:46.659769', '2022-01-05 09:19:46.659769', '广西壮族自治区', '桂林市', '恭城瑶族自治县', '三江乡', '安仁路爱里舍花园141号');
UPDATE `loan_estate` SET `created_at` = '2022-01-05 09:19:46.659769', `updated_at` = '2022-01-05 09:19:46.659769', `customer_id` = 5995, `address_id` = 9660 WHERE `loan_estate`.`id` = 3574;
INSERT INTO `loan_estate` (`id`, `created_at`, `updated_at`, `customer_id`, `address_id`) VALUES (3574, '2022-01-05 09:19:46.659769', '2022-01-05 09:19:46.659769', 5995, 9660);
UPDATE `loan_address` SET `created_at` = '2022-01-05 21:33:23.004909', `updated_at` = '2022-01-05 21:33:23.004909', `province` = '湖北省', `city` = '武汉市', `county` = '青山区', `town` = '钢都花园管理委员会', `detail` = '八一路协通公寓167号' WHERE `loan_address`.`id` = 9661;
INSERT INTO `loan_address` (`id`, `created_at`, `updated_at`, `province`, `city`, `county`, `town`, `detail`) VALUES (9661, '2022-01-05 21:33:23.004909', '2022-01-05 21:33:23.004909', '湖北省', '武汉市', '青山区', '钢都花园管理委员会', '八一路协通公寓167号');
UPDATE `loan_estate` SET `created_at` = '2022-01-05 21:33:23.004909', `updated_at` = '2022-01-05 21:33:23.004909', `customer_id` = 5995, `address_id` = 9661 WHERE `loan_estate`.`id` = 3575;
INSERT INTO `loan_estate` (`id`, `created_at`, `updated_at`, `customer_id`, `address_id`) VALUES (3575, '2022-01-05 21:33:23.004909', '2022-01-05 21:33:23.004909', 5995, 9661);
UPDATE `loan_car` SET `created_at` = '2022-01-05 07:43:23.753997', `updated_at` = '2022-01-05 07:43:23.753997', `customer_id` = 5995, `model_id` = 163, `vin_number` = '098065856595766250', `date_produced` = '2011-07-26', `value_estimated` = 120000 WHERE `loan_car`.`id` = 4821;
INSERT INTO `loan_car` (`id`, `created_at`, `updated_at`, `customer_id`, `model_id`, `vin_number`, `date_produced`, `value_estimated`) VALUES (4821, '2022-01-05 07:43:23.753997', '2022-01-05 07:43:23.753997', 5995, 163, '098065856595766250', '2011-07-26', 120000);
UPDATE `loan_account` SET `created_at` = '2022-01-05 19:24:57.863413', `updated_at` = '2022-01-05 19:24:57.863413', `customer_id` = 5995, `number` = '702373575378285553', `balance` = 18245 WHERE `loan_account`.`id` = 5472;
INSERT INTO `loan_account` (`id`, `created_at`, `updated_at`, `customer_id`, `number`, `balance`) VALUES (5472, '2022-01-05 19:24:57.863413', '2022-01-05 19:24:57.863413', 5995, '702373575378285553', 18245);
UPDATE `loan_address` SET `created_at` = '2022-01-05 19:05:12.525671', `updated_at` = '2022-01-05 19:05:12.525671', `province` = '浙江省', `city` = '金华市', `county` = '武义县', `town` = '坦洪乡', `detail` = '澳门路溢盈河畔别墅3号' WHERE `loan_address`.`id` = 9662;
INSERT INTO `loan_address` (`id`, `created_at`, `updated_at`, `province`, `city`, `county`, `town`, `detail`) VALUES (9662, '2022-01-05 19:05:12.525671', '2022-01-05 19:05:12.525671', '浙江省', '金华市', '武义县', '坦洪乡', '澳门路溢盈河畔别墅3号');
UPDATE `loan_customer` SET `created_at` = '2022-01-05 19:05:12.525671', `updated_at` = '2022-01-05 20:51:18.717544', `name` = '漕鸿洁', `id_number` = '118096411007583643', `gender` = 'm', `birthday` = '1986-03-13', `address_id` = 9662, `job_id` = 1989, `salary` = 22000 WHERE `loan_customer`.`id` = 5996;
INSERT INTO `loan_customer` (`id`, `created_at`, `updated_at`, `name`, `id_number`, `gender`, `birthday`, `address_id`, `job_id`, `salary`) VALUES (5996, '2022-01-05 19:05:12.525671', '2022-01-05 20:51:18.717544', '漕鸿洁', '118096411007583643', 'm', '1986-03-13', 9662, 1989, 22000);
UPDATE `loan_chattel` SET `created_at` = '2022-01-05 20:54:57.879558', `updated_at` = '2022-01-05 23:56:44.205537', `customer_id` = 5996, `type` = 'trademark', `description` = '一些信息', `value_amount` = 70000, `expired_at` = '2032-12-25' WHERE `loan_chattel`.`id` = 1763;
INSERT INTO `loan_chattel` (`id`, `created_at`, `updated_at`, `customer_id`, `type`, `description`, `value_amount`, `expired_at`) VALUES (1763, '2022-01-05 20:54:57.879558', '2022-01-05 23:56:44.205537', 5996, 'trademark', '一些信息', 70000, '2032-12-25');
UPDATE `loan_car` SET `created_at` = '2022-01-05 20:01:14.183648', `updated_at` = '2022-01-05 20:01:14.183648', `customer_id` = 5996, `model_id` = 298, `vin_number` = '378516564957125954', `date_produced` = '2013-04-12', `value_estimated` = 240000 WHERE `loan_car`.`id` = 4822;
INSERT INTO `loan_car` (`id`, `created_at`, `updated_at`, `customer_id`, `model_id`, `vin_number`, `date_produced`, `value_estimated`) VALUES (4822, '2022-01-05 20:01:14.183648', '2022-01-05 20:01:14.183648', 5996, 298, '378516564957125954', '2013-04-12', 240000);
UPDATE `loan_account` SET `created_at` = '2022-01-05 22:35:22.871140', `updated_at` = '2022-01-05 22:35:22.871140', `customer_id` = 5996, `number` = '050764938416242224', `balance` = 138376 WHERE `loan_account`.`id` = 5473;
INSERT INTO `loan_account` (`id`, `created_at`, `updated_at`, `customer_id`, `number`, `balance`) VALUES (5473, '2022-01-05 22:35:22.871140', '2022-01-05 22:35:22.871140', 5996, '050764938416242224', 138376);
UPDATE `loan_address` SET `created_at` = '2022-01-05 16:43:04.333555', `updated_at` = '2022-01-05 16:43:04.333555', `province` = '四川省', `city` = '广安市', `county` = '武胜县', `town` = '华封镇', `detail` = '安顺路博泰新苑8号' WHERE `loan_address`.`id` = 9663;
INSERT INTO `loan_address` (`id`, `created_at`, `updated_at`, `province`, `city`, `county`, `town`, `detail`) VALUES (9663, '2022-01-05 16:43:04.333555', '2022-01-05 16:43:04.333555', '四川省', '广安市', '武胜县', '华封镇', '安顺路博泰新苑8号');
UPDATE `loan_customer` SET `created_at` = '2022-01-05 16:43:04.333555', `updated_at` = '2022-01-05 22:07:15.831958', `name` = '徐羚', `id_number` = '019176547182496686', `gender` = 'f', `birthday` = '1999-10-15', `address_id` = 9663, `job_id` = 1989, `salary` = 4000 WHERE `loan_customer`.`id` = 5997;
INSERT INTO `loan_customer` (`id`, `created_at`, `updated_at`, `name`, `id_number`, `gender`, `birthday`, `address_id`, `job_id`, `salary`) VALUES (5997, '2022-01-05 16:43:04.333555', '2022-01-05 22:07:15.831958', '徐羚', '019176547182496686', 'f', '1999-10-15', 9663, 1989, 4000);
UPDATE `loan_chattel` SET `created_at` = '2022-01-05 23:58:44.034803', `updated_at` = '2022-01-05 23:59:23.179496', `customer_id` = 5997, `type` = 'promissory_note', `description` = '一些信息', `value_amount` = 570000, `expired_at` = '2033-01-04' WHERE `loan_chattel`.`id` = 1764;
INSERT INTO `loan_chattel` (`id`, `created_at`, `updated_at`, `customer_id`, `type`, `description`, `value_amount`, `expired_at`) VALUES (1764, '2022-01-05 23:58:44.034803', '2022-01-05 23:59:23.179496', 5997, 'promissory_note', '一些信息', 570000, '2033-01-04');
UPDATE `loan_car` SET `created_at` = '2022-01-05 17:30:29.757970', `updated_at` = '2022-01-05 17:30:29.757970', `customer_id` = 5997, `model_id` = 255, `vin_number` = '682934020520219433', `date_produced` = '2011-09-22', `value_estimated` = 210000 WHERE `loan_car`.`id` = 4823;
INSERT INTO `loan_car` (`id`, `created_at`, `updated_at`, `customer_id`, `model_id`, `vin_number`, `date_produced`, `value_estimated`) VALUES (4823, '2022-01-05 17:30:29.757970', '2022-01-05 17:30:29.757970', 5997, 255, '682934020520219433', '2011-09-22', 210000);
UPDATE `loan_account` SET `created_at` = '2022-01-05 18:49:33.552210', `updated_at` = '2022-01-05 22:30:56.939222', `customer_id` = 5997, `number` = '084042028391429362', `balance` = 112410 WHERE `loan_account`.`id` = 5474;
INSERT INTO `loan_account` (`id`, `created_at`, `updated_at`, `customer_id`, `number`, `balance`) VALUES (5474, '2022-01-05 18:49:33.552210', '2022-01-05 22:30:56.939222', 5997, '084042028391429362', 112410);
UPDATE `loan_address` SET `created_at` = '2022-01-05 20:01:07.513902', `updated_at` = '2022-01-05 20:01:07.513902', `province` = '重庆市', `city` = '县', `county` = '秀山土家族苗族自治县', `town` = '涌洞乡', `detail` = '安波路阳光翠竹苑30号' WHERE `loan_address`.`id` = 9664;
INSERT INTO `loan_address` (`id`, `created_at`, `updated_at`, `province`, `city`, `county`, `town`, `detail`) VALUES (9664, '2022-01-05 20:01:07.513902', '2022-01-05 20:01:07.513902', '重庆市', '县', '秀山土家族苗族自治县', '涌洞乡', '安波路阳光翠竹苑30号');
UPDATE `loan_customer` SET `created_at` = '2022-01-05 20:01:07.513902', `updated_at` = '2022-01-05 20:08:53.394209', `name` = '钱烨伟', `id_number` = '007370327841132641', `gender` = 'm', `birthday` = '1998-03-21', `address_id` = 9664, `job_id` = 1989, `salary` = 2000 WHERE `loan_customer`.`id` = 5998;
INSERT INTO `loan_customer` (`id`, `created_at`, `updated_at`, `name`, `id_number`, `gender`, `birthday`, `address_id`, `job_id`, `salary`) VALUES (5998, '2022-01-05 20:01:07.513902', '2022-01-05 20:08:53.394209', '钱烨伟', '007370327841132641', 'm', '1998-03-21', 9664, 1989, 2000);
UPDATE `loan_account` SET `created_at` = '2022-01-05 20:33:53.857098', `updated_at` = '2022-01-05 23:07:02.194193', `customer_id` = 5998, `number` = '990118915721651515', `balance` = 92346 WHERE `loan_account`.`id` = 5475;
INSERT INTO `loan_account` (`id`, `created_at`, `updated_at`, `customer_id`, `number`, `balance`) VALUES (5475, '2022-01-05 20:33:53.857098', '2022-01-05 23:07:02.194193', 5998, '990118915721651515', 92346);
UPDATE `loan_address` SET `created_at` = '2022-01-05 05:33:40.287404', `updated_at` = '2022-01-05 05:33:40.287404', `province` = '贵州省', `city` = '毕节市', `county` = '纳雍县', `town` = '羊场苗族彝族乡', `detail` = '白玉路52号' WHERE `loan_address`.`id` = 9665;
INSERT INTO `loan_address` (`id`, `created_at`, `updated_at`, `province`, `city`, `county`, `town`, `detail`) VALUES (9665, '2022-01-05 05:33:40.287404', '2022-01-05 05:33:40.287404', '贵州省', '毕节市', '纳雍县', '羊场苗族彝族乡', '白玉路52号');
UPDATE `loan_customer` SET `created_at` = '2022-01-05 05:33:40.287404', `updated_at` = '2022-01-05 16:08:08.377416', `name` = '黎鸣', `id_number` = '934054193020965203', `gender` = 'm', `birthday` = '2002-04-23', `address_id` = 9665, `job_id` = 1990, `salary` = 4000 WHERE `loan_customer`.`id` = 5999;
INSERT INTO `loan_customer` (`id`, `created_at`, `updated_at`, `name`, `id_number`, `gender`, `birthday`, `address_id`, `job_id`, `salary`) VALUES (5999, '2022-01-05 05:33:40.287404', '2022-01-05 16:08:08.377416', '黎鸣', '934054193020965203', 'm', '2002-04-23', 9665, 1990, 4000);
UPDATE `loan_address` SET `created_at` = '2022-01-05 21:43:55.867681', `updated_at` = '2022-01-05 21:43:55.867681', `province` = '西藏自治区', `city` = '日喀则市', `county` = '谢通门县', `town` = '通门乡', `detail` = '爱国路43号' WHERE `loan_address`.`id` = 9666;
INSERT INTO `loan_address` (`id`, `created_at`, `updated_at`, `province`, `city`, `county`, `town`, `detail`) VALUES (9666, '2022-01-05 21:43:55.867681', '2022-01-05 21:43:55.867681', '西藏自治区', '日喀则市', '谢通门县', '通门乡', '爱国路43号');
UPDATE `loan_estate` SET `created_at` = '2022-01-05 21:43:55.867681', `updated_at` = '2022-01-05 21:43:55.867681', `customer_id` = 5999, `address_id` = 9666 WHERE `loan_estate`.`id` = 3576;
INSERT INTO `loan_estate` (`id`, `created_at`, `updated_at`, `customer_id`, `address_id`) VALUES (3576, '2022-01-05 21:43:55.867681', '2022-01-05 21:43:55.867681', 5999, 9666);
UPDATE `loan_account` SET `created_at` = '2022-01-05 20:47:46.737030', `updated_at` = '2022-01-05 23:10:57.542290', `customer_id` = 5999, `number` = '605243649565596663', `balance` = 49330 WHERE `loan_account`.`id` = 5476;
INSERT INTO `loan_account` (`id`, `created_at`, `updated_at`, `customer_id`, `number`, `balance`) VALUES (5476, '2022-01-05 20:47:46.737030', '2022-01-05 23:10:57.542290', 5999, '605243649565596663', 49330);
UPDATE `loan_address` SET `created_at` = '2022-01-05 15:43:23.786757', `updated_at` = '2022-01-05 15:43:23.786757', `province` = '甘肃省', `city` = '甘南藏族自治州', `county` = '夏河县', `town` = '甘加镇', `detail` = '北艾路26号' WHERE `loan_address`.`id` = 9667;
INSERT INTO `loan_address` (`id`, `created_at`, `updated_at`, `province`, `city`, `county`, `town`, `detail`) VALUES (9667, '2022-01-05 15:43:23.786757', '2022-01-05 15:43:23.786757', '甘肃省', '甘南藏族自治州', '夏河县', '甘加镇', '北艾路26号');
UPDATE `loan_customer` SET `created_at` = '2022-01-05 15:43:23.786757', `updated_at` = '2022-01-05 15:48:51.662459', `name` = '白势', `id_number` = '549457025012555856', `gender` = 'm', `birthday` = '2008-11-06', `address_id` = 9667, `job_id` = 1990, `salary` = 13000 WHERE `loan_customer`.`id` = 6000;
INSERT INTO `loan_customer` (`id`, `created_at`, `updated_at`, `name`, `id_number`, `gender`, `birthday`, `address_id`, `job_id`, `salary`) VALUES (6000, '2022-01-05 15:43:23.786757', '2022-01-05 15:48:51.662459', '白势', '549457025012555856', 'm', '2008-11-06', 9667, 1990, 13000);
UPDATE `loan_chattel` SET `created_at` = '2022-01-05 19:08:40.751070', `updated_at` = '2022-01-05 19:08:40.751070', `customer_id` = 6000, `type` = 'promissory_note', `description` = '一些信息', `value_amount` = 160000, `expired_at` = '2031-10-31' WHERE `loan_chattel`.`id` = 1765;
INSERT INTO `loan_chattel` (`id`, `created_at`, `updated_at`, `customer_id`, `type`, `description`, `value_amount`, `expired_at`) VALUES (1765, '2022-01-05 19:08:40.751070', '2022-01-05 19:08:40.751070', 6000, 'promissory_note', '一些信息', 160000, '2031-10-31');
UPDATE `loan_address` SET `created_at` = '2022-01-05 15:54:30.123513', `updated_at` = '2022-01-05 15:54:30.123513', `province` = '云南省', `city` = '曲靖市', `county` = '会泽县', `town` = '大海乡', `detail` = '百色路176号' WHERE `loan_address`.`id` = 9668;
INSERT INTO `loan_address` (`id`, `created_at`, `updated_at`, `province`, `city`, `county`, `town`, `detail`) VALUES (9668, '2022-01-05 15:54:30.123513', '2022-01-05 15:54:30.123513', '云南省', '曲靖市', '会泽县', '大海乡', '百色路176号');
UPDATE `loan_estate` SET `created_at` = '2022-01-05 15:54:30.123513', `updated_at` = '2022-01-05 15:54:30.123513', `customer_id` = 6000, `address_id` = 9668 WHERE `loan_estate`.`id` = 3577;
INSERT INTO `loan_estate` (`id`, `created_at`, `updated_at`, `customer_id`, `address_id`) VALUES (3577, '2022-01-05 15:54:30.123513', '2022-01-05 15:54:30.123513', 6000, 9668);
UPDATE `loan_car` SET `created_at` = '2022-01-05 23:49:21.646695', `updated_at` = '2022-01-05 23:49:21.646695', `customer_id` = 6000, `model_id` = 17, `vin_number` = '469414043099196654', `date_produced` = '2020-08-02', `value_estimated` = 240000 WHERE `loan_car`.`id` = 4824;
INSERT INTO `loan_car` (`id`, `created_at`, `updated_at`, `customer_id`, `model_id`, `vin_number`, `date_produced`, `value_estimated`) VALUES (4824, '2022-01-05 23:49:21.646695', '2022-01-05 23:49:21.646695', 6000, 17, '469414043099196654', '2020-08-02', 240000);
UPDATE `loan_account` SET `created_at` = '2022-01-05 23:23:09.626708', `updated_at` = '2022-01-05 23:23:09.626708', `customer_id` = 6000, `number` = '227734579659566657', `balance` = 90856 WHERE `loan_account`.`id` = 5477;
INSERT INTO `loan_account` (`id`, `created_at`, `updated_at`, `customer_id`, `number`, `balance`) VALUES (5477, '2022-01-05 23:23:09.626708', '2022-01-05 23:23:09.626708', 6000, '227734579659566657', 90856);
UPDATE `loan_address` SET `created_at` = '2022-01-05 05:03:13.619476', `updated_at` = '2022-01-05 05:03:13.619476', `province` = '河南省', `city` = '平顶山市', `county` = '鲁山县', `town` = '熊背乡', `detail` = '包头南路189号' WHERE `loan_address`.`id` = 9669;
INSERT INTO `loan_address` (`id`, `created_at`, `updated_at`, `province`, `city`, `county`, `town`, `detail`) VALUES (9669, '2022-01-05 05:03:13.619476', '2022-01-05 05:03:13.619476', '河南省', '平顶山市', '鲁山县', '熊背乡', '包头南路189号');
UPDATE `loan_customer` SET `created_at` = '2022-01-05 05:03:13.619476', `updated_at` = '2022-01-05 21:41:29.081510', `name` = '丁锐立', `id_number` = '693912737816167301', `gender` = 'm', `birthday` = '1982-02-15', `address_id` = 9669, `job_id` = 1991, `salary` = 34000 WHERE `loan_customer`.`id` = 6001;
INSERT INTO `loan_customer` (`id`, `created_at`, `updated_at`, `name`, `id_number`, `gender`, `birthday`, `address_id`, `job_id`, `salary`) VALUES (6001, '2022-01-05 05:03:13.619476', '2022-01-05 21:41:29.081510', '丁锐立', '693912737816167301', 'm', '1982-02-15', 9669, 1991, 34000);
UPDATE `loan_chattel` SET `created_at` = '2022-01-05 09:17:57.693140', `updated_at` = '2022-01-05 11:06:11.975392', `customer_id` = 6001, `type` = 'copyright', `description` = '一些信息', `value_amount` = 20000, `expired_at` = '2021-07-21' WHERE `loan_chattel`.`id` = 1766;
INSERT INTO `loan_chattel` (`id`, `created_at`, `updated_at`, `customer_id`, `type`, `description`, `value_amount`, `expired_at`) VALUES (1766, '2022-01-05 09:17:57.693140', '2022-01-05 11:06:11.975392', 6001, 'copyright', '一些信息', 20000, '2021-07-21');
UPDATE `loan_account` SET `created_at` = '2022-01-05 11:58:00.919984', `updated_at` = '2022-01-05 11:58:00.919984', `customer_id` = 6001, `number` = '298900755664396656', `balance` = 30739 WHERE `loan_account`.`id` = 5478;
INSERT INTO `loan_account` (`id`, `created_at`, `updated_at`, `customer_id`, `number`, `balance`) VALUES (5478, '2022-01-05 11:58:00.919984', '2022-01-05 11:58:00.919984', 6001, '298900755664396656', 30739);
UPDATE `loan_address` SET `created_at` = '2022-01-05 00:30:26.854537', `updated_at` = '2022-01-05 00:30:26.854537', `province` = '广东省', `city` = '茂名市', `county` = '电白区', `town` = '曙光农场', `detail` = '宝昌路179号' WHERE `loan_address`.`id` = 9670;
INSERT INTO `loan_address` (`id`, `created_at`, `updated_at`, `province`, `city`, `county`, `town`, `detail`) VALUES (9670, '2022-01-05 00:30:26.854537', '2022-01-05 00:30:26.854537', '广东省', '茂名市', '电白区', '曙光农场', '宝昌路179号');
UPDATE `loan_customer` SET `created_at` = '2022-01-05 00:30:26.854537', `updated_at` = '2022-01-05 00:30:26.854537', `name` = '石仓', `id_number` = '290634854082130903', `gender` = 'm', `birthday` = '1988-01-19', `address_id` = 9670, `job_id` = 1991, `salary` = 31000 WHERE `loan_customer`.`id` = 6002;
INSERT INTO `loan_customer` (`id`, `created_at`, `updated_at`, `name`, `id_number`, `gender`, `birthday`, `address_id`, `job_id`, `salary`) VALUES (6002, '2022-01-05 00:30:26.854537', '2022-01-05 00:30:26.854537', '石仓', '290634854082130903', 'm', '1988-01-19', 9670, 1991, 31000);
UPDATE `loan_address` SET `created_at` = '2022-01-05 00:50:42.554803', `updated_at` = '2022-01-05 00:50:42.554803', `province` = '云南省', `city` = '曲靖市', `county` = '会泽县', `town` = '大海乡', `detail` = '安仁路金色家园12号' WHERE `loan_address`.`id` = 9671;
INSERT INTO `loan_address` (`id`, `created_at`, `updated_at`, `province`, `city`, `county`, `town`, `detail`) VALUES (9671, '2022-01-05 00:50:42.554803', '2022-01-05 00:50:42.554803', '云南省', '曲靖市', '会泽县', '大海乡', '安仁路金色家园12号');
UPDATE `loan_estate` SET `created_at` = '2022-01-05 00:50:42.554803', `updated_at` = '2022-01-05 20:41:33.768950', `customer_id` = 6002, `address_id` = 9671 WHERE `loan_estate`.`id` = 3578;
INSERT INTO `loan_estate` (`id`, `created_at`, `updated_at`, `customer_id`, `address_id`) VALUES (3578, '2022-01-05 00:50:42.554803', '2022-01-05 20:41:33.768950', 6002, 9671);
UPDATE `loan_car` SET `created_at` = '2022-01-05 21:18:14.484793', `updated_at` = '2022-01-05 23:40:12.314467', `customer_id` = 6002, `model_id` = 85, `vin_number` = '845828481338509375', `date_produced` = '2014-06-05', `value_estimated` = 110000 WHERE `loan_car`.`id` = 4825;
INSERT INTO `loan_car` (`id`, `created_at`, `updated_at`, `customer_id`, `model_id`, `vin_number`, `date_produced`, `value_estimated`) VALUES (4825, '2022-01-05 21:18:14.484793', '2022-01-05 23:40:12.314467', 6002, 85, '845828481338509375', '2014-06-05', 110000);
UPDATE `loan_address` SET `created_at` = '2022-01-05 22:09:32.980886', `updated_at` = '2022-01-05 22:09:32.980886', `province` = '浙江省', `city` = '杭州市', `county` = '余杭区', `town` = '南苑街道', `detail` = '宝联路住友嘉馨名园46号' WHERE `loan_address`.`id` = 9672;
INSERT INTO `loan_address` (`id`, `created_at`, `updated_at`, `province`, `city`, `county`, `town`, `detail`) VALUES (9672, '2022-01-05 22:09:32.980886', '2022-01-05 22:09:32.980886', '浙江省', '杭州市', '余杭区', '南苑街道', '宝联路住友嘉馨名园46号');
UPDATE `loan_customer` SET `created_at` = '2022-01-05 22:09:32.980886', `updated_at` = '2022-01-05 22:36:28.973946', `name` = '贺文宣', `id_number` = '797886818436298520', `gender` = 'm', `birthday` = '1987-10-09', `address_id` = 9672, `job_id` = 1991, `salary` = 14000 WHERE `loan_customer`.`id` = 6003;
INSERT INTO `loan_customer` (`id`, `created_at`, `updated_at`, `name`, `id_number`, `gender`, `birthday`, `address_id`, `job_id`, `salary`) VALUES (6003, '2022-01-05 22:09:32.980886', '2022-01-05 22:36:28.973946', '贺文宣', '797886818436298520', 'm', '1987-10-09', 9672, 1991, 14000);
UPDATE `loan_chattel` SET `created_at` = '2022-01-05 22:49:59.965847', `updated_at` = '2022-01-05 22:49:59.965847', `customer_id` = 6003, `type` = 'bond', `description` = '一些信息', `value_amount` = 20000, `expired_at` = '2026-07-14' WHERE `loan_chattel`.`id` = 1767;
INSERT INTO `loan_chattel` (`id`, `created_at`, `updated_at`, `customer_id`, `type`, `description`, `value_amount`, `expired_at`) VALUES (1767, '2022-01-05 22:49:59.965847', '2022-01-05 22:49:59.965847', 6003, 'bond', '一些信息', 20000, '2026-07-14');
UPDATE `loan_car` SET `created_at` = '2022-01-05 23:44:54.857556', `updated_at` = '2022-01-05 23:44:54.857556', `customer_id` = 6003, `model_id` = 259, `vin_number` = '770266029871899730', `date_produced` = '2019-10-05', `value_estimated` = 270000 WHERE `loan_car`.`id` = 4826;
INSERT INTO `loan_car` (`id`, `created_at`, `updated_at`, `customer_id`, `model_id`, `vin_number`, `date_produced`, `value_estimated`) VALUES (4826, '2022-01-05 23:44:54.857556', '2022-01-05 23:44:54.857556', 6003, 259, '770266029871899730', '2019-10-05', 270000);
UPDATE `loan_account` SET `created_at` = '2022-01-05 23:36:14.892147', `updated_at` = '2022-01-05 23:36:14.892147', `customer_id` = 6003, `number` = '076419902740469344', `balance` = 61559 WHERE `loan_account`.`id` = 5479;
INSERT INTO `loan_account` (`id`, `created_at`, `updated_at`, `customer_id`, `number`, `balance`) VALUES (5479, '2022-01-05 23:36:14.892147', '2022-01-05 23:36:14.892147', 6003, '076419902740469344', 61559);
UPDATE `loan_address` SET `created_at` = '2022-01-05 20:48:13.452172', `updated_at` = '2022-01-05 20:48:13.452172', `province` = '黑龙江省', `city` = '伊春市', `county` = '新青区', `town` = '红林经营所', `detail` = '包头路131号' WHERE `loan_address`.`id` = 9673;
INSERT INTO `loan_address` (`id`, `created_at`, `updated_at`, `province`, `city`, `county`, `town`, `detail`) VALUES (9673, '2022-01-05 20:48:13.452172', '2022-01-05 20:48:13.452172', '黑龙江省', '伊春市', '新青区', '红林经营所', '包头路131号');
UPDATE `loan_customer` SET `created_at` = '2022-01-05 20:48:13.452172', `updated_at` = '2022-01-05 23:31:59.045294', `name` = '蔡正业', `id_number` = '851399835812605999', `gender` = 'f', `birthday` = '1986-03-20', `address_id` = 9673, `job_id` = 1992, `salary` = 37000 WHERE `loan_customer`.`id` = 6004;
INSERT INTO `loan_customer` (`id`, `created_at`, `updated_at`, `name`, `id_number`, `gender`, `birthday`, `address_id`, `job_id`, `salary`) VALUES (6004, '2022-01-05 20:48:13.452172', '2022-01-05 23:31:59.045294', '蔡正业', '851399835812605999', 'f', '1986-03-20', 9673, 1992, 37000);
UPDATE `loan_address` SET `created_at` = '2022-01-05 23:52:25.972002', `updated_at` = '2022-01-05 23:52:25.972002', `province` = '安徽省', `city` = '宣城市', `county` = '宣州区', `town` = '洪林镇', `detail` = '白渡桥174号' WHERE `loan_address`.`id` = 9674;
INSERT INTO `loan_address` (`id`, `created_at`, `updated_at`, `province`, `city`, `county`, `town`, `detail`) VALUES (9674, '2022-01-05 23:52:25.972002', '2022-01-05 23:52:25.972002', '安徽省', '宣城市', '宣州区', '洪林镇', '白渡桥174号');
UPDATE `loan_estate` SET `created_at` = '2022-01-05 23:52:25.972002', `updated_at` = '2022-01-05 23:52:25.972002', `customer_id` = 6004, `address_id` = 9674 WHERE `loan_estate`.`id` = 3579;
INSERT INTO `loan_estate` (`id`, `created_at`, `updated_at`, `customer_id`, `address_id`) VALUES (3579, '2022-01-05 23:52:25.972002', '2022-01-05 23:52:25.972002', 6004, 9674);
UPDATE `loan_account` SET `created_at` = '2022-01-05 22:25:37.970765', `updated_at` = '2022-01-05 22:25:37.970765', `customer_id` = 6004, `number` = '338179332179574486', `balance` = 103196 WHERE `loan_account`.`id` = 5480;
INSERT INTO `loan_account` (`id`, `created_at`, `updated_at`, `customer_id`, `number`, `balance`) VALUES (5480, '2022-01-05 22:25:37.970765', '2022-01-05 22:25:37.970765', 6004, '338179332179574486', 103196);
UPDATE `loan_address` SET `created_at` = '2022-01-05 13:43:48.560725', `updated_at` = '2022-01-05 13:43:48.560725', `province` = '内蒙古自治区', `city` = '赤峰市', `county` = '巴林右旗', `town` = '巴彦琥硕镇', `detail` = '安福路和亭佳苑10号' WHERE `loan_address`.`id` = 9675;
INSERT INTO `loan_address` (`id`, `created_at`, `updated_at`, `province`, `city`, `county`, `town`, `detail`) VALUES (9675, '2022-01-05 13:43:48.560725', '2022-01-05 13:43:48.560725', '内蒙古自治区', '赤峰市', '巴林右旗', '巴彦琥硕镇', '安福路和亭佳苑10号');
UPDATE `loan_customer` SET `created_at` = '2022-01-05 13:43:48.560725', `updated_at` = '2022-01-05 13:43:48.560725', `name` = '蒋裕', `id_number` = '511833376948968913', `gender` = 'm', `birthday` = '1997-07-22', `address_id` = 9675, `job_id` = 1992, `salary` = 21000 WHERE `loan_customer`.`id` = 6005;
INSERT INTO `loan_customer` (`id`, `created_at`, `updated_at`, `name`, `id_number`, `gender`, `birthday`, `address_id`, `job_id`, `salary`) VALUES (6005, '2022-01-05 13:43:48.560725', '2022-01-05 13:43:48.560725', '蒋裕', '511833376948968913', 'm', '1997-07-22', 9675, 1992, 21000);
UPDATE `loan_address` SET `created_at` = '2022-01-05 16:08:35.745051', `updated_at` = '2022-01-05 16:08:35.745051', `province` = '云南省', `city` = '曲靖市', `county` = '会泽县', `town` = '大海乡', `detail` = '宝通路博泰新苑39号' WHERE `loan_address`.`id` = 9676;
INSERT INTO `loan_address` (`id`, `created_at`, `updated_at`, `province`, `city`, `county`, `town`, `detail`) VALUES (9676, '2022-01-05 16:08:35.745051', '2022-01-05 16:08:35.745051', '云南省', '曲靖市', '会泽县', '大海乡', '宝通路博泰新苑39号');
UPDATE `loan_estate` SET `created_at` = '2022-01-05 16:08:35.745051', `updated_at` = '2022-01-05 16:08:35.745051', `customer_id` = 6005, `address_id` = 9676 WHERE `loan_estate`.`id` = 3580;
INSERT INTO `loan_estate` (`id`, `created_at`, `updated_at`, `customer_id`, `address_id`) VALUES (3580, '2022-01-05 16:08:35.745051', '2022-01-05 16:08:35.745051', 6005, 9676);
UPDATE `loan_address` SET `created_at` = '2022-01-05 21:05:55.071880', `updated_at` = '2022-01-05 21:05:55.071880', `province` = '河南省', `city` = '平顶山市', `county` = '鲁山县', `town` = '熊背乡', `detail` = '宝源路141号' WHERE `loan_address`.`id` = 9677;
INSERT INTO `loan_address` (`id`, `created_at`, `updated_at`, `province`, `city`, `county`, `town`, `detail`) VALUES (9677, '2022-01-05 21:05:55.071880', '2022-01-05 21:05:55.071880', '河南省', '平顶山市', '鲁山县', '熊背乡', '宝源路141号');
UPDATE `loan_estate` SET `created_at` = '2022-01-05 21:05:55.071880', `updated_at` = '2022-01-05 21:05:55.071880', `customer_id` = 6005, `address_id` = 9677 WHERE `loan_estate`.`id` = 3581;
INSERT INTO `loan_estate` (`id`, `created_at`, `updated_at`, `customer_id`, `address_id`) VALUES (3581, '2022-01-05 21:05:55.071880', '2022-01-05 21:05:55.071880', 6005, 9677);
UPDATE `loan_car` SET `created_at` = '2022-01-05 15:28:21.006784', `updated_at` = '2022-01-05 22:40:33.404790', `customer_id` = 6005, `model_id` = 16, `vin_number` = '406761970005409904', `date_produced` = '2012-03-13', `value_estimated` = 120000 WHERE `loan_car`.`id` = 4827;
INSERT INTO `loan_car` (`id`, `created_at`, `updated_at`, `customer_id`, `model_id`, `vin_number`, `date_produced`, `value_estimated`) VALUES (4827, '2022-01-05 15:28:21.006784', '2022-01-05 22:40:33.404790', 6005, 16, '406761970005409904', '2012-03-13', 120000);
UPDATE `loan_car` SET `created_at` = '2022-01-05 17:36:30.264945', `updated_at` = '2022-01-05 19:16:16.761935', `customer_id` = 6005, `model_id` = 140, `vin_number` = '152333031542753351', `date_produced` = '2010-10-06', `value_estimated` = 330000 WHERE `loan_car`.`id` = 4828;
INSERT INTO `loan_car` (`id`, `created_at`, `updated_at`, `customer_id`, `model_id`, `vin_number`, `date_produced`, `value_estimated`) VALUES (4828, '2022-01-05 17:36:30.264945', '2022-01-05 19:16:16.761935', 6005, 140, '152333031542753351', '2010-10-06', 330000);
UPDATE `loan_account` SET `created_at` = '2022-01-05 21:23:57.689127', `updated_at` = '2022-01-05 21:23:57.689127', `customer_id` = 6005, `number` = '959923863851823496', `balance` = 108317 WHERE `loan_account`.`id` = 5481;
INSERT INTO `loan_account` (`id`, `created_at`, `updated_at`, `customer_id`, `number`, `balance`) VALUES (5481, '2022-01-05 21:23:57.689127', '2022-01-05 21:23:57.689127', 6005, '959923863851823496', 108317);
UPDATE `loan_address` SET `created_at` = '2022-01-05 12:49:26.637296', `updated_at` = '2022-01-05 12:49:26.637296', `province` = '新疆维吾尔自治区', `city` = '塔城地区', `county` = '乌苏市', `town` = '兵团一二八团', `detail` = '巴林路协通公寓32号' WHERE `loan_address`.`id` = 9678;
INSERT INTO `loan_address` (`id`, `created_at`, `updated_at`, `province`, `city`, `county`, `town`, `detail`) VALUES (9678, '2022-01-05 12:49:26.637296', '2022-01-05 12:49:26.637296', '新疆维吾尔自治区', '塔城地区', '乌苏市', '兵团一二八团', '巴林路协通公寓32号');
UPDATE `loan_customer` SET `created_at` = '2022-01-05 12:49:26.637296', `updated_at` = '2022-01-05 19:47:15.510257', `name` = '阎友蕊', `id_number` = '158472658257329276', `gender` = 'f', `birthday` = '1998-07-17', `address_id` = 9678, `job_id` = 1992, `salary` = 12000 WHERE `loan_customer`.`id` = 6006;
INSERT INTO `loan_customer` (`id`, `created_at`, `updated_at`, `name`, `id_number`, `gender`, `birthday`, `address_id`, `job_id`, `salary`) VALUES (6006, '2022-01-05 12:49:26.637296', '2022-01-05 19:47:15.510257', '阎友蕊', '158472658257329276', 'f', '1998-07-17', 9678, 1992, 12000);
UPDATE `loan_address` SET `created_at` = '2022-01-05 20:15:28.389451', `updated_at` = '2022-01-05 20:15:28.389451', `province` = '云南省', `city` = '楚雄彝族自治州', `county` = '武定县', `town` = '田心乡', `detail` = '安波路住友嘉馨名园136号' WHERE `loan_address`.`id` = 9679;
INSERT INTO `loan_address` (`id`, `created_at`, `updated_at`, `province`, `city`, `county`, `town`, `detail`) VALUES (9679, '2022-01-05 20:15:28.389451', '2022-01-05 20:15:28.389451', '云南省', '楚雄彝族自治州', '武定县', '田心乡', '安波路住友嘉馨名园136号');
UPDATE `loan_estate` SET `created_at` = '2022-01-05 20:15:28.389451', `updated_at` = '2022-01-05 20:15:28.389451', `customer_id` = 6006, `address_id` = 9679 WHERE `loan_estate`.`id` = 3582;
INSERT INTO `loan_estate` (`id`, `created_at`, `updated_at`, `customer_id`, `address_id`) VALUES (3582, '2022-01-05 20:15:28.389451', '2022-01-05 20:15:28.389451', 6006, 9679);
UPDATE `loan_address` SET `created_at` = '2022-01-05 04:20:31.076836', `updated_at` = '2022-01-05 04:20:31.076836', `province` = '江西省', `city` = '九江市', `county` = '湖口县', `town` = '城山镇', `detail` = '北艾路32号' WHERE `loan_address`.`id` = 9680;
INSERT INTO `loan_address` (`id`, `created_at`, `updated_at`, `province`, `city`, `county`, `town`, `detail`) VALUES (9680, '2022-01-05 04:20:31.076836', '2022-01-05 04:20:31.076836', '江西省', '九江市', '湖口县', '城山镇', '北艾路32号');
UPDATE `loan_customer` SET `created_at` = '2022-01-05 04:20:31.076836', `updated_at` = '2022-01-05 06:55:18.846776', `name` = '苏冉', `id_number` = '300482182463737929', `gender` = 'f', `birthday` = '2002-06-03', `address_id` = 9680, `job_id` = 1992, `salary` = 49000 WHERE `loan_customer`.`id` = 6007;
INSERT INTO `loan_customer` (`id`, `created_at`, `updated_at`, `name`, `id_number`, `gender`, `birthday`, `address_id`, `job_id`, `salary`) VALUES (6007, '2022-01-05 04:20:31.076836', '2022-01-05 06:55:18.846776', '苏冉', '300482182463737929', 'f', '2002-06-03', 9680, 1992, 49000);
UPDATE `loan_chattel` SET `created_at` = '2022-01-05 09:40:17.532660', `updated_at` = '2022-01-05 09:40:17.532660', `customer_id` = 6007, `type` = 'patent', `description` = '一些信息', `value_amount` = 270000, `expired_at` = '2020-06-02' WHERE `loan_chattel`.`id` = 1768;
INSERT INTO `loan_chattel` (`id`, `created_at`, `updated_at`, `customer_id`, `type`, `description`, `value_amount`, `expired_at`) VALUES (1768, '2022-01-05 09:40:17.532660', '2022-01-05 09:40:17.532660', 6007, 'patent', '一些信息', 270000, '2020-06-02');
UPDATE `loan_car` SET `created_at` = '2022-01-05 22:08:05.332341', `updated_at` = '2022-01-05 22:08:05.332341', `customer_id` = 6007, `model_id` = 189, `vin_number` = '242360587026871719', `date_produced` = '2010-09-17', `value_estimated` = 600000 WHERE `loan_car`.`id` = 4829;
INSERT INTO `loan_car` (`id`, `created_at`, `updated_at`, `customer_id`, `model_id`, `vin_number`, `date_produced`, `value_estimated`) VALUES (4829, '2022-01-05 22:08:05.332341', '2022-01-05 22:08:05.332341', 6007, 189, '242360587026871719', '2010-09-17', 600000);
UPDATE `loan_account` SET `created_at` = '2022-01-05 10:36:48.837130', `updated_at` = '2022-01-05 19:24:21.673503', `customer_id` = 6007, `number` = '232411229450602414', `balance` = 74078 WHERE `loan_account`.`id` = 5482;
INSERT INTO `loan_account` (`id`, `created_at`, `updated_at`, `customer_id`, `number`, `balance`) VALUES (5482, '2022-01-05 10:36:48.837130', '2022-01-05 19:24:21.673503', 6007, '232411229450602414', 74078);
UPDATE `loan_address` SET `created_at` = '2022-01-05 04:42:19.241617', `updated_at` = '2022-01-05 04:42:19.241617', `province` = '甘肃省', `city` = '兰州市', `county` = '城关区', `town` = '焦家湾街道', `detail` = '宝林路162号' WHERE `loan_address`.`id` = 9681;
INSERT INTO `loan_address` (`id`, `created_at`, `updated_at`, `province`, `city`, `county`, `town`, `detail`) VALUES (9681, '2022-01-05 04:42:19.241617', '2022-01-05 04:42:19.241617', '甘肃省', '兰州市', '城关区', '焦家湾街道', '宝林路162号');
UPDATE `loan_customer` SET `created_at` = '2022-01-05 04:42:19.241617', `updated_at` = '2022-01-05 11:10:21.984671', `name` = '曾清卓', `id_number` = '985737162338068937', `gender` = 'm', `birthday` = '1992-04-27', `address_id` = 9681, `job_id` = 1993, `salary` = 14000 WHERE `loan_customer`.`id` = 6008;
INSERT INTO `loan_customer` (`id`, `created_at`, `updated_at`, `name`, `id_number`, `gender`, `birthday`, `address_id`, `job_id`, `salary`) VALUES (6008, '2022-01-05 04:42:19.241617', '2022-01-05 11:10:21.984671', '曾清卓', '985737162338068937', 'm', '1992-04-27', 9681, 1993, 14000);
UPDATE `loan_account` SET `created_at` = '2022-01-05 07:09:55.200329', `updated_at` = '2022-01-05 07:09:55.200329', `customer_id` = 6008, `number` = '235608087624169888', `balance` = 0 WHERE `loan_account`.`id` = 5483;
INSERT INTO `loan_account` (`id`, `created_at`, `updated_at`, `customer_id`, `number`, `balance`) VALUES (5483, '2022-01-05 07:09:55.200329', '2022-01-05 07:09:55.200329', 6008, '235608087624169888', 0);
UPDATE `loan_address` SET `created_at` = '2022-01-05 15:50:06.053032', `updated_at` = '2022-01-05 15:50:06.053032', `province` = '吉林省', `city` = '通化市', `county` = '梅河口市', `town` = '中和镇', `detail` = '保屯路溢盈河畔别墅126号' WHERE `loan_address`.`id` = 9682;
INSERT INTO `loan_address` (`id`, `created_at`, `updated_at`, `province`, `city`, `county`, `town`, `detail`) VALUES (9682, '2022-01-05 15:50:06.053032', '2022-01-05 15:50:06.053032', '吉林省', '通化市', '梅河口市', '中和镇', '保屯路溢盈河畔别墅126号');
UPDATE `loan_customer` SET `created_at` = '2022-01-05 15:50:06.053032', `updated_at` = '2022-01-05 21:39:06.830753', `name` = '王婷雯', `id_number` = '955639174396084652', `gender` = 'm', `birthday` = '2007-03-04', `address_id` = 9682, `job_id` = 1993, `salary` = 5000 WHERE `loan_customer`.`id` = 6009;
INSERT INTO `loan_customer` (`id`, `created_at`, `updated_at`, `name`, `id_number`, `gender`, `birthday`, `address_id`, `job_id`, `salary`) VALUES (6009, '2022-01-05 15:50:06.053032', '2022-01-05 21:39:06.830753', '王婷雯', '955639174396084652', 'm', '2007-03-04', 9682, 1993, 5000);
UPDATE `loan_address` SET `created_at` = '2022-01-05 17:29:26.087183', `updated_at` = '2022-01-05 17:29:26.087183', `province` = '吉林省', `city` = '辽源市', `county` = '东丰县', `town` = '三合满族朝鲜族乡', `detail` = '安国路47号' WHERE `loan_address`.`id` = 9683;
INSERT INTO `loan_address` (`id`, `created_at`, `updated_at`, `province`, `city`, `county`, `town`, `detail`) VALUES (9683, '2022-01-05 17:29:26.087183', '2022-01-05 17:29:26.087183', '吉林省', '辽源市', '东丰县', '三合满族朝鲜族乡', '安国路47号');
UPDATE `loan_estate` SET `created_at` = '2022-01-05 17:29:26.087183', `updated_at` = '2022-01-05 19:36:51.336453', `customer_id` = 6009, `address_id` = 9683 WHERE `loan_estate`.`id` = 3583;
INSERT INTO `loan_estate` (`id`, `created_at`, `updated_at`, `customer_id`, `address_id`) VALUES (3583, '2022-01-05 17:29:26.087183', '2022-01-05 19:36:51.336453', 6009, 9683);
UPDATE `loan_car` SET `created_at` = '2022-01-05 22:00:02.711547', `updated_at` = '2022-01-05 22:00:02.711547', `customer_id` = 6009, `model_id` = 80, `vin_number` = '998572644382525998', `date_produced` = '2019-11-02', `value_estimated` = 170000 WHERE `loan_car`.`id` = 4830;
INSERT INTO `loan_car` (`id`, `created_at`, `updated_at`, `customer_id`, `model_id`, `vin_number`, `date_produced`, `value_estimated`) VALUES (4830, '2022-01-05 22:00:02.711547', '2022-01-05 22:00:02.711547', 6009, 80, '998572644382525998', '2019-11-02', 170000);
UPDATE `loan_car` SET `created_at` = '2022-01-05 19:31:53.520242', `updated_at` = '2022-01-05 19:31:53.520242', `customer_id` = 6009, `model_id` = 195, `vin_number` = '122613293660724974', `date_produced` = '2010-07-01', `value_estimated` = 40000 WHERE `loan_car`.`id` = 4831;
INSERT INTO `loan_car` (`id`, `created_at`, `updated_at`, `customer_id`, `model_id`, `vin_number`, `date_produced`, `value_estimated`) VALUES (4831, '2022-01-05 19:31:53.520242', '2022-01-05 19:31:53.520242', 6009, 195, '122613293660724974', '2010-07-01', 40000);
UPDATE `loan_account` SET `created_at` = '2022-01-05 21:09:12.239193', `updated_at` = '2022-01-05 21:09:12.239193', `customer_id` = 6009, `number` = '999156299141873047', `balance` = 121887 WHERE `loan_account`.`id` = 5484;
INSERT INTO `loan_account` (`id`, `created_at`, `updated_at`, `customer_id`, `number`, `balance`) VALUES (5484, '2022-01-05 21:09:12.239193', '2022-01-05 21:09:12.239193', 6009, '999156299141873047', 121887);
UPDATE `loan_address` SET `created_at` = '2022-01-05 11:42:55.382299', `updated_at` = '2022-01-05 11:42:55.382299', `province` = '山东省', `city` = '青岛市', `county` = '平度市', `town` = '店子镇', `detail` = '安边路78号' WHERE `loan_address`.`id` = 9684;
INSERT INTO `loan_address` (`id`, `created_at`, `updated_at`, `province`, `city`, `county`, `town`, `detail`) VALUES (9684, '2022-01-05 11:42:55.382299', '2022-01-05 11:42:55.382299', '山东省', '青岛市', '平度市', '店子镇', '安边路78号');
UPDATE `loan_customer` SET `created_at` = '2022-01-05 11:42:55.382299', `updated_at` = '2022-01-05 11:42:55.382299', `name` = '顾志国', `id_number` = '557956879761586227', `gender` = 'f', `birthday` = '1999-03-19', `address_id` = 9684, `job_id` = 1994, `salary` = 46000 WHERE `loan_customer`.`id` = 6010;
INSERT INTO `loan_customer` (`id`, `created_at`, `updated_at`, `name`, `id_number`, `gender`, `birthday`, `address_id`, `job_id`, `salary`) VALUES (6010, '2022-01-05 11:42:55.382299', '2022-01-05 11:42:55.382299', '顾志国', '557956879761586227', 'f', '1999-03-19', 9684, 1994, 46000);
UPDATE `loan_car` SET `created_at` = '2022-01-05 12:53:48.464058', `updated_at` = '2022-01-05 13:14:43.838646', `customer_id` = 6010, `model_id` = 103, `vin_number` = '401810809158986976', `date_produced` = '2019-02-11', `value_estimated` = 430000 WHERE `loan_car`.`id` = 4832;
INSERT INTO `loan_car` (`id`, `created_at`, `updated_at`, `customer_id`, `model_id`, `vin_number`, `date_produced`, `value_estimated`) VALUES (4832, '2022-01-05 12:53:48.464058', '2022-01-05 13:14:43.838646', 6010, 103, '401810809158986976', '2019-02-11', 430000);
UPDATE `loan_account` SET `created_at` = '2022-01-05 14:00:52.219677', `updated_at` = '2022-01-05 14:00:52.219677', `customer_id` = 6010, `number` = '396941128941654231', `balance` = 38103 WHERE `loan_account`.`id` = 5485;
INSERT INTO `loan_account` (`id`, `created_at`, `updated_at`, `customer_id`, `number`, `balance`) VALUES (5485, '2022-01-05 14:00:52.219677', '2022-01-05 14:00:52.219677', 6010, '396941128941654231', 38103);
UPDATE `loan_address` SET `created_at` = '2022-01-05 01:06:28.542592', `updated_at` = '2022-01-05 01:06:28.542592', `province` = '陕西省', `city` = '榆林市', `county` = '佳县', `town` = '木头峪镇', `detail` = '保德路76号' WHERE `loan_address`.`id` = 9685;
INSERT INTO `loan_address` (`id`, `created_at`, `updated_at`, `province`, `city`, `county`, `town`, `detail`) VALUES (9685, '2022-01-05 01:06:28.542592', '2022-01-05 01:06:28.542592', '陕西省', '榆林市', '佳县', '木头峪镇', '保德路76号');
UPDATE `loan_customer` SET `created_at` = '2022-01-05 01:06:28.542592', `updated_at` = '2022-01-05 12:21:52.861496', `name` = '阎玟', `id_number` = '310556232588469553', `gender` = 'm', `birthday` = '1989-03-16', `address_id` = 9685, `job_id` = 1994, `salary` = 2000 WHERE `loan_customer`.`id` = 6011;
INSERT INTO `loan_customer` (`id`, `created_at`, `updated_at`, `name`, `id_number`, `gender`, `birthday`, `address_id`, `job_id`, `salary`) VALUES (6011, '2022-01-05 01:06:28.542592', '2022-01-05 12:21:52.861496', '阎玟', '310556232588469553', 'm', '1989-03-16', 9685, 1994, 2000);
UPDATE `loan_address` SET `created_at` = '2022-01-05 21:22:38.553533', `updated_at` = '2022-01-05 21:22:38.553533', `province` = '陕西省', `city` = '汉中市', `county` = '汉台区', `town` = '老君镇', `detail` = '安化路191号' WHERE `loan_address`.`id` = 9686;
INSERT INTO `loan_address` (`id`, `created_at`, `updated_at`, `province`, `city`, `county`, `town`, `detail`) VALUES (9686, '2022-01-05 21:22:38.553533', '2022-01-05 21:22:38.553533', '陕西省', '汉中市', '汉台区', '老君镇', '安化路191号');
UPDATE `loan_estate` SET `created_at` = '2022-01-05 21:22:38.553533', `updated_at` = '2022-01-05 21:22:38.553533', `customer_id` = 6011, `address_id` = 9686 WHERE `loan_estate`.`id` = 3584;
INSERT INTO `loan_estate` (`id`, `created_at`, `updated_at`, `customer_id`, `address_id`) VALUES (3584, '2022-01-05 21:22:38.553533', '2022-01-05 21:22:38.553533', 6011, 9686);
UPDATE `loan_address` SET `created_at` = '2022-01-05 02:48:53.178180', `updated_at` = '2022-01-05 02:48:53.178180', `province` = '新疆维吾尔自治区', `city` = '喀什地区', `county` = '麦盖提县', `town` = '麦盖提镇', `detail` = '宝林路东新大厦177号' WHERE `loan_address`.`id` = 9687;
INSERT INTO `loan_address` (`id`, `created_at`, `updated_at`, `province`, `city`, `county`, `town`, `detail`) VALUES (9687, '2022-01-05 02:48:53.178180', '2022-01-05 02:48:53.178180', '新疆维吾尔自治区', '喀什地区', '麦盖提县', '麦盖提镇', '宝林路东新大厦177号');
UPDATE `loan_estate` SET `created_at` = '2022-01-05 02:48:53.178180', `updated_at` = '2022-01-05 02:48:53.178180', `customer_id` = 6011, `address_id` = 9687 WHERE `loan_estate`.`id` = 3585;
INSERT INTO `loan_estate` (`id`, `created_at`, `updated_at`, `customer_id`, `address_id`) VALUES (3585, '2022-01-05 02:48:53.178180', '2022-01-05 02:48:53.178180', 6011, 9687);
UPDATE `loan_account` SET `created_at` = '2022-01-05 21:57:05.936211', `updated_at` = '2022-01-05 23:42:30.678924', `customer_id` = 6011, `number` = '995949868975712229', `balance` = 0 WHERE `loan_account`.`id` = 5486;
INSERT INTO `loan_account` (`id`, `created_at`, `updated_at`, `customer_id`, `number`, `balance`) VALUES (5486, '2022-01-05 21:57:05.936211', '2022-01-05 23:42:30.678924', 6011, '995949868975712229', 0);
UPDATE `loan_address` SET `created_at` = '2022-01-05 07:06:00.337303', `updated_at` = '2022-01-05 07:06:00.337303', `province` = '新疆维吾尔自治区', `city` = '喀什地区', `county` = '麦盖提县', `town` = '麦盖提镇', `detail` = '白渡路95号' WHERE `loan_address`.`id` = 9688;
INSERT INTO `loan_address` (`id`, `created_at`, `updated_at`, `province`, `city`, `county`, `town`, `detail`) VALUES (9688, '2022-01-05 07:06:00.337303', '2022-01-05 07:06:00.337303', '新疆维吾尔自治区', '喀什地区', '麦盖提县', '麦盖提镇', '白渡路95号');
UPDATE `loan_customer` SET `created_at` = '2022-01-05 07:06:00.337303', `updated_at` = '2022-01-05 07:06:00.337303', `name` = '杨欣可', `id_number` = '398234344741287082', `gender` = 'f', `birthday` = '2009-06-28', `address_id` = 9688, `job_id` = 1994, `salary` = 12000 WHERE `loan_customer`.`id` = 6012;
INSERT INTO `loan_customer` (`id`, `created_at`, `updated_at`, `name`, `id_number`, `gender`, `birthday`, `address_id`, `job_id`, `salary`) VALUES (6012, '2022-01-05 07:06:00.337303', '2022-01-05 07:06:00.337303', '杨欣可', '398234344741287082', 'f', '2009-06-28', 9688, 1994, 12000);
UPDATE `loan_chattel` SET `created_at` = '2022-01-05 09:27:51.051747', `updated_at` = '2022-01-05 16:02:58.685685', `customer_id` = 6012, `type` = 'deposit', `description` = '一些信息', `value_amount` = 90000, `expired_at` = '2027-08-03' WHERE `loan_chattel`.`id` = 1769;
INSERT INTO `loan_chattel` (`id`, `created_at`, `updated_at`, `customer_id`, `type`, `description`, `value_amount`, `expired_at`) VALUES (1769, '2022-01-05 09:27:51.051747', '2022-01-05 16:02:58.685685', 6012, 'deposit', '一些信息', 90000, '2027-08-03');
UPDATE `loan_address` SET `created_at` = '2022-01-05 16:14:21.834903', `updated_at` = '2022-01-05 16:14:21.834903', `province` = '江西省', `city` = '九江市', `county` = '永修县', `town` = '云山企业集团', `detail` = '澳门路85号' WHERE `loan_address`.`id` = 9689;
INSERT INTO `loan_address` (`id`, `created_at`, `updated_at`, `province`, `city`, `county`, `town`, `detail`) VALUES (9689, '2022-01-05 16:14:21.834903', '2022-01-05 16:14:21.834903', '江西省', '九江市', '永修县', '云山企业集团', '澳门路85号');
UPDATE `loan_estate` SET `created_at` = '2022-01-05 16:14:21.834903', `updated_at` = '2022-01-05 16:14:21.834903', `customer_id` = 6012, `address_id` = 9689 WHERE `loan_estate`.`id` = 3586;
INSERT INTO `loan_estate` (`id`, `created_at`, `updated_at`, `customer_id`, `address_id`) VALUES (3586, '2022-01-05 16:14:21.834903', '2022-01-05 16:14:21.834903', 6012, 9689);
UPDATE `loan_account` SET `created_at` = '2022-01-05 20:30:04.284378', `updated_at` = '2022-01-05 20:30:04.284378', `customer_id` = 6012, `number` = '878264266365941136', `balance` = 38705 WHERE `loan_account`.`id` = 5487;
INSERT INTO `loan_account` (`id`, `created_at`, `updated_at`, `customer_id`, `number`, `balance`) VALUES (5487, '2022-01-05 20:30:04.284378', '2022-01-05 20:30:04.284378', 6012, '878264266365941136', 38705);
UPDATE `loan_address` SET `created_at` = '2022-01-05 00:06:19.750882', `updated_at` = '2022-01-05 00:06:19.750882', `province` = '江西省', `city` = '九江市', `county` = '永修县', `town` = '云山企业集团', `detail` = '宝祁路197号' WHERE `loan_address`.`id` = 9690;
INSERT INTO `loan_address` (`id`, `created_at`, `updated_at`, `province`, `city`, `county`, `town`, `detail`) VALUES (9690, '2022-01-05 00:06:19.750882', '2022-01-05 00:06:19.750882', '江西省', '九江市', '永修县', '云山企业集团', '宝祁路197号');
UPDATE `loan_customer` SET `created_at` = '2022-01-05 00:06:19.750882', `updated_at` = '2022-01-05 22:01:35.980395', `name` = '史千易', `id_number` = '002754808064109810', `gender` = 'm', `birthday` = '2007-10-01', `address_id` = 9690, `job_id` = 1995, `salary` = 24000 WHERE `loan_customer`.`id` = 6013;
INSERT INTO `loan_customer` (`id`, `created_at`, `updated_at`, `name`, `id_number`, `gender`, `birthday`, `address_id`, `job_id`, `salary`) VALUES (6013, '2022-01-05 00:06:19.750882', '2022-01-05 22:01:35.980395', '史千易', '002754808064109810', 'm', '2007-10-01', 9690, 1995, 24000);
UPDATE `loan_address` SET `created_at` = '2022-01-05 12:29:54.777978', `updated_at` = '2022-01-05 12:29:54.777978', `province` = '新疆维吾尔自治区', `city` = '伊犁哈萨克自治州', `county` = '昭苏县', `town` = '察汗乌苏蒙古族乡', `detail` = '宝昌路耀江花园23号' WHERE `loan_address`.`id` = 9691;
INSERT INTO `loan_address` (`id`, `created_at`, `updated_at`, `province`, `city`, `county`, `town`, `detail`) VALUES (9691, '2022-01-05 12:29:54.777978', '2022-01-05 12:29:54.777978', '新疆维吾尔自治区', '伊犁哈萨克自治州', '昭苏县', '察汗乌苏蒙古族乡', '宝昌路耀江花园23号');
UPDATE `loan_estate` SET `created_at` = '2022-01-05 12:29:54.777978', `updated_at` = '2022-01-05 16:16:51.759764', `customer_id` = 6013, `address_id` = 9691 WHERE `loan_estate`.`id` = 3587;
INSERT INTO `loan_estate` (`id`, `created_at`, `updated_at`, `customer_id`, `address_id`) VALUES (3587, '2022-01-05 12:29:54.777978', '2022-01-05 16:16:51.759764', 6013, 9691);
UPDATE `loan_account` SET `created_at` = '2022-01-05 15:57:49.808894', `updated_at` = '2022-01-05 23:12:12.760613', `customer_id` = 6013, `number` = '703818479937276574', `balance` = 31496 WHERE `loan_account`.`id` = 5488;
INSERT INTO `loan_account` (`id`, `created_at`, `updated_at`, `customer_id`, `number`, `balance`) VALUES (5488, '2022-01-05 15:57:49.808894', '2022-01-05 23:12:12.760613', 6013, '703818479937276574', 31496);
UPDATE `loan_address` SET `created_at` = '2022-01-05 09:40:07.300815', `updated_at` = '2022-01-05 09:40:07.300815', `province` = '青海省', `city` = '玉树藏族自治州', `county` = '称多县', `town` = '拉布乡', `detail` = '巴林路199号' WHERE `loan_address`.`id` = 9692;
INSERT INTO `loan_address` (`id`, `created_at`, `updated_at`, `province`, `city`, `county`, `town`, `detail`) VALUES (9692, '2022-01-05 09:40:07.300815', '2022-01-05 09:40:07.300815', '青海省', '玉树藏族自治州', '称多县', '拉布乡', '巴林路199号');
UPDATE `loan_customer` SET `created_at` = '2022-01-05 09:40:07.300815', `updated_at` = '2022-01-05 10:43:47.471191', `name` = '任玮', `id_number` = '216170077792339950', `gender` = 'm', `birthday` = '1998-01-10', `address_id` = 9692, `job_id` = 1995, `salary` = 15000 WHERE `loan_customer`.`id` = 6014;
INSERT INTO `loan_customer` (`id`, `created_at`, `updated_at`, `name`, `id_number`, `gender`, `birthday`, `address_id`, `job_id`, `salary`) VALUES (6014, '2022-01-05 09:40:07.300815', '2022-01-05 10:43:47.471191', '任玮', '216170077792339950', 'm', '1998-01-10', 9692, 1995, 15000);
UPDATE `loan_car` SET `created_at` = '2022-01-05 14:46:24.125577', `updated_at` = '2022-01-05 14:46:24.125577', `customer_id` = 6014, `model_id` = 15, `vin_number` = '147617344904972516', `date_produced` = '2012-10-16', `value_estimated` = 50000 WHERE `loan_car`.`id` = 4833;
INSERT INTO `loan_car` (`id`, `created_at`, `updated_at`, `customer_id`, `model_id`, `vin_number`, `date_produced`, `value_estimated`) VALUES (4833, '2022-01-05 14:46:24.125577', '2022-01-05 14:46:24.125577', 6014, 15, '147617344904972516', '2012-10-16', 50000);
UPDATE `loan_car` SET `created_at` = '2022-01-05 18:19:04.252959', `updated_at` = '2022-01-05 18:19:04.252959', `customer_id` = 6014, `model_id` = 280, `vin_number` = '126975591196265560', `date_produced` = '2013-08-10', `value_estimated` = 550000 WHERE `loan_car`.`id` = 4834;
INSERT INTO `loan_car` (`id`, `created_at`, `updated_at`, `customer_id`, `model_id`, `vin_number`, `date_produced`, `value_estimated`) VALUES (4834, '2022-01-05 18:19:04.252959', '2022-01-05 18:19:04.252959', 6014, 280, '126975591196265560', '2013-08-10', 550000);
UPDATE `loan_account` SET `created_at` = '2022-01-05 16:50:30.559517', `updated_at` = '2022-01-05 17:33:40.714797', `customer_id` = 6014, `number` = '906329245576467778', `balance` = 12743 WHERE `loan_account`.`id` = 5489;
INSERT INTO `loan_account` (`id`, `created_at`, `updated_at`, `customer_id`, `number`, `balance`) VALUES (5489, '2022-01-05 16:50:30.559517', '2022-01-05 17:33:40.714797', 6014, '906329245576467778', 12743);
UPDATE `loan_address` SET `created_at` = '2022-01-05 01:16:06.480281', `updated_at` = '2022-01-05 01:16:06.480281', `province` = '辽宁省', `city` = '铁岭市', `county` = '昌图县', `town` = '通江口镇', `detail` = '白城南路59号' WHERE `loan_address`.`id` = 9693;
INSERT INTO `loan_address` (`id`, `created_at`, `updated_at`, `province`, `city`, `county`, `town`, `detail`) VALUES (9693, '2022-01-05 01:16:06.480281', '2022-01-05 01:16:06.480281', '辽宁省', '铁岭市', '昌图县', '通江口镇', '白城南路59号');
UPDATE `loan_customer` SET `created_at` = '2022-01-05 01:16:06.480281', `updated_at` = '2022-01-05 05:18:06.927995', `name` = '乔飞尘', `id_number` = '166285643540516487', `gender` = 'f', `birthday` = '2001-05-29', `address_id` = 9693, `job_id` = 1995, `salary` = 26000 WHERE `loan_customer`.`id` = 6015;
INSERT INTO `loan_customer` (`id`, `created_at`, `updated_at`, `name`, `id_number`, `gender`, `birthday`, `address_id`, `job_id`, `salary`) VALUES (6015, '2022-01-05 01:16:06.480281', '2022-01-05 05:18:06.927995', '乔飞尘', '166285643540516487', 'f', '2001-05-29', 9693, 1995, 26000);
UPDATE `loan_chattel` SET `created_at` = '2022-01-05 02:08:46.480370', `updated_at` = '2022-01-05 02:08:46.480370', `customer_id` = 6015, `type` = 'trademark', `description` = '一些信息', `value_amount` = 590000, `expired_at` = '2030-08-21' WHERE `loan_chattel`.`id` = 1770;
INSERT INTO `loan_chattel` (`id`, `created_at`, `updated_at`, `customer_id`, `type`, `description`, `value_amount`, `expired_at`) VALUES (1770, '2022-01-05 02:08:46.480370', '2022-01-05 02:08:46.480370', 6015, 'trademark', '一些信息', 590000, '2030-08-21');
UPDATE `loan_address` SET `created_at` = '2022-01-05 08:13:12.295120', `updated_at` = '2022-01-05 08:13:12.295120', `province` = '新疆维吾尔自治区', `city` = '伊犁哈萨克自治州', `county` = '昭苏县', `town` = '察汗乌苏蒙古族乡', `detail` = '宝安公路38号' WHERE `loan_address`.`id` = 9694;
INSERT INTO `loan_address` (`id`, `created_at`, `updated_at`, `province`, `city`, `county`, `town`, `detail`) VALUES (9694, '2022-01-05 08:13:12.295120', '2022-01-05 08:13:12.295120', '新疆维吾尔自治区', '伊犁哈萨克自治州', '昭苏县', '察汗乌苏蒙古族乡', '宝安公路38号');
UPDATE `loan_estate` SET `created_at` = '2022-01-05 08:13:12.295120', `updated_at` = '2022-01-05 08:13:12.295120', `customer_id` = 6015, `address_id` = 9694 WHERE `loan_estate`.`id` = 3588;
INSERT INTO `loan_estate` (`id`, `created_at`, `updated_at`, `customer_id`, `address_id`) VALUES (3588, '2022-01-05 08:13:12.295120', '2022-01-05 08:13:12.295120', 6015, 9694);
UPDATE `loan_address` SET `created_at` = '2022-01-05 02:51:28.600338', `updated_at` = '2022-01-05 02:51:28.600338', `province` = '湖南省', `city` = '永州市', `county` = '冷水滩区', `town` = '高溪市镇', `detail` = '保德路和亭佳苑124号' WHERE `loan_address`.`id` = 9695;
INSERT INTO `loan_address` (`id`, `created_at`, `updated_at`, `province`, `city`, `county`, `town`, `detail`) VALUES (9695, '2022-01-05 02:51:28.600338', '2022-01-05 02:51:28.600338', '湖南省', '永州市', '冷水滩区', '高溪市镇', '保德路和亭佳苑124号');
UPDATE `loan_estate` SET `created_at` = '2022-01-05 02:51:28.600338', `updated_at` = '2022-01-05 02:51:28.600338', `customer_id` = 6015, `address_id` = 9695 WHERE `loan_estate`.`id` = 3589;
INSERT INTO `loan_estate` (`id`, `created_at`, `updated_at`, `customer_id`, `address_id`) VALUES (3589, '2022-01-05 02:51:28.600338', '2022-01-05 02:51:28.600338', 6015, 9695);
UPDATE `loan_car` SET `created_at` = '2022-01-05 06:32:19.052801', `updated_at` = '2022-01-05 23:11:23.278826', `customer_id` = 6015, `model_id` = 217, `vin_number` = '398398176434964971', `date_produced` = '2010-05-26', `value_estimated` = 280000 WHERE `loan_car`.`id` = 4835;
INSERT INTO `loan_car` (`id`, `created_at`, `updated_at`, `customer_id`, `model_id`, `vin_number`, `date_produced`, `value_estimated`) VALUES (4835, '2022-01-05 06:32:19.052801', '2022-01-05 23:11:23.278826', 6015, 217, '398398176434964971', '2010-05-26', 280000);
UPDATE `loan_account` SET `created_at` = '2022-01-05 18:53:02.022268', `updated_at` = '2022-01-05 18:53:02.022268', `customer_id` = 6015, `number` = '877884760729876158', `balance` = 0 WHERE `loan_account`.`id` = 5490;
INSERT INTO `loan_account` (`id`, `created_at`, `updated_at`, `customer_id`, `number`, `balance`) VALUES (5490, '2022-01-05 18:53:02.022268', '2022-01-05 18:53:02.022268', 6015, '877884760729876158', 0);
UPDATE `loan_address` SET `created_at` = '2022-01-05 10:13:19.202958', `updated_at` = '2022-01-05 10:13:19.202958', `province` = '浙江省', `city` = '嘉兴市', `county` = '平湖市', `town` = '当湖街道', `detail` = '包头路菊园五街坊130号' WHERE `loan_address`.`id` = 9696;
INSERT INTO `loan_address` (`id`, `created_at`, `updated_at`, `province`, `city`, `county`, `town`, `detail`) VALUES (9696, '2022-01-05 10:13:19.202958', '2022-01-05 10:13:19.202958', '浙江省', '嘉兴市', '平湖市', '当湖街道', '包头路菊园五街坊130号');
UPDATE `loan_customer` SET `created_at` = '2022-01-05 10:13:19.202958', `updated_at` = '2022-01-05 14:56:24.951985', `name` = '钱欣', `id_number` = '852348727878931005', `gender` = 'f', `birthday` = '1987-10-28', `address_id` = 9696, `job_id` = 1995, `salary` = 32000 WHERE `loan_customer`.`id` = 6016;
INSERT INTO `loan_customer` (`id`, `created_at`, `updated_at`, `name`, `id_number`, `gender`, `birthday`, `address_id`, `job_id`, `salary`) VALUES (6016, '2022-01-05 10:13:19.202958', '2022-01-05 14:56:24.951985', '钱欣', '852348727878931005', 'f', '1987-10-28', 9696, 1995, 32000);
UPDATE `loan_car` SET `created_at` = '2022-01-05 13:58:49.581123', `updated_at` = '2022-01-05 19:18:13.782672', `customer_id` = 6016, `model_id` = 8, `vin_number` = '967422361170940046', `date_produced` = '2013-10-18', `value_estimated` = 760000 WHERE `loan_car`.`id` = 4836;
INSERT INTO `loan_car` (`id`, `created_at`, `updated_at`, `customer_id`, `model_id`, `vin_number`, `date_produced`, `value_estimated`) VALUES (4836, '2022-01-05 13:58:49.581123', '2022-01-05 19:18:13.782672', 6016, 8, '967422361170940046', '2013-10-18', 760000);
UPDATE `loan_address` SET `created_at` = '2022-01-05 00:48:05.696242', `updated_at` = '2022-01-05 00:48:05.696242', `province` = '云南省', `city` = '楚雄彝族自治州', `county` = '武定县', `town` = '田心乡', `detail` = '鞍山路13号' WHERE `loan_address`.`id` = 9697;
INSERT INTO `loan_address` (`id`, `created_at`, `updated_at`, `province`, `city`, `county`, `town`, `detail`) VALUES (9697, '2022-01-05 00:48:05.696242', '2022-01-05 00:48:05.696242', '云南省', '楚雄彝族自治州', '武定县', '田心乡', '鞍山路13号');
UPDATE `loan_customer` SET `created_at` = '2022-01-05 00:48:05.696242', `updated_at` = '2022-01-05 07:24:34.018018', `name` = '秦秀', `id_number` = '588203176231261465', `gender` = 'm', `birthday` = '1996-09-08', `address_id` = 9697, `job_id` = 1995, `salary` = 24000 WHERE `loan_customer`.`id` = 6017;
INSERT INTO `loan_customer` (`id`, `created_at`, `updated_at`, `name`, `id_number`, `gender`, `birthday`, `address_id`, `job_id`, `salary`) VALUES (6017, '2022-01-05 00:48:05.696242', '2022-01-05 07:24:34.018018', '秦秀', '588203176231261465', 'm', '1996-09-08', 9697, 1995, 24000);
UPDATE `loan_chattel` SET `created_at` = '2022-01-05 13:20:11.694304', `updated_at` = '2022-01-05 14:29:05.273837', `customer_id` = 6017, `type` = 'promissory_note', `description` = '一些信息', `value_amount` = 30000, `expired_at` = '2023-08-21' WHERE `loan_chattel`.`id` = 1771;
INSERT INTO `loan_chattel` (`id`, `created_at`, `updated_at`, `customer_id`, `type`, `description`, `value_amount`, `expired_at`) VALUES (1771, '2022-01-05 13:20:11.694304', '2022-01-05 14:29:05.273837', 6017, 'promissory_note', '一些信息', 30000, '2023-08-21');
UPDATE `loan_address` SET `created_at` = '2022-01-05 05:55:58.517553', `updated_at` = '2022-01-05 05:55:58.517553', `province` = '江苏省', `city` = '连云港市', `county` = '连云区', `town` = '板桥街道', `detail` = '保定路协通公寓154号' WHERE `loan_address`.`id` = 9698;
INSERT INTO `loan_address` (`id`, `created_at`, `updated_at`, `province`, `city`, `county`, `town`, `detail`) VALUES (9698, '2022-01-05 05:55:58.517553', '2022-01-05 05:55:58.517553', '江苏省', '连云港市', '连云区', '板桥街道', '保定路协通公寓154号');
UPDATE `loan_estate` SET `created_at` = '2022-01-05 05:55:58.517553', `updated_at` = '2022-01-05 05:55:58.517553', `customer_id` = 6017, `address_id` = 9698 WHERE `loan_estate`.`id` = 3590;
INSERT INTO `loan_estate` (`id`, `created_at`, `updated_at`, `customer_id`, `address_id`) VALUES (3590, '2022-01-05 05:55:58.517553', '2022-01-05 05:55:58.517553', 6017, 9698);
UPDATE `loan_account` SET `created_at` = '2022-01-05 18:18:28.624912', `updated_at` = '2022-01-05 21:13:15.497579', `customer_id` = 6017, `number` = '049990596732195381', `balance` = 61322 WHERE `loan_account`.`id` = 5491;
INSERT INTO `loan_account` (`id`, `created_at`, `updated_at`, `customer_id`, `number`, `balance`) VALUES (5491, '2022-01-05 18:18:28.624912', '2022-01-05 21:13:15.497579', 6017, '049990596732195381', 61322);
UPDATE `loan_address` SET `created_at` = '2022-01-05 23:55:41.201277', `updated_at` = '2022-01-05 23:55:41.201277', `province` = '广东省', `city` = '茂名市', `county` = '电白区', `town` = '曙光农场', `detail` = '安福路住友嘉馨名园41号' WHERE `loan_address`.`id` = 9699;
INSERT INTO `loan_address` (`id`, `created_at`, `updated_at`, `province`, `city`, `county`, `town`, `detail`) VALUES (9699, '2022-01-05 23:55:41.201277', '2022-01-05 23:55:41.201277', '广东省', '茂名市', '电白区', '曙光农场', '安福路住友嘉馨名园41号');
UPDATE `loan_customer` SET `created_at` = '2022-01-05 23:55:41.201277', `updated_at` = '2022-01-05 23:58:59.461706', `name` = '丁晋', `id_number` = '428252425908355370', `gender` = 'm', `birthday` = '1983-03-24', `address_id` = 9699, `job_id` = 1996, `salary` = 41000 WHERE `loan_customer`.`id` = 6018;
INSERT INTO `loan_customer` (`id`, `created_at`, `updated_at`, `name`, `id_number`, `gender`, `birthday`, `address_id`, `job_id`, `salary`) VALUES (6018, '2022-01-05 23:55:41.201277', '2022-01-05 23:58:59.461706', '丁晋', '428252425908355370', 'm', '1983-03-24', 9699, 1996, 41000);
UPDATE `loan_address` SET `created_at` = '2022-01-05 23:58:46.091689', `updated_at` = '2022-01-05 23:58:46.091689', `province` = '甘肃省', `city` = '临夏回族自治州', `county` = '康乐县', `town` = '草滩乡', `detail` = '安德路爱里舍花园86号' WHERE `loan_address`.`id` = 9700;
INSERT INTO `loan_address` (`id`, `created_at`, `updated_at`, `province`, `city`, `county`, `town`, `detail`) VALUES (9700, '2022-01-05 23:58:46.091689', '2022-01-05 23:58:46.091689', '甘肃省', '临夏回族自治州', '康乐县', '草滩乡', '安德路爱里舍花园86号');
UPDATE `loan_estate` SET `created_at` = '2022-01-05 23:58:46.091689', `updated_at` = '2022-01-05 23:58:46.091689', `customer_id` = 6018, `address_id` = 9700 WHERE `loan_estate`.`id` = 3591;
INSERT INTO `loan_estate` (`id`, `created_at`, `updated_at`, `customer_id`, `address_id`) VALUES (3591, '2022-01-05 23:58:46.091689', '2022-01-05 23:58:46.091689', 6018, 9700);
UPDATE `loan_car` SET `created_at` = '2022-01-05 23:58:27.527385', `updated_at` = '2022-01-05 23:58:47.315873', `customer_id` = 6018, `model_id` = 74, `vin_number` = '999172705215338955', `date_produced` = '2020-01-31', `value_estimated` = 40000 WHERE `loan_car`.`id` = 4837;
INSERT INTO `loan_car` (`id`, `created_at`, `updated_at`, `customer_id`, `model_id`, `vin_number`, `date_produced`, `value_estimated`) VALUES (4837, '2022-01-05 23:58:27.527385', '2022-01-05 23:58:47.315873', 6018, 74, '999172705215338955', '2020-01-31', 40000);
UPDATE `loan_account` SET `created_at` = '2022-01-05 23:59:07.895074', `updated_at` = '2022-01-05 23:59:26.190760', `customer_id` = 6018, `number` = '529258835244910503', `balance` = 91616 WHERE `loan_account`.`id` = 5492;
INSERT INTO `loan_account` (`id`, `created_at`, `updated_at`, `customer_id`, `number`, `balance`) VALUES (5492, '2022-01-05 23:59:07.895074', '2022-01-05 23:59:26.190760', 6018, '529258835244910503', 91616);
UPDATE `loan_address` SET `created_at` = '2022-01-05 03:23:42.545669', `updated_at` = '2022-01-05 03:23:42.545669', `province` = '河南省', `city` = '南阳市', `county` = '方城县', `town` = '小史店镇', `detail` = '安福路金色家园179号' WHERE `loan_address`.`id` = 9701;
INSERT INTO `loan_address` (`id`, `created_at`, `updated_at`, `province`, `city`, `county`, `town`, `detail`) VALUES (9701, '2022-01-05 03:23:42.545669', '2022-01-05 03:23:42.545669', '河南省', '南阳市', '方城县', '小史店镇', '安福路金色家园179号');
UPDATE `loan_customer` SET `created_at` = '2022-01-05 03:23:42.545669', `updated_at` = '2022-01-05 03:23:42.545669', `name` = '石厚', `id_number` = '391682355079211383', `gender` = 'm', `birthday` = '1989-10-30', `address_id` = 9701, `job_id` = 1996, `salary` = 18000 WHERE `loan_customer`.`id` = 6019;
INSERT INTO `loan_customer` (`id`, `created_at`, `updated_at`, `name`, `id_number`, `gender`, `birthday`, `address_id`, `job_id`, `salary`) VALUES (6019, '2022-01-05 03:23:42.545669', '2022-01-05 03:23:42.545669', '石厚', '391682355079211383', 'm', '1989-10-30', 9701, 1996, 18000);
UPDATE `loan_address` SET `created_at` = '2022-01-05 06:41:48.064316', `updated_at` = '2022-01-05 06:41:48.064316', `province` = '辽宁省', `city` = '铁岭市', `county` = '昌图县', `town` = '通江口镇', `detail` = '宝杨路196号' WHERE `loan_address`.`id` = 9702;
INSERT INTO `loan_address` (`id`, `created_at`, `updated_at`, `province`, `city`, `county`, `town`, `detail`) VALUES (9702, '2022-01-05 06:41:48.064316', '2022-01-05 06:41:48.064316', '辽宁省', '铁岭市', '昌图县', '通江口镇', '宝杨路196号');
UPDATE `loan_estate` SET `created_at` = '2022-01-05 06:41:48.064316', `updated_at` = '2022-01-05 06:41:48.064316', `customer_id` = 6019, `address_id` = 9702 WHERE `loan_estate`.`id` = 3592;
INSERT INTO `loan_estate` (`id`, `created_at`, `updated_at`, `customer_id`, `address_id`) VALUES (3592, '2022-01-05 06:41:48.064316', '2022-01-05 06:41:48.064316', 6019, 9702);
UPDATE `loan_car` SET `created_at` = '2022-01-05 18:16:58.901022', `updated_at` = '2022-01-05 18:16:58.901022', `customer_id` = 6019, `model_id` = 141, `vin_number` = '598817433057617108', `date_produced` = '2013-03-13', `value_estimated` = 280000 WHERE `loan_car`.`id` = 4838;
INSERT INTO `loan_car` (`id`, `created_at`, `updated_at`, `customer_id`, `model_id`, `vin_number`, `date_produced`, `value_estimated`) VALUES (4838, '2022-01-05 18:16:58.901022', '2022-01-05 18:16:58.901022', 6019, 141, '598817433057617108', '2013-03-13', 280000);
UPDATE `loan_address` SET `created_at` = '2022-01-05 14:19:55.083941', `updated_at` = '2022-01-05 14:19:55.083941', `province` = '山西省', `city` = '太原市', `county` = '阳曲县', `town` = '大盂镇', `detail` = '白城路183号' WHERE `loan_address`.`id` = 9703;
INSERT INTO `loan_address` (`id`, `created_at`, `updated_at`, `province`, `city`, `county`, `town`, `detail`) VALUES (9703, '2022-01-05 14:19:55.083941', '2022-01-05 14:19:55.083941', '山西省', '太原市', '阳曲县', '大盂镇', '白城路183号');
UPDATE `loan_customer` SET `created_at` = '2022-01-05 14:19:55.083941', `updated_at` = '2022-01-05 20:41:17.524409', `name` = '贺阳冰', `id_number` = '439333819304586878', `gender` = 'm', `birthday` = '2008-12-29', `address_id` = 9703, `job_id` = 1997, `salary` = 30000 WHERE `loan_customer`.`id` = 6020;
INSERT INTO `loan_customer` (`id`, `created_at`, `updated_at`, `name`, `id_number`, `gender`, `birthday`, `address_id`, `job_id`, `salary`) VALUES (6020, '2022-01-05 14:19:55.083941', '2022-01-05 20:41:17.524409', '贺阳冰', '439333819304586878', 'm', '2008-12-29', 9703, 1997, 30000);
UPDATE `loan_address` SET `created_at` = '2022-01-05 21:14:44.104864', `updated_at` = '2022-01-05 21:14:44.104864', `province` = '辽宁省', `city` = '大连市', `county` = '庄河市', `town` = '长岭镇', `detail` = '爱国路136号' WHERE `loan_address`.`id` = 9704;
INSERT INTO `loan_address` (`id`, `created_at`, `updated_at`, `province`, `city`, `county`, `town`, `detail`) VALUES (9704, '2022-01-05 21:14:44.104864', '2022-01-05 21:14:44.104864', '辽宁省', '大连市', '庄河市', '长岭镇', '爱国路136号');
UPDATE `loan_estate` SET `created_at` = '2022-01-05 21:14:44.104864', `updated_at` = '2022-01-05 21:14:44.104864', `customer_id` = 6020, `address_id` = 9704 WHERE `loan_estate`.`id` = 3593;
INSERT INTO `loan_estate` (`id`, `created_at`, `updated_at`, `customer_id`, `address_id`) VALUES (3593, '2022-01-05 21:14:44.104864', '2022-01-05 21:14:44.104864', 6020, 9704);
UPDATE `loan_address` SET `created_at` = '2022-01-05 15:15:32.024723', `updated_at` = '2022-01-05 15:15:32.024723', `province` = '青海省', `city` = '玉树藏族自治州', `county` = '称多县', `town` = '拉布乡', `detail` = '百色路71号' WHERE `loan_address`.`id` = 9705;
INSERT INTO `loan_address` (`id`, `created_at`, `updated_at`, `province`, `city`, `county`, `town`, `detail`) VALUES (9705, '2022-01-05 15:15:32.024723', '2022-01-05 15:15:32.024723', '青海省', '玉树藏族自治州', '称多县', '拉布乡', '百色路71号');
UPDATE `loan_estate` SET `created_at` = '2022-01-05 15:15:32.024723', `updated_at` = '2022-01-05 15:15:32.024723', `customer_id` = 6020, `address_id` = 9705 WHERE `loan_estate`.`id` = 3594;
INSERT INTO `loan_estate` (`id`, `created_at`, `updated_at`, `customer_id`, `address_id`) VALUES (3594, '2022-01-05 15:15:32.024723', '2022-01-05 15:15:32.024723', 6020, 9705);
UPDATE `loan_car` SET `created_at` = '2022-01-05 22:39:04.154975', `updated_at` = '2022-01-05 22:58:06.047830', `customer_id` = 6020, `model_id` = 113, `vin_number` = '722927808289734964', `date_produced` = '2014-11-01', `value_estimated` = 270000 WHERE `loan_car`.`id` = 4839;
INSERT INTO `loan_car` (`id`, `created_at`, `updated_at`, `customer_id`, `model_id`, `vin_number`, `date_produced`, `value_estimated`) VALUES (4839, '2022-01-05 22:39:04.154975', '2022-01-05 22:58:06.047830', 6020, 113, '722927808289734964', '2014-11-01', 270000);
UPDATE `loan_account` SET `created_at` = '2022-01-05 19:24:20.666988', `updated_at` = '2022-01-05 21:24:21.552262', `customer_id` = 6020, `number` = '846509987742973466', `balance` = 147360 WHERE `loan_account`.`id` = 5493;
INSERT INTO `loan_account` (`id`, `created_at`, `updated_at`, `customer_id`, `number`, `balance`) VALUES (5493, '2022-01-05 19:24:20.666988', '2022-01-05 21:24:21.552262', 6020, '846509987742973466', 147360);
UPDATE `loan_address` SET `created_at` = '2022-01-05 20:48:03.654415', `updated_at` = '2022-01-05 20:48:03.654415', `province` = '河北省', `city` = '邯郸市', `county` = '邯郸冀南新区', `town` = '城南办事处', `detail` = '安亭路博泰新苑70号' WHERE `loan_address`.`id` = 9706;
INSERT INTO `loan_address` (`id`, `created_at`, `updated_at`, `province`, `city`, `county`, `town`, `detail`) VALUES (9706, '2022-01-05 20:48:03.654415', '2022-01-05 20:48:03.654415', '河北省', '邯郸市', '邯郸冀南新区', '城南办事处', '安亭路博泰新苑70号');
UPDATE `loan_customer` SET `created_at` = '2022-01-05 20:48:03.654415', `updated_at` = '2022-01-05 20:48:03.654415', `name` = '孔乐邦', `id_number` = '041672155849222761', `gender` = 'm', `birthday` = '1991-02-11', `address_id` = 9706, `job_id` = 1997, `salary` = 34000 WHERE `loan_customer`.`id` = 6021;
INSERT INTO `loan_customer` (`id`, `created_at`, `updated_at`, `name`, `id_number`, `gender`, `birthday`, `address_id`, `job_id`, `salary`) VALUES (6021, '2022-01-05 20:48:03.654415', '2022-01-05 20:48:03.654415', '孔乐邦', '041672155849222761', 'm', '1991-02-11', 9706, 1997, 34000);
UPDATE `loan_chattel` SET `created_at` = '2022-01-05 21:14:38.054641', `updated_at` = '2022-01-05 22:25:47.449634', `customer_id` = 6021, `type` = 'copyright', `description` = '一些信息', `value_amount` = 20000, `expired_at` = '2025-03-30' WHERE `loan_chattel`.`id` = 1772;
INSERT INTO `loan_chattel` (`id`, `created_at`, `updated_at`, `customer_id`, `type`, `description`, `value_amount`, `expired_at`) VALUES (1772, '2022-01-05 21:14:38.054641', '2022-01-05 22:25:47.449634', 6021, 'copyright', '一些信息', 20000, '2025-03-30');
UPDATE `loan_account` SET `created_at` = '2022-01-05 22:26:40.100310', `updated_at` = '2022-01-05 23:44:50.635508', `customer_id` = 6021, `number` = '948319197691121220', `balance` = 22071 WHERE `loan_account`.`id` = 5494;
INSERT INTO `loan_account` (`id`, `created_at`, `updated_at`, `customer_id`, `number`, `balance`) VALUES (5494, '2022-01-05 22:26:40.100310', '2022-01-05 23:44:50.635508', 6021, '948319197691121220', 22071);
UPDATE `loan_address` SET `created_at` = '2022-01-05 10:15:45.609537', `updated_at` = '2022-01-05 10:15:45.609537', `province` = '广东省', `city` = '肇庆市', `county` = '德庆县', `town` = '播植镇', `detail` = '宝昌路协通公寓1号' WHERE `loan_address`.`id` = 9707;
INSERT INTO `loan_address` (`id`, `created_at`, `updated_at`, `province`, `city`, `county`, `town`, `detail`) VALUES (9707, '2022-01-05 10:15:45.609537', '2022-01-05 10:15:45.609537', '广东省', '肇庆市', '德庆县', '播植镇', '宝昌路协通公寓1号');
UPDATE `loan_customer` SET `created_at` = '2022-01-05 10:15:45.609537', `updated_at` = '2022-01-05 14:00:05.989921', `name` = '龙文心', `id_number` = '296590638599518383', `gender` = 'm', `birthday` = '1989-06-11', `address_id` = 9707, `job_id` = 1997, `salary` = 28000 WHERE `loan_customer`.`id` = 6022;
INSERT INTO `loan_customer` (`id`, `created_at`, `updated_at`, `name`, `id_number`, `gender`, `birthday`, `address_id`, `job_id`, `salary`) VALUES (6022, '2022-01-05 10:15:45.609537', '2022-01-05 14:00:05.989921', '龙文心', '296590638599518383', 'm', '1989-06-11', 9707, 1997, 28000);
UPDATE `loan_address` SET `created_at` = '2022-01-05 22:58:03.135898', `updated_at` = '2022-01-05 22:58:03.135898', `province` = '辽宁省', `city` = '大连市', `county` = '庄河市', `town` = '长岭镇', `detail` = '安国路爱里舍花园9号' WHERE `loan_address`.`id` = 9708;
INSERT INTO `loan_address` (`id`, `created_at`, `updated_at`, `province`, `city`, `county`, `town`, `detail`) VALUES (9708, '2022-01-05 22:58:03.135898', '2022-01-05 22:58:03.135898', '辽宁省', '大连市', '庄河市', '长岭镇', '安国路爱里舍花园9号');
UPDATE `loan_estate` SET `created_at` = '2022-01-05 22:58:03.135898', `updated_at` = '2022-01-05 22:58:03.135898', `customer_id` = 6022, `address_id` = 9708 WHERE `loan_estate`.`id` = 3595;
INSERT INTO `loan_estate` (`id`, `created_at`, `updated_at`, `customer_id`, `address_id`) VALUES (3595, '2022-01-05 22:58:03.135898', '2022-01-05 22:58:03.135898', 6022, 9708);
UPDATE `loan_account` SET `created_at` = '2022-01-05 11:19:42.006700', `updated_at` = '2022-01-05 11:19:42.006700', `customer_id` = 6022, `number` = '374686273070058283', `balance` = 110869 WHERE `loan_account`.`id` = 5495;
INSERT INTO `loan_account` (`id`, `created_at`, `updated_at`, `customer_id`, `number`, `balance`) VALUES (5495, '2022-01-05 11:19:42.006700', '2022-01-05 11:19:42.006700', 6022, '374686273070058283', 110869);
UPDATE `loan_address` SET `created_at` = '2022-01-05 21:02:35.169389', `updated_at` = '2022-01-05 21:02:35.169389', `province` = '广东省', `city` = '潮州市', `county` = '潮安区', `town` = '凤凰镇', `detail` = '鞍山支路阳光翠竹苑143号' WHERE `loan_address`.`id` = 9709;
INSERT INTO `loan_address` (`id`, `created_at`, `updated_at`, `province`, `city`, `county`, `town`, `detail`) VALUES (9709, '2022-01-05 21:02:35.169389', '2022-01-05 21:02:35.169389', '广东省', '潮州市', '潮安区', '凤凰镇', '鞍山支路阳光翠竹苑143号');
UPDATE `loan_customer` SET `created_at` = '2022-01-05 21:02:35.169389', `updated_at` = '2022-01-05 21:02:35.169389', `name` = '汤宜修', `id_number` = '860537182896100278', `gender` = 'f', `birthday` = '2000-07-21', `address_id` = 9709, `job_id` = 1997, `salary` = 36000 WHERE `loan_customer`.`id` = 6023;
INSERT INTO `loan_customer` (`id`, `created_at`, `updated_at`, `name`, `id_number`, `gender`, `birthday`, `address_id`, `job_id`, `salary`) VALUES (6023, '2022-01-05 21:02:35.169389', '2022-01-05 21:02:35.169389', '汤宜修', '860537182896100278', 'f', '2000-07-21', 9709, 1997, 36000);
UPDATE `loan_chattel` SET `created_at` = '2022-01-05 22:19:38.772844', `updated_at` = '2022-01-05 22:19:38.772844', `customer_id` = 6023, `type` = 'fund', `description` = '一些信息', `value_amount` = 170000, `expired_at` = '2031-08-31' WHERE `loan_chattel`.`id` = 1773;
INSERT INTO `loan_chattel` (`id`, `created_at`, `updated_at`, `customer_id`, `type`, `description`, `value_amount`, `expired_at`) VALUES (1773, '2022-01-05 22:19:38.772844', '2022-01-05 22:19:38.772844', 6023, 'fund', '一些信息', 170000, '2031-08-31');
UPDATE `loan_car` SET `created_at` = '2022-01-05 22:26:03.849907', `updated_at` = '2022-01-05 22:26:03.849907', `customer_id` = 6023, `model_id` = 15, `vin_number` = '098251291731359610', `date_produced` = '2019-11-28', `value_estimated` = 180000 WHERE `loan_car`.`id` = 4840;
INSERT INTO `loan_car` (`id`, `created_at`, `updated_at`, `customer_id`, `model_id`, `vin_number`, `date_produced`, `value_estimated`) VALUES (4840, '2022-01-05 22:26:03.849907', '2022-01-05 22:26:03.849907', 6023, 15, '098251291731359610', '2019-11-28', 180000);
UPDATE `loan_account` SET `created_at` = '2022-01-05 22:58:50.608871', `updated_at` = '2022-01-05 22:58:50.608871', `customer_id` = 6023, `number` = '196450879435632228', `balance` = 65861 WHERE `loan_account`.`id` = 5496;
INSERT INTO `loan_account` (`id`, `created_at`, `updated_at`, `customer_id`, `number`, `balance`) VALUES (5496, '2022-01-05 22:58:50.608871', '2022-01-05 22:58:50.608871', 6023, '196450879435632228', 65861);
UPDATE `loan_address` SET `created_at` = '2022-01-05 20:19:07.708913', `updated_at` = '2022-01-05 20:19:07.708913', `province` = '广东省', `city` = '深圳市', `county` = '罗湖区', `town` = '桂园街道办事处', `detail` = '宝通路菊园五街坊104号' WHERE `loan_address`.`id` = 9710;
INSERT INTO `loan_address` (`id`, `created_at`, `updated_at`, `province`, `city`, `county`, `town`, `detail`) VALUES (9710, '2022-01-05 20:19:07.708913', '2022-01-05 20:19:07.708913', '广东省', '深圳市', '罗湖区', '桂园街道办事处', '宝通路菊园五街坊104号');
UPDATE `loan_customer` SET `created_at` = '2022-01-05 20:19:07.708913', `updated_at` = '2022-01-05 22:55:00.078583', `name` = '易龙', `id_number` = '445851849308484852', `gender` = 'm', `birthday` = '2004-10-16', `address_id` = 9710, `job_id` = 1997, `salary` = 54000 WHERE `loan_customer`.`id` = 6024;
INSERT INTO `loan_customer` (`id`, `created_at`, `updated_at`, `name`, `id_number`, `gender`, `birthday`, `address_id`, `job_id`, `salary`) VALUES (6024, '2022-01-05 20:19:07.708913', '2022-01-05 22:55:00.078583', '易龙', '445851849308484852', 'm', '2004-10-16', 9710, 1997, 54000);
UPDATE `loan_address` SET `created_at` = '2022-01-05 22:42:05.755616', `updated_at` = '2022-01-05 22:42:05.755616', `province` = '甘肃省', `city` = '临夏回族自治州', `county` = '临夏县', `town` = '掌子沟乡', `detail` = '白水路东新大厦121号' WHERE `loan_address`.`id` = 9711;
INSERT INTO `loan_address` (`id`, `created_at`, `updated_at`, `province`, `city`, `county`, `town`, `detail`) VALUES (9711, '2022-01-05 22:42:05.755616', '2022-01-05 22:42:05.755616', '甘肃省', '临夏回族自治州', '临夏县', '掌子沟乡', '白水路东新大厦121号');
UPDATE `loan_estate` SET `created_at` = '2022-01-05 22:42:05.755616', `updated_at` = '2022-01-05 22:42:05.755616', `customer_id` = 6024, `address_id` = 9711 WHERE `loan_estate`.`id` = 3596;
INSERT INTO `loan_estate` (`id`, `created_at`, `updated_at`, `customer_id`, `address_id`) VALUES (3596, '2022-01-05 22:42:05.755616', '2022-01-05 22:42:05.755616', 6024, 9711);
UPDATE `loan_car` SET `created_at` = '2022-01-05 21:08:32.019497', `updated_at` = '2022-01-05 21:08:32.019497', `customer_id` = 6024, `model_id` = 293, `vin_number` = '680051107427672556', `date_produced` = '2016-07-23', `value_estimated` = 120000 WHERE `loan_car`.`id` = 4841;
INSERT INTO `loan_car` (`id`, `created_at`, `updated_at`, `customer_id`, `model_id`, `vin_number`, `date_produced`, `value_estimated`) VALUES (4841, '2022-01-05 21:08:32.019497', '2022-01-05 21:08:32.019497', 6024, 293, '680051107427672556', '2016-07-23', 120000);
UPDATE `loan_account` SET `created_at` = '2022-01-05 23:45:02.865754', `updated_at` = '2022-01-05 23:45:02.865754', `customer_id` = 6024, `number` = '745619145932018054', `balance` = 126532 WHERE `loan_account`.`id` = 5497;
INSERT INTO `loan_account` (`id`, `created_at`, `updated_at`, `customer_id`, `number`, `balance`) VALUES (5497, '2022-01-05 23:45:02.865754', '2022-01-05 23:45:02.865754', 6024, '745619145932018054', 126532);
UPDATE `loan_address` SET `created_at` = '2022-01-05 05:56:40.106030', `updated_at` = '2022-01-05 05:56:40.106030', `province` = '西藏自治区', `city` = '昌都市', `county` = '贡觉县', `town` = '哈加乡', `detail` = '巴林路协通公寓4号' WHERE `loan_address`.`id` = 9712;
INSERT INTO `loan_address` (`id`, `created_at`, `updated_at`, `province`, `city`, `county`, `town`, `detail`) VALUES (9712, '2022-01-05 05:56:40.106030', '2022-01-05 05:56:40.106030', '西藏自治区', '昌都市', '贡觉县', '哈加乡', '巴林路协通公寓4号');
UPDATE `loan_customer` SET `created_at` = '2022-01-05 05:56:40.106030', `updated_at` = '2022-01-05 05:56:40.106030', `name` = '韩薇', `id_number` = '121076493223790808', `gender` = 'f', `birthday` = '1992-01-24', `address_id` = 9712, `job_id` = 1998, `salary` = 5000 WHERE `loan_customer`.`id` = 6025;
INSERT INTO `loan_customer` (`id`, `created_at`, `updated_at`, `name`, `id_number`, `gender`, `birthday`, `address_id`, `job_id`, `salary`) VALUES (6025, '2022-01-05 05:56:40.106030', '2022-01-05 05:56:40.106030', '韩薇', '121076493223790808', 'f', '1992-01-24', 9712, 1998, 5000);
UPDATE `loan_address` SET `created_at` = '2022-01-05 18:42:56.320693', `updated_at` = '2022-01-05 18:42:56.320693', `province` = '新疆维吾尔自治区', `city` = '克孜勒苏柯尔克孜自治州', `county` = '阿合奇县', `town` = '哈拉布拉克乡', `detail` = '安亭路菊园五街坊49号' WHERE `loan_address`.`id` = 9713;
INSERT INTO `loan_address` (`id`, `created_at`, `updated_at`, `province`, `city`, `county`, `town`, `detail`) VALUES (9713, '2022-01-05 18:42:56.320693', '2022-01-05 18:42:56.320693', '新疆维吾尔自治区', '克孜勒苏柯尔克孜自治州', '阿合奇县', '哈拉布拉克乡', '安亭路菊园五街坊49号');
UPDATE `loan_estate` SET `created_at` = '2022-01-05 18:42:56.320693', `updated_at` = '2022-01-05 18:42:56.320693', `customer_id` = 6025, `address_id` = 9713 WHERE `loan_estate`.`id` = 3597;
INSERT INTO `loan_estate` (`id`, `created_at`, `updated_at`, `customer_id`, `address_id`) VALUES (3597, '2022-01-05 18:42:56.320693', '2022-01-05 18:42:56.320693', 6025, 9713);
UPDATE `loan_account` SET `created_at` = '2022-01-05 13:58:43.396316', `updated_at` = '2022-01-05 13:58:43.396316', `customer_id` = 6025, `number` = '335773480761401211', `balance` = 124315 WHERE `loan_account`.`id` = 5498;
INSERT INTO `loan_account` (`id`, `created_at`, `updated_at`, `customer_id`, `number`, `balance`) VALUES (5498, '2022-01-05 13:58:43.396316', '2022-01-05 13:58:43.396316', 6025, '335773480761401211', 124315);
UPDATE `loan_address` SET `created_at` = '2022-01-05 07:29:58.877016', `updated_at` = '2022-01-05 07:29:58.877016', `province` = '河北省', `city` = '保定市', `county` = '曲阳县', `town` = '孝墓乡', `detail` = '安仁路195号' WHERE `loan_address`.`id` = 9714;
INSERT INTO `loan_address` (`id`, `created_at`, `updated_at`, `province`, `city`, `county`, `town`, `detail`) VALUES (9714, '2022-01-05 07:29:58.877016', '2022-01-05 07:29:58.877016', '河北省', '保定市', '曲阳县', '孝墓乡', '安仁路195号');
UPDATE `loan_customer` SET `created_at` = '2022-01-05 07:29:58.877016', `updated_at` = '2022-01-05 08:19:02.711707', `name` = '石梅青', `id_number` = '301661226260977984', `gender` = 'f', `birthday` = '1987-07-31', `address_id` = 9714, `job_id` = 1998, `salary` = 63000 WHERE `loan_customer`.`id` = 6026;
INSERT INTO `loan_customer` (`id`, `created_at`, `updated_at`, `name`, `id_number`, `gender`, `birthday`, `address_id`, `job_id`, `salary`) VALUES (6026, '2022-01-05 07:29:58.877016', '2022-01-05 08:19:02.711707', '石梅青', '301661226260977984', 'f', '1987-07-31', 9714, 1998, 63000);
UPDATE `loan_address` SET `created_at` = '2022-01-05 17:22:37.707051', `updated_at` = '2022-01-05 17:22:37.707051', `province` = '安徽省', `city` = '宣城市', `county` = '宣州区', `town` = '洪林镇', `detail` = '安福路住友嘉馨名园63号' WHERE `loan_address`.`id` = 9715;
INSERT INTO `loan_address` (`id`, `created_at`, `updated_at`, `province`, `city`, `county`, `town`, `detail`) VALUES (9715, '2022-01-05 17:22:37.707051', '2022-01-05 17:22:37.707051', '安徽省', '宣城市', '宣州区', '洪林镇', '安福路住友嘉馨名园63号');
UPDATE `loan_estate` SET `created_at` = '2022-01-05 17:22:37.707051', `updated_at` = '2022-01-05 17:22:37.707051', `customer_id` = 6026, `address_id` = 9715 WHERE `loan_estate`.`id` = 3598;
INSERT INTO `loan_estate` (`id`, `created_at`, `updated_at`, `customer_id`, `address_id`) VALUES (3598, '2022-01-05 17:22:37.707051', '2022-01-05 17:22:37.707051', 6026, 9715);
UPDATE `loan_account` SET `created_at` = '2022-01-05 18:28:31.134491', `updated_at` = '2022-01-05 21:14:52.800019', `customer_id` = 6026, `number` = '095339722944373466', `balance` = 99132 WHERE `loan_account`.`id` = 5499;
INSERT INTO `loan_account` (`id`, `created_at`, `updated_at`, `customer_id`, `number`, `balance`) VALUES (5499, '2022-01-05 18:28:31.134491', '2022-01-05 21:14:52.800019', 6026, '095339722944373466', 99132);
UPDATE `loan_address` SET `created_at` = '2022-01-05 23:54:39.270084', `updated_at` = '2022-01-05 23:54:39.270084', `province` = '湖南省', `city` = '怀化市', `county` = '靖州苗族侗族自治县', `town` = '平茶镇', `detail` = '包头南路住友嘉馨名园43号' WHERE `loan_address`.`id` = 9716;
INSERT INTO `loan_address` (`id`, `created_at`, `updated_at`, `province`, `city`, `county`, `town`, `detail`) VALUES (9716, '2022-01-05 23:54:39.270084', '2022-01-05 23:54:39.270084', '湖南省', '怀化市', '靖州苗族侗族自治县', '平茶镇', '包头南路住友嘉馨名园43号');
UPDATE `loan_customer` SET `created_at` = '2022-01-05 23:54:39.270084', `updated_at` = '2022-01-05 23:56:42.811672', `name` = '阎玟', `id_number` = '029828920626937196', `gender` = 'm', `birthday` = '2008-11-11', `address_id` = 9716, `job_id` = 1999, `salary` = 27000 WHERE `loan_customer`.`id` = 6027;
INSERT INTO `loan_customer` (`id`, `created_at`, `updated_at`, `name`, `id_number`, `gender`, `birthday`, `address_id`, `job_id`, `salary`) VALUES (6027, '2022-01-05 23:54:39.270084', '2022-01-05 23:56:42.811672', '阎玟', '029828920626937196', 'm', '2008-11-11', 9716, 1999, 27000);
UPDATE `loan_chattel` SET `created_at` = '2022-01-05 23:55:33.025446', `updated_at` = '2022-01-05 23:56:16.485983', `customer_id` = 6027, `type` = 'promissory_note', `description` = '一些信息', `value_amount` = 630000, `expired_at` = '2023-08-28' WHERE `loan_chattel`.`id` = 1774;
INSERT INTO `loan_chattel` (`id`, `created_at`, `updated_at`, `customer_id`, `type`, `description`, `value_amount`, `expired_at`) VALUES (1774, '2022-01-05 23:55:33.025446', '2022-01-05 23:56:16.485983', 6027, 'promissory_note', '一些信息', 630000, '2023-08-28');
UPDATE `loan_address` SET `created_at` = '2022-01-05 23:55:17.181046', `updated_at` = '2022-01-05 23:55:17.181046', `province` = '宁夏回族自治区', `city` = '中卫市', `county` = '沙坡头区', `town` = '柔远镇', `detail` = '安澜路菊园五街坊139号' WHERE `loan_address`.`id` = 9717;
INSERT INTO `loan_address` (`id`, `created_at`, `updated_at`, `province`, `city`, `county`, `town`, `detail`) VALUES (9717, '2022-01-05 23:55:17.181046', '2022-01-05 23:55:17.181046', '宁夏回族自治区', '中卫市', '沙坡头区', '柔远镇', '安澜路菊园五街坊139号');
UPDATE `loan_estate` SET `created_at` = '2022-01-05 23:55:17.181046', `updated_at` = '2022-01-05 23:55:17.181046', `customer_id` = 6027, `address_id` = 9717 WHERE `loan_estate`.`id` = 3599;
INSERT INTO `loan_estate` (`id`, `created_at`, `updated_at`, `customer_id`, `address_id`) VALUES (3599, '2022-01-05 23:55:17.181046', '2022-01-05 23:55:17.181046', 6027, 9717);
UPDATE `loan_car` SET `created_at` = '2022-01-05 23:58:58.029925', `updated_at` = '2022-01-05 23:59:16.320055', `customer_id` = 6027, `model_id` = 145, `vin_number` = '004120632306979615', `date_produced` = '2016-01-16', `value_estimated` = 530000 WHERE `loan_car`.`id` = 4842;
INSERT INTO `loan_car` (`id`, `created_at`, `updated_at`, `customer_id`, `model_id`, `vin_number`, `date_produced`, `value_estimated`) VALUES (4842, '2022-01-05 23:58:58.029925', '2022-01-05 23:59:16.320055', 6027, 145, '004120632306979615', '2016-01-16', 530000);
UPDATE `loan_car` SET `created_at` = '2022-01-05 23:57:27.732867', `updated_at` = '2022-01-05 23:57:27.732867', `customer_id` = 6027, `model_id` = 18, `vin_number` = '630179283222749827', `date_produced` = '2012-09-14', `value_estimated` = 90000 WHERE `loan_car`.`id` = 4843;
INSERT INTO `loan_car` (`id`, `created_at`, `updated_at`, `customer_id`, `model_id`, `vin_number`, `date_produced`, `value_estimated`) VALUES (4843, '2022-01-05 23:57:27.732867', '2022-01-05 23:57:27.732867', 6027, 18, '630179283222749827', '2012-09-14', 90000);
UPDATE `loan_account` SET `created_at` = '2022-01-05 23:54:45.646193', `updated_at` = '2022-01-05 23:57:58.096675', `customer_id` = 6027, `number` = '523836851644357143', `balance` = 115495 WHERE `loan_account`.`id` = 5500;
INSERT INTO `loan_account` (`id`, `created_at`, `updated_at`, `customer_id`, `number`, `balance`) VALUES (5500, '2022-01-05 23:54:45.646193', '2022-01-05 23:57:58.096675', 6027, '523836851644357143', 115495);
UPDATE `loan_address` SET `created_at` = '2022-01-05 12:14:38.376412', `updated_at` = '2022-01-05 12:14:38.376412', `province` = '江西省', `city` = '九江市', `county` = '湖口县', `town` = '城山镇', `detail` = '宝联路99号' WHERE `loan_address`.`id` = 9718;
INSERT INTO `loan_address` (`id`, `created_at`, `updated_at`, `province`, `city`, `county`, `town`, `detail`) VALUES (9718, '2022-01-05 12:14:38.376412', '2022-01-05 12:14:38.376412', '江西省', '九江市', '湖口县', '城山镇', '宝联路99号');
UPDATE `loan_customer` SET `created_at` = '2022-01-05 12:14:38.376412', `updated_at` = '2022-01-05 18:35:59.780362', `name` = '漕忆寒', `id_number` = '399388301421426195', `gender` = 'f', `birthday` = '2001-07-20', `address_id` = 9718, `job_id` = 1999, `salary` = 71000 WHERE `loan_customer`.`id` = 6028;
INSERT INTO `loan_customer` (`id`, `created_at`, `updated_at`, `name`, `id_number`, `gender`, `birthday`, `address_id`, `job_id`, `salary`) VALUES (6028, '2022-01-05 12:14:38.376412', '2022-01-05 18:35:59.780362', '漕忆寒', '399388301421426195', 'f', '2001-07-20', 9718, 1999, 71000);
UPDATE `loan_car` SET `created_at` = '2022-01-05 14:35:58.341888', `updated_at` = '2022-01-05 14:35:58.341888', `customer_id` = 6028, `model_id` = 168, `vin_number` = '426714988948121713', `date_produced` = '2012-06-29', `value_estimated` = 530000 WHERE `loan_car`.`id` = 4844;
INSERT INTO `loan_car` (`id`, `created_at`, `updated_at`, `customer_id`, `model_id`, `vin_number`, `date_produced`, `value_estimated`) VALUES (4844, '2022-01-05 14:35:58.341888', '2022-01-05 14:35:58.341888', 6028, 168, '426714988948121713', '2012-06-29', 530000);
UPDATE `loan_account` SET `created_at` = '2022-01-05 13:42:07.455702', `updated_at` = '2022-01-05 19:12:36.796588', `customer_id` = 6028, `number` = '855637896320926822', `balance` = 555 WHERE `loan_account`.`id` = 5501;
INSERT INTO `loan_account` (`id`, `created_at`, `updated_at`, `customer_id`, `number`, `balance`) VALUES (5501, '2022-01-05 13:42:07.455702', '2022-01-05 19:12:36.796588', 6028, '855637896320926822', 555);
UPDATE `loan_address` SET `created_at` = '2022-01-05 06:16:52.782826', `updated_at` = '2022-01-05 06:16:52.782826', `province` = '河北省', `city` = '保定市', `county` = '曲阳县', `town` = '孝墓乡', `detail` = '百花街28号' WHERE `loan_address`.`id` = 9719;
INSERT INTO `loan_address` (`id`, `created_at`, `updated_at`, `province`, `city`, `county`, `town`, `detail`) VALUES (9719, '2022-01-05 06:16:52.782826', '2022-01-05 06:16:52.782826', '河北省', '保定市', '曲阳县', '孝墓乡', '百花街28号');
UPDATE `loan_customer` SET `created_at` = '2022-01-05 06:16:52.782826', `updated_at` = '2022-01-05 22:20:07.015270', `name` = '宋宣', `id_number` = '904575668979388585', `gender` = 'm', `birthday` = '1982-12-14', `address_id` = 9719, `job_id` = 1999, `salary` = 62000 WHERE `loan_customer`.`id` = 6029;
INSERT INTO `loan_customer` (`id`, `created_at`, `updated_at`, `name`, `id_number`, `gender`, `birthday`, `address_id`, `job_id`, `salary`) VALUES (6029, '2022-01-05 06:16:52.782826', '2022-01-05 22:20:07.015270', '宋宣', '904575668979388585', 'm', '1982-12-14', 9719, 1999, 62000);
UPDATE `loan_account` SET `created_at` = '2022-01-05 08:18:36.787881', `updated_at` = '2022-01-05 15:41:16.660873', `customer_id` = 6029, `number` = '545912209751212198', `balance` = 28602 WHERE `loan_account`.`id` = 5502;
INSERT INTO `loan_account` (`id`, `created_at`, `updated_at`, `customer_id`, `number`, `balance`) VALUES (5502, '2022-01-05 08:18:36.787881', '2022-01-05 15:41:16.660873', 6029, '545912209751212198', 28602);
UPDATE `loan_address` SET `created_at` = '2022-01-05 05:43:21.577068', `updated_at` = '2022-01-05 05:43:21.577068', `province` = '河北省', `city` = '邯郸市', `county` = '邯郸冀南新区', `town` = '城南办事处', `detail` = '半淞园路溢盈河畔别墅17号' WHERE `loan_address`.`id` = 9720;
INSERT INTO `loan_address` (`id`, `created_at`, `updated_at`, `province`, `city`, `county`, `town`, `detail`) VALUES (9720, '2022-01-05 05:43:21.577068', '2022-01-05 05:43:21.577068', '河北省', '邯郸市', '邯郸冀南新区', '城南办事处', '半淞园路溢盈河畔别墅17号');
UPDATE `loan_customer` SET `created_at` = '2022-01-05 05:43:21.577068', `updated_at` = '2022-01-05 05:43:21.577068', `name` = '蒋宁', `id_number` = '157500840681491508', `gender` = 'f', `birthday` = '1985-09-20', `address_id` = 9720, `job_id` = 1999, `salary` = 26000 WHERE `loan_customer`.`id` = 6030;
INSERT INTO `loan_customer` (`id`, `created_at`, `updated_at`, `name`, `id_number`, `gender`, `birthday`, `address_id`, `job_id`, `salary`) VALUES (6030, '2022-01-05 05:43:21.577068', '2022-01-05 05:43:21.577068', '蒋宁', '157500840681491508', 'f', '1985-09-20', 9720, 1999, 26000);
UPDATE `loan_chattel` SET `created_at` = '2022-01-05 23:22:30.843914', `updated_at` = '2022-01-05 23:22:30.843914', `customer_id` = 6030, `type` = 'draft', `description` = '一些信息', `value_amount` = 20000, `expired_at` = '2034-03-31' WHERE `loan_chattel`.`id` = 1775;
INSERT INTO `loan_chattel` (`id`, `created_at`, `updated_at`, `customer_id`, `type`, `description`, `value_amount`, `expired_at`) VALUES (1775, '2022-01-05 23:22:30.843914', '2022-01-05 23:22:30.843914', 6030, 'draft', '一些信息', 20000, '2034-03-31');
UPDATE `loan_car` SET `created_at` = '2022-01-05 21:28:19.962896', `updated_at` = '2022-01-05 21:28:19.962896', `customer_id` = 6030, `model_id` = 212, `vin_number` = '391144169713470703', `date_produced` = '2014-05-21', `value_estimated` = 310000 WHERE `loan_car`.`id` = 4845;
INSERT INTO `loan_car` (`id`, `created_at`, `updated_at`, `customer_id`, `model_id`, `vin_number`, `date_produced`, `value_estimated`) VALUES (4845, '2022-01-05 21:28:19.962896', '2022-01-05 21:28:19.962896', 6030, 212, '391144169713470703', '2014-05-21', 310000);
UPDATE `loan_car` SET `created_at` = '2022-01-05 22:22:42.246053', `updated_at` = '2022-01-05 23:54:59.874638', `customer_id` = 6030, `model_id` = 287, `vin_number` = '320782630094172126', `date_produced` = '2013-01-14', `value_estimated` = 700000 WHERE `loan_car`.`id` = 4846;
INSERT INTO `loan_car` (`id`, `created_at`, `updated_at`, `customer_id`, `model_id`, `vin_number`, `date_produced`, `value_estimated`) VALUES (4846, '2022-01-05 22:22:42.246053', '2022-01-05 23:54:59.874638', 6030, 287, '320782630094172126', '2013-01-14', 700000);
UPDATE `loan_account` SET `created_at` = '2022-01-05 11:42:46.316138', `updated_at` = '2022-01-05 11:42:46.316138', `customer_id` = 6030, `number` = '519606536595246823', `balance` = 82613 WHERE `loan_account`.`id` = 5503;
INSERT INTO `loan_account` (`id`, `created_at`, `updated_at`, `customer_id`, `number`, `balance`) VALUES (5503, '2022-01-05 11:42:46.316138', '2022-01-05 11:42:46.316138', 6030, '519606536595246823', 82613);
UPDATE `loan_address` SET `created_at` = '2022-01-05 21:06:37.273994', `updated_at` = '2022-01-05 21:06:37.273994', `province` = '甘肃省', `city` = '兰州市', `county` = '城关区', `town` = '焦家湾街道', `detail` = '保屯路2号' WHERE `loan_address`.`id` = 9721;
INSERT INTO `loan_address` (`id`, `created_at`, `updated_at`, `province`, `city`, `county`, `town`, `detail`) VALUES (9721, '2022-01-05 21:06:37.273994', '2022-01-05 21:06:37.273994', '甘肃省', '兰州市', '城关区', '焦家湾街道', '保屯路2号');
UPDATE `loan_customer` SET `created_at` = '2022-01-05 21:06:37.273994', `updated_at` = '2022-01-05 21:06:37.273994', `name` = '史丝微', `id_number` = '380028925838138399', `gender` = 'm', `birthday` = '2007-07-05', `address_id` = 9721, `job_id` = 1999, `salary` = 26000 WHERE `loan_customer`.`id` = 6031;
INSERT INTO `loan_customer` (`id`, `created_at`, `updated_at`, `name`, `id_number`, `gender`, `birthday`, `address_id`, `job_id`, `salary`) VALUES (6031, '2022-01-05 21:06:37.273994', '2022-01-05 21:06:37.273994', '史丝微', '380028925838138399', 'm', '2007-07-05', 9721, 1999, 26000);
UPDATE `loan_chattel` SET `created_at` = '2022-01-05 23:44:09.968394', `updated_at` = '2022-01-05 23:44:09.968394', `customer_id` = 6031, `type` = 'check', `description` = '一些信息', `value_amount` = 600000, `expired_at` = '2032-08-31' WHERE `loan_chattel`.`id` = 1776;
INSERT INTO `loan_chattel` (`id`, `created_at`, `updated_at`, `customer_id`, `type`, `description`, `value_amount`, `expired_at`) VALUES (1776, '2022-01-05 23:44:09.968394', '2022-01-05 23:44:09.968394', 6031, 'check', '一些信息', 600000, '2032-08-31');
UPDATE `loan_car` SET `created_at` = '2022-01-05 22:11:36.836144', `updated_at` = '2022-01-05 22:11:36.836144', `customer_id` = 6031, `model_id` = 254, `vin_number` = '244186893247682813', `date_produced` = '2010-03-03', `value_estimated` = 100000 WHERE `loan_car`.`id` = 4847;
INSERT INTO `loan_car` (`id`, `created_at`, `updated_at`, `customer_id`, `model_id`, `vin_number`, `date_produced`, `value_estimated`) VALUES (4847, '2022-01-05 22:11:36.836144', '2022-01-05 22:11:36.836144', 6031, 254, '244186893247682813', '2010-03-03', 100000);
UPDATE `loan_car` SET `created_at` = '2022-01-05 23:17:48.534735', `updated_at` = '2022-01-05 23:25:24.093467', `customer_id` = 6031, `model_id` = 161, `vin_number` = '709477453427215057', `date_produced` = '2011-11-24', `value_estimated` = 360000 WHERE `loan_car`.`id` = 4848;
INSERT INTO `loan_car` (`id`, `created_at`, `updated_at`, `customer_id`, `model_id`, `vin_number`, `date_produced`, `value_estimated`) VALUES (4848, '2022-01-05 23:17:48.534735', '2022-01-05 23:25:24.093467', 6031, 161, '709477453427215057', '2011-11-24', 360000);
UPDATE `loan_account` SET `created_at` = '2022-01-05 22:18:03.353257', `updated_at` = '2022-01-05 22:18:03.353257', `customer_id` = 6031, `number` = '153971559775834129', `balance` = 59887 WHERE `loan_account`.`id` = 5504;
INSERT INTO `loan_account` (`id`, `created_at`, `updated_at`, `customer_id`, `number`, `balance`) VALUES (5504, '2022-01-05 22:18:03.353257', '2022-01-05 22:18:03.353257', 6031, '153971559775834129', 59887);
UPDATE `loan_address` SET `created_at` = '2022-01-05 18:07:22.775997', `updated_at` = '2022-01-05 18:07:22.775997', `province` = '云南省', `city` = '临沧市', `county` = '耿马傣族佤族自治县', `town` = '耿马镇', `detail` = '保德路协通公寓139号' WHERE `loan_address`.`id` = 9722;
INSERT INTO `loan_address` (`id`, `created_at`, `updated_at`, `province`, `city`, `county`, `town`, `detail`) VALUES (9722, '2022-01-05 18:07:22.775997', '2022-01-05 18:07:22.775997', '云南省', '临沧市', '耿马傣族佤族自治县', '耿马镇', '保德路协通公寓139号');
UPDATE `loan_customer` SET `created_at` = '2022-01-05 18:07:22.775997', `updated_at` = '2022-01-05 18:07:22.775997', `name` = '汤洲', `id_number` = '237482185415005985', `gender` = 'm', `birthday` = '2005-12-07', `address_id` = 9722, `job_id` = 2000, `salary` = 49000 WHERE `loan_customer`.`id` = 6032;
INSERT INTO `loan_customer` (`id`, `created_at`, `updated_at`, `name`, `id_number`, `gender`, `birthday`, `address_id`, `job_id`, `salary`) VALUES (6032, '2022-01-05 18:07:22.775997', '2022-01-05 18:07:22.775997', '汤洲', '237482185415005985', 'm', '2005-12-07', 9722, 2000, 49000);
UPDATE `loan_car` SET `created_at` = '2022-01-05 19:55:15.900600', `updated_at` = '2022-01-05 23:29:19.037372', `customer_id` = 6032, `model_id` = 247, `vin_number` = '979568441916502060', `date_produced` = '2013-12-21', `value_estimated` = 150000 WHERE `loan_car`.`id` = 4849;
INSERT INTO `loan_car` (`id`, `created_at`, `updated_at`, `customer_id`, `model_id`, `vin_number`, `date_produced`, `value_estimated`) VALUES (4849, '2022-01-05 19:55:15.900600', '2022-01-05 23:29:19.037372', 6032, 247, '979568441916502060', '2013-12-21', 150000);
UPDATE `loan_car` SET `created_at` = '2022-01-05 19:51:14.842235', `updated_at` = '2022-01-05 20:16:25.770498', `customer_id` = 6032, `model_id` = 159, `vin_number` = '256530311446670633', `date_produced` = '2021-06-02', `value_estimated` = 290000 WHERE `loan_car`.`id` = 4850;
INSERT INTO `loan_car` (`id`, `created_at`, `updated_at`, `customer_id`, `model_id`, `vin_number`, `date_produced`, `value_estimated`) VALUES (4850, '2022-01-05 19:51:14.842235', '2022-01-05 20:16:25.770498', 6032, 159, '256530311446670633', '2021-06-02', 290000);
UPDATE `loan_account` SET `created_at` = '2022-01-05 21:20:53.748282', `updated_at` = '2022-01-05 21:39:33.816542', `customer_id` = 6032, `number` = '467976154502137278', `balance` = 127591 WHERE `loan_account`.`id` = 5505;
INSERT INTO `loan_account` (`id`, `created_at`, `updated_at`, `customer_id`, `number`, `balance`) VALUES (5505, '2022-01-05 21:20:53.748282', '2022-01-05 21:39:33.816542', 6032, '467976154502137278', 127591);
UPDATE `loan_address` SET `created_at` = '2022-01-05 20:22:56.746270', `updated_at` = '2022-01-05 20:22:56.746270', `province` = '天津市', `city` = '市辖区', `county` = '蓟州区', `town` = '渔阳镇', `detail` = '宝源路185号' WHERE `loan_address`.`id` = 9723;
INSERT INTO `loan_address` (`id`, `created_at`, `updated_at`, `province`, `city`, `county`, `town`, `detail`) VALUES (9723, '2022-01-05 20:22:56.746270', '2022-01-05 20:22:56.746270', '天津市', '市辖区', '蓟州区', '渔阳镇', '宝源路185号');
UPDATE `loan_customer` SET `created_at` = '2022-01-05 20:22:56.746270', `updated_at` = '2022-01-05 20:56:49.140912', `name` = '曹和洽', `id_number` = '113297791341493197', `gender` = 'm', `birthday` = '1990-04-03', `address_id` = 9723, `job_id` = 2000, `salary` = 53000 WHERE `loan_customer`.`id` = 6033;
INSERT INTO `loan_customer` (`id`, `created_at`, `updated_at`, `name`, `id_number`, `gender`, `birthday`, `address_id`, `job_id`, `salary`) VALUES (6033, '2022-01-05 20:22:56.746270', '2022-01-05 20:56:49.140912', '曹和洽', '113297791341493197', 'm', '1990-04-03', 9723, 2000, 53000);
UPDATE `loan_address` SET `created_at` = '2022-01-05 21:23:18.856744', `updated_at` = '2022-01-05 21:23:18.856744', `province` = '新疆维吾尔自治区', `city` = '塔城地区', `county` = '额敏县', `town` = '加尔布拉克农场', `detail` = '板泉路85号' WHERE `loan_address`.`id` = 9724;
INSERT INTO `loan_address` (`id`, `created_at`, `updated_at`, `province`, `city`, `county`, `town`, `detail`) VALUES (9724, '2022-01-05 21:23:18.856744', '2022-01-05 21:23:18.856744', '新疆维吾尔自治区', '塔城地区', '额敏县', '加尔布拉克农场', '板泉路85号');
UPDATE `loan_estate` SET `created_at` = '2022-01-05 21:23:18.856744', `updated_at` = '2022-01-05 21:23:18.856744', `customer_id` = 6033, `address_id` = 9724 WHERE `loan_estate`.`id` = 3600;
INSERT INTO `loan_estate` (`id`, `created_at`, `updated_at`, `customer_id`, `address_id`) VALUES (3600, '2022-01-05 21:23:18.856744', '2022-01-05 21:23:18.856744', 6033, 9724);
UPDATE `loan_account` SET `created_at` = '2022-01-05 23:35:35.961555', `updated_at` = '2022-01-05 23:35:35.961555', `customer_id` = 6033, `number` = '275634594450827112', `balance` = 31254 WHERE `loan_account`.`id` = 5506;
INSERT INTO `loan_account` (`id`, `created_at`, `updated_at`, `customer_id`, `number`, `balance`) VALUES (5506, '2022-01-05 23:35:35.961555', '2022-01-05 23:35:35.961555', 6033, '275634594450827112', 31254);
UPDATE `loan_address` SET `created_at` = '2022-01-05 13:45:23.652523', `updated_at` = '2022-01-05 13:45:23.652523', `province` = '重庆市', `city` = '县', `county` = '秀山土家族苗族自治县', `town` = '涌洞乡', `detail` = '安化路博泰新苑24号' WHERE `loan_address`.`id` = 9725;
INSERT INTO `loan_address` (`id`, `created_at`, `updated_at`, `province`, `city`, `county`, `town`, `detail`) VALUES (9725, '2022-01-05 13:45:23.652523', '2022-01-05 13:45:23.652523', '重庆市', '县', '秀山土家族苗族自治县', '涌洞乡', '安化路博泰新苑24号');
UPDATE `loan_customer` SET `created_at` = '2022-01-05 13:45:23.652523', `updated_at` = '2022-01-05 23:41:28.376009', `name` = '范如仪', `id_number` = '036586043597324546', `gender` = 'm', `birthday` = '1998-12-08', `address_id` = 9725, `job_id` = 2000, `salary` = 45000 WHERE `loan_customer`.`id` = 6034;
INSERT INTO `loan_customer` (`id`, `created_at`, `updated_at`, `name`, `id_number`, `gender`, `birthday`, `address_id`, `job_id`, `salary`) VALUES (6034, '2022-01-05 13:45:23.652523', '2022-01-05 23:41:28.376009', '范如仪', '036586043597324546', 'm', '1998-12-08', 9725, 2000, 45000);
UPDATE `loan_account` SET `created_at` = '2022-01-05 23:24:13.784822', `updated_at` = '2022-01-05 23:24:13.784822', `customer_id` = 6034, `number` = '998116451425086136', `balance` = 30921 WHERE `loan_account`.`id` = 5507;
INSERT INTO `loan_account` (`id`, `created_at`, `updated_at`, `customer_id`, `number`, `balance`) VALUES (5507, '2022-01-05 23:24:13.784822', '2022-01-05 23:24:13.784822', 6034, '998116451425086136', 30921);
UPDATE `loan_address` SET `created_at` = '2022-01-05 19:07:11.721836', `updated_at` = '2022-01-05 19:07:11.721836', `province` = '湖南省', `city` = '永州市', `county` = '冷水滩区', `town` = '高溪市镇', `detail` = '白兰路溢盈河畔别墅72号' WHERE `loan_address`.`id` = 9726;
INSERT INTO `loan_address` (`id`, `created_at`, `updated_at`, `province`, `city`, `county`, `town`, `detail`) VALUES (9726, '2022-01-05 19:07:11.721836', '2022-01-05 19:07:11.721836', '湖南省', '永州市', '冷水滩区', '高溪市镇', '白兰路溢盈河畔别墅72号');
UPDATE `loan_customer` SET `created_at` = '2022-01-05 19:07:11.721836', `updated_at` = '2022-01-05 20:19:11.279557', `name` = '宋家', `id_number` = '842530262167875223', `gender` = 'f', `birthday` = '1995-04-21', `address_id` = 9726, `job_id` = 2000, `salary` = 55000 WHERE `loan_customer`.`id` = 6035;
INSERT INTO `loan_customer` (`id`, `created_at`, `updated_at`, `name`, `id_number`, `gender`, `birthday`, `address_id`, `job_id`, `salary`) VALUES (6035, '2022-01-05 19:07:11.721836', '2022-01-05 20:19:11.279557', '宋家', '842530262167875223', 'f', '1995-04-21', 9726, 2000, 55000);
UPDATE `loan_chattel` SET `created_at` = '2022-01-05 21:04:11.352263', `updated_at` = '2022-01-05 22:37:29.312026', `customer_id` = 6035, `type` = 'check', `description` = '一些信息', `value_amount` = 20000, `expired_at` = '2028-11-28' WHERE `loan_chattel`.`id` = 1777;
INSERT INTO `loan_chattel` (`id`, `created_at`, `updated_at`, `customer_id`, `type`, `description`, `value_amount`, `expired_at`) VALUES (1777, '2022-01-05 21:04:11.352263', '2022-01-05 22:37:29.312026', 6035, 'check', '一些信息', 20000, '2028-11-28');
UPDATE `loan_car` SET `created_at` = '2022-01-05 19:48:50.611446', `updated_at` = '2022-01-05 22:01:11.941303', `customer_id` = 6035, `model_id` = 118, `vin_number` = '943533714739096903', `date_produced` = '2013-07-03', `value_estimated` = 130000 WHERE `loan_car`.`id` = 4851;
INSERT INTO `loan_car` (`id`, `created_at`, `updated_at`, `customer_id`, `model_id`, `vin_number`, `date_produced`, `value_estimated`) VALUES (4851, '2022-01-05 19:48:50.611446', '2022-01-05 22:01:11.941303', 6035, 118, '943533714739096903', '2013-07-03', 130000);
UPDATE `loan_account` SET `created_at` = '2022-01-05 23:49:33.172887', `updated_at` = '2022-01-05 23:58:12.205925', `customer_id` = 6035, `number` = '154531289522550672', `balance` = 11537 WHERE `loan_account`.`id` = 5508;
INSERT INTO `loan_account` (`id`, `created_at`, `updated_at`, `customer_id`, `number`, `balance`) VALUES (5508, '2022-01-05 23:49:33.172887', '2022-01-05 23:58:12.205925', 6035, '154531289522550672', 11537);
UPDATE `loan_address` SET `created_at` = '2022-01-05 01:42:54.686554', `updated_at` = '2022-01-05 01:42:54.686554', `province` = '广西壮族自治区', `city` = '桂林市', `county` = '恭城瑶族自治县', `town` = '三江乡', `detail` = '白渡桥187号' WHERE `loan_address`.`id` = 9727;
INSERT INTO `loan_address` (`id`, `created_at`, `updated_at`, `province`, `city`, `county`, `town`, `detail`) VALUES (9727, '2022-01-05 01:42:54.686554', '2022-01-05 01:42:54.686554', '广西壮族自治区', '桂林市', '恭城瑶族自治县', '三江乡', '白渡桥187号');
UPDATE `loan_customer` SET `created_at` = '2022-01-05 01:42:54.686554', `updated_at` = '2022-01-05 01:42:54.686554', `name` = '孔鹤轩', `id_number` = '578011539166116700', `gender` = 'f', `birthday` = '1982-03-04', `address_id` = 9727, `job_id` = 2001, `salary` = 10000 WHERE `loan_customer`.`id` = 6036;
INSERT INTO `loan_customer` (`id`, `created_at`, `updated_at`, `name`, `id_number`, `gender`, `birthday`, `address_id`, `job_id`, `salary`) VALUES (6036, '2022-01-05 01:42:54.686554', '2022-01-05 01:42:54.686554', '孔鹤轩', '578011539166116700', 'f', '1982-03-04', 9727, 2001, 10000);
UPDATE `loan_address` SET `created_at` = '2022-01-05 06:49:10.107894', `updated_at` = '2022-01-05 06:49:10.107894', `province` = '海南省', `city` = '省直辖县级行政区划', `county` = '琼中黎族苗族自治县', `town` = '黎母山镇', `detail` = '安义路91号' WHERE `loan_address`.`id` = 9728;
INSERT INTO `loan_address` (`id`, `created_at`, `updated_at`, `province`, `city`, `county`, `town`, `detail`) VALUES (9728, '2022-01-05 06:49:10.107894', '2022-01-05 06:49:10.107894', '海南省', '省直辖县级行政区划', '琼中黎族苗族自治县', '黎母山镇', '安义路91号');
UPDATE `loan_estate` SET `created_at` = '2022-01-05 06:49:10.107894', `updated_at` = '2022-01-05 06:49:10.107894', `customer_id` = 6036, `address_id` = 9728 WHERE `loan_estate`.`id` = 3601;
INSERT INTO `loan_estate` (`id`, `created_at`, `updated_at`, `customer_id`, `address_id`) VALUES (3601, '2022-01-05 06:49:10.107894', '2022-01-05 06:49:10.107894', 6036, 9728);
UPDATE `loan_car` SET `created_at` = '2022-01-05 16:41:49.614172', `updated_at` = '2022-01-05 23:50:38.050476', `customer_id` = 6036, `model_id` = 74, `vin_number` = '621082414493915727', `date_produced` = '2012-08-18', `value_estimated` = 70000 WHERE `loan_car`.`id` = 4852;
INSERT INTO `loan_car` (`id`, `created_at`, `updated_at`, `customer_id`, `model_id`, `vin_number`, `date_produced`, `value_estimated`) VALUES (4852, '2022-01-05 16:41:49.614172', '2022-01-05 23:50:38.050476', 6036, 74, '621082414493915727', '2012-08-18', 70000);
UPDATE `loan_car` SET `created_at` = '2022-01-05 14:35:29.907484', `updated_at` = '2022-01-05 22:34:44.588446', `customer_id` = 6036, `model_id` = 35, `vin_number` = '231580303485500937', `date_produced` = '2019-02-21', `value_estimated` = 290000 WHERE `loan_car`.`id` = 4853;
INSERT INTO `loan_car` (`id`, `created_at`, `updated_at`, `customer_id`, `model_id`, `vin_number`, `date_produced`, `value_estimated`) VALUES (4853, '2022-01-05 14:35:29.907484', '2022-01-05 22:34:44.588446', 6036, 35, '231580303485500937', '2019-02-21', 290000);
UPDATE `loan_account` SET `created_at` = '2022-01-05 04:16:08.043577', `updated_at` = '2022-01-05 04:16:08.043577', `customer_id` = 6036, `number` = '574077162856356872', `balance` = 56037 WHERE `loan_account`.`id` = 5509;
INSERT INTO `loan_account` (`id`, `created_at`, `updated_at`, `customer_id`, `number`, `balance`) VALUES (5509, '2022-01-05 04:16:08.043577', '2022-01-05 04:16:08.043577', 6036, '574077162856356872', 56037);
UPDATE `loan_address` SET `created_at` = '2022-01-05 06:46:12.910388', `updated_at` = '2022-01-05 06:46:12.910388', `province` = '河南省', `city` = '南阳市', `county` = '方城县', `town` = '小史店镇', `detail` = '安远路118号' WHERE `loan_address`.`id` = 9729;
INSERT INTO `loan_address` (`id`, `created_at`, `updated_at`, `province`, `city`, `county`, `town`, `detail`) VALUES (9729, '2022-01-05 06:46:12.910388', '2022-01-05 06:46:12.910388', '河南省', '南阳市', '方城县', '小史店镇', '安远路118号');
UPDATE `loan_customer` SET `created_at` = '2022-01-05 06:46:12.910388', `updated_at` = '2022-01-05 10:51:23.920790', `name` = '董念巧', `id_number` = '785208104441683404', `gender` = 'm', `birthday` = '1996-05-12', `address_id` = 9729, `job_id` = 2001, `salary` = 60000 WHERE `loan_customer`.`id` = 6037;
INSERT INTO `loan_customer` (`id`, `created_at`, `updated_at`, `name`, `id_number`, `gender`, `birthday`, `address_id`, `job_id`, `salary`) VALUES (6037, '2022-01-05 06:46:12.910388', '2022-01-05 10:51:23.920790', '董念巧', '785208104441683404', 'm', '1996-05-12', 9729, 2001, 60000);
UPDATE `loan_address` SET `created_at` = '2022-01-05 08:00:23.533766', `updated_at` = '2022-01-05 08:00:23.533766', `province` = '云南省', `city` = '楚雄彝族自治州', `county` = '武定县', `town` = '田心乡', `detail` = '安边路东新大厦160号' WHERE `loan_address`.`id` = 9730;
INSERT INTO `loan_address` (`id`, `created_at`, `updated_at`, `province`, `city`, `county`, `town`, `detail`) VALUES (9730, '2022-01-05 08:00:23.533766', '2022-01-05 08:00:23.533766', '云南省', '楚雄彝族自治州', '武定县', '田心乡', '安边路东新大厦160号');
UPDATE `loan_estate` SET `created_at` = '2022-01-05 08:00:23.533766', `updated_at` = '2022-01-05 08:00:23.533766', `customer_id` = 6037, `address_id` = 9730 WHERE `loan_estate`.`id` = 3602;
INSERT INTO `loan_estate` (`id`, `created_at`, `updated_at`, `customer_id`, `address_id`) VALUES (3602, '2022-01-05 08:00:23.533766', '2022-01-05 08:00:23.533766', 6037, 9730);
UPDATE `loan_car` SET `created_at` = '2022-01-05 19:51:47.169019', `updated_at` = '2022-01-05 21:53:28.029922', `customer_id` = 6037, `model_id` = 201, `vin_number` = '710863615332835410', `date_produced` = '2010-09-15', `value_estimated` = 330000 WHERE `loan_car`.`id` = 4854;
INSERT INTO `loan_car` (`id`, `created_at`, `updated_at`, `customer_id`, `model_id`, `vin_number`, `date_produced`, `value_estimated`) VALUES (4854, '2022-01-05 19:51:47.169019', '2022-01-05 21:53:28.029922', 6037, 201, '710863615332835410', '2010-09-15', 330000);
UPDATE `loan_account` SET `created_at` = '2022-01-05 12:28:17.085866', `updated_at` = '2022-01-05 12:28:17.085866', `customer_id` = 6037, `number` = '193962048831125932', `balance` = 23303 WHERE `loan_account`.`id` = 5510;
INSERT INTO `loan_account` (`id`, `created_at`, `updated_at`, `customer_id`, `number`, `balance`) VALUES (5510, '2022-01-05 12:28:17.085866', '2022-01-05 12:28:17.085866', 6037, '193962048831125932', 23303);
UPDATE `loan_address` SET `created_at` = '2022-01-05 11:33:29.507880', `updated_at` = '2022-01-05 11:33:29.507880', `province` = '河南省', `city` = '南阳市', `county` = '方城县', `town` = '小史店镇', `detail` = '百安路（方泰镇）186号' WHERE `loan_address`.`id` = 9731;
INSERT INTO `loan_address` (`id`, `created_at`, `updated_at`, `province`, `city`, `county`, `town`, `detail`) VALUES (9731, '2022-01-05 11:33:29.507880', '2022-01-05 11:33:29.507880', '河南省', '南阳市', '方城县', '小史店镇', '百安路（方泰镇）186号');
UPDATE `loan_customer` SET `created_at` = '2022-01-05 11:33:29.507880', `updated_at` = '2022-01-05 11:33:29.507880', `name` = '杨亚', `id_number` = '088985660000507118', `gender` = 'f', `birthday` = '1993-05-26', `address_id` = 9731, `job_id` = 2002, `salary` = 26000 WHERE `loan_customer`.`id` = 6038;
INSERT INTO `loan_customer` (`id`, `created_at`, `updated_at`, `name`, `id_number`, `gender`, `birthday`, `address_id`, `job_id`, `salary`) VALUES (6038, '2022-01-05 11:33:29.507880', '2022-01-05 11:33:29.507880', '杨亚', '088985660000507118', 'f', '1993-05-26', 9731, 2002, 26000);
UPDATE `loan_car` SET `created_at` = '2022-01-05 23:58:03.506649', `updated_at` = '2022-01-05 23:59:20.145813', `customer_id` = 6038, `model_id` = 148, `vin_number` = '831445728695317485', `date_produced` = '2017-01-23', `value_estimated` = 140000 WHERE `loan_car`.`id` = 4855;
INSERT INTO `loan_car` (`id`, `created_at`, `updated_at`, `customer_id`, `model_id`, `vin_number`, `date_produced`, `value_estimated`) VALUES (4855, '2022-01-05 23:58:03.506649', '2022-01-05 23:59:20.145813', 6038, 148, '831445728695317485', '2017-01-23', 140000);
UPDATE `loan_account` SET `created_at` = '2022-01-05 12:41:08.465418', `updated_at` = '2022-01-05 22:44:03.442412', `customer_id` = 6038, `number` = '341525287341911949', `balance` = 0 WHERE `loan_account`.`id` = 5511;
INSERT INTO `loan_account` (`id`, `created_at`, `updated_at`, `customer_id`, `number`, `balance`) VALUES (5511, '2022-01-05 12:41:08.465418', '2022-01-05 22:44:03.442412', 6038, '341525287341911949', 0);
UPDATE `loan_address` SET `created_at` = '2022-01-05 15:47:26.439628', `updated_at` = '2022-01-05 15:47:26.439628', `province` = '四川省', `city` = '眉山市', `county` = '仁寿县', `town` = '鳌陵乡', `detail` = '保德路47号' WHERE `loan_address`.`id` = 9732;
INSERT INTO `loan_address` (`id`, `created_at`, `updated_at`, `province`, `city`, `county`, `town`, `detail`) VALUES (9732, '2022-01-05 15:47:26.439628', '2022-01-05 15:47:26.439628', '四川省', '眉山市', '仁寿县', '鳌陵乡', '保德路47号');
UPDATE `loan_customer` SET `created_at` = '2022-01-05 15:47:26.439628', `updated_at` = '2022-01-05 20:45:23.739124', `name` = '罗雯婧', `id_number` = '592326808907558198', `gender` = 'm', `birthday` = '1982-06-07', `address_id` = 9732, `job_id` = 2002, `salary` = 10000 WHERE `loan_customer`.`id` = 6039;
INSERT INTO `loan_customer` (`id`, `created_at`, `updated_at`, `name`, `id_number`, `gender`, `birthday`, `address_id`, `job_id`, `salary`) VALUES (6039, '2022-01-05 15:47:26.439628', '2022-01-05 20:45:23.739124', '罗雯婧', '592326808907558198', 'm', '1982-06-07', 9732, 2002, 10000);
UPDATE `loan_address` SET `created_at` = '2022-01-05 22:35:16.036731', `updated_at` = '2022-01-05 22:35:16.036731', `province` = '江西省', `city` = '景德镇市', `county` = '乐平市', `town` = '后港镇', `detail` = '宝祁路13号' WHERE `loan_address`.`id` = 9733;
INSERT INTO `loan_address` (`id`, `created_at`, `updated_at`, `province`, `city`, `county`, `town`, `detail`) VALUES (9733, '2022-01-05 22:35:16.036731', '2022-01-05 22:35:16.036731', '江西省', '景德镇市', '乐平市', '后港镇', '宝祁路13号');
UPDATE `loan_estate` SET `created_at` = '2022-01-05 22:35:16.036731', `updated_at` = '2022-01-05 22:35:16.036731', `customer_id` = 6039, `address_id` = 9733 WHERE `loan_estate`.`id` = 3603;
INSERT INTO `loan_estate` (`id`, `created_at`, `updated_at`, `customer_id`, `address_id`) VALUES (3603, '2022-01-05 22:35:16.036731', '2022-01-05 22:35:16.036731', 6039, 9733);
UPDATE `loan_address` SET `created_at` = '2022-01-05 17:47:37.697474', `updated_at` = '2022-01-05 17:47:37.697474', `province` = '黑龙江省', `city` = '伊春市', `county` = '新青区', `town` = '红林经营所', `detail` = '八一路101号' WHERE `loan_address`.`id` = 9734;
INSERT INTO `loan_address` (`id`, `created_at`, `updated_at`, `province`, `city`, `county`, `town`, `detail`) VALUES (9734, '2022-01-05 17:47:37.697474', '2022-01-05 17:47:37.697474', '黑龙江省', '伊春市', '新青区', '红林经营所', '八一路101号');
UPDATE `loan_estate` SET `created_at` = '2022-01-05 17:47:37.697474', `updated_at` = '2022-01-05 17:47:37.697474', `customer_id` = 6039, `address_id` = 9734 WHERE `loan_estate`.`id` = 3604;
INSERT INTO `loan_estate` (`id`, `created_at`, `updated_at`, `customer_id`, `address_id`) VALUES (3604, '2022-01-05 17:47:37.697474', '2022-01-05 17:47:37.697474', 6039, 9734);
UPDATE `loan_account` SET `created_at` = '2022-01-05 23:46:20.009473', `updated_at` = '2022-01-05 23:50:00.989427', `customer_id` = 6039, `number` = '316360859357575576', `balance` = 15061 WHERE `loan_account`.`id` = 5512;
INSERT INTO `loan_account` (`id`, `created_at`, `updated_at`, `customer_id`, `number`, `balance`) VALUES (5512, '2022-01-05 23:46:20.009473', '2022-01-05 23:50:00.989427', 6039, '316360859357575576', 15061);
UPDATE `loan_address` SET `created_at` = '2022-01-05 17:29:08.353660', `updated_at` = '2022-01-05 17:29:08.353660', `province` = '浙江省', `city` = '杭州市', `county` = '余杭区', `town` = '南苑街道', `detail` = '安化路和亭佳苑85号' WHERE `loan_address`.`id` = 9735;
INSERT INTO `loan_address` (`id`, `created_at`, `updated_at`, `province`, `city`, `county`, `town`, `detail`) VALUES (9735, '2022-01-05 17:29:08.353660', '2022-01-05 17:29:08.353660', '浙江省', '杭州市', '余杭区', '南苑街道', '安化路和亭佳苑85号');
UPDATE `loan_customer` SET `created_at` = '2022-01-05 17:29:08.353660', `updated_at` = '2022-01-05 23:59:41.114916', `name` = '胡沂秀', `id_number` = '169548993235110856', `gender` = 'f', `birthday` = '1998-10-26', `address_id` = 9735, `job_id` = 2002, `salary` = 75000 WHERE `loan_customer`.`id` = 6040;
INSERT INTO `loan_customer` (`id`, `created_at`, `updated_at`, `name`, `id_number`, `gender`, `birthday`, `address_id`, `job_id`, `salary`) VALUES (6040, '2022-01-05 17:29:08.353660', '2022-01-05 23:59:41.114916', '胡沂秀', '169548993235110856', 'f', '1998-10-26', 9735, 2002, 75000);
UPDATE `loan_account` SET `created_at` = '2022-01-05 21:33:39.464146', `updated_at` = '2022-01-05 21:33:39.464146', `customer_id` = 6040, `number` = '399625771321092608', `balance` = 43755 WHERE `loan_account`.`id` = 5513;
INSERT INTO `loan_account` (`id`, `created_at`, `updated_at`, `customer_id`, `number`, `balance`) VALUES (5513, '2022-01-05 21:33:39.464146', '2022-01-05 21:33:39.464146', 6040, '399625771321092608', 43755);
UPDATE `loan_address` SET `created_at` = '2022-01-05 09:57:42.246414', `updated_at` = '2022-01-05 09:57:42.246414', `province` = '四川省', `city` = '广安市', `county` = '邻水县', `town` = '高滩镇', `detail` = '安仁路协通公寓164号' WHERE `loan_address`.`id` = 9736;
INSERT INTO `loan_address` (`id`, `created_at`, `updated_at`, `province`, `city`, `county`, `town`, `detail`) VALUES (9736, '2022-01-05 09:57:42.246414', '2022-01-05 09:57:42.246414', '四川省', '广安市', '邻水县', '高滩镇', '安仁路协通公寓164号');
UPDATE `loan_customer` SET `created_at` = '2022-01-05 09:57:42.246414', `updated_at` = '2022-01-05 12:01:27.394799', `name` = '杜琒', `id_number` = '786586414663129694', `gender` = 'm', `birthday` = '2003-09-18', `address_id` = 9736, `job_id` = 2003, `salary` = 3000 WHERE `loan_customer`.`id` = 6041;
INSERT INTO `loan_customer` (`id`, `created_at`, `updated_at`, `name`, `id_number`, `gender`, `birthday`, `address_id`, `job_id`, `salary`) VALUES (6041, '2022-01-05 09:57:42.246414', '2022-01-05 12:01:27.394799', '杜琒', '786586414663129694', 'm', '2003-09-18', 9736, 2003, 3000);
UPDATE `loan_account` SET `created_at` = '2022-01-05 14:34:31.193920', `updated_at` = '2022-01-05 14:34:31.193920', `customer_id` = 6041, `number` = '108864833293528976', `balance` = 52992 WHERE `loan_account`.`id` = 5514;
INSERT INTO `loan_account` (`id`, `created_at`, `updated_at`, `customer_id`, `number`, `balance`) VALUES (5514, '2022-01-05 14:34:31.193920', '2022-01-05 14:34:31.193920', 6041, '108864833293528976', 52992);
UPDATE `loan_address` SET `created_at` = '2022-01-05 19:10:40.532165', `updated_at` = '2022-01-05 19:10:40.532165', `province` = '吉林省', `city` = '通化市', `county` = '梅河口市', `town` = '中和镇', `detail` = '安国路148号' WHERE `loan_address`.`id` = 9737;
INSERT INTO `loan_address` (`id`, `created_at`, `updated_at`, `province`, `city`, `county`, `town`, `detail`) VALUES (9737, '2022-01-05 19:10:40.532165', '2022-01-05 19:10:40.532165', '吉林省', '通化市', '梅河口市', '中和镇', '安国路148号');
UPDATE `loan_customer` SET `created_at` = '2022-01-05 19:10:40.532165', `updated_at` = '2022-01-05 21:29:59.906299', `name` = '董元忠', `id_number` = '381059135546436180', `gender` = 'f', `birthday` = '2009-03-08', `address_id` = 9737, `job_id` = 2004, `salary` = 41000 WHERE `loan_customer`.`id` = 6042;
INSERT INTO `loan_customer` (`id`, `created_at`, `updated_at`, `name`, `id_number`, `gender`, `birthday`, `address_id`, `job_id`, `salary`) VALUES (6042, '2022-01-05 19:10:40.532165', '2022-01-05 21:29:59.906299', '董元忠', '381059135546436180', 'f', '2009-03-08', 9737, 2004, 41000);
UPDATE `loan_car` SET `created_at` = '2022-01-05 19:54:55.205609', `updated_at` = '2022-01-05 20:19:54.441321', `customer_id` = 6042, `model_id` = 265, `vin_number` = '175956833269031018', `date_produced` = '2013-05-02', `value_estimated` = 250000 WHERE `loan_car`.`id` = 4856;
INSERT INTO `loan_car` (`id`, `created_at`, `updated_at`, `customer_id`, `model_id`, `vin_number`, `date_produced`, `value_estimated`) VALUES (4856, '2022-01-05 19:54:55.205609', '2022-01-05 20:19:54.441321', 6042, 265, '175956833269031018', '2013-05-02', 250000);
UPDATE `loan_account` SET `created_at` = '2022-01-05 22:49:29.579969', `updated_at` = '2022-01-05 22:49:29.579969', `customer_id` = 6042, `number` = '379648619037918373', `balance` = 0 WHERE `loan_account`.`id` = 5515;
INSERT INTO `loan_account` (`id`, `created_at`, `updated_at`, `customer_id`, `number`, `balance`) VALUES (5515, '2022-01-05 22:49:29.579969', '2022-01-05 22:49:29.579969', 6042, '379648619037918373', 0);
UPDATE `loan_address` SET `created_at` = '2022-01-05 11:24:48.676745', `updated_at` = '2022-01-05 11:24:48.676745', `province` = '吉林省', `city` = '长春市', `county` = '双阳区', `town` = '太平镇', `detail` = '宝安路76号' WHERE `loan_address`.`id` = 9738;
INSERT INTO `loan_address` (`id`, `created_at`, `updated_at`, `province`, `city`, `county`, `town`, `detail`) VALUES (9738, '2022-01-05 11:24:48.676745', '2022-01-05 11:24:48.676745', '吉林省', '长春市', '双阳区', '太平镇', '宝安路76号');
UPDATE `loan_customer` SET `created_at` = '2022-01-05 11:24:48.676745', `updated_at` = '2022-01-05 11:24:48.676745', `name` = '蔡建德', `id_number` = '884752757847500925', `gender` = 'f', `birthday` = '2008-02-15', `address_id` = 9738, `job_id` = 2005, `salary` = 42000 WHERE `loan_customer`.`id` = 6043;
INSERT INTO `loan_customer` (`id`, `created_at`, `updated_at`, `name`, `id_number`, `gender`, `birthday`, `address_id`, `job_id`, `salary`) VALUES (6043, '2022-01-05 11:24:48.676745', '2022-01-05 11:24:48.676745', '蔡建德', '884752757847500925', 'f', '2008-02-15', 9738, 2005, 42000);
UPDATE `loan_address` SET `created_at` = '2022-01-05 18:43:45.114750', `updated_at` = '2022-01-05 18:43:45.114750', `province` = '辽宁省', `city` = '鞍山市', `county` = '千山区', `town` = '大屯镇', `detail` = '安汾路金色家园26号' WHERE `loan_address`.`id` = 9739;
INSERT INTO `loan_address` (`id`, `created_at`, `updated_at`, `province`, `city`, `county`, `town`, `detail`) VALUES (9739, '2022-01-05 18:43:45.114750', '2022-01-05 18:43:45.114750', '辽宁省', '鞍山市', '千山区', '大屯镇', '安汾路金色家园26号');
UPDATE `loan_estate` SET `created_at` = '2022-01-05 18:43:45.114750', `updated_at` = '2022-01-05 18:43:45.114750', `customer_id` = 6043, `address_id` = 9739 WHERE `loan_estate`.`id` = 3605;
INSERT INTO `loan_estate` (`id`, `created_at`, `updated_at`, `customer_id`, `address_id`) VALUES (3605, '2022-01-05 18:43:45.114750', '2022-01-05 18:43:45.114750', 6043, 9739);
UPDATE `loan_address` SET `created_at` = '2022-01-05 22:38:26.981175', `updated_at` = '2022-01-05 22:38:26.981175', `province` = '广东省', `city` = '深圳市', `county` = '罗湖区', `town` = '桂园街道办事处', `detail` = '包头南路和亭佳苑11号' WHERE `loan_address`.`id` = 9740;
INSERT INTO `loan_address` (`id`, `created_at`, `updated_at`, `province`, `city`, `county`, `town`, `detail`) VALUES (9740, '2022-01-05 22:38:26.981175', '2022-01-05 22:38:26.981175', '广东省', '深圳市', '罗湖区', '桂园街道办事处', '包头南路和亭佳苑11号');
UPDATE `loan_estate` SET `created_at` = '2022-01-05 22:38:26.981175', `updated_at` = '2022-01-05 22:57:30.791285', `customer_id` = 6043, `address_id` = 9740 WHERE `loan_estate`.`id` = 3606;
INSERT INTO `loan_estate` (`id`, `created_at`, `updated_at`, `customer_id`, `address_id`) VALUES (3606, '2022-01-05 22:38:26.981175', '2022-01-05 22:57:30.791285', 6043, 9740);
UPDATE `loan_address` SET `created_at` = '2022-01-05 20:23:27.486554', `updated_at` = '2022-01-05 20:23:27.486554', `province` = '甘肃省', `city` = '兰州市', `county` = '城关区', `town` = '焦家湾街道', `detail` = '安波路住友嘉馨名园171号' WHERE `loan_address`.`id` = 9741;
INSERT INTO `loan_address` (`id`, `created_at`, `updated_at`, `province`, `city`, `county`, `town`, `detail`) VALUES (9741, '2022-01-05 20:23:27.486554', '2022-01-05 20:23:27.486554', '甘肃省', '兰州市', '城关区', '焦家湾街道', '安波路住友嘉馨名园171号');
UPDATE `loan_estate` SET `created_at` = '2022-01-05 20:23:27.486554', `updated_at` = '2022-01-05 20:23:27.486554', `customer_id` = 6043, `address_id` = 9741 WHERE `loan_estate`.`id` = 3607;
INSERT INTO `loan_estate` (`id`, `created_at`, `updated_at`, `customer_id`, `address_id`) VALUES (3607, '2022-01-05 20:23:27.486554', '2022-01-05 20:23:27.486554', 6043, 9741);
UPDATE `loan_account` SET `created_at` = '2022-01-05 21:18:21.981836', `updated_at` = '2022-01-05 21:18:21.981836', `customer_id` = 6043, `number` = '205202678389230337', `balance` = 105226 WHERE `loan_account`.`id` = 5516;
INSERT INTO `loan_account` (`id`, `created_at`, `updated_at`, `customer_id`, `number`, `balance`) VALUES (5516, '2022-01-05 21:18:21.981836', '2022-01-05 21:18:21.981836', 6043, '205202678389230337', 105226);
UPDATE `loan_address` SET `created_at` = '2022-01-05 00:12:29.826685', `updated_at` = '2022-01-05 00:12:29.826685', `province` = '广西壮族自治区', `city` = '来宾市', `county` = '兴宾区', `town` = '寺山镇', `detail` = '宝源路122号' WHERE `loan_address`.`id` = 9742;
INSERT INTO `loan_address` (`id`, `created_at`, `updated_at`, `province`, `city`, `county`, `town`, `detail`) VALUES (9742, '2022-01-05 00:12:29.826685', '2022-01-05 00:12:29.826685', '广西壮族自治区', '来宾市', '兴宾区', '寺山镇', '宝源路122号');
UPDATE `loan_customer` SET `created_at` = '2022-01-05 00:12:29.826685', `updated_at` = '2022-01-05 05:00:59.879837', `name` = '潘绍', `id_number` = '601150452045880157', `gender` = 'f', `birthday` = '1997-06-26', `address_id` = 9742, `job_id` = 2005, `salary` = 27000 WHERE `loan_customer`.`id` = 6044;
INSERT INTO `loan_customer` (`id`, `created_at`, `updated_at`, `name`, `id_number`, `gender`, `birthday`, `address_id`, `job_id`, `salary`) VALUES (6044, '2022-01-05 00:12:29.826685', '2022-01-05 05:00:59.879837', '潘绍', '601150452045880157', 'f', '1997-06-26', 9742, 2005, 27000);
UPDATE `loan_account` SET `created_at` = '2022-01-05 08:20:24.357655', `updated_at` = '2022-01-05 08:20:24.357655', `customer_id` = 6044, `number` = '940913483394985537', `balance` = 106789 WHERE `loan_account`.`id` = 5517;
INSERT INTO `loan_account` (`id`, `created_at`, `updated_at`, `customer_id`, `number`, `balance`) VALUES (5517, '2022-01-05 08:20:24.357655', '2022-01-05 08:20:24.357655', 6044, '940913483394985537', 106789);
UPDATE `loan_address` SET `created_at` = '2022-01-05 11:55:36.840107', `updated_at` = '2022-01-05 11:55:36.840107', `province` = '宁夏回族自治区', `city` = '中卫市', `county` = '沙坡头区', `town` = '柔远镇', `detail` = '安化路真新六街坊34号' WHERE `loan_address`.`id` = 9743;
INSERT INTO `loan_address` (`id`, `created_at`, `updated_at`, `province`, `city`, `county`, `town`, `detail`) VALUES (9743, '2022-01-05 11:55:36.840107', '2022-01-05 11:55:36.840107', '宁夏回族自治区', '中卫市', '沙坡头区', '柔远镇', '安化路真新六街坊34号');
UPDATE `loan_customer` SET `created_at` = '2022-01-05 11:55:36.840107', `updated_at` = '2022-01-05 21:55:05.597177', `name` = '王弘壮', `id_number` = '394052919885646143', `gender` = 'm', `birthday` = '1990-12-18', `address_id` = 9743, `job_id` = 2005, `salary` = 55000 WHERE `loan_customer`.`id` = 6045;
INSERT INTO `loan_customer` (`id`, `created_at`, `updated_at`, `name`, `id_number`, `gender`, `birthday`, `address_id`, `job_id`, `salary`) VALUES (6045, '2022-01-05 11:55:36.840107', '2022-01-05 21:55:05.597177', '王弘壮', '394052919885646143', 'm', '1990-12-18', 9743, 2005, 55000);
UPDATE `loan_address` SET `created_at` = '2022-01-05 17:11:58.176442', `updated_at` = '2022-01-05 17:11:58.176442', `province` = '浙江省', `city` = '温州市', `county` = '文成县', `town` = '双桂乡', `detail` = '安边路复华城市花园59号' WHERE `loan_address`.`id` = 9744;
INSERT INTO `loan_address` (`id`, `created_at`, `updated_at`, `province`, `city`, `county`, `town`, `detail`) VALUES (9744, '2022-01-05 17:11:58.176442', '2022-01-05 17:11:58.176442', '浙江省', '温州市', '文成县', '双桂乡', '安边路复华城市花园59号');
UPDATE `loan_estate` SET `created_at` = '2022-01-05 17:11:58.176442', `updated_at` = '2022-01-05 17:11:58.176442', `customer_id` = 6045, `address_id` = 9744 WHERE `loan_estate`.`id` = 3608;
INSERT INTO `loan_estate` (`id`, `created_at`, `updated_at`, `customer_id`, `address_id`) VALUES (3608, '2022-01-05 17:11:58.176442', '2022-01-05 17:11:58.176442', 6045, 9744);
UPDATE `loan_address` SET `created_at` = '2022-01-05 15:04:21.099740', `updated_at` = '2022-01-05 15:04:21.099740', `province` = '广东省', `city` = '潮州市', `county` = '潮安区', `town` = '凤凰镇', `detail` = '安图路菊园五街坊198号' WHERE `loan_address`.`id` = 9745;
INSERT INTO `loan_address` (`id`, `created_at`, `updated_at`, `province`, `city`, `county`, `town`, `detail`) VALUES (9745, '2022-01-05 15:04:21.099740', '2022-01-05 15:04:21.099740', '广东省', '潮州市', '潮安区', '凤凰镇', '安图路菊园五街坊198号');
UPDATE `loan_estate` SET `created_at` = '2022-01-05 15:04:21.099740', `updated_at` = '2022-01-05 15:04:21.099740', `customer_id` = 6045, `address_id` = 9745 WHERE `loan_estate`.`id` = 3609;
INSERT INTO `loan_estate` (`id`, `created_at`, `updated_at`, `customer_id`, `address_id`) VALUES (3609, '2022-01-05 15:04:21.099740', '2022-01-05 15:04:21.099740', 6045, 9745);
UPDATE `loan_car` SET `created_at` = '2022-01-05 21:32:57.705658', `updated_at` = '2022-01-05 21:32:57.705658', `customer_id` = 6045, `model_id` = 54, `vin_number` = '746968537351108044', `date_produced` = '2020-07-09', `value_estimated` = 160000 WHERE `loan_car`.`id` = 4857;
INSERT INTO `loan_car` (`id`, `created_at`, `updated_at`, `customer_id`, `model_id`, `vin_number`, `date_produced`, `value_estimated`) VALUES (4857, '2022-01-05 21:32:57.705658', '2022-01-05 21:32:57.705658', 6045, 54, '746968537351108044', '2020-07-09', 160000);
UPDATE `loan_account` SET `created_at` = '2022-01-05 23:35:37.844424', `updated_at` = '2022-01-05 23:35:37.844424', `customer_id` = 6045, `number` = '651626901034294601', `balance` = 90190 WHERE `loan_account`.`id` = 5518;
INSERT INTO `loan_account` (`id`, `created_at`, `updated_at`, `customer_id`, `number`, `balance`) VALUES (5518, '2022-01-05 23:35:37.844424', '2022-01-05 23:35:37.844424', 6045, '651626901034294601', 90190);
UPDATE `loan_address` SET `created_at` = '2022-01-05 16:50:56.721872', `updated_at` = '2022-01-05 16:50:56.721872', `province` = '甘肃省', `city` = '临夏回族自治州', `county` = '康乐县', `town` = '草滩乡', `detail` = '八一路阳光翠竹苑42号' WHERE `loan_address`.`id` = 9746;
INSERT INTO `loan_address` (`id`, `created_at`, `updated_at`, `province`, `city`, `county`, `town`, `detail`) VALUES (9746, '2022-01-05 16:50:56.721872', '2022-01-05 16:50:56.721872', '甘肃省', '临夏回族自治州', '康乐县', '草滩乡', '八一路阳光翠竹苑42号');
UPDATE `loan_customer` SET `created_at` = '2022-01-05 16:50:56.721872', `updated_at` = '2022-01-05 17:52:34.685707', `name` = '崔浩渺', `id_number` = '058709382558288435', `gender` = 'f', `birthday` = '1992-01-14', `address_id` = 9746, `job_id` = 2005, `salary` = 18000 WHERE `loan_customer`.`id` = 6046;
INSERT INTO `loan_customer` (`id`, `created_at`, `updated_at`, `name`, `id_number`, `gender`, `birthday`, `address_id`, `job_id`, `salary`) VALUES (6046, '2022-01-05 16:50:56.721872', '2022-01-05 17:52:34.685707', '崔浩渺', '058709382558288435', 'f', '1992-01-14', 9746, 2005, 18000);
UPDATE `loan_chattel` SET `created_at` = '2022-01-05 23:02:31.015616', `updated_at` = '2022-01-05 23:02:31.015616', `customer_id` = 6046, `type` = 'fund', `description` = '一些信息', `value_amount` = 20000, `expired_at` = '2033-07-29' WHERE `loan_chattel`.`id` = 1778;
INSERT INTO `loan_chattel` (`id`, `created_at`, `updated_at`, `customer_id`, `type`, `description`, `value_amount`, `expired_at`) VALUES (1778, '2022-01-05 23:02:31.015616', '2022-01-05 23:02:31.015616', 6046, 'fund', '一些信息', 20000, '2033-07-29');
UPDATE `loan_chattel` SET `created_at` = '2022-01-05 23:02:45.598382', `updated_at` = '2022-01-05 23:02:45.598382', `customer_id` = 6046, `type` = 'draft', `description` = '一些信息', `value_amount` = 20000, `expired_at` = '2027-09-25' WHERE `loan_chattel`.`id` = 1779;
INSERT INTO `loan_chattel` (`id`, `created_at`, `updated_at`, `customer_id`, `type`, `description`, `value_amount`, `expired_at`) VALUES (1779, '2022-01-05 23:02:45.598382', '2022-01-05 23:02:45.598382', 6046, 'draft', '一些信息', 20000, '2027-09-25');
UPDATE `loan_account` SET `created_at` = '2022-01-05 17:17:13.430011', `updated_at` = '2022-01-05 20:30:23.957446', `customer_id` = 6046, `number` = '467621142845070250', `balance` = 68595 WHERE `loan_account`.`id` = 5519;
INSERT INTO `loan_account` (`id`, `created_at`, `updated_at`, `customer_id`, `number`, `balance`) VALUES (5519, '2022-01-05 17:17:13.430011', '2022-01-05 20:30:23.957446', 6046, '467621142845070250', 68595);
UPDATE `loan_address` SET `created_at` = '2022-01-05 11:02:05.379544', `updated_at` = '2022-01-05 11:02:05.379544', `province` = '广东省', `city` = '深圳市', `county` = '罗湖区', `town` = '桂园街道办事处', `detail` = '八一路146号' WHERE `loan_address`.`id` = 9747;
INSERT INTO `loan_address` (`id`, `created_at`, `updated_at`, `province`, `city`, `county`, `town`, `detail`) VALUES (9747, '2022-01-05 11:02:05.379544', '2022-01-05 11:02:05.379544', '广东省', '深圳市', '罗湖区', '桂园街道办事处', '八一路146号');
UPDATE `loan_customer` SET `created_at` = '2022-01-05 11:02:05.379544', `updated_at` = '2022-01-05 11:02:05.379544', `name` = '万豪', `id_number` = '456943597754029933', `gender` = 'f', `birthday` = '2003-12-08', `address_id` = 9747, `job_id` = 2006, `salary` = 10000 WHERE `loan_customer`.`id` = 6047;
INSERT INTO `loan_customer` (`id`, `created_at`, `updated_at`, `name`, `id_number`, `gender`, `birthday`, `address_id`, `job_id`, `salary`) VALUES (6047, '2022-01-05 11:02:05.379544', '2022-01-05 11:02:05.379544', '万豪', '456943597754029933', 'f', '2003-12-08', 9747, 2006, 10000);
UPDATE `loan_chattel` SET `created_at` = '2022-01-05 21:39:45.466460', `updated_at` = '2022-01-05 21:39:45.466460', `customer_id` = 6047, `type` = 'check', `description` = '一些信息', `value_amount` = 20000, `expired_at` = '2024-08-11' WHERE `loan_chattel`.`id` = 1780;
INSERT INTO `loan_chattel` (`id`, `created_at`, `updated_at`, `customer_id`, `type`, `description`, `value_amount`, `expired_at`) VALUES (1780, '2022-01-05 21:39:45.466460', '2022-01-05 21:39:45.466460', 6047, 'check', '一些信息', 20000, '2024-08-11');
UPDATE `loan_car` SET `created_at` = '2022-01-05 19:05:11.307770', `updated_at` = '2022-01-05 19:05:11.307770', `customer_id` = 6047, `model_id` = 158, `vin_number` = '309224438070773641', `date_produced` = '2014-05-12', `value_estimated` = 310000 WHERE `loan_car`.`id` = 4858;
INSERT INTO `loan_car` (`id`, `created_at`, `updated_at`, `customer_id`, `model_id`, `vin_number`, `date_produced`, `value_estimated`) VALUES (4858, '2022-01-05 19:05:11.307770', '2022-01-05 19:05:11.307770', 6047, 158, '309224438070773641', '2014-05-12', 310000);
UPDATE `loan_account` SET `created_at` = '2022-01-05 13:16:01.101440', `updated_at` = '2022-01-05 23:47:03.259970', `customer_id` = 6047, `number` = '644280379729465507', `balance` = 9955 WHERE `loan_account`.`id` = 5520;
INSERT INTO `loan_account` (`id`, `created_at`, `updated_at`, `customer_id`, `number`, `balance`) VALUES (5520, '2022-01-05 13:16:01.101440', '2022-01-05 23:47:03.259970', 6047, '644280379729465507', 9955);
UPDATE `loan_address` SET `created_at` = '2022-01-05 14:50:04.659128', `updated_at` = '2022-01-05 14:50:04.659128', `province` = '福建省', `city` = '三明市', `county` = '将乐县', `town` = '南口乡', `detail` = '安化路196号' WHERE `loan_address`.`id` = 9748;
INSERT INTO `loan_address` (`id`, `created_at`, `updated_at`, `province`, `city`, `county`, `town`, `detail`) VALUES (9748, '2022-01-05 14:50:04.659128', '2022-01-05 14:50:04.659128', '福建省', '三明市', '将乐县', '南口乡', '安化路196号');
UPDATE `loan_customer` SET `created_at` = '2022-01-05 14:50:04.659128', `updated_at` = '2022-01-05 17:22:12.399428', `name` = '萧星宇', `id_number` = '296137947674264124', `gender` = 'f', `birthday` = '2007-12-17', `address_id` = 9748, `job_id` = 2007, `salary` = 22000 WHERE `loan_customer`.`id` = 6048;
INSERT INTO `loan_customer` (`id`, `created_at`, `updated_at`, `name`, `id_number`, `gender`, `birthday`, `address_id`, `job_id`, `salary`) VALUES (6048, '2022-01-05 14:50:04.659128', '2022-01-05 17:22:12.399428', '萧星宇', '296137947674264124', 'f', '2007-12-17', 9748, 2007, 22000);
UPDATE `loan_address` SET `created_at` = '2022-01-05 18:06:52.092071', `updated_at` = '2022-01-05 18:06:52.092071', `province` = '内蒙古自治区', `city` = '赤峰市', `county` = '巴林右旗', `town` = '巴彦琥硕镇', `detail` = '北艾路金色家园96号' WHERE `loan_address`.`id` = 9749;
INSERT INTO `loan_address` (`id`, `created_at`, `updated_at`, `province`, `city`, `county`, `town`, `detail`) VALUES (9749, '2022-01-05 18:06:52.092071', '2022-01-05 18:06:52.092071', '内蒙古自治区', '赤峰市', '巴林右旗', '巴彦琥硕镇', '北艾路金色家园96号');
UPDATE `loan_estate` SET `created_at` = '2022-01-05 18:06:52.092071', `updated_at` = '2022-01-05 18:06:52.092071', `customer_id` = 6048, `address_id` = 9749 WHERE `loan_estate`.`id` = 3610;
INSERT INTO `loan_estate` (`id`, `created_at`, `updated_at`, `customer_id`, `address_id`) VALUES (3610, '2022-01-05 18:06:52.092071', '2022-01-05 18:06:52.092071', 6048, 9749);
UPDATE `loan_address` SET `created_at` = '2022-01-05 15:59:58.054022', `updated_at` = '2022-01-05 15:59:58.054022', `province` = '新疆维吾尔自治区', `city` = '塔城地区', `county` = '乌苏市', `town` = '兵团一二八团', `detail` = '宝安路107号' WHERE `loan_address`.`id` = 9750;
INSERT INTO `loan_address` (`id`, `created_at`, `updated_at`, `province`, `city`, `county`, `town`, `detail`) VALUES (9750, '2022-01-05 15:59:58.054022', '2022-01-05 15:59:58.054022', '新疆维吾尔自治区', '塔城地区', '乌苏市', '兵团一二八团', '宝安路107号');
UPDATE `loan_estate` SET `created_at` = '2022-01-05 15:59:58.054022', `updated_at` = '2022-01-05 15:59:58.054022', `customer_id` = 6048, `address_id` = 9750 WHERE `loan_estate`.`id` = 3611;
INSERT INTO `loan_estate` (`id`, `created_at`, `updated_at`, `customer_id`, `address_id`) VALUES (3611, '2022-01-05 15:59:58.054022', '2022-01-05 15:59:58.054022', 6048, 9750);
UPDATE `loan_car` SET `created_at` = '2022-01-05 16:15:14.484918', `updated_at` = '2022-01-05 16:15:14.484918', `customer_id` = 6048, `model_id` = 156, `vin_number` = '993284645122609653', `date_produced` = '2021-12-01', `value_estimated` = 170000 WHERE `loan_car`.`id` = 4859;
INSERT INTO `loan_car` (`id`, `created_at`, `updated_at`, `customer_id`, `model_id`, `vin_number`, `date_produced`, `value_estimated`) VALUES (4859, '2022-01-05 16:15:14.484918', '2022-01-05 16:15:14.484918', 6048, 156, '993284645122609653', '2021-12-01', 170000);
UPDATE `loan_account` SET `created_at` = '2022-01-05 21:38:03.979664', `updated_at` = '2022-01-05 22:21:12.868760', `customer_id` = 6048, `number` = '510620966786498695', `balance` = 2740 WHERE `loan_account`.`id` = 5521;
INSERT INTO `loan_account` (`id`, `created_at`, `updated_at`, `customer_id`, `number`, `balance`) VALUES (5521, '2022-01-05 21:38:03.979664', '2022-01-05 22:21:12.868760', 6048, '510620966786498695', 2740);
UPDATE `loan_address` SET `created_at` = '2022-01-05 19:29:54.036722', `updated_at` = '2022-01-05 19:29:54.036722', `province` = '青海省', `city` = '西宁市', `county` = '大通回族土族自治县', `town` = '逊让乡', `detail` = '宝林路和亭佳苑171号' WHERE `loan_address`.`id` = 9751;
INSERT INTO `loan_address` (`id`, `created_at`, `updated_at`, `province`, `city`, `county`, `town`, `detail`) VALUES (9751, '2022-01-05 19:29:54.036722', '2022-01-05 19:29:54.036722', '青海省', '西宁市', '大通回族土族自治县', '逊让乡', '宝林路和亭佳苑171号');
UPDATE `loan_customer` SET `created_at` = '2022-01-05 19:29:54.036722', `updated_at` = '2022-01-05 20:10:56.209526', `name` = '钟泰', `id_number` = '134102115701473534', `gender` = 'f', `birthday` = '1980-10-14', `address_id` = 9751, `job_id` = 2007, `salary` = 24000 WHERE `loan_customer`.`id` = 6049;
INSERT INTO `loan_customer` (`id`, `created_at`, `updated_at`, `name`, `id_number`, `gender`, `birthday`, `address_id`, `job_id`, `salary`) VALUES (6049, '2022-01-05 19:29:54.036722', '2022-01-05 20:10:56.209526', '钟泰', '134102115701473534', 'f', '1980-10-14', 9751, 2007, 24000);
UPDATE `loan_account` SET `created_at` = '2022-01-05 21:41:00.340523', `updated_at` = '2022-01-05 21:41:00.340523', `customer_id` = 6049, `number` = '607492770980691275', `balance` = 60599 WHERE `loan_account`.`id` = 5522;
INSERT INTO `loan_account` (`id`, `created_at`, `updated_at`, `customer_id`, `number`, `balance`) VALUES (5522, '2022-01-05 21:41:00.340523', '2022-01-05 21:41:00.340523', 6049, '607492770980691275', 60599);
UPDATE `loan_address` SET `created_at` = '2022-01-05 03:59:42.119299', `updated_at` = '2022-01-05 03:59:42.119299', `province` = '浙江省', `city` = '温州市', `county` = '文成县', `town` = '双桂乡', `detail` = '白兰路30号' WHERE `loan_address`.`id` = 9752;
INSERT INTO `loan_address` (`id`, `created_at`, `updated_at`, `province`, `city`, `county`, `town`, `detail`) VALUES (9752, '2022-01-05 03:59:42.119299', '2022-01-05 03:59:42.119299', '浙江省', '温州市', '文成县', '双桂乡', '白兰路30号');
UPDATE `loan_customer` SET `created_at` = '2022-01-05 03:59:42.119299', `updated_at` = '2022-01-05 04:13:02.060157', `name` = '贺欣怿', `id_number` = '060928504672467418', `gender` = 'f', `birthday` = '1997-03-08', `address_id` = 9752, `job_id` = 2007, `salary` = 7000 WHERE `loan_customer`.`id` = 6050;
INSERT INTO `loan_customer` (`id`, `created_at`, `updated_at`, `name`, `id_number`, `gender`, `birthday`, `address_id`, `job_id`, `salary`) VALUES (6050, '2022-01-05 03:59:42.119299', '2022-01-05 04:13:02.060157', '贺欣怿', '060928504672467418', 'f', '1997-03-08', 9752, 2007, 7000);
UPDATE `loan_car` SET `created_at` = '2022-01-05 22:46:13.467671', `updated_at` = '2022-01-05 23:33:52.244294', `customer_id` = 6050, `model_id` = 302, `vin_number` = '599441043370729949', `date_produced` = '2011-11-23', `value_estimated` = 100000 WHERE `loan_car`.`id` = 4860;
INSERT INTO `loan_car` (`id`, `created_at`, `updated_at`, `customer_id`, `model_id`, `vin_number`, `date_produced`, `value_estimated`) VALUES (4860, '2022-01-05 22:46:13.467671', '2022-01-05 23:33:52.244294', 6050, 302, '599441043370729949', '2011-11-23', 100000);
UPDATE `loan_car` SET `created_at` = '2022-01-05 11:41:52.720786', `updated_at` = '2022-01-05 11:41:52.720786', `customer_id` = 6050, `model_id` = 121, `vin_number` = '137624085748649108', `date_produced` = '2014-03-24', `value_estimated` = 260000 WHERE `loan_car`.`id` = 4861;
INSERT INTO `loan_car` (`id`, `created_at`, `updated_at`, `customer_id`, `model_id`, `vin_number`, `date_produced`, `value_estimated`) VALUES (4861, '2022-01-05 11:41:52.720786', '2022-01-05 11:41:52.720786', 6050, 121, '137624085748649108', '2014-03-24', 260000);
UPDATE `loan_account` SET `created_at` = '2022-01-05 10:02:55.174828', `updated_at` = '2022-01-05 10:02:55.174828', `customer_id` = 6050, `number` = '315464257019200189', `balance` = 64954 WHERE `loan_account`.`id` = 5523;
INSERT INTO `loan_account` (`id`, `created_at`, `updated_at`, `customer_id`, `number`, `balance`) VALUES (5523, '2022-01-05 10:02:55.174828', '2022-01-05 10:02:55.174828', 6050, '315464257019200189', 64954);
UPDATE `loan_address` SET `created_at` = '2022-01-05 10:31:44.293269', `updated_at` = '2022-01-05 10:31:44.293269', `province` = '重庆市', `city` = '市辖区', `county` = '武隆区', `town` = '后坪苗族土家族乡', `detail` = '板泉路菊园五街坊21号' WHERE `loan_address`.`id` = 9753;
INSERT INTO `loan_address` (`id`, `created_at`, `updated_at`, `province`, `city`, `county`, `town`, `detail`) VALUES (9753, '2022-01-05 10:31:44.293269', '2022-01-05 10:31:44.293269', '重庆市', '市辖区', '武隆区', '后坪苗族土家族乡', '板泉路菊园五街坊21号');
UPDATE `loan_customer` SET `created_at` = '2022-01-05 10:31:44.293269', `updated_at` = '2022-01-05 15:12:58.325190', `name` = '谢秋柏', `id_number` = '091933031622441890', `gender` = 'f', `birthday` = '2000-09-12', `address_id` = 9753, `job_id` = 2007, `salary` = 12000 WHERE `loan_customer`.`id` = 6051;
INSERT INTO `loan_customer` (`id`, `created_at`, `updated_at`, `name`, `id_number`, `gender`, `birthday`, `address_id`, `job_id`, `salary`) VALUES (6051, '2022-01-05 10:31:44.293269', '2022-01-05 15:12:58.325190', '谢秋柏', '091933031622441890', 'f', '2000-09-12', 9753, 2007, 12000);
UPDATE `loan_address` SET `created_at` = '2022-01-05 19:21:22.187224', `updated_at` = '2022-01-05 19:21:22.187224', `province` = '陕西省', `city` = '安康市', `county` = '汉阴县', `town` = '涧池镇', `detail` = '安远路和亭佳苑129号' WHERE `loan_address`.`id` = 9754;
INSERT INTO `loan_address` (`id`, `created_at`, `updated_at`, `province`, `city`, `county`, `town`, `detail`) VALUES (9754, '2022-01-05 19:21:22.187224', '2022-01-05 19:21:22.187224', '陕西省', '安康市', '汉阴县', '涧池镇', '安远路和亭佳苑129号');
UPDATE `loan_estate` SET `created_at` = '2022-01-05 19:21:22.187224', `updated_at` = '2022-01-05 19:21:22.187224', `customer_id` = 6051, `address_id` = 9754 WHERE `loan_estate`.`id` = 3612;
INSERT INTO `loan_estate` (`id`, `created_at`, `updated_at`, `customer_id`, `address_id`) VALUES (3612, '2022-01-05 19:21:22.187224', '2022-01-05 19:21:22.187224', 6051, 9754);
UPDATE `loan_address` SET `created_at` = '2022-01-05 11:03:49.043537', `updated_at` = '2022-01-05 11:03:49.043537', `province` = '广东省', `city` = '清远市', `county` = '连州市', `town` = '连州镇', `detail` = '鞍山支路金色家园174号' WHERE `loan_address`.`id` = 9755;
INSERT INTO `loan_address` (`id`, `created_at`, `updated_at`, `province`, `city`, `county`, `town`, `detail`) VALUES (9755, '2022-01-05 11:03:49.043537', '2022-01-05 11:03:49.043537', '广东省', '清远市', '连州市', '连州镇', '鞍山支路金色家园174号');
UPDATE `loan_estate` SET `created_at` = '2022-01-05 11:03:49.043537', `updated_at` = '2022-01-05 11:03:49.043537', `customer_id` = 6051, `address_id` = 9755 WHERE `loan_estate`.`id` = 3613;
INSERT INTO `loan_estate` (`id`, `created_at`, `updated_at`, `customer_id`, `address_id`) VALUES (3613, '2022-01-05 11:03:49.043537', '2022-01-05 11:03:49.043537', 6051, 9755);
UPDATE `loan_car` SET `created_at` = '2022-01-05 21:51:04.134204', `updated_at` = '2022-01-05 22:07:41.584375', `customer_id` = 6051, `model_id` = 163, `vin_number` = '590945394356919113', `date_produced` = '2014-08-17', `value_estimated` = 20000 WHERE `loan_car`.`id` = 4862;
INSERT INTO `loan_car` (`id`, `created_at`, `updated_at`, `customer_id`, `model_id`, `vin_number`, `date_produced`, `value_estimated`) VALUES (4862, '2022-01-05 21:51:04.134204', '2022-01-05 22:07:41.584375', 6051, 163, '590945394356919113', '2014-08-17', 20000);
UPDATE `loan_account` SET `created_at` = '2022-01-05 20:47:39.313167', `updated_at` = '2022-01-05 23:22:00.439375', `customer_id` = 6051, `number` = '120343255085724730', `balance` = 90720 WHERE `loan_account`.`id` = 5524;
INSERT INTO `loan_account` (`id`, `created_at`, `updated_at`, `customer_id`, `number`, `balance`) VALUES (5524, '2022-01-05 20:47:39.313167', '2022-01-05 23:22:00.439375', 6051, '120343255085724730', 90720);
UPDATE `loan_address` SET `created_at` = '2022-01-05 15:53:19.305254', `updated_at` = '2022-01-05 15:53:19.305254', `province` = '河南省', `city` = '安阳市', `county` = '滑县', `town` = '高平镇', `detail` = '安龙路菊园五街坊147号' WHERE `loan_address`.`id` = 9756;
INSERT INTO `loan_address` (`id`, `created_at`, `updated_at`, `province`, `city`, `county`, `town`, `detail`) VALUES (9756, '2022-01-05 15:53:19.305254', '2022-01-05 15:53:19.305254', '河南省', '安阳市', '滑县', '高平镇', '安龙路菊园五街坊147号');
UPDATE `loan_customer` SET `created_at` = '2022-01-05 15:53:19.305254', `updated_at` = '2022-01-05 18:41:06.023157', `name` = '高丹烟', `id_number` = '553831961541992827', `gender` = 'f', `birthday` = '1987-01-23', `address_id` = 9756, `job_id` = 2007, `salary` = 59000 WHERE `loan_customer`.`id` = 6052;
INSERT INTO `loan_customer` (`id`, `created_at`, `updated_at`, `name`, `id_number`, `gender`, `birthday`, `address_id`, `job_id`, `salary`) VALUES (6052, '2022-01-05 15:53:19.305254', '2022-01-05 18:41:06.023157', '高丹烟', '553831961541992827', 'f', '1987-01-23', 9756, 2007, 59000);
UPDATE `loan_address` SET `created_at` = '2022-01-05 20:26:06.392645', `updated_at` = '2022-01-05 20:26:06.392645', `province` = '河北省', `city` = '衡水市', `county` = '阜城县', `town` = '崔家庙镇', `detail` = '宝林路184号' WHERE `loan_address`.`id` = 9757;
INSERT INTO `loan_address` (`id`, `created_at`, `updated_at`, `province`, `city`, `county`, `town`, `detail`) VALUES (9757, '2022-01-05 20:26:06.392645', '2022-01-05 20:26:06.392645', '河北省', '衡水市', '阜城县', '崔家庙镇', '宝林路184号');
UPDATE `loan_estate` SET `created_at` = '2022-01-05 20:26:06.392645', `updated_at` = '2022-01-05 20:26:06.392645', `customer_id` = 6052, `address_id` = 9757 WHERE `loan_estate`.`id` = 3614;
INSERT INTO `loan_estate` (`id`, `created_at`, `updated_at`, `customer_id`, `address_id`) VALUES (3614, '2022-01-05 20:26:06.392645', '2022-01-05 20:26:06.392645', 6052, 9757);
UPDATE `loan_address` SET `created_at` = '2022-01-05 17:19:01.226094', `updated_at` = '2022-01-05 17:19:01.226094', `province` = '内蒙古自治区', `city` = '赤峰市', `county` = '巴林右旗', `town` = '巴彦琥硕镇', `detail` = '宝安公路84号' WHERE `loan_address`.`id` = 9758;
INSERT INTO `loan_address` (`id`, `created_at`, `updated_at`, `province`, `city`, `county`, `town`, `detail`) VALUES (9758, '2022-01-05 17:19:01.226094', '2022-01-05 17:19:01.226094', '内蒙古自治区', '赤峰市', '巴林右旗', '巴彦琥硕镇', '宝安公路84号');
UPDATE `loan_estate` SET `created_at` = '2022-01-05 17:19:01.226094', `updated_at` = '2022-01-05 17:19:01.226094', `customer_id` = 6052, `address_id` = 9758 WHERE `loan_estate`.`id` = 3615;
INSERT INTO `loan_estate` (`id`, `created_at`, `updated_at`, `customer_id`, `address_id`) VALUES (3615, '2022-01-05 17:19:01.226094', '2022-01-05 17:19:01.226094', 6052, 9758);
UPDATE `loan_car` SET `created_at` = '2022-01-05 18:52:17.391405', `updated_at` = '2022-01-05 18:52:17.391405', `customer_id` = 6052, `model_id` = 299, `vin_number` = '148574088449193346', `date_produced` = '2019-04-26', `value_estimated` = 330000 WHERE `loan_car`.`id` = 4863;
INSERT INTO `loan_car` (`id`, `created_at`, `updated_at`, `customer_id`, `model_id`, `vin_number`, `date_produced`, `value_estimated`) VALUES (4863, '2022-01-05 18:52:17.391405', '2022-01-05 18:52:17.391405', 6052, 299, '148574088449193346', '2019-04-26', 330000);
UPDATE `loan_account` SET `created_at` = '2022-01-05 16:56:46.949578', `updated_at` = '2022-01-05 16:56:46.949578', `customer_id` = 6052, `number` = '561231541983505088', `balance` = 47708 WHERE `loan_account`.`id` = 5525;
INSERT INTO `loan_account` (`id`, `created_at`, `updated_at`, `customer_id`, `number`, `balance`) VALUES (5525, '2022-01-05 16:56:46.949578', '2022-01-05 16:56:46.949578', 6052, '561231541983505088', 47708);
UPDATE `loan_address` SET `created_at` = '2022-01-05 05:49:08.441194', `updated_at` = '2022-01-05 05:49:08.441194', `province` = '广东省', `city` = '潮州市', `county` = '潮安区', `town` = '凤凰镇', `detail` = '宝林路菊园五街坊137号' WHERE `loan_address`.`id` = 9759;
INSERT INTO `loan_address` (`id`, `created_at`, `updated_at`, `province`, `city`, `county`, `town`, `detail`) VALUES (9759, '2022-01-05 05:49:08.441194', '2022-01-05 05:49:08.441194', '广东省', '潮州市', '潮安区', '凤凰镇', '宝林路菊园五街坊137号');
UPDATE `loan_customer` SET `created_at` = '2022-01-05 05:49:08.441194', `updated_at` = '2022-01-05 13:56:13.654634', `name` = '孔鹤轩', `id_number` = '742221802820438608', `gender` = 'm', `birthday` = '1988-12-12', `address_id` = 9759, `job_id` = 2008, `salary` = 40000 WHERE `loan_customer`.`id` = 6053;
INSERT INTO `loan_customer` (`id`, `created_at`, `updated_at`, `name`, `id_number`, `gender`, `birthday`, `address_id`, `job_id`, `salary`) VALUES (6053, '2022-01-05 05:49:08.441194', '2022-01-05 13:56:13.654634', '孔鹤轩', '742221802820438608', 'm', '1988-12-12', 9759, 2008, 40000);
UPDATE `loan_account` SET `created_at` = '2022-01-05 19:42:46.275223', `updated_at` = '2022-01-05 21:46:28.118891', `customer_id` = 6053, `number` = '173459732248975709', `balance` = 106086 WHERE `loan_account`.`id` = 5526;
INSERT INTO `loan_account` (`id`, `created_at`, `updated_at`, `customer_id`, `number`, `balance`) VALUES (5526, '2022-01-05 19:42:46.275223', '2022-01-05 21:46:28.118891', 6053, '173459732248975709', 106086);
UPDATE `loan_address` SET `created_at` = '2022-01-05 01:43:18.131400', `updated_at` = '2022-01-05 01:43:18.131400', `province` = '广西壮族自治区', `city` = '桂林市', `county` = '恭城瑶族自治县', `town` = '三江乡', `detail` = '百色路爱里舍花园198号' WHERE `loan_address`.`id` = 9760;
INSERT INTO `loan_address` (`id`, `created_at`, `updated_at`, `province`, `city`, `county`, `town`, `detail`) VALUES (9760, '2022-01-05 01:43:18.131400', '2022-01-05 01:43:18.131400', '广西壮族自治区', '桂林市', '恭城瑶族自治县', '三江乡', '百色路爱里舍花园198号');
UPDATE `loan_customer` SET `created_at` = '2022-01-05 01:43:18.131400', `updated_at` = '2022-01-05 06:11:46.207869', `name` = '周弘文', `id_number` = '711026321021468539', `gender` = 'm', `birthday` = '1992-01-16', `address_id` = 9760, `job_id` = 2008, `salary` = 26000 WHERE `loan_customer`.`id` = 6054;
INSERT INTO `loan_customer` (`id`, `created_at`, `updated_at`, `name`, `id_number`, `gender`, `birthday`, `address_id`, `job_id`, `salary`) VALUES (6054, '2022-01-05 01:43:18.131400', '2022-01-05 06:11:46.207869', '周弘文', '711026321021468539', 'm', '1992-01-16', 9760, 2008, 26000);
UPDATE `loan_chattel` SET `created_at` = '2022-01-05 15:46:40.932829', `updated_at` = '2022-01-05 16:32:35.962119', `customer_id` = 6054, `type` = 'draft', `description` = '一些信息', `value_amount` = 490000, `expired_at` = '2032-08-02' WHERE `loan_chattel`.`id` = 1781;
INSERT INTO `loan_chattel` (`id`, `created_at`, `updated_at`, `customer_id`, `type`, `description`, `value_amount`, `expired_at`) VALUES (1781, '2022-01-05 15:46:40.932829', '2022-01-05 16:32:35.962119', 6054, 'draft', '一些信息', 490000, '2032-08-02');
UPDATE `loan_car` SET `created_at` = '2022-01-05 10:11:51.239257', `updated_at` = '2022-01-05 10:11:51.239257', `customer_id` = 6054, `model_id` = 113, `vin_number` = '513029544295027088', `date_produced` = '2019-09-25', `value_estimated` = 660000 WHERE `loan_car`.`id` = 4864;
INSERT INTO `loan_car` (`id`, `created_at`, `updated_at`, `customer_id`, `model_id`, `vin_number`, `date_produced`, `value_estimated`) VALUES (4864, '2022-01-05 10:11:51.239257', '2022-01-05 10:11:51.239257', 6054, 113, '513029544295027088', '2019-09-25', 660000);
UPDATE `loan_car` SET `created_at` = '2022-01-05 05:30:27.094831', `updated_at` = '2022-01-05 17:40:51.854727', `customer_id` = 6054, `model_id` = 115, `vin_number` = '137619326011164899', `date_produced` = '2013-01-04', `value_estimated` = 870000 WHERE `loan_car`.`id` = 4865;
INSERT INTO `loan_car` (`id`, `created_at`, `updated_at`, `customer_id`, `model_id`, `vin_number`, `date_produced`, `value_estimated`) VALUES (4865, '2022-01-05 05:30:27.094831', '2022-01-05 17:40:51.854727', 6054, 115, '137619326011164899', '2013-01-04', 870000);
UPDATE `loan_account` SET `created_at` = '2022-01-05 12:52:37.439992', `updated_at` = '2022-01-05 12:52:37.439992', `customer_id` = 6054, `number` = '272566871234383366', `balance` = 0 WHERE `loan_account`.`id` = 5527;
INSERT INTO `loan_account` (`id`, `created_at`, `updated_at`, `customer_id`, `number`, `balance`) VALUES (5527, '2022-01-05 12:52:37.439992', '2022-01-05 12:52:37.439992', 6054, '272566871234383366', 0);
UPDATE `loan_address` SET `created_at` = '2022-01-05 13:39:14.123957', `updated_at` = '2022-01-05 13:39:14.123957', `province` = '陕西省', `city` = '汉中市', `county` = '西乡县', `town` = '两河口镇', `detail` = '安德路120号' WHERE `loan_address`.`id` = 9761;
INSERT INTO `loan_address` (`id`, `created_at`, `updated_at`, `province`, `city`, `county`, `town`, `detail`) VALUES (9761, '2022-01-05 13:39:14.123957', '2022-01-05 13:39:14.123957', '陕西省', '汉中市', '西乡县', '两河口镇', '安德路120号');
UPDATE `loan_customer` SET `created_at` = '2022-01-05 13:39:14.123957', `updated_at` = '2022-01-05 19:55:18.959436', `name` = '方宜', `id_number` = '959885797436312095', `gender` = 'f', `birthday` = '1996-07-08', `address_id` = 9761, `job_id` = 2009, `salary` = 39000 WHERE `loan_customer`.`id` = 6055;
INSERT INTO `loan_customer` (`id`, `created_at`, `updated_at`, `name`, `id_number`, `gender`, `birthday`, `address_id`, `job_id`, `salary`) VALUES (6055, '2022-01-05 13:39:14.123957', '2022-01-05 19:55:18.959436', '方宜', '959885797436312095', 'f', '1996-07-08', 9761, 2009, 39000);
UPDATE `loan_car` SET `created_at` = '2022-01-05 20:55:10.468164', `updated_at` = '2022-01-05 20:55:10.468164', `customer_id` = 6055, `model_id` = 12, `vin_number` = '285214264114797929', `date_produced` = '2018-10-11', `value_estimated` = 130000 WHERE `loan_car`.`id` = 4866;
INSERT INTO `loan_car` (`id`, `created_at`, `updated_at`, `customer_id`, `model_id`, `vin_number`, `date_produced`, `value_estimated`) VALUES (4866, '2022-01-05 20:55:10.468164', '2022-01-05 20:55:10.468164', 6055, 12, '285214264114797929', '2018-10-11', 130000);
UPDATE `loan_car` SET `created_at` = '2022-01-05 21:33:00.404698', `updated_at` = '2022-01-05 21:43:14.520563', `customer_id` = 6055, `model_id` = 142, `vin_number` = '648057266265770270', `date_produced` = '2019-12-04', `value_estimated` = 390000 WHERE `loan_car`.`id` = 4867;
INSERT INTO `loan_car` (`id`, `created_at`, `updated_at`, `customer_id`, `model_id`, `vin_number`, `date_produced`, `value_estimated`) VALUES (4867, '2022-01-05 21:33:00.404698', '2022-01-05 21:43:14.520563', 6055, 142, '648057266265770270', '2019-12-04', 390000);
UPDATE `loan_account` SET `created_at` = '2022-01-05 21:22:16.209237', `updated_at` = '2022-01-05 21:29:59.642521', `customer_id` = 6055, `number` = '799301512537557350', `balance` = 54792 WHERE `loan_account`.`id` = 5528;
INSERT INTO `loan_account` (`id`, `created_at`, `updated_at`, `customer_id`, `number`, `balance`) VALUES (5528, '2022-01-05 21:22:16.209237', '2022-01-05 21:29:59.642521', 6055, '799301512537557350', 54792);
UPDATE `loan_address` SET `created_at` = '2022-01-05 15:39:27.277302', `updated_at` = '2022-01-05 15:39:27.277302', `province` = '新疆维吾尔自治区', `city` = '克孜勒苏柯尔克孜自治州', `county` = '阿合奇县', `town` = '哈拉布拉克乡', `detail` = '百安路（方泰镇）溢盈河畔别墅70号' WHERE `loan_address`.`id` = 9762;
INSERT INTO `loan_address` (`id`, `created_at`, `updated_at`, `province`, `city`, `county`, `town`, `detail`) VALUES (9762, '2022-01-05 15:39:27.277302', '2022-01-05 15:39:27.277302', '新疆维吾尔自治区', '克孜勒苏柯尔克孜自治州', '阿合奇县', '哈拉布拉克乡', '百安路（方泰镇）溢盈河畔别墅70号');
UPDATE `loan_customer` SET `created_at` = '2022-01-05 15:39:27.277302', `updated_at` = '2022-01-05 18:25:57.792246', `name` = '汤选', `id_number` = '709316862898350280', `gender` = 'm', `birthday` = '1998-07-12', `address_id` = 9762, `job_id` = 2009, `salary` = 24000 WHERE `loan_customer`.`id` = 6056;
INSERT INTO `loan_customer` (`id`, `created_at`, `updated_at`, `name`, `id_number`, `gender`, `birthday`, `address_id`, `job_id`, `salary`) VALUES (6056, '2022-01-05 15:39:27.277302', '2022-01-05 18:25:57.792246', '汤选', '709316862898350280', 'm', '1998-07-12', 9762, 2009, 24000);
UPDATE `loan_address` SET `created_at` = '2022-01-05 17:40:46.032121', `updated_at` = '2022-01-05 17:40:46.032121', `province` = '湖南省', `city` = '永州市', `county` = '冷水滩区', `town` = '高溪市镇', `detail` = '宝通路真新六街坊122号' WHERE `loan_address`.`id` = 9763;
INSERT INTO `loan_address` (`id`, `created_at`, `updated_at`, `province`, `city`, `county`, `town`, `detail`) VALUES (9763, '2022-01-05 17:40:46.032121', '2022-01-05 17:40:46.032121', '湖南省', '永州市', '冷水滩区', '高溪市镇', '宝通路真新六街坊122号');
UPDATE `loan_estate` SET `created_at` = '2022-01-05 17:40:46.032121', `updated_at` = '2022-01-05 17:40:46.032121', `customer_id` = 6056, `address_id` = 9763 WHERE `loan_estate`.`id` = 3616;
INSERT INTO `loan_estate` (`id`, `created_at`, `updated_at`, `customer_id`, `address_id`) VALUES (3616, '2022-01-05 17:40:46.032121', '2022-01-05 17:40:46.032121', 6056, 9763);
UPDATE `loan_car` SET `created_at` = '2022-01-05 19:15:16.677392', `updated_at` = '2022-01-05 19:15:16.677392', `customer_id` = 6056, `model_id` = 92, `vin_number` = '616623044876739562', `date_produced` = '2021-10-18', `value_estimated` = 40000 WHERE `loan_car`.`id` = 4868;
INSERT INTO `loan_car` (`id`, `created_at`, `updated_at`, `customer_id`, `model_id`, `vin_number`, `date_produced`, `value_estimated`) VALUES (4868, '2022-01-05 19:15:16.677392', '2022-01-05 19:15:16.677392', 6056, 92, '616623044876739562', '2021-10-18', 40000);
UPDATE `loan_address` SET `created_at` = '2022-01-05 02:00:26.428596', `updated_at` = '2022-01-05 02:00:26.428596', `province` = '四川省', `city` = '广安市', `county` = '武胜县', `town` = '华封镇', `detail` = '宝祁路49号' WHERE `loan_address`.`id` = 9764;
INSERT INTO `loan_address` (`id`, `created_at`, `updated_at`, `province`, `city`, `county`, `town`, `detail`) VALUES (9764, '2022-01-05 02:00:26.428596', '2022-01-05 02:00:26.428596', '四川省', '广安市', '武胜县', '华封镇', '宝祁路49号');
UPDATE `loan_customer` SET `created_at` = '2022-01-05 02:00:26.428596', `updated_at` = '2022-01-05 10:55:41.304192', `name` = '邱飞舟', `id_number` = '930117337049490133', `gender` = 'f', `birthday` = '2006-10-10', `address_id` = 9764, `job_id` = 2009, `salary` = 13000 WHERE `loan_customer`.`id` = 6057;
INSERT INTO `loan_customer` (`id`, `created_at`, `updated_at`, `name`, `id_number`, `gender`, `birthday`, `address_id`, `job_id`, `salary`) VALUES (6057, '2022-01-05 02:00:26.428596', '2022-01-05 10:55:41.304192', '邱飞舟', '930117337049490133', 'f', '2006-10-10', 9764, 2009, 13000);
UPDATE `loan_chattel` SET `created_at` = '2022-01-05 15:53:44.652740', `updated_at` = '2022-01-05 18:42:34.225812', `customer_id` = 6057, `type` = 'receivable', `description` = '一些信息', `value_amount` = 20000, `expired_at` = '2023-05-08' WHERE `loan_chattel`.`id` = 1782;
INSERT INTO `loan_chattel` (`id`, `created_at`, `updated_at`, `customer_id`, `type`, `description`, `value_amount`, `expired_at`) VALUES (1782, '2022-01-05 15:53:44.652740', '2022-01-05 18:42:34.225812', 6057, 'receivable', '一些信息', 20000, '2023-05-08');
UPDATE `loan_address` SET `created_at` = '2022-01-05 16:28:05.293905', `updated_at` = '2022-01-05 16:28:05.293905', `province` = '山东省', `city` = '青岛市', `county` = '平度市', `town` = '店子镇', `detail` = '安远路协通公寓95号' WHERE `loan_address`.`id` = 9765;
INSERT INTO `loan_address` (`id`, `created_at`, `updated_at`, `province`, `city`, `county`, `town`, `detail`) VALUES (9765, '2022-01-05 16:28:05.293905', '2022-01-05 16:28:05.293905', '山东省', '青岛市', '平度市', '店子镇', '安远路协通公寓95号');
UPDATE `loan_estate` SET `created_at` = '2022-01-05 16:28:05.293905', `updated_at` = '2022-01-05 16:28:05.293905', `customer_id` = 6057, `address_id` = 9765 WHERE `loan_estate`.`id` = 3617;
INSERT INTO `loan_estate` (`id`, `created_at`, `updated_at`, `customer_id`, `address_id`) VALUES (3617, '2022-01-05 16:28:05.293905', '2022-01-05 16:28:05.293905', 6057, 9765);
UPDATE `loan_account` SET `created_at` = '2022-01-05 02:43:37.276802', `updated_at` = '2022-01-05 18:57:43.915326', `customer_id` = 6057, `number` = '958209019565087075', `balance` = 0 WHERE `loan_account`.`id` = 5529;
INSERT INTO `loan_account` (`id`, `created_at`, `updated_at`, `customer_id`, `number`, `balance`) VALUES (5529, '2022-01-05 02:43:37.276802', '2022-01-05 18:57:43.915326', 6057, '958209019565087075', 0);
UPDATE `loan_address` SET `created_at` = '2022-01-05 23:22:52.186523', `updated_at` = '2022-01-05 23:22:52.186523', `province` = '江西省', `city` = '九江市', `county` = '永修县', `town` = '云山企业集团', `detail` = '宝源路39号' WHERE `loan_address`.`id` = 9766;
INSERT INTO `loan_address` (`id`, `created_at`, `updated_at`, `province`, `city`, `county`, `town`, `detail`) VALUES (9766, '2022-01-05 23:22:52.186523', '2022-01-05 23:22:52.186523', '江西省', '九江市', '永修县', '云山企业集团', '宝源路39号');
UPDATE `loan_customer` SET `created_at` = '2022-01-05 23:22:52.186523', `updated_at` = '2022-01-05 23:22:52.186523', `name` = '崔娟', `id_number` = '777612132765509138', `gender` = 'm', `birthday` = '2001-04-23', `address_id` = 9766, `job_id` = 2009, `salary` = 52000 WHERE `loan_customer`.`id` = 6058;
INSERT INTO `loan_customer` (`id`, `created_at`, `updated_at`, `name`, `id_number`, `gender`, `birthday`, `address_id`, `job_id`, `salary`) VALUES (6058, '2022-01-05 23:22:52.186523', '2022-01-05 23:22:52.186523', '崔娟', '777612132765509138', 'm', '2001-04-23', 9766, 2009, 52000);
UPDATE `loan_chattel` SET `created_at` = '2022-01-05 23:40:48.094565', `updated_at` = '2022-01-05 23:40:48.094565', `customer_id` = 6058, `type` = 'fund', `description` = '一些信息', `value_amount` = 520000, `expired_at` = '2034-01-30' WHERE `loan_chattel`.`id` = 1783;
INSERT INTO `loan_chattel` (`id`, `created_at`, `updated_at`, `customer_id`, `type`, `description`, `value_amount`, `expired_at`) VALUES (1783, '2022-01-05 23:40:48.094565', '2022-01-05 23:40:48.094565', 6058, 'fund', '一些信息', 520000, '2034-01-30');
UPDATE `loan_car` SET `created_at` = '2022-01-05 23:30:54.824453', `updated_at` = '2022-01-05 23:34:34.424649', `customer_id` = 6058, `model_id` = 16, `vin_number` = '402423675480108412', `date_produced` = '2015-08-13', `value_estimated` = 370000 WHERE `loan_car`.`id` = 4869;
INSERT INTO `loan_car` (`id`, `created_at`, `updated_at`, `customer_id`, `model_id`, `vin_number`, `date_produced`, `value_estimated`) VALUES (4869, '2022-01-05 23:30:54.824453', '2022-01-05 23:34:34.424649', 6058, 16, '402423675480108412', '2015-08-13', 370000);
UPDATE `loan_account` SET `created_at` = '2022-01-05 23:31:28.666875', `updated_at` = '2022-01-05 23:31:28.666875', `customer_id` = 6058, `number` = '567938058994228487', `balance` = 106918 WHERE `loan_account`.`id` = 5530;
INSERT INTO `loan_account` (`id`, `created_at`, `updated_at`, `customer_id`, `number`, `balance`) VALUES (5530, '2022-01-05 23:31:28.666875', '2022-01-05 23:31:28.666875', 6058, '567938058994228487', 106918);
UPDATE `loan_address` SET `created_at` = '2022-01-05 22:24:33.006429', `updated_at` = '2022-01-05 22:24:33.006429', `province` = '吉林省', `city` = '白城市', `county` = '洮北区', `town` = '新立街道办事处', `detail` = '安义路161号' WHERE `loan_address`.`id` = 9767;
INSERT INTO `loan_address` (`id`, `created_at`, `updated_at`, `province`, `city`, `county`, `town`, `detail`) VALUES (9767, '2022-01-05 22:24:33.006429', '2022-01-05 22:24:33.006429', '吉林省', '白城市', '洮北区', '新立街道办事处', '安义路161号');
UPDATE `loan_customer` SET `created_at` = '2022-01-05 22:24:33.006429', `updated_at` = '2022-01-05 22:24:33.006429', `name` = '袁喆', `id_number` = '556326569493540526', `gender` = 'm', `birthday` = '1990-10-11', `address_id` = 9767, `job_id` = 2010, `salary` = 26000 WHERE `loan_customer`.`id` = 6059;
INSERT INTO `loan_customer` (`id`, `created_at`, `updated_at`, `name`, `id_number`, `gender`, `birthday`, `address_id`, `job_id`, `salary`) VALUES (6059, '2022-01-05 22:24:33.006429', '2022-01-05 22:24:33.006429', '袁喆', '556326569493540526', 'm', '1990-10-11', 9767, 2010, 26000);
UPDATE `loan_car` SET `created_at` = '2022-01-05 22:46:20.676778', `updated_at` = '2022-01-05 23:23:33.048896', `customer_id` = 6059, `model_id` = 97, `vin_number` = '800841419410504034', `date_produced` = '2010-12-27', `value_estimated` = 530000 WHERE `loan_car`.`id` = 4870;
INSERT INTO `loan_car` (`id`, `created_at`, `updated_at`, `customer_id`, `model_id`, `vin_number`, `date_produced`, `value_estimated`) VALUES (4870, '2022-01-05 22:46:20.676778', '2022-01-05 23:23:33.048896', 6059, 97, '800841419410504034', '2010-12-27', 530000);
UPDATE `loan_car` SET `created_at` = '2022-01-05 22:29:32.047575', `updated_at` = '2022-01-05 22:54:12.536865', `customer_id` = 6059, `model_id` = 3, `vin_number` = '976168744371761759', `date_produced` = '2012-03-18', `value_estimated` = 340000 WHERE `loan_car`.`id` = 4871;
INSERT INTO `loan_car` (`id`, `created_at`, `updated_at`, `customer_id`, `model_id`, `vin_number`, `date_produced`, `value_estimated`) VALUES (4871, '2022-01-05 22:29:32.047575', '2022-01-05 22:54:12.536865', 6059, 3, '976168744371761759', '2012-03-18', 340000);
UPDATE `loan_account` SET `created_at` = '2022-01-05 22:52:44.463551', `updated_at` = '2022-01-05 22:52:44.463551', `customer_id` = 6059, `number` = '593923656368072040', `balance` = 13025 WHERE `loan_account`.`id` = 5531;
INSERT INTO `loan_account` (`id`, `created_at`, `updated_at`, `customer_id`, `number`, `balance`) VALUES (5531, '2022-01-05 22:52:44.463551', '2022-01-05 22:52:44.463551', 6059, '593923656368072040', 13025);
UPDATE `loan_address` SET `created_at` = '2022-01-05 09:42:38.110710', `updated_at` = '2022-01-05 09:42:38.110710', `province` = '新疆维吾尔自治区', `city` = '塔城地区', `county` = '额敏县', `town` = '加尔布拉克农场', `detail` = '宝祁路171号' WHERE `loan_address`.`id` = 9768;
INSERT INTO `loan_address` (`id`, `created_at`, `updated_at`, `province`, `city`, `county`, `town`, `detail`) VALUES (9768, '2022-01-05 09:42:38.110710', '2022-01-05 09:42:38.110710', '新疆维吾尔自治区', '塔城地区', '额敏县', '加尔布拉克农场', '宝祁路171号');
UPDATE `loan_customer` SET `created_at` = '2022-01-05 09:42:38.110710', `updated_at` = '2022-01-05 09:42:38.110710', `name` = '万菊', `id_number` = '932505449771616252', `gender` = 'f', `birthday` = '1988-07-17', `address_id` = 9768, `job_id` = 2011, `salary` = 17000 WHERE `loan_customer`.`id` = 6060;
INSERT INTO `loan_customer` (`id`, `created_at`, `updated_at`, `name`, `id_number`, `gender`, `birthday`, `address_id`, `job_id`, `salary`) VALUES (6060, '2022-01-05 09:42:38.110710', '2022-01-05 09:42:38.110710', '万菊', '932505449771616252', 'f', '1988-07-17', 9768, 2011, 17000);
UPDATE `loan_address` SET `created_at` = '2022-01-05 12:16:52.214940', `updated_at` = '2022-01-05 12:16:52.214940', `province` = '江苏省', `city` = '连云港市', `county` = '海州区', `town` = '幸福路街道', `detail` = '安边路协通公寓28号' WHERE `loan_address`.`id` = 9769;
INSERT INTO `loan_address` (`id`, `created_at`, `updated_at`, `province`, `city`, `county`, `town`, `detail`) VALUES (9769, '2022-01-05 12:16:52.214940', '2022-01-05 12:16:52.214940', '江苏省', '连云港市', '海州区', '幸福路街道', '安边路协通公寓28号');
UPDATE `loan_estate` SET `created_at` = '2022-01-05 12:16:52.214940', `updated_at` = '2022-01-05 12:16:52.214940', `customer_id` = 6060, `address_id` = 9769 WHERE `loan_estate`.`id` = 3618;
INSERT INTO `loan_estate` (`id`, `created_at`, `updated_at`, `customer_id`, `address_id`) VALUES (3618, '2022-01-05 12:16:52.214940', '2022-01-05 12:16:52.214940', 6060, 9769);
UPDATE `loan_car` SET `created_at` = '2022-01-05 22:14:00.326896', `updated_at` = '2022-01-05 23:15:04.694252', `customer_id` = 6060, `model_id` = 245, `vin_number` = '988022692505761179', `date_produced` = '2011-02-10', `value_estimated` = 130000 WHERE `loan_car`.`id` = 4872;
INSERT INTO `loan_car` (`id`, `created_at`, `updated_at`, `customer_id`, `model_id`, `vin_number`, `date_produced`, `value_estimated`) VALUES (4872, '2022-01-05 22:14:00.326896', '2022-01-05 23:15:04.694252', 6060, 245, '988022692505761179', '2011-02-10', 130000);
UPDATE `loan_account` SET `created_at` = '2022-01-05 16:33:48.994797', `updated_at` = '2022-01-05 19:20:40.103970', `customer_id` = 6060, `number` = '725042137665249563', `balance` = 17488 WHERE `loan_account`.`id` = 5532;
INSERT INTO `loan_account` (`id`, `created_at`, `updated_at`, `customer_id`, `number`, `balance`) VALUES (5532, '2022-01-05 16:33:48.994797', '2022-01-05 19:20:40.103970', 6060, '725042137665249563', 17488);
UPDATE `loan_address` SET `created_at` = '2022-01-05 09:23:03.701159', `updated_at` = '2022-01-05 09:23:03.701159', `province` = '河南省', `city` = '鹤壁市', `county` = '鹤壁经济技术开发区', `town` = '海河路办事处', `detail` = '北艾路复华城市花园24号' WHERE `loan_address`.`id` = 9770;
INSERT INTO `loan_address` (`id`, `created_at`, `updated_at`, `province`, `city`, `county`, `town`, `detail`) VALUES (9770, '2022-01-05 09:23:03.701159', '2022-01-05 09:23:03.701159', '河南省', '鹤壁市', '鹤壁经济技术开发区', '海河路办事处', '北艾路复华城市花园24号');
UPDATE `loan_customer` SET `created_at` = '2022-01-05 09:23:03.701159', `updated_at` = '2022-01-05 09:23:03.701159', `name` = '谭绮艳', `id_number` = '647893338669210594', `gender` = 'm', `birthday` = '1998-04-13', `address_id` = 9770, `job_id` = 2011, `salary` = 4000 WHERE `loan_customer`.`id` = 6061;
INSERT INTO `loan_customer` (`id`, `created_at`, `updated_at`, `name`, `id_number`, `gender`, `birthday`, `address_id`, `job_id`, `salary`) VALUES (6061, '2022-01-05 09:23:03.701159', '2022-01-05 09:23:03.701159', '谭绮艳', '647893338669210594', 'm', '1998-04-13', 9770, 2011, 4000);
UPDATE `loan_account` SET `created_at` = '2022-01-05 21:07:54.994918', `updated_at` = '2022-01-05 21:07:54.994918', `customer_id` = 6061, `number` = '792169515690451404', `balance` = 127691 WHERE `loan_account`.`id` = 5533;
INSERT INTO `loan_account` (`id`, `created_at`, `updated_at`, `customer_id`, `number`, `balance`) VALUES (5533, '2022-01-05 21:07:54.994918', '2022-01-05 21:07:54.994918', 6061, '792169515690451404', 127691);
UPDATE `loan_address` SET `created_at` = '2022-01-05 03:23:48.739880', `updated_at` = '2022-01-05 03:23:48.739880', `province` = '甘肃省', `city` = '兰州市', `county` = '城关区', `town` = '焦家湾街道', `detail` = '安边路107号' WHERE `loan_address`.`id` = 9771;
INSERT INTO `loan_address` (`id`, `created_at`, `updated_at`, `province`, `city`, `county`, `town`, `detail`) VALUES (9771, '2022-01-05 03:23:48.739880', '2022-01-05 03:23:48.739880', '甘肃省', '兰州市', '城关区', '焦家湾街道', '安边路107号');
UPDATE `loan_customer` SET `created_at` = '2022-01-05 03:23:48.739880', `updated_at` = '2022-01-05 11:30:34.257337', `name` = '常圣杰', `id_number` = '619717808284617209', `gender` = 'f', `birthday` = '1988-07-10', `address_id` = 9771, `job_id` = 2011, `salary` = 5000 WHERE `loan_customer`.`id` = 6062;
INSERT INTO `loan_customer` (`id`, `created_at`, `updated_at`, `name`, `id_number`, `gender`, `birthday`, `address_id`, `job_id`, `salary`) VALUES (6062, '2022-01-05 03:23:48.739880', '2022-01-05 11:30:34.257337', '常圣杰', '619717808284617209', 'f', '1988-07-10', 9771, 2011, 5000);
UPDATE `loan_chattel` SET `created_at` = '2022-01-05 17:01:47.465751', `updated_at` = '2022-01-05 17:01:47.465751', `customer_id` = 6062, `type` = 'patent', `description` = '一些信息', `value_amount` = 90000, `expired_at` = '2031-12-17' WHERE `loan_chattel`.`id` = 1784;
INSERT INTO `loan_chattel` (`id`, `created_at`, `updated_at`, `customer_id`, `type`, `description`, `value_amount`, `expired_at`) VALUES (1784, '2022-01-05 17:01:47.465751', '2022-01-05 17:01:47.465751', 6062, 'patent', '一些信息', 90000, '2031-12-17');
UPDATE `loan_car` SET `created_at` = '2022-01-05 04:42:00.647274', `updated_at` = '2022-01-05 13:48:47.145342', `customer_id` = 6062, `model_id` = 151, `vin_number` = '667928049228633776', `date_produced` = '2019-08-30', `value_estimated` = 40000 WHERE `loan_car`.`id` = 4873;
INSERT INTO `loan_car` (`id`, `created_at`, `updated_at`, `customer_id`, `model_id`, `vin_number`, `date_produced`, `value_estimated`) VALUES (4873, '2022-01-05 04:42:00.647274', '2022-01-05 13:48:47.145342', 6062, 151, '667928049228633776', '2019-08-30', 40000);
UPDATE `loan_account` SET `created_at` = '2022-01-05 21:35:11.647750', `updated_at` = '2022-01-05 21:35:11.647750', `customer_id` = 6062, `number` = '827526879881901707', `balance` = 100088 WHERE `loan_account`.`id` = 5534;
INSERT INTO `loan_account` (`id`, `created_at`, `updated_at`, `customer_id`, `number`, `balance`) VALUES (5534, '2022-01-05 21:35:11.647750', '2022-01-05 21:35:11.647750', 6062, '827526879881901707', 100088);
UPDATE `loan_address` SET `created_at` = '2022-01-05 13:37:32.650941', `updated_at` = '2022-01-05 13:37:32.650941', `province` = '河南省', `city` = '郑州市', `county` = '中牟县', `town` = '刁家乡', `detail` = '半淞园路89号' WHERE `loan_address`.`id` = 9772;
INSERT INTO `loan_address` (`id`, `created_at`, `updated_at`, `province`, `city`, `county`, `town`, `detail`) VALUES (9772, '2022-01-05 13:37:32.650941', '2022-01-05 13:37:32.650941', '河南省', '郑州市', '中牟县', '刁家乡', '半淞园路89号');
UPDATE `loan_customer` SET `created_at` = '2022-01-05 13:37:32.650941', `updated_at` = '2022-01-05 14:47:56.446483', `name` = '杨欣可', `id_number` = '418068298266258458', `gender` = 'm', `birthday` = '1993-05-27', `address_id` = 9772, `job_id` = 2012, `salary` = 14000 WHERE `loan_customer`.`id` = 6063;
INSERT INTO `loan_customer` (`id`, `created_at`, `updated_at`, `name`, `id_number`, `gender`, `birthday`, `address_id`, `job_id`, `salary`) VALUES (6063, '2022-01-05 13:37:32.650941', '2022-01-05 14:47:56.446483', '杨欣可', '418068298266258458', 'm', '1993-05-27', 9772, 2012, 14000);
UPDATE `loan_chattel` SET `created_at` = '2022-01-05 19:33:00.223337', `updated_at` = '2022-01-05 19:42:31.819067', `customer_id` = 6063, `type` = 'trademark', `description` = '一些信息', `value_amount` = 240000, `expired_at` = '2034-09-03' WHERE `loan_chattel`.`id` = 1785;
INSERT INTO `loan_chattel` (`id`, `created_at`, `updated_at`, `customer_id`, `type`, `description`, `value_amount`, `expired_at`) VALUES (1785, '2022-01-05 19:33:00.223337', '2022-01-05 19:42:31.819067', 6063, 'trademark', '一些信息', 240000, '2034-09-03');
UPDATE `loan_car` SET `created_at` = '2022-01-05 14:17:41.145418', `updated_at` = '2022-01-05 14:17:41.145418', `customer_id` = 6063, `model_id` = 300, `vin_number` = '210949068179207008', `date_produced` = '2016-09-03', `value_estimated` = 30000 WHERE `loan_car`.`id` = 4874;
INSERT INTO `loan_car` (`id`, `created_at`, `updated_at`, `customer_id`, `model_id`, `vin_number`, `date_produced`, `value_estimated`) VALUES (4874, '2022-01-05 14:17:41.145418', '2022-01-05 14:17:41.145418', 6063, 300, '210949068179207008', '2016-09-03', 30000);
UPDATE `loan_car` SET `created_at` = '2022-01-05 23:44:08.587667', `updated_at` = '2022-01-05 23:44:08.587667', `customer_id` = 6063, `model_id` = 303, `vin_number` = '429489063303298582', `date_produced` = '2011-06-05', `value_estimated` = 550000 WHERE `loan_car`.`id` = 4875;
INSERT INTO `loan_car` (`id`, `created_at`, `updated_at`, `customer_id`, `model_id`, `vin_number`, `date_produced`, `value_estimated`) VALUES (4875, '2022-01-05 23:44:08.587667', '2022-01-05 23:44:08.587667', 6063, 303, '429489063303298582', '2011-06-05', 550000);
UPDATE `loan_account` SET `created_at` = '2022-01-05 22:39:49.339776', `updated_at` = '2022-01-05 23:14:42.346157', `customer_id` = 6063, `number` = '370356071417023905', `balance` = 65849 WHERE `loan_account`.`id` = 5535;
INSERT INTO `loan_account` (`id`, `created_at`, `updated_at`, `customer_id`, `number`, `balance`) VALUES (5535, '2022-01-05 22:39:49.339776', '2022-01-05 23:14:42.346157', 6063, '370356071417023905', 65849);
UPDATE `loan_address` SET `created_at` = '2022-01-05 16:49:25.699100', `updated_at` = '2022-01-05 16:49:25.699100', `province` = '甘肃省', `city` = '临夏回族自治州', `county` = '康乐县', `town` = '草滩乡', `detail` = '白渡路博泰新苑96号' WHERE `loan_address`.`id` = 9773;
INSERT INTO `loan_address` (`id`, `created_at`, `updated_at`, `province`, `city`, `county`, `town`, `detail`) VALUES (9773, '2022-01-05 16:49:25.699100', '2022-01-05 16:49:25.699100', '甘肃省', '临夏回族自治州', '康乐县', '草滩乡', '白渡路博泰新苑96号');
UPDATE `loan_customer` SET `created_at` = '2022-01-05 16:49:25.699100', `updated_at` = '2022-01-05 16:49:25.699100', `name` = '漕烁', `id_number` = '396442883279654998', `gender` = 'm', `birthday` = '1990-11-15', `address_id` = 9773, `job_id` = 2013, `salary` = 18000 WHERE `loan_customer`.`id` = 6064;
INSERT INTO `loan_customer` (`id`, `created_at`, `updated_at`, `name`, `id_number`, `gender`, `birthday`, `address_id`, `job_id`, `salary`) VALUES (6064, '2022-01-05 16:49:25.699100', '2022-01-05 16:49:25.699100', '漕烁', '396442883279654998', 'm', '1990-11-15', 9773, 2013, 18000);
UPDATE `loan_account` SET `created_at` = '2022-01-05 20:52:35.599671', `updated_at` = '2022-01-05 23:59:27.777428', `customer_id` = 6064, `number` = '795202933604125042', `balance` = 0 WHERE `loan_account`.`id` = 5536;
INSERT INTO `loan_account` (`id`, `created_at`, `updated_at`, `customer_id`, `number`, `balance`) VALUES (5536, '2022-01-05 20:52:35.599671', '2022-01-05 23:59:27.777428', 6064, '795202933604125042', 0);
UPDATE `loan_address` SET `created_at` = '2022-01-05 22:08:50.871741', `updated_at` = '2022-01-05 22:08:50.871741', `province` = '广东省', `city` = '肇庆市', `county` = '德庆县', `town` = '播植镇', `detail` = '宝通路东新大厦24号' WHERE `loan_address`.`id` = 9774;
INSERT INTO `loan_address` (`id`, `created_at`, `updated_at`, `province`, `city`, `county`, `town`, `detail`) VALUES (9774, '2022-01-05 22:08:50.871741', '2022-01-05 22:08:50.871741', '广东省', '肇庆市', '德庆县', '播植镇', '宝通路东新大厦24号');
UPDATE `loan_customer` SET `created_at` = '2022-01-05 22:08:50.871741', `updated_at` = '2022-01-05 23:27:29.728743', `name` = '卢瓶', `id_number` = '037365738560012124', `gender` = 'm', `birthday` = '2004-07-22', `address_id` = 9774, `job_id` = 2013, `salary` = 15000 WHERE `loan_customer`.`id` = 6065;
INSERT INTO `loan_customer` (`id`, `created_at`, `updated_at`, `name`, `id_number`, `gender`, `birthday`, `address_id`, `job_id`, `salary`) VALUES (6065, '2022-01-05 22:08:50.871741', '2022-01-05 23:27:29.728743', '卢瓶', '037365738560012124', 'm', '2004-07-22', 9774, 2013, 15000);
UPDATE `loan_address` SET `created_at` = '2022-01-05 23:24:07.714482', `updated_at` = '2022-01-05 23:24:07.714482', `province` = '浙江省', `city` = '温州市', `county` = '文成县', `town` = '双桂乡', `detail` = '宝昌路真新六街坊185号' WHERE `loan_address`.`id` = 9775;
INSERT INTO `loan_address` (`id`, `created_at`, `updated_at`, `province`, `city`, `county`, `town`, `detail`) VALUES (9775, '2022-01-05 23:24:07.714482', '2022-01-05 23:24:07.714482', '浙江省', '温州市', '文成县', '双桂乡', '宝昌路真新六街坊185号');
UPDATE `loan_estate` SET `created_at` = '2022-01-05 23:24:07.714482', `updated_at` = '2022-01-05 23:24:07.714482', `customer_id` = 6065, `address_id` = 9775 WHERE `loan_estate`.`id` = 3619;
INSERT INTO `loan_estate` (`id`, `created_at`, `updated_at`, `customer_id`, `address_id`) VALUES (3619, '2022-01-05 23:24:07.714482', '2022-01-05 23:24:07.714482', 6065, 9775);
UPDATE `loan_car` SET `created_at` = '2022-01-05 23:06:28.090921', `updated_at` = '2022-01-05 23:06:28.090921', `customer_id` = 6065, `model_id` = 77, `vin_number` = '141265461155642536', `date_produced` = '2021-11-05', `value_estimated` = 630000 WHERE `loan_car`.`id` = 4876;
INSERT INTO `loan_car` (`id`, `created_at`, `updated_at`, `customer_id`, `model_id`, `vin_number`, `date_produced`, `value_estimated`) VALUES (4876, '2022-01-05 23:06:28.090921', '2022-01-05 23:06:28.090921', 6065, 77, '141265461155642536', '2021-11-05', 630000);
UPDATE `loan_account` SET `created_at` = '2022-01-05 23:44:44.117628', `updated_at` = '2022-01-05 23:48:51.694043', `customer_id` = 6065, `number` = '826184084211472200', `balance` = 104812 WHERE `loan_account`.`id` = 5537;
INSERT INTO `loan_account` (`id`, `created_at`, `updated_at`, `customer_id`, `number`, `balance`) VALUES (5537, '2022-01-05 23:44:44.117628', '2022-01-05 23:48:51.694043', 6065, '826184084211472200', 104812);
UPDATE `loan_address` SET `created_at` = '2022-01-05 12:05:20.983009', `updated_at` = '2022-01-05 12:05:20.983009', `province` = '江西省', `city` = '抚州市', `county` = '金溪县', `town` = '陈坊积乡', `detail` = '安德路88号' WHERE `loan_address`.`id` = 9776;
INSERT INTO `loan_address` (`id`, `created_at`, `updated_at`, `province`, `city`, `county`, `town`, `detail`) VALUES (9776, '2022-01-05 12:05:20.983009', '2022-01-05 12:05:20.983009', '江西省', '抚州市', '金溪县', '陈坊积乡', '安德路88号');
UPDATE `loan_customer` SET `created_at` = '2022-01-05 12:05:20.983009', `updated_at` = '2022-01-05 12:10:59.262239', `name` = '蒋飞章', `id_number` = '534809384795399262', `gender` = 'm', `birthday` = '1992-06-27', `address_id` = 9776, `job_id` = 2014, `salary` = 12000 WHERE `loan_customer`.`id` = 6066;
INSERT INTO `loan_customer` (`id`, `created_at`, `updated_at`, `name`, `id_number`, `gender`, `birthday`, `address_id`, `job_id`, `salary`) VALUES (6066, '2022-01-05 12:05:20.983009', '2022-01-05 12:10:59.262239', '蒋飞章', '534809384795399262', 'm', '1992-06-27', 9776, 2014, 12000);
UPDATE `loan_account` SET `created_at` = '2022-01-05 22:20:00.496968', `updated_at` = '2022-01-05 22:57:44.667378', `customer_id` = 6066, `number` = '704244532714968100', `balance` = 74390 WHERE `loan_account`.`id` = 5538;
INSERT INTO `loan_account` (`id`, `created_at`, `updated_at`, `customer_id`, `number`, `balance`) VALUES (5538, '2022-01-05 22:20:00.496968', '2022-01-05 22:57:44.667378', 6066, '704244532714968100', 74390);
UPDATE `loan_address` SET `created_at` = '2022-01-05 20:39:35.994890', `updated_at` = '2022-01-05 20:39:35.994890', `province` = '陕西省', `city` = '榆林市', `county` = '佳县', `town` = '木头峪镇', `detail` = '安顺路菊园五街坊84号' WHERE `loan_address`.`id` = 9777;
INSERT INTO `loan_address` (`id`, `created_at`, `updated_at`, `province`, `city`, `county`, `town`, `detail`) VALUES (9777, '2022-01-05 20:39:35.994890', '2022-01-05 20:39:35.994890', '陕西省', '榆林市', '佳县', '木头峪镇', '安顺路菊园五街坊84号');
UPDATE `loan_customer` SET `created_at` = '2022-01-05 20:39:35.994890', `updated_at` = '2022-01-05 23:32:25.930286', `name` = '张盈', `id_number` = '205405257199784232', `gender` = 'f', `birthday` = '1990-08-16', `address_id` = 9777, `job_id` = 2015, `salary` = 4000 WHERE `loan_customer`.`id` = 6067;
INSERT INTO `loan_customer` (`id`, `created_at`, `updated_at`, `name`, `id_number`, `gender`, `birthday`, `address_id`, `job_id`, `salary`) VALUES (6067, '2022-01-05 20:39:35.994890', '2022-01-05 23:32:25.930286', '张盈', '205405257199784232', 'f', '1990-08-16', 9777, 2015, 4000);
UPDATE `loan_chattel` SET `created_at` = '2022-01-05 22:21:56.544570', `updated_at` = '2022-01-05 22:55:43.964655', `customer_id` = 6067, `type` = 'copyright', `description` = '一些信息', `value_amount` = 250000, `expired_at` = '2028-04-07' WHERE `loan_chattel`.`id` = 1786;
INSERT INTO `loan_chattel` (`id`, `created_at`, `updated_at`, `customer_id`, `type`, `description`, `value_amount`, `expired_at`) VALUES (1786, '2022-01-05 22:21:56.544570', '2022-01-05 22:55:43.964655', 6067, 'copyright', '一些信息', 250000, '2028-04-07');
UPDATE `loan_address` SET `created_at` = '2022-01-05 21:27:32.830328', `updated_at` = '2022-01-05 21:27:32.830328', `province` = '浙江省', `city` = '杭州市', `county` = '余杭区', `town` = '南苑街道', `detail` = '保屯路协通公寓143号' WHERE `loan_address`.`id` = 9778;
INSERT INTO `loan_address` (`id`, `created_at`, `updated_at`, `province`, `city`, `county`, `town`, `detail`) VALUES (9778, '2022-01-05 21:27:32.830328', '2022-01-05 21:27:32.830328', '浙江省', '杭州市', '余杭区', '南苑街道', '保屯路协通公寓143号');
UPDATE `loan_estate` SET `created_at` = '2022-01-05 21:27:32.830328', `updated_at` = '2022-01-05 21:44:46.619908', `customer_id` = 6067, `address_id` = 9778 WHERE `loan_estate`.`id` = 3620;
INSERT INTO `loan_estate` (`id`, `created_at`, `updated_at`, `customer_id`, `address_id`) VALUES (3620, '2022-01-05 21:27:32.830328', '2022-01-05 21:44:46.619908', 6067, 9778);
UPDATE `loan_car` SET `created_at` = '2022-01-05 23:42:24.991044', `updated_at` = '2022-01-05 23:59:10.058815', `customer_id` = 6067, `model_id` = 235, `vin_number` = '950942348917103393', `date_produced` = '2014-06-10', `value_estimated` = 330000 WHERE `loan_car`.`id` = 4877;
INSERT INTO `loan_car` (`id`, `created_at`, `updated_at`, `customer_id`, `model_id`, `vin_number`, `date_produced`, `value_estimated`) VALUES (4877, '2022-01-05 23:42:24.991044', '2022-01-05 23:59:10.058815', 6067, 235, '950942348917103393', '2014-06-10', 330000);
UPDATE `loan_account` SET `created_at` = '2022-01-05 21:29:43.686392', `updated_at` = '2022-01-05 21:29:43.686392', `customer_id` = 6067, `number` = '599520343670942756', `balance` = 70193 WHERE `loan_account`.`id` = 5539;
INSERT INTO `loan_account` (`id`, `created_at`, `updated_at`, `customer_id`, `number`, `balance`) VALUES (5539, '2022-01-05 21:29:43.686392', '2022-01-05 21:29:43.686392', 6067, '599520343670942756', 70193);
UPDATE `loan_address` SET `created_at` = '2022-01-05 10:01:33.770633', `updated_at` = '2022-01-05 10:01:33.770633', `province` = '河北省', `city` = '邢台市', `county` = '威县', `town` = '常庄镇', `detail` = '板泉路协通公寓88号' WHERE `loan_address`.`id` = 9779;
INSERT INTO `loan_address` (`id`, `created_at`, `updated_at`, `province`, `city`, `county`, `town`, `detail`) VALUES (9779, '2022-01-05 10:01:33.770633', '2022-01-05 10:01:33.770633', '河北省', '邢台市', '威县', '常庄镇', '板泉路协通公寓88号');
UPDATE `loan_customer` SET `created_at` = '2022-01-05 10:01:33.770633', `updated_at` = '2022-01-05 22:17:08.282296', `name` = '萧迎松', `id_number` = '872576735090155177', `gender` = 'm', `birthday` = '2008-03-05', `address_id` = 9779, `job_id` = 2015, `salary` = 40000 WHERE `loan_customer`.`id` = 6068;
INSERT INTO `loan_customer` (`id`, `created_at`, `updated_at`, `name`, `id_number`, `gender`, `birthday`, `address_id`, `job_id`, `salary`) VALUES (6068, '2022-01-05 10:01:33.770633', '2022-01-05 22:17:08.282296', '萧迎松', '872576735090155177', 'm', '2008-03-05', 9779, 2015, 40000);
UPDATE `loan_chattel` SET `created_at` = '2022-01-05 13:42:32.078094', `updated_at` = '2022-01-05 15:06:56.272288', `customer_id` = 6068, `type` = 'fund', `description` = '一些信息', `value_amount` = 620000, `expired_at` = '2033-10-17' WHERE `loan_chattel`.`id` = 1787;
INSERT INTO `loan_chattel` (`id`, `created_at`, `updated_at`, `customer_id`, `type`, `description`, `value_amount`, `expired_at`) VALUES (1787, '2022-01-05 13:42:32.078094', '2022-01-05 15:06:56.272288', 6068, 'fund', '一些信息', 620000, '2033-10-17');
UPDATE `loan_address` SET `created_at` = '2022-01-05 16:20:52.792704', `updated_at` = '2022-01-05 16:20:52.792704', `province` = '广东省', `city` = '清远市', `county` = '连州市', `town` = '连州镇', `detail` = '板泉路和亭佳苑134号' WHERE `loan_address`.`id` = 9780;
INSERT INTO `loan_address` (`id`, `created_at`, `updated_at`, `province`, `city`, `county`, `town`, `detail`) VALUES (9780, '2022-01-05 16:20:52.792704', '2022-01-05 16:20:52.792704', '广东省', '清远市', '连州市', '连州镇', '板泉路和亭佳苑134号');
UPDATE `loan_estate` SET `created_at` = '2022-01-05 16:20:52.792704', `updated_at` = '2022-01-05 16:20:52.792704', `customer_id` = 6068, `address_id` = 9780 WHERE `loan_estate`.`id` = 3621;
INSERT INTO `loan_estate` (`id`, `created_at`, `updated_at`, `customer_id`, `address_id`) VALUES (3621, '2022-01-05 16:20:52.792704', '2022-01-05 16:20:52.792704', 6068, 9780);
UPDATE `loan_car` SET `created_at` = '2022-01-05 11:01:05.209614', `updated_at` = '2022-01-05 14:55:52.374638', `customer_id` = 6068, `model_id` = 157, `vin_number` = '205031238569687176', `date_produced` = '2018-01-18', `value_estimated` = 310000 WHERE `loan_car`.`id` = 4878;
INSERT INTO `loan_car` (`id`, `created_at`, `updated_at`, `customer_id`, `model_id`, `vin_number`, `date_produced`, `value_estimated`) VALUES (4878, '2022-01-05 11:01:05.209614', '2022-01-05 14:55:52.374638', 6068, 157, '205031238569687176', '2018-01-18', 310000);
UPDATE `loan_account` SET `created_at` = '2022-01-05 19:39:02.017388', `updated_at` = '2022-01-05 19:39:02.017388', `customer_id` = 6068, `number` = '835441089747073957', `balance` = 118837 WHERE `loan_account`.`id` = 5540;
INSERT INTO `loan_account` (`id`, `created_at`, `updated_at`, `customer_id`, `number`, `balance`) VALUES (5540, '2022-01-05 19:39:02.017388', '2022-01-05 19:39:02.017388', 6068, '835441089747073957', 118837);
UPDATE `loan_address` SET `created_at` = '2022-01-05 09:51:53.953432', `updated_at` = '2022-01-05 09:51:53.953432', `province` = '内蒙古自治区', `city` = '赤峰市', `county` = '巴林右旗', `town` = '巴彦琥硕镇', `detail` = '保屯路耀江花园104号' WHERE `loan_address`.`id` = 9781;
INSERT INTO `loan_address` (`id`, `created_at`, `updated_at`, `province`, `city`, `county`, `town`, `detail`) VALUES (9781, '2022-01-05 09:51:53.953432', '2022-01-05 09:51:53.953432', '内蒙古自治区', '赤峰市', '巴林右旗', '巴彦琥硕镇', '保屯路耀江花园104号');
UPDATE `loan_customer` SET `created_at` = '2022-01-05 09:51:53.953432', `updated_at` = '2022-01-05 17:19:14.053487', `name` = '蔡封', `id_number` = '417665802897283691', `gender` = 'f', `birthday` = '2004-08-15', `address_id` = 9781, `job_id` = 2015, `salary` = 12000 WHERE `loan_customer`.`id` = 6069;
INSERT INTO `loan_customer` (`id`, `created_at`, `updated_at`, `name`, `id_number`, `gender`, `birthday`, `address_id`, `job_id`, `salary`) VALUES (6069, '2022-01-05 09:51:53.953432', '2022-01-05 17:19:14.053487', '蔡封', '417665802897283691', 'f', '2004-08-15', 9781, 2015, 12000);
UPDATE `loan_address` SET `created_at` = '2022-01-05 23:32:04.365947', `updated_at` = '2022-01-05 23:32:04.365947', `province` = '甘肃省', `city` = '临夏回族自治州', `county` = '临夏县', `town` = '掌子沟乡', `detail` = '保德路溢盈河畔别墅19号' WHERE `loan_address`.`id` = 9782;
INSERT INTO `loan_address` (`id`, `created_at`, `updated_at`, `province`, `city`, `county`, `town`, `detail`) VALUES (9782, '2022-01-05 23:32:04.365947', '2022-01-05 23:32:04.365947', '甘肃省', '临夏回族自治州', '临夏县', '掌子沟乡', '保德路溢盈河畔别墅19号');
UPDATE `loan_estate` SET `created_at` = '2022-01-05 23:32:04.365947', `updated_at` = '2022-01-05 23:32:04.365947', `customer_id` = 6069, `address_id` = 9782 WHERE `loan_estate`.`id` = 3622;
INSERT INTO `loan_estate` (`id`, `created_at`, `updated_at`, `customer_id`, `address_id`) VALUES (3622, '2022-01-05 23:32:04.365947', '2022-01-05 23:32:04.365947', 6069, 9782);
UPDATE `loan_car` SET `created_at` = '2022-01-05 16:54:08.979594', `updated_at` = '2022-01-05 19:09:01.043699', `customer_id` = 6069, `model_id` = 224, `vin_number` = '491211754364147288', `date_produced` = '2017-05-18', `value_estimated` = 390000 WHERE `loan_car`.`id` = 4879;
INSERT INTO `loan_car` (`id`, `created_at`, `updated_at`, `customer_id`, `model_id`, `vin_number`, `date_produced`, `value_estimated`) VALUES (4879, '2022-01-05 16:54:08.979594', '2022-01-05 19:09:01.043699', 6069, 224, '491211754364147288', '2017-05-18', 390000);
UPDATE `loan_account` SET `created_at` = '2022-01-05 16:04:01.274625', `updated_at` = '2022-01-05 21:07:04.752140', `customer_id` = 6069, `number` = '887663760188380302', `balance` = 157400 WHERE `loan_account`.`id` = 5541;
INSERT INTO `loan_account` (`id`, `created_at`, `updated_at`, `customer_id`, `number`, `balance`) VALUES (5541, '2022-01-05 16:04:01.274625', '2022-01-05 21:07:04.752140', 6069, '887663760188380302', 157400);
UPDATE `loan_address` SET `created_at` = '2022-01-05 13:57:46.814731', `updated_at` = '2022-01-05 13:57:46.814731', `province` = '广东省', `city` = '梅州市', `county` = '大埔县', `town` = '洲瑞林场', `detail` = '白玉路复华城市花园24号' WHERE `loan_address`.`id` = 9783;
INSERT INTO `loan_address` (`id`, `created_at`, `updated_at`, `province`, `city`, `county`, `town`, `detail`) VALUES (9783, '2022-01-05 13:57:46.814731', '2022-01-05 13:57:46.814731', '广东省', '梅州市', '大埔县', '洲瑞林场', '白玉路复华城市花园24号');
UPDATE `loan_customer` SET `created_at` = '2022-01-05 13:57:46.814731', `updated_at` = '2022-01-05 13:57:46.814731', `name` = '傅英范', `id_number` = '523535640412702855', `gender` = 'f', `birthday` = '1991-07-02', `address_id` = 9783, `job_id` = 2015, `salary` = 4000 WHERE `loan_customer`.`id` = 6070;
INSERT INTO `loan_customer` (`id`, `created_at`, `updated_at`, `name`, `id_number`, `gender`, `birthday`, `address_id`, `job_id`, `salary`) VALUES (6070, '2022-01-05 13:57:46.814731', '2022-01-05 13:57:46.814731', '傅英范', '523535640412702855', 'f', '1991-07-02', 9783, 2015, 4000);
UPDATE `loan_chattel` SET `created_at` = '2022-01-05 22:09:49.579948', `updated_at` = '2022-01-05 22:09:49.579948', `customer_id` = 6070, `type` = 'receivable', `description` = '一些信息', `value_amount` = 240000, `expired_at` = '2022-08-08' WHERE `loan_chattel`.`id` = 1788;
INSERT INTO `loan_chattel` (`id`, `created_at`, `updated_at`, `customer_id`, `type`, `description`, `value_amount`, `expired_at`) VALUES (1788, '2022-01-05 22:09:49.579948', '2022-01-05 22:09:49.579948', 6070, 'receivable', '一些信息', 240000, '2022-08-08');
UPDATE `loan_address` SET `created_at` = '2022-01-05 17:21:00.861720', `updated_at` = '2022-01-05 17:21:00.861720', `province` = '陕西省', `city` = '汉中市', `county` = '西乡县', `town` = '两河口镇', `detail` = '百花街108号' WHERE `loan_address`.`id` = 9784;
INSERT INTO `loan_address` (`id`, `created_at`, `updated_at`, `province`, `city`, `county`, `town`, `detail`) VALUES (9784, '2022-01-05 17:21:00.861720', '2022-01-05 17:21:00.861720', '陕西省', '汉中市', '西乡县', '两河口镇', '百花街108号');
UPDATE `loan_estate` SET `created_at` = '2022-01-05 17:21:00.861720', `updated_at` = '2022-01-05 20:35:02.781647', `customer_id` = 6070, `address_id` = 9784 WHERE `loan_estate`.`id` = 3623;
INSERT INTO `loan_estate` (`id`, `created_at`, `updated_at`, `customer_id`, `address_id`) VALUES (3623, '2022-01-05 17:21:00.861720', '2022-01-05 20:35:02.781647', 6070, 9784);
UPDATE `loan_car` SET `created_at` = '2022-01-05 22:35:28.158499', `updated_at` = '2022-01-05 22:35:28.158499', `customer_id` = 6070, `model_id` = 29, `vin_number` = '303355820221524948', `date_produced` = '2011-06-08', `value_estimated` = 40000 WHERE `loan_car`.`id` = 4880;
INSERT INTO `loan_car` (`id`, `created_at`, `updated_at`, `customer_id`, `model_id`, `vin_number`, `date_produced`, `value_estimated`) VALUES (4880, '2022-01-05 22:35:28.158499', '2022-01-05 22:35:28.158499', 6070, 29, '303355820221524948', '2011-06-08', 40000);
UPDATE `loan_account` SET `created_at` = '2022-01-05 15:02:17.155418', `updated_at` = '2022-01-05 19:01:15.812335', `customer_id` = 6070, `number` = '738032866466459734', `balance` = 61384 WHERE `loan_account`.`id` = 5542;
INSERT INTO `loan_account` (`id`, `created_at`, `updated_at`, `customer_id`, `number`, `balance`) VALUES (5542, '2022-01-05 15:02:17.155418', '2022-01-05 19:01:15.812335', 6070, '738032866466459734', 61384);
UPDATE `loan_address` SET `created_at` = '2022-01-05 00:41:30.683046', `updated_at` = '2022-01-05 00:41:30.683046', `province` = '吉林省', `city` = '通化市', `county` = '梅河口市', `town` = '中和镇', `detail` = '安业路133号' WHERE `loan_address`.`id` = 9785;
INSERT INTO `loan_address` (`id`, `created_at`, `updated_at`, `province`, `city`, `county`, `town`, `detail`) VALUES (9785, '2022-01-05 00:41:30.683046', '2022-01-05 00:41:30.683046', '吉林省', '通化市', '梅河口市', '中和镇', '安业路133号');
UPDATE `loan_customer` SET `created_at` = '2022-01-05 00:41:30.683046', `updated_at` = '2022-01-05 15:41:15.670381', `name` = '赵乐成', `id_number` = '017035194026071839', `gender` = 'm', `birthday` = '1982-07-14', `address_id` = 9785, `job_id` = 2016, `salary` = 30000 WHERE `loan_customer`.`id` = 6071;
INSERT INTO `loan_customer` (`id`, `created_at`, `updated_at`, `name`, `id_number`, `gender`, `birthday`, `address_id`, `job_id`, `salary`) VALUES (6071, '2022-01-05 00:41:30.683046', '2022-01-05 15:41:15.670381', '赵乐成', '017035194026071839', 'm', '1982-07-14', 9785, 2016, 30000);
UPDATE `loan_account` SET `created_at` = '2022-01-05 01:19:38.566364', `updated_at` = '2022-01-05 01:19:38.566364', `customer_id` = 6071, `number` = '347017298350589872', `balance` = 95843 WHERE `loan_account`.`id` = 5543;
INSERT INTO `loan_account` (`id`, `created_at`, `updated_at`, `customer_id`, `number`, `balance`) VALUES (5543, '2022-01-05 01:19:38.566364', '2022-01-05 01:19:38.566364', 6071, '347017298350589872', 95843);
UPDATE `loan_address` SET `created_at` = '2022-01-05 22:23:38.199673', `updated_at` = '2022-01-05 22:23:38.199673', `province` = '江西省', `city` = '宜春市', `county` = '丰城市', `town` = '丽村镇', `detail` = '巴林路爱里舍花园122号' WHERE `loan_address`.`id` = 9786;
INSERT INTO `loan_address` (`id`, `created_at`, `updated_at`, `province`, `city`, `county`, `town`, `detail`) VALUES (9786, '2022-01-05 22:23:38.199673', '2022-01-05 22:23:38.199673', '江西省', '宜春市', '丰城市', '丽村镇', '巴林路爱里舍花园122号');
UPDATE `loan_customer` SET `created_at` = '2022-01-05 22:23:38.199673', `updated_at` = '2022-01-05 22:23:38.199673', `name` = '钱烨伟', `id_number` = '809149182248182111', `gender` = 'f', `birthday` = '1988-03-17', `address_id` = 9786, `job_id` = 2016, `salary` = 9000 WHERE `loan_customer`.`id` = 6072;
INSERT INTO `loan_customer` (`id`, `created_at`, `updated_at`, `name`, `id_number`, `gender`, `birthday`, `address_id`, `job_id`, `salary`) VALUES (6072, '2022-01-05 22:23:38.199673', '2022-01-05 22:23:38.199673', '钱烨伟', '809149182248182111', 'f', '1988-03-17', 9786, 2016, 9000);
UPDATE `loan_address` SET `created_at` = '2022-01-05 22:48:47.739609', `updated_at` = '2022-01-05 22:48:47.739609', `province` = '贵州省', `city` = '铜仁市', `county` = '印江土家族苗族自治县', `town` = '峨岭街道办事处', `detail` = '白城南路协通公寓193号' WHERE `loan_address`.`id` = 9787;
INSERT INTO `loan_address` (`id`, `created_at`, `updated_at`, `province`, `city`, `county`, `town`, `detail`) VALUES (9787, '2022-01-05 22:48:47.739609', '2022-01-05 22:48:47.739609', '贵州省', '铜仁市', '印江土家族苗族自治县', '峨岭街道办事处', '白城南路协通公寓193号');
UPDATE `loan_estate` SET `created_at` = '2022-01-05 22:48:47.739609', `updated_at` = '2022-01-05 22:48:47.739609', `customer_id` = 6072, `address_id` = 9787 WHERE `loan_estate`.`id` = 3624;
INSERT INTO `loan_estate` (`id`, `created_at`, `updated_at`, `customer_id`, `address_id`) VALUES (3624, '2022-01-05 22:48:47.739609', '2022-01-05 22:48:47.739609', 6072, 9787);
UPDATE `loan_car` SET `created_at` = '2022-01-05 23:21:38.517104', `updated_at` = '2022-01-05 23:49:14.401182', `customer_id` = 6072, `model_id` = 2, `vin_number` = '462573118151654591', `date_produced` = '2016-05-22', `value_estimated` = 240000 WHERE `loan_car`.`id` = 4881;
INSERT INTO `loan_car` (`id`, `created_at`, `updated_at`, `customer_id`, `model_id`, `vin_number`, `date_produced`, `value_estimated`) VALUES (4881, '2022-01-05 23:21:38.517104', '2022-01-05 23:49:14.401182', 6072, 2, '462573118151654591', '2016-05-22', 240000);
UPDATE `loan_account` SET `created_at` = '2022-01-05 22:37:34.401789', `updated_at` = '2022-01-05 22:37:34.401789', `customer_id` = 6072, `number` = '750176752372917241', `balance` = 114458 WHERE `loan_account`.`id` = 5544;
INSERT INTO `loan_account` (`id`, `created_at`, `updated_at`, `customer_id`, `number`, `balance`) VALUES (5544, '2022-01-05 22:37:34.401789', '2022-01-05 22:37:34.401789', 6072, '750176752372917241', 114458);
UPDATE `loan_address` SET `created_at` = '2022-01-05 12:03:58.315635', `updated_at` = '2022-01-05 12:03:58.315635', `province` = '江苏省', `city` = '连云港市', `county` = '连云区', `town` = '板桥街道', `detail` = '保屯路溢盈河畔别墅152号' WHERE `loan_address`.`id` = 9788;
INSERT INTO `loan_address` (`id`, `created_at`, `updated_at`, `province`, `city`, `county`, `town`, `detail`) VALUES (9788, '2022-01-05 12:03:58.315635', '2022-01-05 12:03:58.315635', '江苏省', '连云港市', '连云区', '板桥街道', '保屯路溢盈河畔别墅152号');
UPDATE `loan_customer` SET `created_at` = '2022-01-05 12:03:58.315635', `updated_at` = '2022-01-05 12:03:58.315635', `name` = '梁秀敏', `id_number` = '477432758429913051', `gender` = 'm', `birthday` = '1987-02-21', `address_id` = 9788, `job_id` = 2017, `salary` = 14000 WHERE `loan_customer`.`id` = 6073;
INSERT INTO `loan_customer` (`id`, `created_at`, `updated_at`, `name`, `id_number`, `gender`, `birthday`, `address_id`, `job_id`, `salary`) VALUES (6073, '2022-01-05 12:03:58.315635', '2022-01-05 12:03:58.315635', '梁秀敏', '477432758429913051', 'm', '1987-02-21', 9788, 2017, 14000);
UPDATE `loan_car` SET `created_at` = '2022-01-05 14:36:17.722419', `updated_at` = '2022-01-05 14:36:17.722419', `customer_id` = 6073, `model_id` = 14, `vin_number` = '295753295721530253', `date_produced` = '2010-11-22', `value_estimated` = 60000 WHERE `loan_car`.`id` = 4882;
INSERT INTO `loan_car` (`id`, `created_at`, `updated_at`, `customer_id`, `model_id`, `vin_number`, `date_produced`, `value_estimated`) VALUES (4882, '2022-01-05 14:36:17.722419', '2022-01-05 14:36:17.722419', 6073, 14, '295753295721530253', '2010-11-22', 60000);
UPDATE `loan_car` SET `created_at` = '2022-01-05 15:16:21.827775', `updated_at` = '2022-01-05 15:25:14.295755', `customer_id` = 6073, `model_id` = 104, `vin_number` = '458321792139193756', `date_produced` = '2017-05-03', `value_estimated` = 380000 WHERE `loan_car`.`id` = 4883;
INSERT INTO `loan_car` (`id`, `created_at`, `updated_at`, `customer_id`, `model_id`, `vin_number`, `date_produced`, `value_estimated`) VALUES (4883, '2022-01-05 15:16:21.827775', '2022-01-05 15:25:14.295755', 6073, 104, '458321792139193756', '2017-05-03', 380000);
UPDATE `loan_account` SET `created_at` = '2022-01-05 12:13:42.047698', `updated_at` = '2022-01-05 15:16:23.543302', `customer_id` = 6073, `number` = '028208938670342590', `balance` = 88104 WHERE `loan_account`.`id` = 5545;
INSERT INTO `loan_account` (`id`, `created_at`, `updated_at`, `customer_id`, `number`, `balance`) VALUES (5545, '2022-01-05 12:13:42.047698', '2022-01-05 15:16:23.543302', 6073, '028208938670342590', 88104);
UPDATE `loan_address` SET `created_at` = '2022-01-05 15:37:55.122967', `updated_at` = '2022-01-05 15:37:55.122967', `province` = '西藏自治区', `city` = '昌都市', `county` = '贡觉县', `town` = '哈加乡', `detail` = '宝杨路协通公寓109号' WHERE `loan_address`.`id` = 9789;
INSERT INTO `loan_address` (`id`, `created_at`, `updated_at`, `province`, `city`, `county`, `town`, `detail`) VALUES (9789, '2022-01-05 15:37:55.122967', '2022-01-05 15:37:55.122967', '西藏自治区', '昌都市', '贡觉县', '哈加乡', '宝杨路协通公寓109号');
UPDATE `loan_customer` SET `created_at` = '2022-01-05 15:37:55.122967', `updated_at` = '2022-01-05 21:55:58.819711', `name` = '田亦', `id_number` = '693679083624552041', `gender` = 'f', `birthday` = '2004-11-25', `address_id` = 9789, `job_id` = 2017, `salary` = 10000 WHERE `loan_customer`.`id` = 6074;
INSERT INTO `loan_customer` (`id`, `created_at`, `updated_at`, `name`, `id_number`, `gender`, `birthday`, `address_id`, `job_id`, `salary`) VALUES (6074, '2022-01-05 15:37:55.122967', '2022-01-05 21:55:58.819711', '田亦', '693679083624552041', 'f', '2004-11-25', 9789, 2017, 10000);
UPDATE `loan_address` SET `created_at` = '2022-01-05 17:43:55.336417', `updated_at` = '2022-01-05 17:43:55.336417', `province` = '甘肃省', `city` = '甘南藏族自治州', `county` = '夏河县', `town` = '王格尔塘镇', `detail` = '澳门路和亭佳苑110号' WHERE `loan_address`.`id` = 9790;
INSERT INTO `loan_address` (`id`, `created_at`, `updated_at`, `province`, `city`, `county`, `town`, `detail`) VALUES (9790, '2022-01-05 17:43:55.336417', '2022-01-05 17:43:55.336417', '甘肃省', '甘南藏族自治州', '夏河县', '王格尔塘镇', '澳门路和亭佳苑110号');
UPDATE `loan_estate` SET `created_at` = '2022-01-05 17:43:55.336417', `updated_at` = '2022-01-05 18:40:14.942302', `customer_id` = 6074, `address_id` = 9790 WHERE `loan_estate`.`id` = 3625;
INSERT INTO `loan_estate` (`id`, `created_at`, `updated_at`, `customer_id`, `address_id`) VALUES (3625, '2022-01-05 17:43:55.336417', '2022-01-05 18:40:14.942302', 6074, 9790);
UPDATE `loan_account` SET `created_at` = '2022-01-05 16:24:45.690949', `updated_at` = '2022-01-05 16:24:45.690949', `customer_id` = 6074, `number` = '426423006044228439', `balance` = 0 WHERE `loan_account`.`id` = 5546;
INSERT INTO `loan_account` (`id`, `created_at`, `updated_at`, `customer_id`, `number`, `balance`) VALUES (5546, '2022-01-05 16:24:45.690949', '2022-01-05 16:24:45.690949', 6074, '426423006044228439', 0);
UPDATE `loan_address` SET `created_at` = '2022-01-05 20:42:33.631636', `updated_at` = '2022-01-05 20:42:33.631636', `province` = '广东省', `city` = '肇庆市', `county` = '德庆县', `town` = '播植镇', `detail` = '宝源路3号' WHERE `loan_address`.`id` = 9791;
INSERT INTO `loan_address` (`id`, `created_at`, `updated_at`, `province`, `city`, `county`, `town`, `detail`) VALUES (9791, '2022-01-05 20:42:33.631636', '2022-01-05 20:42:33.631636', '广东省', '肇庆市', '德庆县', '播植镇', '宝源路3号');
UPDATE `loan_customer` SET `created_at` = '2022-01-05 20:42:33.631636', `updated_at` = '2022-01-05 23:12:59.080154', `name` = '程睿聪', `id_number` = '112177895270703060', `gender` = 'm', `birthday` = '2005-07-30', `address_id` = 9791, `job_id` = 2017, `salary` = 21000 WHERE `loan_customer`.`id` = 6075;
INSERT INTO `loan_customer` (`id`, `created_at`, `updated_at`, `name`, `id_number`, `gender`, `birthday`, `address_id`, `job_id`, `salary`) VALUES (6075, '2022-01-05 20:42:33.631636', '2022-01-05 23:12:59.080154', '程睿聪', '112177895270703060', 'm', '2005-07-30', 9791, 2017, 21000);
UPDATE `loan_address` SET `created_at` = '2022-01-05 21:17:01.769773', `updated_at` = '2022-01-05 21:17:01.769773', `province` = '河南省', `city` = '南阳市', `county` = '方城县', `town` = '小史店镇', `detail` = '鞍山支路16号' WHERE `loan_address`.`id` = 9792;
INSERT INTO `loan_address` (`id`, `created_at`, `updated_at`, `province`, `city`, `county`, `town`, `detail`) VALUES (9792, '2022-01-05 21:17:01.769773', '2022-01-05 21:17:01.769773', '河南省', '南阳市', '方城县', '小史店镇', '鞍山支路16号');
UPDATE `loan_estate` SET `created_at` = '2022-01-05 21:17:01.769773', `updated_at` = '2022-01-05 21:17:01.769773', `customer_id` = 6075, `address_id` = 9792 WHERE `loan_estate`.`id` = 3626;
INSERT INTO `loan_estate` (`id`, `created_at`, `updated_at`, `customer_id`, `address_id`) VALUES (3626, '2022-01-05 21:17:01.769773', '2022-01-05 21:17:01.769773', 6075, 9792);
UPDATE `loan_car` SET `created_at` = '2022-01-05 22:23:51.808063', `updated_at` = '2022-01-05 22:23:51.808063', `customer_id` = 6075, `model_id` = 237, `vin_number` = '175780425425840499', `date_produced` = '2021-12-23', `value_estimated` = 50000 WHERE `loan_car`.`id` = 4884;
INSERT INTO `loan_car` (`id`, `created_at`, `updated_at`, `customer_id`, `model_id`, `vin_number`, `date_produced`, `value_estimated`) VALUES (4884, '2022-01-05 22:23:51.808063', '2022-01-05 22:23:51.808063', 6075, 237, '175780425425840499', '2021-12-23', 50000);
UPDATE `loan_account` SET `created_at` = '2022-01-05 23:41:15.015086', `updated_at` = '2022-01-05 23:53:15.871656', `customer_id` = 6075, `number` = '648209483346625621', `balance` = 52890 WHERE `loan_account`.`id` = 5547;
INSERT INTO `loan_account` (`id`, `created_at`, `updated_at`, `customer_id`, `number`, `balance`) VALUES (5547, '2022-01-05 23:41:15.015086', '2022-01-05 23:53:15.871656', 6075, '648209483346625621', 52890);
UPDATE `loan_address` SET `created_at` = '2022-01-05 14:34:05.559519', `updated_at` = '2022-01-05 14:34:05.559519', `province` = '湖北省', `city` = '武汉市', `county` = '青山区', `town` = '钢都花园管理委员会', `detail` = '宝杨路3号' WHERE `loan_address`.`id` = 9793;
INSERT INTO `loan_address` (`id`, `created_at`, `updated_at`, `province`, `city`, `county`, `town`, `detail`) VALUES (9793, '2022-01-05 14:34:05.559519', '2022-01-05 14:34:05.559519', '湖北省', '武汉市', '青山区', '钢都花园管理委员会', '宝杨路3号');
UPDATE `loan_customer` SET `created_at` = '2022-01-05 14:34:05.559519', `updated_at` = '2022-01-05 17:47:48.671864', `name` = '孙利', `id_number` = '189474369319790699', `gender` = 'm', `birthday` = '2003-11-30', `address_id` = 9793, `job_id` = 2017, `salary` = 15000 WHERE `loan_customer`.`id` = 6076;
INSERT INTO `loan_customer` (`id`, `created_at`, `updated_at`, `name`, `id_number`, `gender`, `birthday`, `address_id`, `job_id`, `salary`) VALUES (6076, '2022-01-05 14:34:05.559519', '2022-01-05 17:47:48.671864', '孙利', '189474369319790699', 'm', '2003-11-30', 9793, 2017, 15000);
UPDATE `loan_chattel` SET `created_at` = '2022-01-05 17:37:31.494832', `updated_at` = '2022-01-05 17:37:31.494832', `customer_id` = 6076, `type` = 'receivable', `description` = '一些信息', `value_amount` = 20000, `expired_at` = '2025-12-20' WHERE `loan_chattel`.`id` = 1789;
INSERT INTO `loan_chattel` (`id`, `created_at`, `updated_at`, `customer_id`, `type`, `description`, `value_amount`, `expired_at`) VALUES (1789, '2022-01-05 17:37:31.494832', '2022-01-05 17:37:31.494832', 6076, 'receivable', '一些信息', 20000, '2025-12-20');
UPDATE `loan_address` SET `created_at` = '2022-01-05 15:31:44.182287', `updated_at` = '2022-01-05 15:31:44.182287', `province` = '辽宁省', `city` = '铁岭市', `county` = '昌图县', `town` = '通江口镇', `detail` = '保德路协通公寓42号' WHERE `loan_address`.`id` = 9794;
INSERT INTO `loan_address` (`id`, `created_at`, `updated_at`, `province`, `city`, `county`, `town`, `detail`) VALUES (9794, '2022-01-05 15:31:44.182287', '2022-01-05 15:31:44.182287', '辽宁省', '铁岭市', '昌图县', '通江口镇', '保德路协通公寓42号');
UPDATE `loan_estate` SET `created_at` = '2022-01-05 15:31:44.182287', `updated_at` = '2022-01-05 15:31:44.182287', `customer_id` = 6076, `address_id` = 9794 WHERE `loan_estate`.`id` = 3627;
INSERT INTO `loan_estate` (`id`, `created_at`, `updated_at`, `customer_id`, `address_id`) VALUES (3627, '2022-01-05 15:31:44.182287', '2022-01-05 15:31:44.182287', 6076, 9794);
UPDATE `loan_car` SET `created_at` = '2022-01-05 23:47:44.608571', `updated_at` = '2022-01-05 23:47:44.608571', `customer_id` = 6076, `model_id` = 241, `vin_number` = '472116777200830205', `date_produced` = '2010-08-11', `value_estimated` = 140000 WHERE `loan_car`.`id` = 4885;
INSERT INTO `loan_car` (`id`, `created_at`, `updated_at`, `customer_id`, `model_id`, `vin_number`, `date_produced`, `value_estimated`) VALUES (4885, '2022-01-05 23:47:44.608571', '2022-01-05 23:47:44.608571', 6076, 241, '472116777200830205', '2010-08-11', 140000);
UPDATE `loan_account` SET `created_at` = '2022-01-05 19:34:33.550690', `updated_at` = '2022-01-05 19:34:33.550690', `customer_id` = 6076, `number` = '905269076450490982', `balance` = 114838 WHERE `loan_account`.`id` = 5548;
INSERT INTO `loan_account` (`id`, `created_at`, `updated_at`, `customer_id`, `number`, `balance`) VALUES (5548, '2022-01-05 19:34:33.550690', '2022-01-05 19:34:33.550690', 6076, '905269076450490982', 114838);
UPDATE `loan_address` SET `created_at` = '2022-01-05 12:14:21.751459', `updated_at` = '2022-01-05 12:14:21.751459', `province` = '云南省', `city` = '临沧市', `county` = '耿马傣族佤族自治县', `town` = '耿马镇', `detail` = '安亭路147号' WHERE `loan_address`.`id` = 9795;
INSERT INTO `loan_address` (`id`, `created_at`, `updated_at`, `province`, `city`, `county`, `town`, `detail`) VALUES (9795, '2022-01-05 12:14:21.751459', '2022-01-05 12:14:21.751459', '云南省', '临沧市', '耿马傣族佤族自治县', '耿马镇', '安亭路147号');
UPDATE `loan_customer` SET `created_at` = '2022-01-05 12:14:21.751459', `updated_at` = '2022-01-05 12:14:21.751459', `name` = '李博学', `id_number` = '182550750411305203', `gender` = 'f', `birthday` = '1999-09-21', `address_id` = 9795, `job_id` = 2017, `salary` = 27000 WHERE `loan_customer`.`id` = 6077;
INSERT INTO `loan_customer` (`id`, `created_at`, `updated_at`, `name`, `id_number`, `gender`, `birthday`, `address_id`, `job_id`, `salary`) VALUES (6077, '2022-01-05 12:14:21.751459', '2022-01-05 12:14:21.751459', '李博学', '182550750411305203', 'f', '1999-09-21', 9795, 2017, 27000);
UPDATE `loan_address` SET `created_at` = '2022-01-05 13:47:35.018214', `updated_at` = '2022-01-05 13:47:35.018214', `province` = '湖北省', `city` = '随州市', `county` = '随县', `town` = '安居镇', `detail` = '半淞园路菊园五街坊115号' WHERE `loan_address`.`id` = 9796;
INSERT INTO `loan_address` (`id`, `created_at`, `updated_at`, `province`, `city`, `county`, `town`, `detail`) VALUES (9796, '2022-01-05 13:47:35.018214', '2022-01-05 13:47:35.018214', '湖北省', '随州市', '随县', '安居镇', '半淞园路菊园五街坊115号');
UPDATE `loan_estate` SET `created_at` = '2022-01-05 13:47:35.018214', `updated_at` = '2022-01-05 13:47:35.018214', `customer_id` = 6077, `address_id` = 9796 WHERE `loan_estate`.`id` = 3628;
INSERT INTO `loan_estate` (`id`, `created_at`, `updated_at`, `customer_id`, `address_id`) VALUES (3628, '2022-01-05 13:47:35.018214', '2022-01-05 13:47:35.018214', 6077, 9796);
UPDATE `loan_car` SET `created_at` = '2022-01-05 13:50:55.081733', `updated_at` = '2022-01-05 17:45:14.819223', `customer_id` = 6077, `model_id` = 206, `vin_number` = '944856352416560665', `date_produced` = '2012-03-04', `value_estimated` = 630000 WHERE `loan_car`.`id` = 4886;
INSERT INTO `loan_car` (`id`, `created_at`, `updated_at`, `customer_id`, `model_id`, `vin_number`, `date_produced`, `value_estimated`) VALUES (4886, '2022-01-05 13:50:55.081733', '2022-01-05 17:45:14.819223', 6077, 206, '944856352416560665', '2012-03-04', 630000);
UPDATE `loan_account` SET `created_at` = '2022-01-05 23:08:07.925165', `updated_at` = '2022-01-05 23:08:07.925165', `customer_id` = 6077, `number` = '894040408108040501', `balance` = 81029 WHERE `loan_account`.`id` = 5549;
INSERT INTO `loan_account` (`id`, `created_at`, `updated_at`, `customer_id`, `number`, `balance`) VALUES (5549, '2022-01-05 23:08:07.925165', '2022-01-05 23:08:07.925165', 6077, '894040408108040501', 81029);
UPDATE `loan_address` SET `created_at` = '2022-01-05 04:48:26.089666', `updated_at` = '2022-01-05 04:48:26.089666', `province` = '甘肃省', `city` = '兰州市', `county` = '西固区', `town` = '四季青街道', `detail` = '安汾路阳光翠竹苑99号' WHERE `loan_address`.`id` = 9797;
INSERT INTO `loan_address` (`id`, `created_at`, `updated_at`, `province`, `city`, `county`, `town`, `detail`) VALUES (9797, '2022-01-05 04:48:26.089666', '2022-01-05 04:48:26.089666', '甘肃省', '兰州市', '西固区', '四季青街道', '安汾路阳光翠竹苑99号');
UPDATE `loan_customer` SET `created_at` = '2022-01-05 04:48:26.089666', `updated_at` = '2022-01-05 04:48:26.089666', `name` = '彭明钰', `id_number` = '861543364429144071', `gender` = 'f', `birthday` = '1981-03-14', `address_id` = 9797, `job_id` = 2018, `salary` = 18000 WHERE `loan_customer`.`id` = 6078;
INSERT INTO `loan_customer` (`id`, `created_at`, `updated_at`, `name`, `id_number`, `gender`, `birthday`, `address_id`, `job_id`, `salary`) VALUES (6078, '2022-01-05 04:48:26.089666', '2022-01-05 04:48:26.089666', '彭明钰', '861543364429144071', 'f', '1981-03-14', 9797, 2018, 18000);
UPDATE `loan_car` SET `created_at` = '2022-01-05 15:28:53.104608', `updated_at` = '2022-01-05 20:11:13.852953', `customer_id` = 6078, `model_id` = 158, `vin_number` = '947591173476600953', `date_produced` = '2020-10-27', `value_estimated` = 220000 WHERE `loan_car`.`id` = 4887;
INSERT INTO `loan_car` (`id`, `created_at`, `updated_at`, `customer_id`, `model_id`, `vin_number`, `date_produced`, `value_estimated`) VALUES (4887, '2022-01-05 15:28:53.104608', '2022-01-05 20:11:13.852953', 6078, 158, '947591173476600953', '2020-10-27', 220000);
UPDATE `loan_car` SET `created_at` = '2022-01-05 17:22:39.381022', `updated_at` = '2022-01-05 17:31:29.905496', `customer_id` = 6078, `model_id` = 197, `vin_number` = '177241223585832640', `date_produced` = '2020-10-08', `value_estimated` = 250000 WHERE `loan_car`.`id` = 4888;
INSERT INTO `loan_car` (`id`, `created_at`, `updated_at`, `customer_id`, `model_id`, `vin_number`, `date_produced`, `value_estimated`) VALUES (4888, '2022-01-05 17:22:39.381022', '2022-01-05 17:31:29.905496', 6078, 197, '177241223585832640', '2020-10-08', 250000);
UPDATE `loan_account` SET `created_at` = '2022-01-05 20:41:53.983322', `updated_at` = '2022-01-05 20:41:53.983322', `customer_id` = 6078, `number` = '507115058181916458', `balance` = 48149 WHERE `loan_account`.`id` = 5550;
INSERT INTO `loan_account` (`id`, `created_at`, `updated_at`, `customer_id`, `number`, `balance`) VALUES (5550, '2022-01-05 20:41:53.983322', '2022-01-05 20:41:53.983322', 6078, '507115058181916458', 48149);
UPDATE `loan_address` SET `created_at` = '2022-01-05 12:38:14.788424', `updated_at` = '2022-01-05 12:38:14.788424', `province` = '安徽省', `city` = '宣城市', `county` = '宣州区', `town` = '狸桥镇', `detail` = '包头南路95号' WHERE `loan_address`.`id` = 9798;
INSERT INTO `loan_address` (`id`, `created_at`, `updated_at`, `province`, `city`, `county`, `town`, `detail`) VALUES (9798, '2022-01-05 12:38:14.788424', '2022-01-05 12:38:14.788424', '安徽省', '宣城市', '宣州区', '狸桥镇', '包头南路95号');
UPDATE `loan_customer` SET `created_at` = '2022-01-05 12:38:14.788424', `updated_at` = '2022-01-05 13:04:11.628950', `name` = '邓盼芙', `id_number` = '623737529017661009', `gender` = 'f', `birthday` = '1993-06-02', `address_id` = 9798, `job_id` = 2018, `salary` = 37000 WHERE `loan_customer`.`id` = 6079;
INSERT INTO `loan_customer` (`id`, `created_at`, `updated_at`, `name`, `id_number`, `gender`, `birthday`, `address_id`, `job_id`, `salary`) VALUES (6079, '2022-01-05 12:38:14.788424', '2022-01-05 13:04:11.628950', '邓盼芙', '623737529017661009', 'f', '1993-06-02', 9798, 2018, 37000);
UPDATE `loan_car` SET `created_at` = '2022-01-05 22:03:07.800070', `updated_at` = '2022-01-05 22:29:06.087159', `customer_id` = 6079, `model_id` = 209, `vin_number` = '671321872691075688', `date_produced` = '2015-10-18', `value_estimated` = 920000 WHERE `loan_car`.`id` = 4889;
INSERT INTO `loan_car` (`id`, `created_at`, `updated_at`, `customer_id`, `model_id`, `vin_number`, `date_produced`, `value_estimated`) VALUES (4889, '2022-01-05 22:03:07.800070', '2022-01-05 22:29:06.087159', 6079, 209, '671321872691075688', '2015-10-18', 920000);
UPDATE `loan_account` SET `created_at` = '2022-01-05 16:55:39.763655', `updated_at` = '2022-01-05 18:56:22.087389', `customer_id` = 6079, `number` = '921023403134474376', `balance` = 111523 WHERE `loan_account`.`id` = 5551;
INSERT INTO `loan_account` (`id`, `created_at`, `updated_at`, `customer_id`, `number`, `balance`) VALUES (5551, '2022-01-05 16:55:39.763655', '2022-01-05 18:56:22.087389', 6079, '921023403134474376', 111523);
UPDATE `loan_address` SET `created_at` = '2022-01-05 07:17:03.687084', `updated_at` = '2022-01-05 07:17:03.687084', `province` = '辽宁省', `city` = '鞍山市', `county` = '千山区', `town` = '大屯镇', `detail` = '安德路菊园五街坊171号' WHERE `loan_address`.`id` = 9799;
INSERT INTO `loan_address` (`id`, `created_at`, `updated_at`, `province`, `city`, `county`, `town`, `detail`) VALUES (9799, '2022-01-05 07:17:03.687084', '2022-01-05 07:17:03.687084', '辽宁省', '鞍山市', '千山区', '大屯镇', '安德路菊园五街坊171号');
UPDATE `loan_customer` SET `created_at` = '2022-01-05 07:17:03.687084', `updated_at` = '2022-01-05 15:08:15.018099', `name` = '贾正谊', `id_number` = '497054000914836672', `gender` = 'm', `birthday` = '1987-06-05', `address_id` = 9799, `job_id` = 2018, `salary` = 73000 WHERE `loan_customer`.`id` = 6080;
INSERT INTO `loan_customer` (`id`, `created_at`, `updated_at`, `name`, `id_number`, `gender`, `birthday`, `address_id`, `job_id`, `salary`) VALUES (6080, '2022-01-05 07:17:03.687084', '2022-01-05 15:08:15.018099', '贾正谊', '497054000914836672', 'm', '1987-06-05', 9799, 2018, 73000);
UPDATE `loan_account` SET `created_at` = '2022-01-05 09:09:41.984034', `updated_at` = '2022-01-05 09:09:41.984034', `customer_id` = 6080, `number` = '586136369632359194', `balance` = 81278 WHERE `loan_account`.`id` = 5552;
INSERT INTO `loan_account` (`id`, `created_at`, `updated_at`, `customer_id`, `number`, `balance`) VALUES (5552, '2022-01-05 09:09:41.984034', '2022-01-05 09:09:41.984034', 6080, '586136369632359194', 81278);
UPDATE `loan_address` SET `created_at` = '2022-01-05 05:08:00.427488', `updated_at` = '2022-01-05 05:08:00.427488', `province` = '甘肃省', `city` = '兰州市', `county` = '西固区', `town` = '四季青街道', `detail` = '鞍山支路169号' WHERE `loan_address`.`id` = 9800;
INSERT INTO `loan_address` (`id`, `created_at`, `updated_at`, `province`, `city`, `county`, `town`, `detail`) VALUES (9800, '2022-01-05 05:08:00.427488', '2022-01-05 05:08:00.427488', '甘肃省', '兰州市', '西固区', '四季青街道', '鞍山支路169号');
UPDATE `loan_customer` SET `created_at` = '2022-01-05 05:08:00.427488', `updated_at` = '2022-01-05 20:30:43.938513', `name` = '贾经赋', `id_number` = '900353656494116458', `gender` = 'f', `birthday` = '2004-11-22', `address_id` = 9800, `job_id` = 2018, `salary` = 22000 WHERE `loan_customer`.`id` = 6081;
INSERT INTO `loan_customer` (`id`, `created_at`, `updated_at`, `name`, `id_number`, `gender`, `birthday`, `address_id`, `job_id`, `salary`) VALUES (6081, '2022-01-05 05:08:00.427488', '2022-01-05 20:30:43.938513', '贾经赋', '900353656494116458', 'f', '2004-11-22', 9800, 2018, 22000);
UPDATE `loan_address` SET `created_at` = '2022-01-05 08:51:52.152872', `updated_at` = '2022-01-05 08:51:52.152872', `province` = '宁夏回族自治区', `city` = '中卫市', `county` = '沙坡头区', `town` = '柔远镇', `detail` = '白城南路爱里舍花园104号' WHERE `loan_address`.`id` = 9801;
INSERT INTO `loan_address` (`id`, `created_at`, `updated_at`, `province`, `city`, `county`, `town`, `detail`) VALUES (9801, '2022-01-05 08:51:52.152872', '2022-01-05 08:51:52.152872', '宁夏回族自治区', '中卫市', '沙坡头区', '柔远镇', '白城南路爱里舍花园104号');
UPDATE `loan_estate` SET `created_at` = '2022-01-05 08:51:52.152872', `updated_at` = '2022-01-05 08:51:52.152872', `customer_id` = 6081, `address_id` = 9801 WHERE `loan_estate`.`id` = 3629;
INSERT INTO `loan_estate` (`id`, `created_at`, `updated_at`, `customer_id`, `address_id`) VALUES (3629, '2022-01-05 08:51:52.152872', '2022-01-05 08:51:52.152872', 6081, 9801);
UPDATE `loan_car` SET `created_at` = '2022-01-05 13:27:54.967660', `updated_at` = '2022-01-05 13:51:05.279209', `customer_id` = 6081, `model_id` = 25, `vin_number` = '049495883496025263', `date_produced` = '2016-09-22', `value_estimated` = 520000 WHERE `loan_car`.`id` = 4890;
INSERT INTO `loan_car` (`id`, `created_at`, `updated_at`, `customer_id`, `model_id`, `vin_number`, `date_produced`, `value_estimated`) VALUES (4890, '2022-01-05 13:27:54.967660', '2022-01-05 13:51:05.279209', 6081, 25, '049495883496025263', '2016-09-22', 520000);
UPDATE `loan_car` SET `created_at` = '2022-01-05 14:08:32.819041', `updated_at` = '2022-01-05 14:08:32.819041', `customer_id` = 6081, `model_id` = 188, `vin_number` = '547506728929911932', `date_produced` = '2012-03-09', `value_estimated` = 50000 WHERE `loan_car`.`id` = 4891;
INSERT INTO `loan_car` (`id`, `created_at`, `updated_at`, `customer_id`, `model_id`, `vin_number`, `date_produced`, `value_estimated`) VALUES (4891, '2022-01-05 14:08:32.819041', '2022-01-05 14:08:32.819041', 6081, 188, '547506728929911932', '2012-03-09', 50000);
UPDATE `loan_account` SET `created_at` = '2022-01-05 07:21:56.660599', `updated_at` = '2022-01-05 10:23:03.215364', `customer_id` = 6081, `number` = '006779917248758163', `balance` = 0 WHERE `loan_account`.`id` = 5553;
INSERT INTO `loan_account` (`id`, `created_at`, `updated_at`, `customer_id`, `number`, `balance`) VALUES (5553, '2022-01-05 07:21:56.660599', '2022-01-05 10:23:03.215364', 6081, '006779917248758163', 0);
UPDATE `loan_address` SET `created_at` = '2022-01-05 16:15:13.520996', `updated_at` = '2022-01-05 16:15:13.520996', `province` = '福建省', `city` = '三明市', `county` = '将乐县', `town` = '南口乡', `detail` = '白水路金色家园149号' WHERE `loan_address`.`id` = 9802;
INSERT INTO `loan_address` (`id`, `created_at`, `updated_at`, `province`, `city`, `county`, `town`, `detail`) VALUES (9802, '2022-01-05 16:15:13.520996', '2022-01-05 16:15:13.520996', '福建省', '三明市', '将乐县', '南口乡', '白水路金色家园149号');
UPDATE `loan_customer` SET `created_at` = '2022-01-05 16:15:13.520996', `updated_at` = '2022-01-05 16:15:13.520996', `name` = '邹泰', `id_number` = '248104907464498646', `gender` = 'm', `birthday` = '1994-02-05', `address_id` = 9802, `job_id` = 2018, `salary` = 34000 WHERE `loan_customer`.`id` = 6082;
INSERT INTO `loan_customer` (`id`, `created_at`, `updated_at`, `name`, `id_number`, `gender`, `birthday`, `address_id`, `job_id`, `salary`) VALUES (6082, '2022-01-05 16:15:13.520996', '2022-01-05 16:15:13.520996', '邹泰', '248104907464498646', 'm', '1994-02-05', 9802, 2018, 34000);
UPDATE `loan_address` SET `created_at` = '2022-01-05 21:52:03.613825', `updated_at` = '2022-01-05 21:52:03.613825', `province` = '西藏自治区', `city` = '日喀则市', `county` = '谢通门县', `town` = '通门乡', `detail` = '包头路65号' WHERE `loan_address`.`id` = 9803;
INSERT INTO `loan_address` (`id`, `created_at`, `updated_at`, `province`, `city`, `county`, `town`, `detail`) VALUES (9803, '2022-01-05 21:52:03.613825', '2022-01-05 21:52:03.613825', '西藏自治区', '日喀则市', '谢通门县', '通门乡', '包头路65号');
UPDATE `loan_estate` SET `created_at` = '2022-01-05 21:52:03.613825', `updated_at` = '2022-01-05 21:52:03.613825', `customer_id` = 6082, `address_id` = 9803 WHERE `loan_estate`.`id` = 3630;
INSERT INTO `loan_estate` (`id`, `created_at`, `updated_at`, `customer_id`, `address_id`) VALUES (3630, '2022-01-05 21:52:03.613825', '2022-01-05 21:52:03.613825', 6082, 9803);
UPDATE `loan_car` SET `created_at` = '2022-01-05 23:32:31.387846', `updated_at` = '2022-01-05 23:32:31.387846', `customer_id` = 6082, `model_id` = 16, `vin_number` = '816429943388334468', `date_produced` = '2014-07-13', `value_estimated` = 230000 WHERE `loan_car`.`id` = 4892;
INSERT INTO `loan_car` (`id`, `created_at`, `updated_at`, `customer_id`, `model_id`, `vin_number`, `date_produced`, `value_estimated`) VALUES (4892, '2022-01-05 23:32:31.387846', '2022-01-05 23:32:31.387846', 6082, 16, '816429943388334468', '2014-07-13', 230000);
UPDATE `loan_account` SET `created_at` = '2022-01-05 22:01:33.326542', `updated_at` = '2022-01-05 22:01:33.326542', `customer_id` = 6082, `number` = '632674035395165492', `balance` = 12979 WHERE `loan_account`.`id` = 5554;
INSERT INTO `loan_account` (`id`, `created_at`, `updated_at`, `customer_id`, `number`, `balance`) VALUES (5554, '2022-01-05 22:01:33.326542', '2022-01-05 22:01:33.326542', 6082, '632674035395165492', 12979);
UPDATE `loan_address` SET `created_at` = '2022-01-05 02:07:28.140767', `updated_at` = '2022-01-05 02:07:28.140767', `province` = '云南省', `city` = '曲靖市', `county` = '会泽县', `town` = '大海乡', `detail` = '半淞园路耀江花园104号' WHERE `loan_address`.`id` = 9804;
INSERT INTO `loan_address` (`id`, `created_at`, `updated_at`, `province`, `city`, `county`, `town`, `detail`) VALUES (9804, '2022-01-05 02:07:28.140767', '2022-01-05 02:07:28.140767', '云南省', '曲靖市', '会泽县', '大海乡', '半淞园路耀江花园104号');
UPDATE `loan_customer` SET `created_at` = '2022-01-05 02:07:28.140767', `updated_at` = '2022-01-05 17:47:48.821835', `name` = '曹银', `id_number` = '976727932408521332', `gender` = 'm', `birthday` = '2009-03-22', `address_id` = 9804, `job_id` = 2019, `salary` = 114000 WHERE `loan_customer`.`id` = 6083;
INSERT INTO `loan_customer` (`id`, `created_at`, `updated_at`, `name`, `id_number`, `gender`, `birthday`, `address_id`, `job_id`, `salary`) VALUES (6083, '2022-01-05 02:07:28.140767', '2022-01-05 17:47:48.821835', '曹银', '976727932408521332', 'm', '2009-03-22', 9804, 2019, 114000);
UPDATE `loan_chattel` SET `created_at` = '2022-01-05 23:09:28.738850', `updated_at` = '2022-01-05 23:09:28.738850', `customer_id` = 6083, `type` = 'promissory_note', `description` = '一些信息', `value_amount` = 510000, `expired_at` = '2020-01-12' WHERE `loan_chattel`.`id` = 1790;
INSERT INTO `loan_chattel` (`id`, `created_at`, `updated_at`, `customer_id`, `type`, `description`, `value_amount`, `expired_at`) VALUES (1790, '2022-01-05 23:09:28.738850', '2022-01-05 23:09:28.738850', 6083, 'promissory_note', '一些信息', 510000, '2020-01-12');
UPDATE `loan_address` SET `created_at` = '2022-01-05 10:53:26.494542', `updated_at` = '2022-01-05 10:53:26.494542', `province` = '广西壮族自治区', `city` = '崇左市', `county` = '江州区', `town` = '左江华侨农场', `detail` = '爱国路30号' WHERE `loan_address`.`id` = 9805;
INSERT INTO `loan_address` (`id`, `created_at`, `updated_at`, `province`, `city`, `county`, `town`, `detail`) VALUES (9805, '2022-01-05 10:53:26.494542', '2022-01-05 10:53:26.494542', '广西壮族自治区', '崇左市', '江州区', '左江华侨农场', '爱国路30号');
UPDATE `loan_estate` SET `created_at` = '2022-01-05 10:53:26.494542', `updated_at` = '2022-01-05 10:53:26.494542', `customer_id` = 6083, `address_id` = 9805 WHERE `loan_estate`.`id` = 3631;
INSERT INTO `loan_estate` (`id`, `created_at`, `updated_at`, `customer_id`, `address_id`) VALUES (3631, '2022-01-05 10:53:26.494542', '2022-01-05 10:53:26.494542', 6083, 9805);
UPDATE `loan_car` SET `created_at` = '2022-01-05 20:54:05.370218', `updated_at` = '2022-01-05 23:13:09.075718', `customer_id` = 6083, `model_id` = 175, `vin_number` = '510739753545318997', `date_produced` = '2012-03-19', `value_estimated` = 70000 WHERE `loan_car`.`id` = 4893;
INSERT INTO `loan_car` (`id`, `created_at`, `updated_at`, `customer_id`, `model_id`, `vin_number`, `date_produced`, `value_estimated`) VALUES (4893, '2022-01-05 20:54:05.370218', '2022-01-05 23:13:09.075718', 6083, 175, '510739753545318997', '2012-03-19', 70000);
UPDATE `loan_car` SET `created_at` = '2022-01-05 15:23:13.731553', `updated_at` = '2022-01-05 20:59:53.834932', `customer_id` = 6083, `model_id` = 102, `vin_number` = '037020391021965231', `date_produced` = '2015-10-27', `value_estimated` = 130000 WHERE `loan_car`.`id` = 4894;
INSERT INTO `loan_car` (`id`, `created_at`, `updated_at`, `customer_id`, `model_id`, `vin_number`, `date_produced`, `value_estimated`) VALUES (4894, '2022-01-05 15:23:13.731553', '2022-01-05 20:59:53.834932', 6083, 102, '037020391021965231', '2015-10-27', 130000);
UPDATE `loan_address` SET `created_at` = '2022-01-05 20:21:30.414226', `updated_at` = '2022-01-05 20:21:30.414226', `province` = '吉林省', `city` = '通化市', `county` = '梅河口市', `town` = '中和镇', `detail` = '澳门路阳光翠竹苑5号' WHERE `loan_address`.`id` = 9806;
INSERT INTO `loan_address` (`id`, `created_at`, `updated_at`, `province`, `city`, `county`, `town`, `detail`) VALUES (9806, '2022-01-05 20:21:30.414226', '2022-01-05 20:21:30.414226', '吉林省', '通化市', '梅河口市', '中和镇', '澳门路阳光翠竹苑5号');
UPDATE `loan_customer` SET `created_at` = '2022-01-05 20:21:30.414226', `updated_at` = '2022-01-05 23:14:21.921936', `name` = '顾志国', `id_number` = '844859444966210194', `gender` = 'm', `birthday` = '2006-10-05', `address_id` = 9806, `job_id` = 2020, `salary` = 30000 WHERE `loan_customer`.`id` = 6084;
INSERT INTO `loan_customer` (`id`, `created_at`, `updated_at`, `name`, `id_number`, `gender`, `birthday`, `address_id`, `job_id`, `salary`) VALUES (6084, '2022-01-05 20:21:30.414226', '2022-01-05 23:14:21.921936', '顾志国', '844859444966210194', 'm', '2006-10-05', 9806, 2020, 30000);
UPDATE `loan_address` SET `created_at` = '2022-01-05 23:25:18.209695', `updated_at` = '2022-01-05 23:25:18.209695', `province` = '福建省', `city` = '三明市', `county` = '将乐县', `town` = '南口乡', `detail` = '宝源路116号' WHERE `loan_address`.`id` = 9807;
INSERT INTO `loan_address` (`id`, `created_at`, `updated_at`, `province`, `city`, `county`, `town`, `detail`) VALUES (9807, '2022-01-05 23:25:18.209695', '2022-01-05 23:25:18.209695', '福建省', '三明市', '将乐县', '南口乡', '宝源路116号');
UPDATE `loan_estate` SET `created_at` = '2022-01-05 23:25:18.209695', `updated_at` = '2022-01-05 23:25:18.209695', `customer_id` = 6084, `address_id` = 9807 WHERE `loan_estate`.`id` = 3632;
INSERT INTO `loan_estate` (`id`, `created_at`, `updated_at`, `customer_id`, `address_id`) VALUES (3632, '2022-01-05 23:25:18.209695', '2022-01-05 23:25:18.209695', 6084, 9807);
UPDATE `loan_car` SET `created_at` = '2022-01-05 21:06:47.315206', `updated_at` = '2022-01-05 22:19:03.183899', `customer_id` = 6084, `model_id` = 152, `vin_number` = '168766530249272034', `date_produced` = '2016-11-02', `value_estimated` = 20000 WHERE `loan_car`.`id` = 4895;
INSERT INTO `loan_car` (`id`, `created_at`, `updated_at`, `customer_id`, `model_id`, `vin_number`, `date_produced`, `value_estimated`) VALUES (4895, '2022-01-05 21:06:47.315206', '2022-01-05 22:19:03.183899', 6084, 152, '168766530249272034', '2016-11-02', 20000);
UPDATE `loan_account` SET `created_at` = '2022-01-05 22:15:52.306647', `updated_at` = '2022-01-05 22:15:52.306647', `customer_id` = 6084, `number` = '097386021088706107', `balance` = 95553 WHERE `loan_account`.`id` = 5555;
INSERT INTO `loan_account` (`id`, `created_at`, `updated_at`, `customer_id`, `number`, `balance`) VALUES (5555, '2022-01-05 22:15:52.306647', '2022-01-05 22:15:52.306647', 6084, '097386021088706107', 95553);
UPDATE `loan_address` SET `created_at` = '2022-01-05 17:07:07.743245', `updated_at` = '2022-01-05 17:07:07.743245', `province` = '云南省', `city` = '临沧市', `county` = '耿马傣族佤族自治县', `town` = '耿马镇', `detail` = '八一路住友嘉馨名园143号' WHERE `loan_address`.`id` = 9808;
INSERT INTO `loan_address` (`id`, `created_at`, `updated_at`, `province`, `city`, `county`, `town`, `detail`) VALUES (9808, '2022-01-05 17:07:07.743245', '2022-01-05 17:07:07.743245', '云南省', '临沧市', '耿马傣族佤族自治县', '耿马镇', '八一路住友嘉馨名园143号');
UPDATE `loan_customer` SET `created_at` = '2022-01-05 17:07:07.743245', `updated_at` = '2022-01-05 17:07:07.743245', `name` = '钟越', `id_number` = '691500047457189048', `gender` = 'm', `birthday` = '1989-11-02', `address_id` = 9808, `job_id` = 2020, `salary` = 2000 WHERE `loan_customer`.`id` = 6085;
INSERT INTO `loan_customer` (`id`, `created_at`, `updated_at`, `name`, `id_number`, `gender`, `birthday`, `address_id`, `job_id`, `salary`) VALUES (6085, '2022-01-05 17:07:07.743245', '2022-01-05 17:07:07.743245', '钟越', '691500047457189048', 'm', '1989-11-02', 9808, 2020, 2000);
UPDATE `loan_account` SET `created_at` = '2022-01-05 18:05:25.158717', `updated_at` = '2022-01-05 18:05:25.158717', `customer_id` = 6085, `number` = '977385999557271855', `balance` = 111712 WHERE `loan_account`.`id` = 5556;
INSERT INTO `loan_account` (`id`, `created_at`, `updated_at`, `customer_id`, `number`, `balance`) VALUES (5556, '2022-01-05 18:05:25.158717', '2022-01-05 18:05:25.158717', 6085, '977385999557271855', 111712);
UPDATE `loan_address` SET `created_at` = '2022-01-05 16:33:29.478298', `updated_at` = '2022-01-05 16:33:29.478298', `province` = '广东省', `city` = '潮州市', `county` = '潮安区', `town` = '凤凰镇', `detail` = '八一路东新大厦197号' WHERE `loan_address`.`id` = 9809;
INSERT INTO `loan_address` (`id`, `created_at`, `updated_at`, `province`, `city`, `county`, `town`, `detail`) VALUES (9809, '2022-01-05 16:33:29.478298', '2022-01-05 16:33:29.478298', '广东省', '潮州市', '潮安区', '凤凰镇', '八一路东新大厦197号');
UPDATE `loan_customer` SET `created_at` = '2022-01-05 16:33:29.478298', `updated_at` = '2022-01-05 21:16:28.011047', `name` = '邓盼芙', `id_number` = '676914628986153441', `gender` = 'm', `birthday` = '1985-01-03', `address_id` = 9809, `job_id` = 2020, `salary` = 42000 WHERE `loan_customer`.`id` = 6086;
INSERT INTO `loan_customer` (`id`, `created_at`, `updated_at`, `name`, `id_number`, `gender`, `birthday`, `address_id`, `job_id`, `salary`) VALUES (6086, '2022-01-05 16:33:29.478298', '2022-01-05 21:16:28.011047', '邓盼芙', '676914628986153441', 'm', '1985-01-03', 9809, 2020, 42000);
UPDATE `loan_address` SET `created_at` = '2022-01-05 20:44:44.607752', `updated_at` = '2022-01-05 20:44:44.607752', `province` = '河南省', `city` = '平顶山市', `county` = '鲁山县', `town` = '熊背乡', `detail` = '板泉路和亭佳苑65号' WHERE `loan_address`.`id` = 9810;
INSERT INTO `loan_address` (`id`, `created_at`, `updated_at`, `province`, `city`, `county`, `town`, `detail`) VALUES (9810, '2022-01-05 20:44:44.607752', '2022-01-05 20:44:44.607752', '河南省', '平顶山市', '鲁山县', '熊背乡', '板泉路和亭佳苑65号');
UPDATE `loan_estate` SET `created_at` = '2022-01-05 20:44:44.607752', `updated_at` = '2022-01-05 20:44:44.607752', `customer_id` = 6086, `address_id` = 9810 WHERE `loan_estate`.`id` = 3633;
INSERT INTO `loan_estate` (`id`, `created_at`, `updated_at`, `customer_id`, `address_id`) VALUES (3633, '2022-01-05 20:44:44.607752', '2022-01-05 20:44:44.607752', 6086, 9810);
UPDATE `loan_car` SET `created_at` = '2022-01-05 23:34:04.591960', `updated_at` = '2022-01-05 23:59:27.784295', `customer_id` = 6086, `model_id` = 192, `vin_number` = '841089766774654278', `date_produced` = '2010-10-06', `value_estimated` = 350000 WHERE `loan_car`.`id` = 4896;
INSERT INTO `loan_car` (`id`, `created_at`, `updated_at`, `customer_id`, `model_id`, `vin_number`, `date_produced`, `value_estimated`) VALUES (4896, '2022-01-05 23:34:04.591960', '2022-01-05 23:59:27.784295', 6086, 192, '841089766774654278', '2010-10-06', 350000);
UPDATE `loan_account` SET `created_at` = '2022-01-05 23:57:57.701282', `updated_at` = '2022-01-05 23:59:14.342262', `customer_id` = 6086, `number` = '369181008918928295', `balance` = 0 WHERE `loan_account`.`id` = 5557;
INSERT INTO `loan_account` (`id`, `created_at`, `updated_at`, `customer_id`, `number`, `balance`) VALUES (5557, '2022-01-05 23:57:57.701282', '2022-01-05 23:59:14.342262', 6086, '369181008918928295', 0);
UPDATE `loan_address` SET `created_at` = '2022-01-05 12:31:07.774200', `updated_at` = '2022-01-05 12:31:07.774200', `province` = '陕西省', `city` = '西安市', `county` = '雁塔区', `town` = '鱼化寨街道办事处', `detail` = '包头路98号' WHERE `loan_address`.`id` = 9811;
INSERT INTO `loan_address` (`id`, `created_at`, `updated_at`, `province`, `city`, `county`, `town`, `detail`) VALUES (9811, '2022-01-05 12:31:07.774200', '2022-01-05 12:31:07.774200', '陕西省', '西安市', '雁塔区', '鱼化寨街道办事处', '包头路98号');
UPDATE `loan_customer` SET `created_at` = '2022-01-05 12:31:07.774200', `updated_at` = '2022-01-05 22:22:55.559960', `name` = '苏曼婉', `id_number` = '143577608908931525', `gender` = 'm', `birthday` = '2001-06-03', `address_id` = 9811, `job_id` = 2021, `salary` = 8000 WHERE `loan_customer`.`id` = 6087;
INSERT INTO `loan_customer` (`id`, `created_at`, `updated_at`, `name`, `id_number`, `gender`, `birthday`, `address_id`, `job_id`, `salary`) VALUES (6087, '2022-01-05 12:31:07.774200', '2022-01-05 22:22:55.559960', '苏曼婉', '143577608908931525', 'm', '2001-06-03', 9811, 2021, 8000);
UPDATE `loan_address` SET `created_at` = '2022-01-05 19:26:31.090165', `updated_at` = '2022-01-05 19:26:31.090165', `province` = '浙江省', `city` = '杭州市', `county` = '余杭区', `town` = '南苑街道', `detail` = '安义路和亭佳苑126号' WHERE `loan_address`.`id` = 9812;
INSERT INTO `loan_address` (`id`, `created_at`, `updated_at`, `province`, `city`, `county`, `town`, `detail`) VALUES (9812, '2022-01-05 19:26:31.090165', '2022-01-05 19:26:31.090165', '浙江省', '杭州市', '余杭区', '南苑街道', '安义路和亭佳苑126号');
UPDATE `loan_customer` SET `created_at` = '2022-01-05 19:26:31.090165', `updated_at` = '2022-01-05 20:32:47.216150', `name` = '方旭', `id_number` = '619640780113505451', `gender` = 'f', `birthday` = '2008-03-16', `address_id` = 9812, `job_id` = 2021, `salary` = 65000 WHERE `loan_customer`.`id` = 6088;
INSERT INTO `loan_customer` (`id`, `created_at`, `updated_at`, `name`, `id_number`, `gender`, `birthday`, `address_id`, `job_id`, `salary`) VALUES (6088, '2022-01-05 19:26:31.090165', '2022-01-05 20:32:47.216150', '方旭', '619640780113505451', 'f', '2008-03-16', 9812, 2021, 65000);
UPDATE `loan_car` SET `created_at` = '2022-01-05 19:47:26.025277', `updated_at` = '2022-01-05 22:33:03.806767', `customer_id` = 6088, `model_id` = 111, `vin_number` = '171862368032248788', `date_produced` = '2015-02-19', `value_estimated` = 300000 WHERE `loan_car`.`id` = 4897;
INSERT INTO `loan_car` (`id`, `created_at`, `updated_at`, `customer_id`, `model_id`, `vin_number`, `date_produced`, `value_estimated`) VALUES (4897, '2022-01-05 19:47:26.025277', '2022-01-05 22:33:03.806767', 6088, 111, '171862368032248788', '2015-02-19', 300000);
UPDATE `loan_account` SET `created_at` = '2022-01-05 23:28:20.156380', `updated_at` = '2022-01-05 23:58:30.333527', `customer_id` = 6088, `number` = '053852074882788352', `balance` = 1651 WHERE `loan_account`.`id` = 5558;
INSERT INTO `loan_account` (`id`, `created_at`, `updated_at`, `customer_id`, `number`, `balance`) VALUES (5558, '2022-01-05 23:28:20.156380', '2022-01-05 23:58:30.333527', 6088, '053852074882788352', 1651);
UPDATE `loan_address` SET `created_at` = '2022-01-05 17:06:03.565255', `updated_at` = '2022-01-05 17:06:03.565255', `province` = '四川省', `city` = '泸州市', `county` = '江阳区', `town` = '方山镇', `detail` = '安德路协通公寓197号' WHERE `loan_address`.`id` = 9813;
INSERT INTO `loan_address` (`id`, `created_at`, `updated_at`, `province`, `city`, `county`, `town`, `detail`) VALUES (9813, '2022-01-05 17:06:03.565255', '2022-01-05 17:06:03.565255', '四川省', '泸州市', '江阳区', '方山镇', '安德路协通公寓197号');
UPDATE `loan_customer` SET `created_at` = '2022-01-05 17:06:03.565255', `updated_at` = '2022-01-05 21:47:16.501637', `name` = '阎钗', `id_number` = '512556621834048841', `gender` = 'm', `birthday` = '2000-12-29', `address_id` = 9813, `job_id` = 2021, `salary` = 45000 WHERE `loan_customer`.`id` = 6089;
INSERT INTO `loan_customer` (`id`, `created_at`, `updated_at`, `name`, `id_number`, `gender`, `birthday`, `address_id`, `job_id`, `salary`) VALUES (6089, '2022-01-05 17:06:03.565255', '2022-01-05 21:47:16.501637', '阎钗', '512556621834048841', 'm', '2000-12-29', 9813, 2021, 45000);
UPDATE `loan_address` SET `created_at` = '2022-01-05 20:36:14.418636', `updated_at` = '2022-01-05 20:36:14.418636', `province` = '江西省', `city` = '九江市', `county` = '湖口县', `town` = '城山镇', `detail` = '宝源路耀江花园25号' WHERE `loan_address`.`id` = 9814;
INSERT INTO `loan_address` (`id`, `created_at`, `updated_at`, `province`, `city`, `county`, `town`, `detail`) VALUES (9814, '2022-01-05 20:36:14.418636', '2022-01-05 20:36:14.418636', '江西省', '九江市', '湖口县', '城山镇', '宝源路耀江花园25号');
UPDATE `loan_estate` SET `created_at` = '2022-01-05 20:36:14.418636', `updated_at` = '2022-01-05 20:36:14.418636', `customer_id` = 6089, `address_id` = 9814 WHERE `loan_estate`.`id` = 3634;
INSERT INTO `loan_estate` (`id`, `created_at`, `updated_at`, `customer_id`, `address_id`) VALUES (3634, '2022-01-05 20:36:14.418636', '2022-01-05 20:36:14.418636', 6089, 9814);
UPDATE `loan_account` SET `created_at` = '2022-01-05 17:27:22.570407', `updated_at` = '2022-01-05 17:27:22.570407', `customer_id` = 6089, `number` = '760178999028332127', `balance` = 63956 WHERE `loan_account`.`id` = 5559;
INSERT INTO `loan_account` (`id`, `created_at`, `updated_at`, `customer_id`, `number`, `balance`) VALUES (5559, '2022-01-05 17:27:22.570407', '2022-01-05 17:27:22.570407', 6089, '760178999028332127', 63956);
UPDATE `loan_address` SET `created_at` = '2022-01-05 23:09:47.708177', `updated_at` = '2022-01-05 23:09:47.708177', `province` = '重庆市', `city` = '市辖区', `county` = '武隆区', `town` = '后坪苗族土家族乡', `detail` = '八一路菊园五街坊73号' WHERE `loan_address`.`id` = 9815;
INSERT INTO `loan_address` (`id`, `created_at`, `updated_at`, `province`, `city`, `county`, `town`, `detail`) VALUES (9815, '2022-01-05 23:09:47.708177', '2022-01-05 23:09:47.708177', '重庆市', '市辖区', '武隆区', '后坪苗族土家族乡', '八一路菊园五街坊73号');
UPDATE `loan_customer` SET `created_at` = '2022-01-05 23:09:47.708177', `updated_at` = '2022-01-05 23:16:33.324096', `name` = '吕弘光', `id_number` = '392494286835263456', `gender` = 'm', `birthday` = '1985-05-11', `address_id` = 9815, `job_id` = 2022, `salary` = 40000 WHERE `loan_customer`.`id` = 6090;
INSERT INTO `loan_customer` (`id`, `created_at`, `updated_at`, `name`, `id_number`, `gender`, `birthday`, `address_id`, `job_id`, `salary`) VALUES (6090, '2022-01-05 23:09:47.708177', '2022-01-05 23:16:33.324096', '吕弘光', '392494286835263456', 'm', '1985-05-11', 9815, 2022, 40000);
UPDATE `loan_car` SET `created_at` = '2022-01-05 23:36:44.868747', `updated_at` = '2022-01-05 23:36:44.868747', `customer_id` = 6090, `model_id` = 16, `vin_number` = '490972747698042612', `date_produced` = '2016-12-23', `value_estimated` = 400000 WHERE `loan_car`.`id` = 4898;
INSERT INTO `loan_car` (`id`, `created_at`, `updated_at`, `customer_id`, `model_id`, `vin_number`, `date_produced`, `value_estimated`) VALUES (4898, '2022-01-05 23:36:44.868747', '2022-01-05 23:36:44.868747', 6090, 16, '490972747698042612', '2016-12-23', 400000);
UPDATE `loan_car` SET `created_at` = '2022-01-05 23:49:48.257405', `updated_at` = '2022-01-05 23:56:58.111769', `customer_id` = 6090, `model_id` = 5, `vin_number` = '065347819295482746', `date_produced` = '2018-01-14', `value_estimated` = 150000 WHERE `loan_car`.`id` = 4899;
INSERT INTO `loan_car` (`id`, `created_at`, `updated_at`, `customer_id`, `model_id`, `vin_number`, `date_produced`, `value_estimated`) VALUES (4899, '2022-01-05 23:49:48.257405', '2022-01-05 23:56:58.111769', 6090, 5, '065347819295482746', '2018-01-14', 150000);
UPDATE `loan_account` SET `created_at` = '2022-01-05 23:53:49.772414', `updated_at` = '2022-01-05 23:53:49.772414', `customer_id` = 6090, `number` = '289174621999374137', `balance` = 0 WHERE `loan_account`.`id` = 5560;
INSERT INTO `loan_account` (`id`, `created_at`, `updated_at`, `customer_id`, `number`, `balance`) VALUES (5560, '2022-01-05 23:53:49.772414', '2022-01-05 23:53:49.772414', 6090, '289174621999374137', 0);
UPDATE `loan_address` SET `created_at` = '2022-01-05 09:52:08.893289', `updated_at` = '2022-01-05 09:52:08.893289', `province` = '黑龙江省', `city` = '伊春市', `county` = '新青区', `town` = '红林经营所', `detail` = '宝山路金色家园86号' WHERE `loan_address`.`id` = 9816;
INSERT INTO `loan_address` (`id`, `created_at`, `updated_at`, `province`, `city`, `county`, `town`, `detail`) VALUES (9816, '2022-01-05 09:52:08.893289', '2022-01-05 09:52:08.893289', '黑龙江省', '伊春市', '新青区', '红林经营所', '宝山路金色家园86号');
UPDATE `loan_customer` SET `created_at` = '2022-01-05 09:52:08.893289', `updated_at` = '2022-01-05 13:37:18.490176', `name` = '贾经赋', `id_number` = '363125500046264514', `gender` = 'm', `birthday` = '1983-09-15', `address_id` = 9816, `job_id` = 2023, `salary` = 70000 WHERE `loan_customer`.`id` = 6091;
INSERT INTO `loan_customer` (`id`, `created_at`, `updated_at`, `name`, `id_number`, `gender`, `birthday`, `address_id`, `job_id`, `salary`) VALUES (6091, '2022-01-05 09:52:08.893289', '2022-01-05 13:37:18.490176', '贾经赋', '363125500046264514', 'm', '1983-09-15', 9816, 2023, 70000);
UPDATE `loan_chattel` SET `created_at` = '2022-01-05 12:37:28.421068', `updated_at` = '2022-01-05 12:37:28.421068', `customer_id` = 6091, `type` = 'deposit', `description` = '一些信息', `value_amount` = 400000, `expired_at` = '2026-12-07' WHERE `loan_chattel`.`id` = 1791;
INSERT INTO `loan_chattel` (`id`, `created_at`, `updated_at`, `customer_id`, `type`, `description`, `value_amount`, `expired_at`) VALUES (1791, '2022-01-05 12:37:28.421068', '2022-01-05 12:37:28.421068', 6091, 'deposit', '一些信息', 400000, '2026-12-07');
UPDATE `loan_address` SET `created_at` = '2022-01-05 12:45:13.266147', `updated_at` = '2022-01-05 12:45:13.266147', `province` = '河北省', `city` = '邯郸市', `county` = '邯郸冀南新区', `town` = '城南办事处', `detail` = '白水路102号' WHERE `loan_address`.`id` = 9817;
INSERT INTO `loan_address` (`id`, `created_at`, `updated_at`, `province`, `city`, `county`, `town`, `detail`) VALUES (9817, '2022-01-05 12:45:13.266147', '2022-01-05 12:45:13.266147', '河北省', '邯郸市', '邯郸冀南新区', '城南办事处', '白水路102号');
UPDATE `loan_estate` SET `created_at` = '2022-01-05 12:45:13.266147', `updated_at` = '2022-01-05 12:45:13.266147', `customer_id` = 6091, `address_id` = 9817 WHERE `loan_estate`.`id` = 3635;
INSERT INTO `loan_estate` (`id`, `created_at`, `updated_at`, `customer_id`, `address_id`) VALUES (3635, '2022-01-05 12:45:13.266147', '2022-01-05 12:45:13.266147', 6091, 9817);
UPDATE `loan_car` SET `created_at` = '2022-01-05 14:08:59.947607', `updated_at` = '2022-01-05 21:55:41.771024', `customer_id` = 6091, `model_id` = 116, `vin_number` = '772823957250158672', `date_produced` = '2018-03-25', `value_estimated` = 40000 WHERE `loan_car`.`id` = 4900;
INSERT INTO `loan_car` (`id`, `created_at`, `updated_at`, `customer_id`, `model_id`, `vin_number`, `date_produced`, `value_estimated`) VALUES (4900, '2022-01-05 14:08:59.947607', '2022-01-05 21:55:41.771024', 6091, 116, '772823957250158672', '2018-03-25', 40000);
UPDATE `loan_account` SET `created_at` = '2022-01-05 11:49:55.985179', `updated_at` = '2022-01-05 15:12:05.709422', `customer_id` = 6091, `number` = '070666843230461848', `balance` = 61406 WHERE `loan_account`.`id` = 5561;
INSERT INTO `loan_account` (`id`, `created_at`, `updated_at`, `customer_id`, `number`, `balance`) VALUES (5561, '2022-01-05 11:49:55.985179', '2022-01-05 15:12:05.709422', 6091, '070666843230461848', 61406);
UPDATE `loan_address` SET `created_at` = '2022-01-05 03:18:30.089469', `updated_at` = '2022-01-05 03:18:30.089469', `province` = '甘肃省', `city` = '兰州市', `county` = '西固区', `town` = '四季青街道', `detail` = '安图路耀江花园12号' WHERE `loan_address`.`id` = 9818;
INSERT INTO `loan_address` (`id`, `created_at`, `updated_at`, `province`, `city`, `county`, `town`, `detail`) VALUES (9818, '2022-01-05 03:18:30.089469', '2022-01-05 03:18:30.089469', '甘肃省', '兰州市', '西固区', '四季青街道', '安图路耀江花园12号');
UPDATE `loan_customer` SET `created_at` = '2022-01-05 03:18:30.089469', `updated_at` = '2022-01-05 07:22:59.001874', `name` = '姜南霜', `id_number` = '410154305291174272', `gender` = 'f', `birthday` = '2009-11-04', `address_id` = 9818, `job_id` = 2024, `salary` = 72000 WHERE `loan_customer`.`id` = 6092;
INSERT INTO `loan_customer` (`id`, `created_at`, `updated_at`, `name`, `id_number`, `gender`, `birthday`, `address_id`, `job_id`, `salary`) VALUES (6092, '2022-01-05 03:18:30.089469', '2022-01-05 07:22:59.001874', '姜南霜', '410154305291174272', 'f', '2009-11-04', 9818, 2024, 72000);
UPDATE `loan_car` SET `created_at` = '2022-01-05 06:35:51.868506', `updated_at` = '2022-01-05 06:35:51.868506', `customer_id` = 6092, `model_id` = 146, `vin_number` = '237602032469142414', `date_produced` = '2012-08-21', `value_estimated` = 500000 WHERE `loan_car`.`id` = 4901;
INSERT INTO `loan_car` (`id`, `created_at`, `updated_at`, `customer_id`, `model_id`, `vin_number`, `date_produced`, `value_estimated`) VALUES (4901, '2022-01-05 06:35:51.868506', '2022-01-05 06:35:51.868506', 6092, 146, '237602032469142414', '2012-08-21', 500000);
UPDATE `loan_car` SET `created_at` = '2022-01-05 08:53:57.342095', `updated_at` = '2022-01-05 20:48:21.615615', `customer_id` = 6092, `model_id` = 124, `vin_number` = '393733746236155701', `date_produced` = '2018-07-20', `value_estimated` = 30000 WHERE `loan_car`.`id` = 4902;
INSERT INTO `loan_car` (`id`, `created_at`, `updated_at`, `customer_id`, `model_id`, `vin_number`, `date_produced`, `value_estimated`) VALUES (4902, '2022-01-05 08:53:57.342095', '2022-01-05 20:48:21.615615', 6092, 124, '393733746236155701', '2018-07-20', 30000);
UPDATE `loan_account` SET `created_at` = '2022-01-05 18:59:26.717233', `updated_at` = '2022-01-05 23:09:44.381869', `customer_id` = 6092, `number` = '580005440954523225', `balance` = 72639 WHERE `loan_account`.`id` = 5562;
INSERT INTO `loan_account` (`id`, `created_at`, `updated_at`, `customer_id`, `number`, `balance`) VALUES (5562, '2022-01-05 18:59:26.717233', '2022-01-05 23:09:44.381869', 6092, '580005440954523225', 72639);
UPDATE `loan_address` SET `created_at` = '2022-01-05 20:31:02.767798', `updated_at` = '2022-01-05 20:31:02.767798', `province` = '河北省', `city` = '邢台市', `county` = '威县', `town` = '常庄镇', `detail` = '板泉路138号' WHERE `loan_address`.`id` = 9819;
INSERT INTO `loan_address` (`id`, `created_at`, `updated_at`, `province`, `city`, `county`, `town`, `detail`) VALUES (9819, '2022-01-05 20:31:02.767798', '2022-01-05 20:31:02.767798', '河北省', '邢台市', '威县', '常庄镇', '板泉路138号');
UPDATE `loan_customer` SET `created_at` = '2022-01-05 20:31:02.767798', `updated_at` = '2022-01-05 20:31:02.767798', `name` = '高和暖', `id_number` = '060583863460719102', `gender` = 'f', `birthday` = '1994-09-19', `address_id` = 9819, `job_id` = 2024, `salary` = 93000 WHERE `loan_customer`.`id` = 6093;
INSERT INTO `loan_customer` (`id`, `created_at`, `updated_at`, `name`, `id_number`, `gender`, `birthday`, `address_id`, `job_id`, `salary`) VALUES (6093, '2022-01-05 20:31:02.767798', '2022-01-05 20:31:02.767798', '高和暖', '060583863460719102', 'f', '1994-09-19', 9819, 2024, 93000);
UPDATE `loan_account` SET `created_at` = '2022-01-05 23:44:43.353878', `updated_at` = '2022-01-05 23:52:50.874802', `customer_id` = 6093, `number` = '880802457692469841', `balance` = 0 WHERE `loan_account`.`id` = 5563;
INSERT INTO `loan_account` (`id`, `created_at`, `updated_at`, `customer_id`, `number`, `balance`) VALUES (5563, '2022-01-05 23:44:43.353878', '2022-01-05 23:52:50.874802', 6093, '880802457692469841', 0);
UPDATE `loan_address` SET `created_at` = '2022-01-05 01:49:14.974720', `updated_at` = '2022-01-05 01:49:14.974720', `province` = '广东省', `city` = '潮州市', `county` = '潮安区', `town` = '凤凰镇', `detail` = '保定路协通公寓132号' WHERE `loan_address`.`id` = 9820;
INSERT INTO `loan_address` (`id`, `created_at`, `updated_at`, `province`, `city`, `county`, `town`, `detail`) VALUES (9820, '2022-01-05 01:49:14.974720', '2022-01-05 01:49:14.974720', '广东省', '潮州市', '潮安区', '凤凰镇', '保定路协通公寓132号');
UPDATE `loan_customer` SET `created_at` = '2022-01-05 01:49:14.974720', `updated_at` = '2022-01-05 01:49:14.974720', `name` = '黄芸', `id_number` = '352779977099908539', `gender` = 'm', `birthday` = '1996-11-02', `address_id` = 9820, `job_id` = 2024, `salary` = 15000 WHERE `loan_customer`.`id` = 6094;
INSERT INTO `loan_customer` (`id`, `created_at`, `updated_at`, `name`, `id_number`, `gender`, `birthday`, `address_id`, `job_id`, `salary`) VALUES (6094, '2022-01-05 01:49:14.974720', '2022-01-05 01:49:14.974720', '黄芸', '352779977099908539', 'm', '1996-11-02', 9820, 2024, 15000);
UPDATE `loan_address` SET `created_at` = '2022-01-05 15:51:02.011120', `updated_at` = '2022-01-05 15:51:02.011120', `province` = '江西省', `city` = '九江市', `county` = '湖口县', `town` = '城山镇', `detail` = '北艾路170号' WHERE `loan_address`.`id` = 9821;
INSERT INTO `loan_address` (`id`, `created_at`, `updated_at`, `province`, `city`, `county`, `town`, `detail`) VALUES (9821, '2022-01-05 15:51:02.011120', '2022-01-05 15:51:02.011120', '江西省', '九江市', '湖口县', '城山镇', '北艾路170号');
UPDATE `loan_estate` SET `created_at` = '2022-01-05 15:51:02.011120', `updated_at` = '2022-01-05 15:51:02.011120', `customer_id` = 6094, `address_id` = 9821 WHERE `loan_estate`.`id` = 3636;
INSERT INTO `loan_estate` (`id`, `created_at`, `updated_at`, `customer_id`, `address_id`) VALUES (3636, '2022-01-05 15:51:02.011120', '2022-01-05 15:51:02.011120', 6094, 9821);
UPDATE `loan_car` SET `created_at` = '2022-01-05 08:32:39.257627', `updated_at` = '2022-01-05 08:32:39.257627', `customer_id` = 6094, `model_id` = 7, `vin_number` = '962940152484622946', `date_produced` = '2015-08-02', `value_estimated` = 430000 WHERE `loan_car`.`id` = 4903;
INSERT INTO `loan_car` (`id`, `created_at`, `updated_at`, `customer_id`, `model_id`, `vin_number`, `date_produced`, `value_estimated`) VALUES (4903, '2022-01-05 08:32:39.257627', '2022-01-05 08:32:39.257627', 6094, 7, '962940152484622946', '2015-08-02', 430000);
UPDATE `loan_account` SET `created_at` = '2022-01-05 23:44:16.695203', `updated_at` = '2022-01-05 23:45:28.097692', `customer_id` = 6094, `number` = '231428258727986361', `balance` = 56227 WHERE `loan_account`.`id` = 5564;
INSERT INTO `loan_account` (`id`, `created_at`, `updated_at`, `customer_id`, `number`, `balance`) VALUES (5564, '2022-01-05 23:44:16.695203', '2022-01-05 23:45:28.097692', 6094, '231428258727986361', 56227);
UPDATE `loan_address` SET `created_at` = '2022-01-05 18:30:45.769272', `updated_at` = '2022-01-05 18:30:45.769272', `province` = '安徽省', `city` = '宿州市', `county` = '灵璧县', `town` = '浍沟镇', `detail` = '安德路爱里舍花园115号' WHERE `loan_address`.`id` = 9822;
INSERT INTO `loan_address` (`id`, `created_at`, `updated_at`, `province`, `city`, `county`, `town`, `detail`) VALUES (9822, '2022-01-05 18:30:45.769272', '2022-01-05 18:30:45.769272', '安徽省', '宿州市', '灵璧县', '浍沟镇', '安德路爱里舍花园115号');
UPDATE `loan_customer` SET `created_at` = '2022-01-05 18:30:45.769272', `updated_at` = '2022-01-05 18:30:45.769272', `name` = '常奇正', `id_number` = '228403134315459311', `gender` = 'f', `birthday` = '1997-10-13', `address_id` = 9822, `job_id` = 2025, `salary` = 15000 WHERE `loan_customer`.`id` = 6095;
INSERT INTO `loan_customer` (`id`, `created_at`, `updated_at`, `name`, `id_number`, `gender`, `birthday`, `address_id`, `job_id`, `salary`) VALUES (6095, '2022-01-05 18:30:45.769272', '2022-01-05 18:30:45.769272', '常奇正', '228403134315459311', 'f', '1997-10-13', 9822, 2025, 15000);
UPDATE `loan_car` SET `created_at` = '2022-01-05 23:01:55.180532', `updated_at` = '2022-01-05 23:01:55.180532', `customer_id` = 6095, `model_id` = 302, `vin_number` = '725629918086811192', `date_produced` = '2010-03-10', `value_estimated` = 310000 WHERE `loan_car`.`id` = 4904;
INSERT INTO `loan_car` (`id`, `created_at`, `updated_at`, `customer_id`, `model_id`, `vin_number`, `date_produced`, `value_estimated`) VALUES (4904, '2022-01-05 23:01:55.180532', '2022-01-05 23:01:55.180532', 6095, 302, '725629918086811192', '2010-03-10', 310000);
UPDATE `loan_address` SET `created_at` = '2022-01-05 15:49:59.617451', `updated_at` = '2022-01-05 15:49:59.617451', `province` = '新疆维吾尔自治区', `city` = '克孜勒苏柯尔克孜自治州', `county` = '阿合奇县', `town` = '哈拉布拉克乡', `detail` = '保屯路协通公寓144号' WHERE `loan_address`.`id` = 9823;
INSERT INTO `loan_address` (`id`, `created_at`, `updated_at`, `province`, `city`, `county`, `town`, `detail`) VALUES (9823, '2022-01-05 15:49:59.617451', '2022-01-05 15:49:59.617451', '新疆维吾尔自治区', '克孜勒苏柯尔克孜自治州', '阿合奇县', '哈拉布拉克乡', '保屯路协通公寓144号');
UPDATE `loan_customer` SET `created_at` = '2022-01-05 15:49:59.617451', `updated_at` = '2022-01-05 22:18:55.012530', `name` = '许蓉', `id_number` = '056186786577511281', `gender` = 'm', `birthday` = '1987-07-13', `address_id` = 9823, `job_id` = 2025, `salary` = 2000 WHERE `loan_customer`.`id` = 6096;
INSERT INTO `loan_customer` (`id`, `created_at`, `updated_at`, `name`, `id_number`, `gender`, `birthday`, `address_id`, `job_id`, `salary`) VALUES (6096, '2022-01-05 15:49:59.617451', '2022-01-05 22:18:55.012530', '许蓉', '056186786577511281', 'm', '1987-07-13', 9823, 2025, 2000);
UPDATE `loan_address` SET `created_at` = '2022-01-05 11:50:06.007375', `updated_at` = '2022-01-05 11:50:06.007375', `province` = '重庆市', `city` = '县', `county` = '秀山土家族苗族自治县', `town` = '涌洞乡', `detail` = '白水路162号' WHERE `loan_address`.`id` = 9824;
INSERT INTO `loan_address` (`id`, `created_at`, `updated_at`, `province`, `city`, `county`, `town`, `detail`) VALUES (9824, '2022-01-05 11:50:06.007375', '2022-01-05 11:50:06.007375', '重庆市', '县', '秀山土家族苗族自治县', '涌洞乡', '白水路162号');
UPDATE `loan_customer` SET `created_at` = '2022-01-05 11:50:06.007375', `updated_at` = '2022-01-05 11:50:06.007375', `name` = '于吉欣', `id_number` = '097495430403225446', `gender` = 'm', `birthday` = '2009-03-22', `address_id` = 9824, `job_id` = 2026, `salary` = 10000 WHERE `loan_customer`.`id` = 6097;
INSERT INTO `loan_customer` (`id`, `created_at`, `updated_at`, `name`, `id_number`, `gender`, `birthday`, `address_id`, `job_id`, `salary`) VALUES (6097, '2022-01-05 11:50:06.007375', '2022-01-05 11:50:06.007375', '于吉欣', '097495430403225446', 'm', '2009-03-22', 9824, 2026, 10000);
UPDATE `loan_chattel` SET `created_at` = '2022-01-05 12:45:14.483004', `updated_at` = '2022-01-05 12:45:14.483004', `customer_id` = 6097, `type` = 'trademark', `description` = '一些信息', `value_amount` = 90000, `expired_at` = '2019-06-24' WHERE `loan_chattel`.`id` = 1792;
INSERT INTO `loan_chattel` (`id`, `created_at`, `updated_at`, `customer_id`, `type`, `description`, `value_amount`, `expired_at`) VALUES (1792, '2022-01-05 12:45:14.483004', '2022-01-05 12:45:14.483004', 6097, 'trademark', '一些信息', 90000, '2019-06-24');
UPDATE `loan_address` SET `created_at` = '2022-01-05 15:14:19.777937', `updated_at` = '2022-01-05 15:14:19.777937', `province` = '浙江省', `city` = '金华市', `county` = '武义县', `town` = '坦洪乡', `detail` = '白城南路住友嘉馨名园17号' WHERE `loan_address`.`id` = 9825;
INSERT INTO `loan_address` (`id`, `created_at`, `updated_at`, `province`, `city`, `county`, `town`, `detail`) VALUES (9825, '2022-01-05 15:14:19.777937', '2022-01-05 15:14:19.777937', '浙江省', '金华市', '武义县', '坦洪乡', '白城南路住友嘉馨名园17号');
UPDATE `loan_estate` SET `created_at` = '2022-01-05 15:14:19.777937', `updated_at` = '2022-01-05 15:14:19.777937', `customer_id` = 6097, `address_id` = 9825 WHERE `loan_estate`.`id` = 3637;
INSERT INTO `loan_estate` (`id`, `created_at`, `updated_at`, `customer_id`, `address_id`) VALUES (3637, '2022-01-05 15:14:19.777937', '2022-01-05 15:14:19.777937', 6097, 9825);
UPDATE `loan_account` SET `created_at` = '2022-01-05 20:17:54.013392', `updated_at` = '2022-01-05 20:17:54.013392', `customer_id` = 6097, `number` = '405917592051635407', `balance` = 107414 WHERE `loan_account`.`id` = 5565;
INSERT INTO `loan_account` (`id`, `created_at`, `updated_at`, `customer_id`, `number`, `balance`) VALUES (5565, '2022-01-05 20:17:54.013392', '2022-01-05 20:17:54.013392', 6097, '405917592051635407', 107414);
UPDATE `loan_address` SET `created_at` = '2022-01-05 20:48:26.417219', `updated_at` = '2022-01-05 20:48:26.417219', `province` = '甘肃省', `city` = '临夏回族自治州', `county` = '康乐县', `town` = '草滩乡', `detail` = '白渡桥64号' WHERE `loan_address`.`id` = 9826;
INSERT INTO `loan_address` (`id`, `created_at`, `updated_at`, `province`, `city`, `county`, `town`, `detail`) VALUES (9826, '2022-01-05 20:48:26.417219', '2022-01-05 20:48:26.417219', '甘肃省', '临夏回族自治州', '康乐县', '草滩乡', '白渡桥64号');
UPDATE `loan_customer` SET `created_at` = '2022-01-05 20:48:26.417219', `updated_at` = '2022-01-05 21:27:37.362945', `name` = '丁襦', `id_number` = '284523803356163293', `gender` = 'f', `birthday` = '2007-08-19', `address_id` = 9826, `job_id` = 2026, `salary` = 8000 WHERE `loan_customer`.`id` = 6098;
INSERT INTO `loan_customer` (`id`, `created_at`, `updated_at`, `name`, `id_number`, `gender`, `birthday`, `address_id`, `job_id`, `salary`) VALUES (6098, '2022-01-05 20:48:26.417219', '2022-01-05 21:27:37.362945', '丁襦', '284523803356163293', 'f', '2007-08-19', 9826, 2026, 8000);
UPDATE `loan_address` SET `created_at` = '2022-01-05 22:19:59.961644', `updated_at` = '2022-01-05 22:19:59.961644', `province` = '四川省', `city` = '广安市', `county` = '邻水县', `town` = '高滩镇', `detail` = '百安路（方泰镇）77号' WHERE `loan_address`.`id` = 9827;
INSERT INTO `loan_address` (`id`, `created_at`, `updated_at`, `province`, `city`, `county`, `town`, `detail`) VALUES (9827, '2022-01-05 22:19:59.961644', '2022-01-05 22:19:59.961644', '四川省', '广安市', '邻水县', '高滩镇', '百安路（方泰镇）77号');
UPDATE `loan_estate` SET `created_at` = '2022-01-05 22:19:59.961644', `updated_at` = '2022-01-05 22:19:59.961644', `customer_id` = 6098, `address_id` = 9827 WHERE `loan_estate`.`id` = 3638;
INSERT INTO `loan_estate` (`id`, `created_at`, `updated_at`, `customer_id`, `address_id`) VALUES (3638, '2022-01-05 22:19:59.961644', '2022-01-05 22:19:59.961644', 6098, 9827);
UPDATE `loan_car` SET `created_at` = '2022-01-05 22:53:09.323584', `updated_at` = '2022-01-05 23:56:10.710182', `customer_id` = 6098, `model_id` = 98, `vin_number` = '108004223609385272', `date_produced` = '2016-04-07', `value_estimated` = 160000 WHERE `loan_car`.`id` = 4905;
INSERT INTO `loan_car` (`id`, `created_at`, `updated_at`, `customer_id`, `model_id`, `vin_number`, `date_produced`, `value_estimated`) VALUES (4905, '2022-01-05 22:53:09.323584', '2022-01-05 23:56:10.710182', 6098, 98, '108004223609385272', '2016-04-07', 160000);
UPDATE `loan_account` SET `created_at` = '2022-01-05 22:54:44.256761', `updated_at` = '2022-01-05 23:19:25.698675', `customer_id` = 6098, `number` = '967639514059985616', `balance` = 28910 WHERE `loan_account`.`id` = 5566;
INSERT INTO `loan_account` (`id`, `created_at`, `updated_at`, `customer_id`, `number`, `balance`) VALUES (5566, '2022-01-05 22:54:44.256761', '2022-01-05 23:19:25.698675', 6098, '967639514059985616', 28910);
UPDATE `loan_address` SET `created_at` = '2022-01-05 06:14:01.351753', `updated_at` = '2022-01-05 06:14:01.351753', `province` = '河南省', `city` = '南阳市', `county` = '方城县', `town` = '小史店镇', `detail` = '宝杨路156号' WHERE `loan_address`.`id` = 9828;
INSERT INTO `loan_address` (`id`, `created_at`, `updated_at`, `province`, `city`, `county`, `town`, `detail`) VALUES (9828, '2022-01-05 06:14:01.351753', '2022-01-05 06:14:01.351753', '河南省', '南阳市', '方城县', '小史店镇', '宝杨路156号');
UPDATE `loan_customer` SET `created_at` = '2022-01-05 06:14:01.351753', `updated_at` = '2022-01-05 07:18:16.032467', `name` = '贾经赋', `id_number` = '150606498772011706', `gender` = 'f', `birthday` = '2004-07-03', `address_id` = 9828, `job_id` = 2027, `salary` = 12000 WHERE `loan_customer`.`id` = 6099;
INSERT INTO `loan_customer` (`id`, `created_at`, `updated_at`, `name`, `id_number`, `gender`, `birthday`, `address_id`, `job_id`, `salary`) VALUES (6099, '2022-01-05 06:14:01.351753', '2022-01-05 07:18:16.032467', '贾经赋', '150606498772011706', 'f', '2004-07-03', 9828, 2027, 12000);
UPDATE `loan_address` SET `created_at` = '2022-01-05 16:19:51.591571', `updated_at` = '2022-01-05 16:19:51.591571', `province` = '新疆维吾尔自治区', `city` = '伊犁哈萨克自治州', `county` = '昭苏县', `town` = '察汗乌苏蒙古族乡', `detail` = '北艾路东新大厦91号' WHERE `loan_address`.`id` = 9829;
INSERT INTO `loan_address` (`id`, `created_at`, `updated_at`, `province`, `city`, `county`, `town`, `detail`) VALUES (9829, '2022-01-05 16:19:51.591571', '2022-01-05 16:19:51.591571', '新疆维吾尔自治区', '伊犁哈萨克自治州', '昭苏县', '察汗乌苏蒙古族乡', '北艾路东新大厦91号');
UPDATE `loan_estate` SET `created_at` = '2022-01-05 16:19:51.591571', `updated_at` = '2022-01-05 22:57:31.713042', `customer_id` = 6099, `address_id` = 9829 WHERE `loan_estate`.`id` = 3639;
INSERT INTO `loan_estate` (`id`, `created_at`, `updated_at`, `customer_id`, `address_id`) VALUES (3639, '2022-01-05 16:19:51.591571', '2022-01-05 22:57:31.713042', 6099, 9829);
UPDATE `loan_address` SET `created_at` = '2022-01-05 18:54:58.533920', `updated_at` = '2022-01-05 18:54:58.533920', `province` = '河北省', `city` = '邢台市', `county` = '威县', `town` = '常庄镇', `detail` = '安龙路东新大厦81号' WHERE `loan_address`.`id` = 9830;
INSERT INTO `loan_address` (`id`, `created_at`, `updated_at`, `province`, `city`, `county`, `town`, `detail`) VALUES (9830, '2022-01-05 18:54:58.533920', '2022-01-05 18:54:58.533920', '河北省', '邢台市', '威县', '常庄镇', '安龙路东新大厦81号');
UPDATE `loan_estate` SET `created_at` = '2022-01-05 18:54:58.533920', `updated_at` = '2022-01-05 18:54:58.533920', `customer_id` = 6099, `address_id` = 9830 WHERE `loan_estate`.`id` = 3640;
INSERT INTO `loan_estate` (`id`, `created_at`, `updated_at`, `customer_id`, `address_id`) VALUES (3640, '2022-01-05 18:54:58.533920', '2022-01-05 18:54:58.533920', 6099, 9830);
UPDATE `loan_account` SET `created_at` = '2022-01-05 17:26:11.472060', `updated_at` = '2022-01-05 19:29:49.849158', `customer_id` = 6099, `number` = '020823480093042763', `balance` = 20600 WHERE `loan_account`.`id` = 5567;
INSERT INTO `loan_account` (`id`, `created_at`, `updated_at`, `customer_id`, `number`, `balance`) VALUES (5567, '2022-01-05 17:26:11.472060', '2022-01-05 19:29:49.849158', 6099, '020823480093042763', 20600);
UPDATE `loan_address` SET `created_at` = '2022-01-05 09:38:04.578762', `updated_at` = '2022-01-05 09:38:04.578762', `province` = '辽宁省', `city` = '铁岭市', `county` = '昌图县', `town` = '通江口镇', `detail` = '百色路74号' WHERE `loan_address`.`id` = 9831;
INSERT INTO `loan_address` (`id`, `created_at`, `updated_at`, `province`, `city`, `county`, `town`, `detail`) VALUES (9831, '2022-01-05 09:38:04.578762', '2022-01-05 09:38:04.578762', '辽宁省', '铁岭市', '昌图县', '通江口镇', '百色路74号');
UPDATE `loan_customer` SET `created_at` = '2022-01-05 09:38:04.578762', `updated_at` = '2022-01-05 09:38:04.578762', `name` = '夏舱', `id_number` = '049280421946662293', `gender` = 'f', `birthday` = '1996-05-02', `address_id` = 9831, `job_id` = 2027, `salary` = 33000 WHERE `loan_customer`.`id` = 6100;
INSERT INTO `loan_customer` (`id`, `created_at`, `updated_at`, `name`, `id_number`, `gender`, `birthday`, `address_id`, `job_id`, `salary`) VALUES (6100, '2022-01-05 09:38:04.578762', '2022-01-05 09:38:04.578762', '夏舱', '049280421946662293', 'f', '1996-05-02', 9831, 2027, 33000);
UPDATE `loan_account` SET `created_at` = '2022-01-05 23:39:19.516431', `updated_at` = '2022-01-05 23:39:19.516431', `customer_id` = 6100, `number` = '447738898428115971', `balance` = 0 WHERE `loan_account`.`id` = 5568;
INSERT INTO `loan_account` (`id`, `created_at`, `updated_at`, `customer_id`, `number`, `balance`) VALUES (5568, '2022-01-05 23:39:19.516431', '2022-01-05 23:39:19.516431', 6100, '447738898428115971', 0);
UPDATE `loan_address` SET `created_at` = '2022-01-05 07:32:34.895818', `updated_at` = '2022-01-05 07:32:34.895818', `province` = '吉林省', `city` = '长春市', `county` = '双阳区', `town` = '太平镇', `detail` = '板泉路博泰新苑52号' WHERE `loan_address`.`id` = 9832;
INSERT INTO `loan_address` (`id`, `created_at`, `updated_at`, `province`, `city`, `county`, `town`, `detail`) VALUES (9832, '2022-01-05 07:32:34.895818', '2022-01-05 07:32:34.895818', '吉林省', '长春市', '双阳区', '太平镇', '板泉路博泰新苑52号');
UPDATE `loan_customer` SET `created_at` = '2022-01-05 07:32:34.895818', `updated_at` = '2022-01-05 23:01:14.986735', `name` = '潘挺', `id_number` = '623418914247786009', `gender` = 'f', `birthday` = '2007-01-23', `address_id` = 9832, `job_id` = 2027, `salary` = 28000 WHERE `loan_customer`.`id` = 6101;
INSERT INTO `loan_customer` (`id`, `created_at`, `updated_at`, `name`, `id_number`, `gender`, `birthday`, `address_id`, `job_id`, `salary`) VALUES (6101, '2022-01-05 07:32:34.895818', '2022-01-05 23:01:14.986735', '潘挺', '623418914247786009', 'f', '2007-01-23', 9832, 2027, 28000);
UPDATE `loan_address` SET `created_at` = '2022-01-05 07:55:32.068785', `updated_at` = '2022-01-05 07:55:32.068785', `province` = '江苏省', `city` = '连云港市', `county` = '海州区', `town` = '幸福路街道', `detail` = '白玉路44号' WHERE `loan_address`.`id` = 9833;
INSERT INTO `loan_address` (`id`, `created_at`, `updated_at`, `province`, `city`, `county`, `town`, `detail`) VALUES (9833, '2022-01-05 07:55:32.068785', '2022-01-05 07:55:32.068785', '江苏省', '连云港市', '海州区', '幸福路街道', '白玉路44号');
UPDATE `loan_estate` SET `created_at` = '2022-01-05 07:55:32.068785', `updated_at` = '2022-01-05 07:55:32.068785', `customer_id` = 6101, `address_id` = 9833 WHERE `loan_estate`.`id` = 3641;
INSERT INTO `loan_estate` (`id`, `created_at`, `updated_at`, `customer_id`, `address_id`) VALUES (3641, '2022-01-05 07:55:32.068785', '2022-01-05 07:55:32.068785', 6101, 9833);
UPDATE `loan_car` SET `created_at` = '2022-01-05 12:15:07.095509', `updated_at` = '2022-01-05 23:14:43.886645', `customer_id` = 6101, `model_id` = 55, `vin_number` = '661185168587320291', `date_produced` = '2013-03-21', `value_estimated` = 70000 WHERE `loan_car`.`id` = 4906;
INSERT INTO `loan_car` (`id`, `created_at`, `updated_at`, `customer_id`, `model_id`, `vin_number`, `date_produced`, `value_estimated`) VALUES (4906, '2022-01-05 12:15:07.095509', '2022-01-05 23:14:43.886645', 6101, 55, '661185168587320291', '2013-03-21', 70000);
UPDATE `loan_account` SET `created_at` = '2022-01-05 17:13:47.459170', `updated_at` = '2022-01-05 17:13:47.459170', `customer_id` = 6101, `number` = '229795265879134792', `balance` = 87028 WHERE `loan_account`.`id` = 5569;
INSERT INTO `loan_account` (`id`, `created_at`, `updated_at`, `customer_id`, `number`, `balance`) VALUES (5569, '2022-01-05 17:13:47.459170', '2022-01-05 17:13:47.459170', 6101, '229795265879134792', 87028);
UPDATE `loan_address` SET `created_at` = '2022-01-05 19:48:51.262447', `updated_at` = '2022-01-05 19:48:51.262447', `province` = '江苏省', `city` = '淮安市', `county` = '金湖县', `town` = '粮棉原种场', `detail` = '鞍山路阳光翠竹苑48号' WHERE `loan_address`.`id` = 9834;
INSERT INTO `loan_address` (`id`, `created_at`, `updated_at`, `province`, `city`, `county`, `town`, `detail`) VALUES (9834, '2022-01-05 19:48:51.262447', '2022-01-05 19:48:51.262447', '江苏省', '淮安市', '金湖县', '粮棉原种场', '鞍山路阳光翠竹苑48号');
UPDATE `loan_customer` SET `created_at` = '2022-01-05 19:48:51.262447', `updated_at` = '2022-01-05 23:59:50.498063', `name` = '杜备', `id_number` = '113394505373604788', `gender` = 'm', `birthday` = '1994-11-14', `address_id` = 9834, `job_id` = 2028, `salary` = 39000 WHERE `loan_customer`.`id` = 6102;
INSERT INTO `loan_customer` (`id`, `created_at`, `updated_at`, `name`, `id_number`, `gender`, `birthday`, `address_id`, `job_id`, `salary`) VALUES (6102, '2022-01-05 19:48:51.262447', '2022-01-05 23:59:50.498063', '杜备', '113394505373604788', 'm', '1994-11-14', 9834, 2028, 39000);
UPDATE `loan_address` SET `created_at` = '2022-01-05 21:30:24.843605', `updated_at` = '2022-01-05 21:30:24.843605', `province` = '河南省', `city` = '南阳市', `county` = '方城县', `town` = '小史店镇', `detail` = '包头南路174号' WHERE `loan_address`.`id` = 9835;
INSERT INTO `loan_address` (`id`, `created_at`, `updated_at`, `province`, `city`, `county`, `town`, `detail`) VALUES (9835, '2022-01-05 21:30:24.843605', '2022-01-05 21:30:24.843605', '河南省', '南阳市', '方城县', '小史店镇', '包头南路174号');
UPDATE `loan_estate` SET `created_at` = '2022-01-05 21:30:24.843605', `updated_at` = '2022-01-05 21:30:24.843605', `customer_id` = 6102, `address_id` = 9835 WHERE `loan_estate`.`id` = 3642;
INSERT INTO `loan_estate` (`id`, `created_at`, `updated_at`, `customer_id`, `address_id`) VALUES (3642, '2022-01-05 21:30:24.843605', '2022-01-05 21:30:24.843605', 6102, 9835);
UPDATE `loan_account` SET `created_at` = '2022-01-05 21:06:00.114186', `updated_at` = '2022-01-05 21:06:00.114186', `customer_id` = 6102, `number` = '885723865846516287', `balance` = 7116 WHERE `loan_account`.`id` = 5570;
INSERT INTO `loan_account` (`id`, `created_at`, `updated_at`, `customer_id`, `number`, `balance`) VALUES (5570, '2022-01-05 21:06:00.114186', '2022-01-05 21:06:00.114186', 6102, '885723865846516287', 7116);
UPDATE `loan_address` SET `created_at` = '2022-01-05 05:34:21.455700', `updated_at` = '2022-01-05 05:34:21.455700', `province` = '辽宁省', `city` = '铁岭市', `county` = '昌图县', `town` = '通江口镇', `detail` = '鞍山支路耀江花园199号' WHERE `loan_address`.`id` = 9836;
INSERT INTO `loan_address` (`id`, `created_at`, `updated_at`, `province`, `city`, `county`, `town`, `detail`) VALUES (9836, '2022-01-05 05:34:21.455700', '2022-01-05 05:34:21.455700', '辽宁省', '铁岭市', '昌图县', '通江口镇', '鞍山支路耀江花园199号');
UPDATE `loan_customer` SET `created_at` = '2022-01-05 05:34:21.455700', `updated_at` = '2022-01-05 12:05:59.380110', `name` = '韩民', `id_number` = '025135686528776479', `gender` = 'm', `birthday` = '1985-04-13', `address_id` = 9836, `job_id` = 2028, `salary` = 23000 WHERE `loan_customer`.`id` = 6103;
INSERT INTO `loan_customer` (`id`, `created_at`, `updated_at`, `name`, `id_number`, `gender`, `birthday`, `address_id`, `job_id`, `salary`) VALUES (6103, '2022-01-05 05:34:21.455700', '2022-01-05 12:05:59.380110', '韩民', '025135686528776479', 'm', '1985-04-13', 9836, 2028, 23000);
UPDATE `loan_car` SET `created_at` = '2022-01-05 20:05:57.351017', `updated_at` = '2022-01-05 20:38:44.303681', `customer_id` = 6103, `model_id` = 241, `vin_number` = '968593168226424640', `date_produced` = '2014-08-02', `value_estimated` = 190000 WHERE `loan_car`.`id` = 4907;
INSERT INTO `loan_car` (`id`, `created_at`, `updated_at`, `customer_id`, `model_id`, `vin_number`, `date_produced`, `value_estimated`) VALUES (4907, '2022-01-05 20:05:57.351017', '2022-01-05 20:38:44.303681', 6103, 241, '968593168226424640', '2014-08-02', 190000);
UPDATE `loan_account` SET `created_at` = '2022-01-05 21:11:36.038485', `updated_at` = '2022-01-05 21:11:36.038485', `customer_id` = 6103, `number` = '525734123164676734', `balance` = 52555 WHERE `loan_account`.`id` = 5571;
INSERT INTO `loan_account` (`id`, `created_at`, `updated_at`, `customer_id`, `number`, `balance`) VALUES (5571, '2022-01-05 21:11:36.038485', '2022-01-05 21:11:36.038485', 6103, '525734123164676734', 52555);
UPDATE `loan_address` SET `created_at` = '2022-01-05 07:40:57.669099', `updated_at` = '2022-01-05 07:40:57.669099', `province` = '新疆维吾尔自治区', `city` = '伊犁哈萨克自治州', `county` = '昭苏县', `town` = '察汗乌苏蒙古族乡', `detail` = '安边路协通公寓139号' WHERE `loan_address`.`id` = 9837;
INSERT INTO `loan_address` (`id`, `created_at`, `updated_at`, `province`, `city`, `county`, `town`, `detail`) VALUES (9837, '2022-01-05 07:40:57.669099', '2022-01-05 07:40:57.669099', '新疆维吾尔自治区', '伊犁哈萨克自治州', '昭苏县', '察汗乌苏蒙古族乡', '安边路协通公寓139号');
UPDATE `loan_customer` SET `created_at` = '2022-01-05 07:40:57.669099', `updated_at` = '2022-01-05 07:40:57.669099', `name` = '赖越', `id_number` = '992861755178978140', `gender` = 'm', `birthday` = '1989-11-17', `address_id` = 9837, `job_id` = 2028, `salary` = 20000 WHERE `loan_customer`.`id` = 6104;
INSERT INTO `loan_customer` (`id`, `created_at`, `updated_at`, `name`, `id_number`, `gender`, `birthday`, `address_id`, `job_id`, `salary`) VALUES (6104, '2022-01-05 07:40:57.669099', '2022-01-05 07:40:57.669099', '赖越', '992861755178978140', 'm', '1989-11-17', 9837, 2028, 20000);
UPDATE `loan_chattel` SET `created_at` = '2022-01-05 22:57:01.039569', `updated_at` = '2022-01-05 22:57:01.039569', `customer_id` = 6104, `type` = 'bond', `description` = '一些信息', `value_amount` = 50000, `expired_at` = '2022-06-06' WHERE `loan_chattel`.`id` = 1793;
INSERT INTO `loan_chattel` (`id`, `created_at`, `updated_at`, `customer_id`, `type`, `description`, `value_amount`, `expired_at`) VALUES (1793, '2022-01-05 22:57:01.039569', '2022-01-05 22:57:01.039569', 6104, 'bond', '一些信息', 50000, '2022-06-06');
UPDATE `loan_car` SET `created_at` = '2022-01-05 12:23:03.011132', `updated_at` = '2022-01-05 12:23:03.011132', `customer_id` = 6104, `model_id` = 129, `vin_number` = '711003900837587881', `date_produced` = '2017-05-27', `value_estimated` = 590000 WHERE `loan_car`.`id` = 4908;
INSERT INTO `loan_car` (`id`, `created_at`, `updated_at`, `customer_id`, `model_id`, `vin_number`, `date_produced`, `value_estimated`) VALUES (4908, '2022-01-05 12:23:03.011132', '2022-01-05 12:23:03.011132', 6104, 129, '711003900837587881', '2017-05-27', 590000);
UPDATE `loan_account` SET `created_at` = '2022-01-05 18:01:26.548771', `updated_at` = '2022-01-05 18:01:26.548771', `customer_id` = 6104, `number` = '441186415123139081', `balance` = 47500 WHERE `loan_account`.`id` = 5572;
INSERT INTO `loan_account` (`id`, `created_at`, `updated_at`, `customer_id`, `number`, `balance`) VALUES (5572, '2022-01-05 18:01:26.548771', '2022-01-05 18:01:26.548771', 6104, '441186415123139081', 47500);
UPDATE `loan_address` SET `created_at` = '2022-01-05 01:32:38.418283', `updated_at` = '2022-01-05 01:32:38.418283', `province` = '广东省', `city` = '潮州市', `county` = '潮安区', `town` = '凤凰镇', `detail` = '安福路溢盈河畔别墅11号' WHERE `loan_address`.`id` = 9838;
INSERT INTO `loan_address` (`id`, `created_at`, `updated_at`, `province`, `city`, `county`, `town`, `detail`) VALUES (9838, '2022-01-05 01:32:38.418283', '2022-01-05 01:32:38.418283', '广东省', '潮州市', '潮安区', '凤凰镇', '安福路溢盈河畔别墅11号');
UPDATE `loan_customer` SET `created_at` = '2022-01-05 01:32:38.418283', `updated_at` = '2022-01-05 11:06:26.437231', `name` = '宋昕', `id_number` = '746955886490958609', `gender` = 'f', `birthday` = '1990-11-04', `address_id` = 9838, `job_id` = 2028, `salary` = 67000 WHERE `loan_customer`.`id` = 6105;
INSERT INTO `loan_customer` (`id`, `created_at`, `updated_at`, `name`, `id_number`, `gender`, `birthday`, `address_id`, `job_id`, `salary`) VALUES (6105, '2022-01-05 01:32:38.418283', '2022-01-05 11:06:26.437231', '宋昕', '746955886490958609', 'f', '1990-11-04', 9838, 2028, 67000);
UPDATE `loan_address` SET `created_at` = '2022-01-05 08:09:00.101379', `updated_at` = '2022-01-05 08:09:00.101379', `province` = '云南省', `city` = '楚雄彝族自治州', `county` = '武定县', `town` = '田心乡', `detail` = '白水路8号' WHERE `loan_address`.`id` = 9839;
INSERT INTO `loan_address` (`id`, `created_at`, `updated_at`, `province`, `city`, `county`, `town`, `detail`) VALUES (9839, '2022-01-05 08:09:00.101379', '2022-01-05 08:09:00.101379', '云南省', '楚雄彝族自治州', '武定县', '田心乡', '白水路8号');
UPDATE `loan_estate` SET `created_at` = '2022-01-05 08:09:00.101379', `updated_at` = '2022-01-05 08:09:00.101379', `customer_id` = 6105, `address_id` = 9839 WHERE `loan_estate`.`id` = 3643;
INSERT INTO `loan_estate` (`id`, `created_at`, `updated_at`, `customer_id`, `address_id`) VALUES (3643, '2022-01-05 08:09:00.101379', '2022-01-05 08:09:00.101379', 6105, 9839);
UPDATE `loan_account` SET `created_at` = '2022-01-05 22:35:58.058931', `updated_at` = '2022-01-05 22:35:58.058931', `customer_id` = 6105, `number` = '723160075387759632', `balance` = 40262 WHERE `loan_account`.`id` = 5573;
INSERT INTO `loan_account` (`id`, `created_at`, `updated_at`, `customer_id`, `number`, `balance`) VALUES (5573, '2022-01-05 22:35:58.058931', '2022-01-05 22:35:58.058931', 6105, '723160075387759632', 40262);
UPDATE `loan_address` SET `created_at` = '2022-01-05 08:32:56.817349', `updated_at` = '2022-01-05 08:32:56.817349', `province` = '江西省', `city` = '九江市', `county` = '永修县', `town` = '云山企业集团', `detail` = '安国路19号' WHERE `loan_address`.`id` = 9840;
INSERT INTO `loan_address` (`id`, `created_at`, `updated_at`, `province`, `city`, `county`, `town`, `detail`) VALUES (9840, '2022-01-05 08:32:56.817349', '2022-01-05 08:32:56.817349', '江西省', '九江市', '永修县', '云山企业集团', '安国路19号');
UPDATE `loan_customer` SET `created_at` = '2022-01-05 08:32:56.817349', `updated_at` = '2022-01-05 08:32:56.817349', `name` = '钟聪', `id_number` = '786351269063813873', `gender` = 'm', `birthday` = '1989-08-20', `address_id` = 9840, `job_id` = 2029, `salary` = 46000 WHERE `loan_customer`.`id` = 6106;
INSERT INTO `loan_customer` (`id`, `created_at`, `updated_at`, `name`, `id_number`, `gender`, `birthday`, `address_id`, `job_id`, `salary`) VALUES (6106, '2022-01-05 08:32:56.817349', '2022-01-05 08:32:56.817349', '钟聪', '786351269063813873', 'm', '1989-08-20', 9840, 2029, 46000);
UPDATE `loan_account` SET `created_at` = '2022-01-05 08:35:52.849538', `updated_at` = '2022-01-05 08:35:52.849538', `customer_id` = 6106, `number` = '710614489319751999', `balance` = 63981 WHERE `loan_account`.`id` = 5574;
INSERT INTO `loan_account` (`id`, `created_at`, `updated_at`, `customer_id`, `number`, `balance`) VALUES (5574, '2022-01-05 08:35:52.849538', '2022-01-05 08:35:52.849538', 6106, '710614489319751999', 63981);
UPDATE `loan_address` SET `created_at` = '2022-01-05 15:03:10.508354', `updated_at` = '2022-01-05 15:03:10.508354', `province` = '辽宁省', `city` = '鞍山市', `county` = '千山区', `town` = '大屯镇', `detail` = '宝昌路耀江花园70号' WHERE `loan_address`.`id` = 9841;
INSERT INTO `loan_address` (`id`, `created_at`, `updated_at`, `province`, `city`, `county`, `town`, `detail`) VALUES (9841, '2022-01-05 15:03:10.508354', '2022-01-05 15:03:10.508354', '辽宁省', '鞍山市', '千山区', '大屯镇', '宝昌路耀江花园70号');
UPDATE `loan_customer` SET `created_at` = '2022-01-05 15:03:10.508354', `updated_at` = '2022-01-05 23:35:33.692801', `name` = '韩翠岚', `id_number` = '106257240187541986', `gender` = 'm', `birthday` = '1982-04-05', `address_id` = 9841, `job_id` = 2029, `salary` = 34000 WHERE `loan_customer`.`id` = 6107;
INSERT INTO `loan_customer` (`id`, `created_at`, `updated_at`, `name`, `id_number`, `gender`, `birthday`, `address_id`, `job_id`, `salary`) VALUES (6107, '2022-01-05 15:03:10.508354', '2022-01-05 23:35:33.692801', '韩翠岚', '106257240187541986', 'm', '1982-04-05', 9841, 2029, 34000);
UPDATE `loan_chattel` SET `created_at` = '2022-01-05 20:12:49.048266', `updated_at` = '2022-01-05 20:12:49.048266', `customer_id` = 6107, `type` = 'receivable', `description` = '一些信息', `value_amount` = 490000, `expired_at` = '2025-03-22' WHERE `loan_chattel`.`id` = 1794;
INSERT INTO `loan_chattel` (`id`, `created_at`, `updated_at`, `customer_id`, `type`, `description`, `value_amount`, `expired_at`) VALUES (1794, '2022-01-05 20:12:49.048266', '2022-01-05 20:12:49.048266', 6107, 'receivable', '一些信息', 490000, '2025-03-22');
UPDATE `loan_account` SET `created_at` = '2022-01-05 17:01:01.022882', `updated_at` = '2022-01-05 22:27:08.415714', `customer_id` = 6107, `number` = '708614675952387931', `balance` = 0 WHERE `loan_account`.`id` = 5575;
INSERT INTO `loan_account` (`id`, `created_at`, `updated_at`, `customer_id`, `number`, `balance`) VALUES (5575, '2022-01-05 17:01:01.022882', '2022-01-05 22:27:08.415714', 6107, '708614675952387931', 0);
UPDATE `loan_address` SET `created_at` = '2022-01-05 00:14:50.071991', `updated_at` = '2022-01-05 00:14:50.071991', `province` = '新疆维吾尔自治区', `city` = '阿克苏地区', `county` = '阿瓦提县', `town` = '多浪乡', `detail` = '宝昌路192号' WHERE `loan_address`.`id` = 9842;
INSERT INTO `loan_address` (`id`, `created_at`, `updated_at`, `province`, `city`, `county`, `town`, `detail`) VALUES (9842, '2022-01-05 00:14:50.071991', '2022-01-05 00:14:50.071991', '新疆维吾尔自治区', '阿克苏地区', '阿瓦提县', '多浪乡', '宝昌路192号');
UPDATE `loan_customer` SET `created_at` = '2022-01-05 00:14:50.071991', `updated_at` = '2022-01-05 23:38:39.777150', `name` = '杨贵', `id_number` = '312040500403259611', `gender` = 'm', `birthday` = '2005-11-26', `address_id` = 9842, `job_id` = 2029, `salary` = 81000 WHERE `loan_customer`.`id` = 6108;
INSERT INTO `loan_customer` (`id`, `created_at`, `updated_at`, `name`, `id_number`, `gender`, `birthday`, `address_id`, `job_id`, `salary`) VALUES (6108, '2022-01-05 00:14:50.071991', '2022-01-05 23:38:39.777150', '杨贵', '312040500403259611', 'm', '2005-11-26', 9842, 2029, 81000);
UPDATE `loan_car` SET `created_at` = '2022-01-05 15:01:44.666107', `updated_at` = '2022-01-05 15:01:44.666107', `customer_id` = 6108, `model_id` = 15, `vin_number` = '916175989065406671', `date_produced` = '2015-09-17', `value_estimated` = 420000 WHERE `loan_car`.`id` = 4909;
INSERT INTO `loan_car` (`id`, `created_at`, `updated_at`, `customer_id`, `model_id`, `vin_number`, `date_produced`, `value_estimated`) VALUES (4909, '2022-01-05 15:01:44.666107', '2022-01-05 15:01:44.666107', 6108, 15, '916175989065406671', '2015-09-17', 420000);
UPDATE `loan_account` SET `created_at` = '2022-01-05 11:49:36.505740', `updated_at` = '2022-01-05 11:49:36.505740', `customer_id` = 6108, `number` = '704194042499488177', `balance` = 64040 WHERE `loan_account`.`id` = 5576;
INSERT INTO `loan_account` (`id`, `created_at`, `updated_at`, `customer_id`, `number`, `balance`) VALUES (5576, '2022-01-05 11:49:36.505740', '2022-01-05 11:49:36.505740', 6108, '704194042499488177', 64040);
UPDATE `loan_address` SET `created_at` = '2022-01-05 23:35:30.600640', `updated_at` = '2022-01-05 23:35:30.600640', `province` = '云南省', `city` = '临沧市', `county` = '耿马傣族佤族自治县', `town` = '耿马镇', `detail` = '白渡桥89号' WHERE `loan_address`.`id` = 9843;
INSERT INTO `loan_address` (`id`, `created_at`, `updated_at`, `province`, `city`, `county`, `town`, `detail`) VALUES (9843, '2022-01-05 23:35:30.600640', '2022-01-05 23:35:30.600640', '云南省', '临沧市', '耿马傣族佤族自治县', '耿马镇', '白渡桥89号');
UPDATE `loan_customer` SET `created_at` = '2022-01-05 23:35:30.600640', `updated_at` = '2022-01-05 23:42:48.130559', `name` = '白沙羽', `id_number` = '645738351182120670', `gender` = 'f', `birthday` = '1987-08-30', `address_id` = 9843, `job_id` = 2029, `salary` = 61000 WHERE `loan_customer`.`id` = 6109;
INSERT INTO `loan_customer` (`id`, `created_at`, `updated_at`, `name`, `id_number`, `gender`, `birthday`, `address_id`, `job_id`, `salary`) VALUES (6109, '2022-01-05 23:35:30.600640', '2022-01-05 23:42:48.130559', '白沙羽', '645738351182120670', 'f', '1987-08-30', 9843, 2029, 61000);
UPDATE `loan_address` SET `created_at` = '2022-01-05 23:39:21.335506', `updated_at` = '2022-01-05 23:39:21.335506', `province` = '西藏自治区', `city` = '昌都市', `county` = '贡觉县', `town` = '哈加乡', `detail` = '百安路（方泰镇）133号' WHERE `loan_address`.`id` = 9844;
INSERT INTO `loan_address` (`id`, `created_at`, `updated_at`, `province`, `city`, `county`, `town`, `detail`) VALUES (9844, '2022-01-05 23:39:21.335506', '2022-01-05 23:39:21.335506', '西藏自治区', '昌都市', '贡觉县', '哈加乡', '百安路（方泰镇）133号');
UPDATE `loan_estate` SET `created_at` = '2022-01-05 23:39:21.335506', `updated_at` = '2022-01-05 23:39:21.335506', `customer_id` = 6109, `address_id` = 9844 WHERE `loan_estate`.`id` = 3644;
INSERT INTO `loan_estate` (`id`, `created_at`, `updated_at`, `customer_id`, `address_id`) VALUES (3644, '2022-01-05 23:39:21.335506', '2022-01-05 23:39:21.335506', 6109, 9844);
UPDATE `loan_car` SET `created_at` = '2022-01-05 23:44:09.444972', `updated_at` = '2022-01-05 23:44:09.444972', `customer_id` = 6109, `model_id` = 242, `vin_number` = '022401935419697244', `date_produced` = '2015-09-27', `value_estimated` = 80000 WHERE `loan_car`.`id` = 4910;
INSERT INTO `loan_car` (`id`, `created_at`, `updated_at`, `customer_id`, `model_id`, `vin_number`, `date_produced`, `value_estimated`) VALUES (4910, '2022-01-05 23:44:09.444972', '2022-01-05 23:44:09.444972', 6109, 242, '022401935419697244', '2015-09-27', 80000);
UPDATE `loan_car` SET `created_at` = '2022-01-05 23:40:31.361485', `updated_at` = '2022-01-05 23:50:54.302710', `customer_id` = 6109, `model_id` = 305, `vin_number` = '081578872568496969', `date_produced` = '2010-04-07', `value_estimated` = 90000 WHERE `loan_car`.`id` = 4911;
INSERT INTO `loan_car` (`id`, `created_at`, `updated_at`, `customer_id`, `model_id`, `vin_number`, `date_produced`, `value_estimated`) VALUES (4911, '2022-01-05 23:40:31.361485', '2022-01-05 23:50:54.302710', 6109, 305, '081578872568496969', '2010-04-07', 90000);
UPDATE `loan_account` SET `created_at` = '2022-01-05 23:42:40.825953', `updated_at` = '2022-01-05 23:53:39.626249', `customer_id` = 6109, `number` = '504371931954875509', `balance` = 59623 WHERE `loan_account`.`id` = 5577;
INSERT INTO `loan_account` (`id`, `created_at`, `updated_at`, `customer_id`, `number`, `balance`) VALUES (5577, '2022-01-05 23:42:40.825953', '2022-01-05 23:53:39.626249', 6109, '504371931954875509', 59623);
UPDATE `loan_address` SET `created_at` = '2022-01-05 16:27:48.723140', `updated_at` = '2022-01-05 16:27:48.723140', `province` = '四川省', `city` = '眉山市', `county` = '仁寿县', `town` = '鳌陵乡', `detail` = '安仁路协通公寓49号' WHERE `loan_address`.`id` = 9845;
INSERT INTO `loan_address` (`id`, `created_at`, `updated_at`, `province`, `city`, `county`, `town`, `detail`) VALUES (9845, '2022-01-05 16:27:48.723140', '2022-01-05 16:27:48.723140', '四川省', '眉山市', '仁寿县', '鳌陵乡', '安仁路协通公寓49号');
UPDATE `loan_customer` SET `created_at` = '2022-01-05 16:27:48.723140', `updated_at` = '2022-01-05 19:58:59.392822', `name` = '孟丽', `id_number` = '280793781212442691', `gender` = 'f', `birthday` = '1991-02-18', `address_id` = 9845, `job_id` = 2030, `salary` = 5000 WHERE `loan_customer`.`id` = 6110;
INSERT INTO `loan_customer` (`id`, `created_at`, `updated_at`, `name`, `id_number`, `gender`, `birthday`, `address_id`, `job_id`, `salary`) VALUES (6110, '2022-01-05 16:27:48.723140', '2022-01-05 19:58:59.392822', '孟丽', '280793781212442691', 'f', '1991-02-18', 9845, 2030, 5000);
UPDATE `loan_chattel` SET `created_at` = '2022-01-05 16:52:03.638212', `updated_at` = '2022-01-05 19:03:37.016677', `customer_id` = 6110, `type` = 'receivable', `description` = '一些信息', `value_amount` = 670000, `expired_at` = '2031-12-25' WHERE `loan_chattel`.`id` = 1795;
INSERT INTO `loan_chattel` (`id`, `created_at`, `updated_at`, `customer_id`, `type`, `description`, `value_amount`, `expired_at`) VALUES (1795, '2022-01-05 16:52:03.638212', '2022-01-05 19:03:37.016677', 6110, 'receivable', '一些信息', 670000, '2031-12-25');
UPDATE `loan_address` SET `created_at` = '2022-01-05 21:25:40.591183', `updated_at` = '2022-01-05 21:25:40.591183', `province` = '甘肃省', `city` = '兰州市', `county` = '城关区', `town` = '焦家湾街道', `detail` = '板泉路和亭佳苑74号' WHERE `loan_address`.`id` = 9846;
INSERT INTO `loan_address` (`id`, `created_at`, `updated_at`, `province`, `city`, `county`, `town`, `detail`) VALUES (9846, '2022-01-05 21:25:40.591183', '2022-01-05 21:25:40.591183', '甘肃省', '兰州市', '城关区', '焦家湾街道', '板泉路和亭佳苑74号');
UPDATE `loan_estate` SET `created_at` = '2022-01-05 21:25:40.591183', `updated_at` = '2022-01-05 21:25:40.591183', `customer_id` = 6110, `address_id` = 9846 WHERE `loan_estate`.`id` = 3645;
INSERT INTO `loan_estate` (`id`, `created_at`, `updated_at`, `customer_id`, `address_id`) VALUES (3645, '2022-01-05 21:25:40.591183', '2022-01-05 21:25:40.591183', 6110, 9846);
UPDATE `loan_address` SET `created_at` = '2022-01-05 17:30:57.410511', `updated_at` = '2022-01-05 17:30:57.410511', `province` = '新疆维吾尔自治区', `city` = '喀什地区', `county` = '麦盖提县', `town` = '麦盖提镇', `detail` = '安远路131号' WHERE `loan_address`.`id` = 9847;
INSERT INTO `loan_address` (`id`, `created_at`, `updated_at`, `province`, `city`, `county`, `town`, `detail`) VALUES (9847, '2022-01-05 17:30:57.410511', '2022-01-05 17:30:57.410511', '新疆维吾尔自治区', '喀什地区', '麦盖提县', '麦盖提镇', '安远路131号');
UPDATE `loan_estate` SET `created_at` = '2022-01-05 17:30:57.410511', `updated_at` = '2022-01-05 17:30:57.410511', `customer_id` = 6110, `address_id` = 9847 WHERE `loan_estate`.`id` = 3646;
INSERT INTO `loan_estate` (`id`, `created_at`, `updated_at`, `customer_id`, `address_id`) VALUES (3646, '2022-01-05 17:30:57.410511', '2022-01-05 17:30:57.410511', 6110, 9847);
UPDATE `loan_car` SET `created_at` = '2022-01-05 22:32:55.937802', `updated_at` = '2022-01-05 23:27:16.482914', `customer_id` = 6110, `model_id` = 127, `vin_number` = '209344601830107690', `date_produced` = '2014-01-19', `value_estimated` = 70000 WHERE `loan_car`.`id` = 4912;
INSERT INTO `loan_car` (`id`, `created_at`, `updated_at`, `customer_id`, `model_id`, `vin_number`, `date_produced`, `value_estimated`) VALUES (4912, '2022-01-05 22:32:55.937802', '2022-01-05 23:27:16.482914', 6110, 127, '209344601830107690', '2014-01-19', 70000);
UPDATE `loan_account` SET `created_at` = '2022-01-05 21:26:05.596103', `updated_at` = '2022-01-05 21:26:05.596103', `customer_id` = 6110, `number` = '277717761831778177', `balance` = 0 WHERE `loan_account`.`id` = 5578;
INSERT INTO `loan_account` (`id`, `created_at`, `updated_at`, `customer_id`, `number`, `balance`) VALUES (5578, '2022-01-05 21:26:05.596103', '2022-01-05 21:26:05.596103', 6110, '277717761831778177', 0);
UPDATE `loan_address` SET `created_at` = '2022-01-05 05:19:23.939421', `updated_at` = '2022-01-05 05:19:23.939421', `province` = '天津市', `city` = '市辖区', `county` = '蓟州区', `town` = '渔阳镇', `detail` = '鞍山路溢盈河畔别墅129号' WHERE `loan_address`.`id` = 9848;
INSERT INTO `loan_address` (`id`, `created_at`, `updated_at`, `province`, `city`, `county`, `town`, `detail`) VALUES (9848, '2022-01-05 05:19:23.939421', '2022-01-05 05:19:23.939421', '天津市', '市辖区', '蓟州区', '渔阳镇', '鞍山路溢盈河畔别墅129号');
UPDATE `loan_customer` SET `created_at` = '2022-01-05 05:19:23.939421', `updated_at` = '2022-01-05 19:32:00.409963', `name` = '石禅', `id_number` = '737803833481178904', `gender` = 'm', `birthday` = '1995-11-14', `address_id` = 9848, `job_id` = 2030, `salary` = 20000 WHERE `loan_customer`.`id` = 6111;
INSERT INTO `loan_customer` (`id`, `created_at`, `updated_at`, `name`, `id_number`, `gender`, `birthday`, `address_id`, `job_id`, `salary`) VALUES (6111, '2022-01-05 05:19:23.939421', '2022-01-05 19:32:00.409963', '石禅', '737803833481178904', 'm', '1995-11-14', 9848, 2030, 20000);
UPDATE `loan_account` SET `created_at` = '2022-01-05 21:36:05.882253', `updated_at` = '2022-01-05 21:36:05.882253', `customer_id` = 6111, `number` = '767032759438820251', `balance` = 93296 WHERE `loan_account`.`id` = 5579;
INSERT INTO `loan_account` (`id`, `created_at`, `updated_at`, `customer_id`, `number`, `balance`) VALUES (5579, '2022-01-05 21:36:05.882253', '2022-01-05 21:36:05.882253', 6111, '767032759438820251', 93296);
UPDATE `loan_address` SET `created_at` = '2022-01-05 22:58:33.815618', `updated_at` = '2022-01-05 22:58:33.815618', `province` = '江西省', `city` = '宜春市', `county` = '丰城市', `town` = '丽村镇', `detail` = '安龙路196号' WHERE `loan_address`.`id` = 9849;
INSERT INTO `loan_address` (`id`, `created_at`, `updated_at`, `province`, `city`, `county`, `town`, `detail`) VALUES (9849, '2022-01-05 22:58:33.815618', '2022-01-05 22:58:33.815618', '江西省', '宜春市', '丰城市', '丽村镇', '安龙路196号');
UPDATE `loan_customer` SET `created_at` = '2022-01-05 22:58:33.815618', `updated_at` = '2022-01-05 23:32:03.953286', `name` = '潘澜', `id_number` = '706604583610582570', `gender` = 'f', `birthday` = '2000-12-26', `address_id` = 9849, `job_id` = 2030, `salary` = 40000 WHERE `loan_customer`.`id` = 6112;
INSERT INTO `loan_customer` (`id`, `created_at`, `updated_at`, `name`, `id_number`, `gender`, `birthday`, `address_id`, `job_id`, `salary`) VALUES (6112, '2022-01-05 22:58:33.815618', '2022-01-05 23:32:03.953286', '潘澜', '706604583610582570', 'f', '2000-12-26', 9849, 2030, 40000);
UPDATE `loan_address` SET `created_at` = '2022-01-05 23:43:09.087366', `updated_at` = '2022-01-05 23:43:09.087366', `province` = '甘肃省', `city` = '甘南藏族自治州', `county` = '夏河县', `town` = '王格尔塘镇', `detail` = '白城路122号' WHERE `loan_address`.`id` = 9850;
INSERT INTO `loan_address` (`id`, `created_at`, `updated_at`, `province`, `city`, `county`, `town`, `detail`) VALUES (9850, '2022-01-05 23:43:09.087366', '2022-01-05 23:43:09.087366', '甘肃省', '甘南藏族自治州', '夏河县', '王格尔塘镇', '白城路122号');
UPDATE `loan_estate` SET `created_at` = '2022-01-05 23:43:09.087366', `updated_at` = '2022-01-05 23:43:09.087366', `customer_id` = 6112, `address_id` = 9850 WHERE `loan_estate`.`id` = 3647;
INSERT INTO `loan_estate` (`id`, `created_at`, `updated_at`, `customer_id`, `address_id`) VALUES (3647, '2022-01-05 23:43:09.087366', '2022-01-05 23:43:09.087366', 6112, 9850);
UPDATE `loan_account` SET `created_at` = '2022-01-05 23:51:12.958435', `updated_at` = '2022-01-05 23:51:12.958435', `customer_id` = 6112, `number` = '268202209482643415', `balance` = 65334 WHERE `loan_account`.`id` = 5580;
INSERT INTO `loan_account` (`id`, `created_at`, `updated_at`, `customer_id`, `number`, `balance`) VALUES (5580, '2022-01-05 23:51:12.958435', '2022-01-05 23:51:12.958435', 6112, '268202209482643415', 65334);
UPDATE `loan_address` SET `created_at` = '2022-01-05 18:51:23.330085', `updated_at` = '2022-01-05 18:51:23.330085', `province` = '广东省', `city` = '清远市', `county` = '连州市', `town` = '连州镇', `detail` = '百安路（方泰镇）复华城市花园176号' WHERE `loan_address`.`id` = 9851;
INSERT INTO `loan_address` (`id`, `created_at`, `updated_at`, `province`, `city`, `county`, `town`, `detail`) VALUES (9851, '2022-01-05 18:51:23.330085', '2022-01-05 18:51:23.330085', '广东省', '清远市', '连州市', '连州镇', '百安路（方泰镇）复华城市花园176号');
UPDATE `loan_customer` SET `created_at` = '2022-01-05 18:51:23.330085', `updated_at` = '2022-01-05 18:51:23.330085', `name` = '武桂', `id_number` = '454296862621515632', `gender` = 'f', `birthday` = '1998-12-31', `address_id` = 9851, `job_id` = 2030, `salary` = 57000 WHERE `loan_customer`.`id` = 6113;
INSERT INTO `loan_customer` (`id`, `created_at`, `updated_at`, `name`, `id_number`, `gender`, `birthday`, `address_id`, `job_id`, `salary`) VALUES (6113, '2022-01-05 18:51:23.330085', '2022-01-05 18:51:23.330085', '武桂', '454296862621515632', 'f', '1998-12-31', 9851, 2030, 57000);
UPDATE `loan_chattel` SET `created_at` = '2022-01-05 18:59:54.566076', `updated_at` = '2022-01-05 18:59:54.566076', `customer_id` = 6113, `type` = 'deposit', `description` = '一些信息', `value_amount` = 400000, `expired_at` = '2028-07-15' WHERE `loan_chattel`.`id` = 1796;
INSERT INTO `loan_chattel` (`id`, `created_at`, `updated_at`, `customer_id`, `type`, `description`, `value_amount`, `expired_at`) VALUES (1796, '2022-01-05 18:59:54.566076', '2022-01-05 18:59:54.566076', 6113, 'deposit', '一些信息', 400000, '2028-07-15');
UPDATE `loan_address` SET `created_at` = '2022-01-05 20:04:19.215767', `updated_at` = '2022-01-05 20:04:19.215767', `province` = '甘肃省', `city` = '临夏回族自治州', `county` = '临夏县', `town` = '掌子沟乡', `detail` = '安德路东新大厦12号' WHERE `loan_address`.`id` = 9852;
INSERT INTO `loan_address` (`id`, `created_at`, `updated_at`, `province`, `city`, `county`, `town`, `detail`) VALUES (9852, '2022-01-05 20:04:19.215767', '2022-01-05 20:04:19.215767', '甘肃省', '临夏回族自治州', '临夏县', '掌子沟乡', '安德路东新大厦12号');
UPDATE `loan_estate` SET `created_at` = '2022-01-05 20:04:19.215767', `updated_at` = '2022-01-05 20:04:19.215767', `customer_id` = 6113, `address_id` = 9852 WHERE `loan_estate`.`id` = 3648;
INSERT INTO `loan_estate` (`id`, `created_at`, `updated_at`, `customer_id`, `address_id`) VALUES (3648, '2022-01-05 20:04:19.215767', '2022-01-05 20:04:19.215767', 6113, 9852);
UPDATE `loan_account` SET `created_at` = '2022-01-05 20:30:27.651635', `updated_at` = '2022-01-05 20:30:27.651635', `customer_id` = 6113, `number` = '115581891414536318', `balance` = 121808 WHERE `loan_account`.`id` = 5581;
INSERT INTO `loan_account` (`id`, `created_at`, `updated_at`, `customer_id`, `number`, `balance`) VALUES (5581, '2022-01-05 20:30:27.651635', '2022-01-05 20:30:27.651635', 6113, '115581891414536318', 121808);
UPDATE `loan_address` SET `created_at` = '2022-01-05 11:42:35.689366', `updated_at` = '2022-01-05 11:42:35.689366', `province` = '福建省', `city` = '三明市', `county` = '将乐县', `town` = '南口乡', `detail` = '百安路（方泰镇）166号' WHERE `loan_address`.`id` = 9853;
INSERT INTO `loan_address` (`id`, `created_at`, `updated_at`, `province`, `city`, `county`, `town`, `detail`) VALUES (9853, '2022-01-05 11:42:35.689366', '2022-01-05 11:42:35.689366', '福建省', '三明市', '将乐县', '南口乡', '百安路（方泰镇）166号');
UPDATE `loan_customer` SET `created_at` = '2022-01-05 11:42:35.689366', `updated_at` = '2022-01-05 22:21:03.970385', `name` = '何灵', `id_number` = '277427287906759234', `gender` = 'm', `birthday` = '2002-01-07', `address_id` = 9853, `job_id` = 2031, `salary` = 11000 WHERE `loan_customer`.`id` = 6114;
INSERT INTO `loan_customer` (`id`, `created_at`, `updated_at`, `name`, `id_number`, `gender`, `birthday`, `address_id`, `job_id`, `salary`) VALUES (6114, '2022-01-05 11:42:35.689366', '2022-01-05 22:21:03.970385', '何灵', '277427287906759234', 'm', '2002-01-07', 9853, 2031, 11000);
UPDATE `loan_address` SET `created_at` = '2022-01-05 17:23:16.523133', `updated_at` = '2022-01-05 17:23:16.523133', `province` = '黑龙江省', `city` = '黑河市', `county` = '孙吴县', `town` = '孙吴镇', `detail` = '安仁路金色家园54号' WHERE `loan_address`.`id` = 9854;
INSERT INTO `loan_address` (`id`, `created_at`, `updated_at`, `province`, `city`, `county`, `town`, `detail`) VALUES (9854, '2022-01-05 17:23:16.523133', '2022-01-05 17:23:16.523133', '黑龙江省', '黑河市', '孙吴县', '孙吴镇', '安仁路金色家园54号');
UPDATE `loan_estate` SET `created_at` = '2022-01-05 17:23:16.523133', `updated_at` = '2022-01-05 17:23:16.523133', `customer_id` = 6114, `address_id` = 9854 WHERE `loan_estate`.`id` = 3649;
INSERT INTO `loan_estate` (`id`, `created_at`, `updated_at`, `customer_id`, `address_id`) VALUES (3649, '2022-01-05 17:23:16.523133', '2022-01-05 17:23:16.523133', 6114, 9854);
UPDATE `loan_car` SET `created_at` = '2022-01-05 13:58:36.902929', `updated_at` = '2022-01-05 23:21:27.798375', `customer_id` = 6114, `model_id` = 206, `vin_number` = '961251545386310366', `date_produced` = '2017-12-30', `value_estimated` = 60000 WHERE `loan_car`.`id` = 4913;
INSERT INTO `loan_car` (`id`, `created_at`, `updated_at`, `customer_id`, `model_id`, `vin_number`, `date_produced`, `value_estimated`) VALUES (4913, '2022-01-05 13:58:36.902929', '2022-01-05 23:21:27.798375', 6114, 206, '961251545386310366', '2017-12-30', 60000);
UPDATE `loan_account` SET `created_at` = '2022-01-05 22:47:32.619048', `updated_at` = '2022-01-05 22:47:32.619048', `customer_id` = 6114, `number` = '794446846204121151', `balance` = 0 WHERE `loan_account`.`id` = 5582;
INSERT INTO `loan_account` (`id`, `created_at`, `updated_at`, `customer_id`, `number`, `balance`) VALUES (5582, '2022-01-05 22:47:32.619048', '2022-01-05 22:47:32.619048', 6114, '794446846204121151', 0);
UPDATE `loan_address` SET `created_at` = '2022-01-05 05:25:12.181141', `updated_at` = '2022-01-05 05:25:12.181141', `province` = '四川省', `city` = '广安市', `county` = '武胜县', `town` = '华封镇', `detail` = '百色路爱里舍花园160号' WHERE `loan_address`.`id` = 9855;
INSERT INTO `loan_address` (`id`, `created_at`, `updated_at`, `province`, `city`, `county`, `town`, `detail`) VALUES (9855, '2022-01-05 05:25:12.181141', '2022-01-05 05:25:12.181141', '四川省', '广安市', '武胜县', '华封镇', '百色路爱里舍花园160号');
UPDATE `loan_customer` SET `created_at` = '2022-01-05 05:25:12.181141', `updated_at` = '2022-01-05 20:52:05.442779', `name` = '贺婧瑶', `id_number` = '103140464644274309', `gender` = 'f', `birthday` = '1991-10-11', `address_id` = 9855, `job_id` = 2031, `salary` = 6000 WHERE `loan_customer`.`id` = 6115;
INSERT INTO `loan_customer` (`id`, `created_at`, `updated_at`, `name`, `id_number`, `gender`, `birthday`, `address_id`, `job_id`, `salary`) VALUES (6115, '2022-01-05 05:25:12.181141', '2022-01-05 20:52:05.442779', '贺婧瑶', '103140464644274309', 'f', '1991-10-11', 9855, 2031, 6000);
UPDATE `loan_car` SET `created_at` = '2022-01-05 12:53:14.040536', `updated_at` = '2022-01-05 23:30:05.260139', `customer_id` = 6115, `model_id` = 113, `vin_number` = '934907379001208482', `date_produced` = '2017-10-25', `value_estimated` = 100000 WHERE `loan_car`.`id` = 4914;
INSERT INTO `loan_car` (`id`, `created_at`, `updated_at`, `customer_id`, `model_id`, `vin_number`, `date_produced`, `value_estimated`) VALUES (4914, '2022-01-05 12:53:14.040536', '2022-01-05 23:30:05.260139', 6115, 113, '934907379001208482', '2017-10-25', 100000);
UPDATE `loan_account` SET `created_at` = '2022-01-05 12:04:11.152978', `updated_at` = '2022-01-05 12:04:11.152978', `customer_id` = 6115, `number` = '522706860084577409', `balance` = 66906 WHERE `loan_account`.`id` = 5583;
INSERT INTO `loan_account` (`id`, `created_at`, `updated_at`, `customer_id`, `number`, `balance`) VALUES (5583, '2022-01-05 12:04:11.152978', '2022-01-05 12:04:11.152978', 6115, '522706860084577409', 66906);
UPDATE `loan_address` SET `created_at` = '2022-01-05 13:09:07.064701', `updated_at` = '2022-01-05 13:09:07.064701', `province` = '陕西省', `city` = '榆林市', `county` = '佳县', `town` = '木头峪镇', `detail` = '安顺路59号' WHERE `loan_address`.`id` = 9856;
INSERT INTO `loan_address` (`id`, `created_at`, `updated_at`, `province`, `city`, `county`, `town`, `detail`) VALUES (9856, '2022-01-05 13:09:07.064701', '2022-01-05 13:09:07.064701', '陕西省', '榆林市', '佳县', '木头峪镇', '安顺路59号');
UPDATE `loan_customer` SET `created_at` = '2022-01-05 13:09:07.064701', `updated_at` = '2022-01-05 13:09:07.064701', `name` = '汪从蓉', `id_number` = '756183032385325296', `gender` = 'm', `birthday` = '2003-06-04', `address_id` = 9856, `job_id` = 2031, `salary` = 5000 WHERE `loan_customer`.`id` = 6116;
INSERT INTO `loan_customer` (`id`, `created_at`, `updated_at`, `name`, `id_number`, `gender`, `birthday`, `address_id`, `job_id`, `salary`) VALUES (6116, '2022-01-05 13:09:07.064701', '2022-01-05 13:09:07.064701', '汪从蓉', '756183032385325296', 'm', '2003-06-04', 9856, 2031, 5000);
UPDATE `loan_address` SET `created_at` = '2022-01-05 22:26:34.723067', `updated_at` = '2022-01-05 22:26:34.723067', `province` = '四川省', `city` = '眉山市', `county` = '仁寿县', `town` = '鳌陵乡', `detail` = '宝联路99号' WHERE `loan_address`.`id` = 9857;
INSERT INTO `loan_address` (`id`, `created_at`, `updated_at`, `province`, `city`, `county`, `town`, `detail`) VALUES (9857, '2022-01-05 22:26:34.723067', '2022-01-05 22:26:34.723067', '四川省', '眉山市', '仁寿县', '鳌陵乡', '宝联路99号');
UPDATE `loan_estate` SET `created_at` = '2022-01-05 22:26:34.723067', `updated_at` = '2022-01-05 22:26:34.723067', `customer_id` = 6116, `address_id` = 9857 WHERE `loan_estate`.`id` = 3650;
INSERT INTO `loan_estate` (`id`, `created_at`, `updated_at`, `customer_id`, `address_id`) VALUES (3650, '2022-01-05 22:26:34.723067', '2022-01-05 22:26:34.723067', 6116, 9857);
UPDATE `loan_account` SET `created_at` = '2022-01-05 23:58:09.328381', `updated_at` = '2022-01-05 23:58:09.328381', `customer_id` = 6116, `number` = '158279700548231840', `balance` = 55375 WHERE `loan_account`.`id` = 5584;
INSERT INTO `loan_account` (`id`, `created_at`, `updated_at`, `customer_id`, `number`, `balance`) VALUES (5584, '2022-01-05 23:58:09.328381', '2022-01-05 23:58:09.328381', 6116, '158279700548231840', 55375);
UPDATE `loan_address` SET `created_at` = '2022-01-05 04:43:13.693909', `updated_at` = '2022-01-05 04:43:13.693909', `province` = '浙江省', `city` = '温州市', `county` = '文成县', `town` = '双桂乡', `detail` = '澳门路博泰新苑96号' WHERE `loan_address`.`id` = 9858;
INSERT INTO `loan_address` (`id`, `created_at`, `updated_at`, `province`, `city`, `county`, `town`, `detail`) VALUES (9858, '2022-01-05 04:43:13.693909', '2022-01-05 04:43:13.693909', '浙江省', '温州市', '文成县', '双桂乡', '澳门路博泰新苑96号');
UPDATE `loan_customer` SET `created_at` = '2022-01-05 04:43:13.693909', `updated_at` = '2022-01-05 05:54:32.608527', `name` = '康飞', `id_number` = '777195927147714793', `gender` = 'm', `birthday` = '1983-05-02', `address_id` = 9858, `job_id` = 2031, `salary` = 7000 WHERE `loan_customer`.`id` = 6117;
INSERT INTO `loan_customer` (`id`, `created_at`, `updated_at`, `name`, `id_number`, `gender`, `birthday`, `address_id`, `job_id`, `salary`) VALUES (6117, '2022-01-05 04:43:13.693909', '2022-01-05 05:54:32.608527', '康飞', '777195927147714793', 'm', '1983-05-02', 9858, 2031, 7000);
UPDATE `loan_car` SET `created_at` = '2022-01-05 20:13:30.678034', `updated_at` = '2022-01-05 20:13:30.678034', `customer_id` = 6117, `model_id` = 21, `vin_number` = '598691123461659392', `date_produced` = '2014-04-23', `value_estimated` = 360000 WHERE `loan_car`.`id` = 4915;
INSERT INTO `loan_car` (`id`, `created_at`, `updated_at`, `customer_id`, `model_id`, `vin_number`, `date_produced`, `value_estimated`) VALUES (4915, '2022-01-05 20:13:30.678034', '2022-01-05 20:13:30.678034', 6117, 21, '598691123461659392', '2014-04-23', 360000);
UPDATE `loan_car` SET `created_at` = '2022-01-05 11:47:16.621485', `updated_at` = '2022-01-05 11:47:16.621485', `customer_id` = 6117, `model_id` = 127, `vin_number` = '571424834976941812', `date_produced` = '2011-10-29', `value_estimated` = 300000 WHERE `loan_car`.`id` = 4916;
INSERT INTO `loan_car` (`id`, `created_at`, `updated_at`, `customer_id`, `model_id`, `vin_number`, `date_produced`, `value_estimated`) VALUES (4916, '2022-01-05 11:47:16.621485', '2022-01-05 11:47:16.621485', 6117, 127, '571424834976941812', '2011-10-29', 300000);
UPDATE `loan_account` SET `created_at` = '2022-01-05 22:49:48.727734', `updated_at` = '2022-01-05 22:49:48.727734', `customer_id` = 6117, `number` = '905465907207646125', `balance` = 53349 WHERE `loan_account`.`id` = 5585;
INSERT INTO `loan_account` (`id`, `created_at`, `updated_at`, `customer_id`, `number`, `balance`) VALUES (5585, '2022-01-05 22:49:48.727734', '2022-01-05 22:49:48.727734', 6117, '905465907207646125', 53349);
UPDATE `loan_address` SET `created_at` = '2022-01-05 13:44:31.323650', `updated_at` = '2022-01-05 13:44:31.323650', `province` = '甘肃省', `city` = '兰州市', `county` = '城关区', `town` = '焦家湾街道', `detail` = '宝山路173号' WHERE `loan_address`.`id` = 9859;
INSERT INTO `loan_address` (`id`, `created_at`, `updated_at`, `province`, `city`, `county`, `town`, `detail`) VALUES (9859, '2022-01-05 13:44:31.323650', '2022-01-05 13:44:31.323650', '甘肃省', '兰州市', '城关区', '焦家湾街道', '宝山路173号');
UPDATE `loan_customer` SET `created_at` = '2022-01-05 13:44:31.323650', `updated_at` = '2022-01-05 13:44:31.323650', `name` = '易璇', `id_number` = '495786770801843506', `gender` = 'f', `birthday` = '2001-08-20', `address_id` = 9859, `job_id` = 2032, `salary` = 19000 WHERE `loan_customer`.`id` = 6118;
INSERT INTO `loan_customer` (`id`, `created_at`, `updated_at`, `name`, `id_number`, `gender`, `birthday`, `address_id`, `job_id`, `salary`) VALUES (6118, '2022-01-05 13:44:31.323650', '2022-01-05 13:44:31.323650', '易璇', '495786770801843506', 'f', '2001-08-20', 9859, 2032, 19000);
UPDATE `loan_address` SET `created_at` = '2022-01-05 16:46:53.887608', `updated_at` = '2022-01-05 16:46:53.887608', `province` = '山西省', `city` = '太原市', `county` = '阳曲县', `town` = '大盂镇', `detail` = '宝源路95号' WHERE `loan_address`.`id` = 9860;
INSERT INTO `loan_address` (`id`, `created_at`, `updated_at`, `province`, `city`, `county`, `town`, `detail`) VALUES (9860, '2022-01-05 16:46:53.887608', '2022-01-05 16:46:53.887608', '山西省', '太原市', '阳曲县', '大盂镇', '宝源路95号');
UPDATE `loan_estate` SET `created_at` = '2022-01-05 16:46:53.887608', `updated_at` = '2022-01-05 16:46:53.887608', `customer_id` = 6118, `address_id` = 9860 WHERE `loan_estate`.`id` = 3651;
INSERT INTO `loan_estate` (`id`, `created_at`, `updated_at`, `customer_id`, `address_id`) VALUES (3651, '2022-01-05 16:46:53.887608', '2022-01-05 16:46:53.887608', 6118, 9860);
UPDATE `loan_address` SET `created_at` = '2022-01-05 10:57:52.998630', `updated_at` = '2022-01-05 10:57:52.998630', `province` = '四川省', `city` = '泸州市', `county` = '江阳区', `town` = '方山镇', `detail` = '宝安路101号' WHERE `loan_address`.`id` = 9861;
INSERT INTO `loan_address` (`id`, `created_at`, `updated_at`, `province`, `city`, `county`, `town`, `detail`) VALUES (9861, '2022-01-05 10:57:52.998630', '2022-01-05 10:57:52.998630', '四川省', '泸州市', '江阳区', '方山镇', '宝安路101号');
UPDATE `loan_customer` SET `created_at` = '2022-01-05 10:57:52.998630', `updated_at` = '2022-01-05 10:57:52.998630', `name` = '宋娜', `id_number` = '618446079975980296', `gender` = 'm', `birthday` = '1997-08-10', `address_id` = 9861, `job_id` = 2032, `salary` = 4000 WHERE `loan_customer`.`id` = 6119;
INSERT INTO `loan_customer` (`id`, `created_at`, `updated_at`, `name`, `id_number`, `gender`, `birthday`, `address_id`, `job_id`, `salary`) VALUES (6119, '2022-01-05 10:57:52.998630', '2022-01-05 10:57:52.998630', '宋娜', '618446079975980296', 'm', '1997-08-10', 9861, 2032, 4000);
UPDATE `loan_chattel` SET `created_at` = '2022-01-05 12:48:08.473934', `updated_at` = '2022-01-05 12:48:08.473934', `customer_id` = 6119, `type` = 'bond', `description` = '一些信息', `value_amount` = 20000, `expired_at` = '2027-06-03' WHERE `loan_chattel`.`id` = 1797;
INSERT INTO `loan_chattel` (`id`, `created_at`, `updated_at`, `customer_id`, `type`, `description`, `value_amount`, `expired_at`) VALUES (1797, '2022-01-05 12:48:08.473934', '2022-01-05 12:48:08.473934', 6119, 'bond', '一些信息', 20000, '2027-06-03');
UPDATE `loan_chattel` SET `created_at` = '2022-01-05 22:07:35.070429', `updated_at` = '2022-01-05 23:25:56.521299', `customer_id` = 6119, `type` = 'receivable', `description` = '一些信息', `value_amount` = 20000, `expired_at` = '2021-05-23' WHERE `loan_chattel`.`id` = 1798;
INSERT INTO `loan_chattel` (`id`, `created_at`, `updated_at`, `customer_id`, `type`, `description`, `value_amount`, `expired_at`) VALUES (1798, '2022-01-05 22:07:35.070429', '2022-01-05 23:25:56.521299', 6119, 'receivable', '一些信息', 20000, '2021-05-23');
UPDATE `loan_account` SET `created_at` = '2022-01-05 13:04:48.638697', `updated_at` = '2022-01-05 22:53:39.052155', `customer_id` = 6119, `number` = '072705105994228348', `balance` = 88008 WHERE `loan_account`.`id` = 5586;
INSERT INTO `loan_account` (`id`, `created_at`, `updated_at`, `customer_id`, `number`, `balance`) VALUES (5586, '2022-01-05 13:04:48.638697', '2022-01-05 22:53:39.052155', 6119, '072705105994228348', 88008);
UPDATE `loan_address` SET `created_at` = '2022-01-05 21:37:09.097065', `updated_at` = '2022-01-05 21:37:09.097065', `province` = '江苏省', `city` = '淮安市', `county` = '金湖县', `town` = '粮棉原种场', `detail` = '宝联路协通公寓136号' WHERE `loan_address`.`id` = 9862;
INSERT INTO `loan_address` (`id`, `created_at`, `updated_at`, `province`, `city`, `county`, `town`, `detail`) VALUES (9862, '2022-01-05 21:37:09.097065', '2022-01-05 21:37:09.097065', '江苏省', '淮安市', '金湖县', '粮棉原种场', '宝联路协通公寓136号');
UPDATE `loan_customer` SET `created_at` = '2022-01-05 21:37:09.097065', `updated_at` = '2022-01-05 21:37:09.097065', `name` = '阎彭勃', `id_number` = '977850302372830838', `gender` = 'f', `birthday` = '1988-05-18', `address_id` = 9862, `job_id` = 2032, `salary` = 4000 WHERE `loan_customer`.`id` = 6120;
INSERT INTO `loan_customer` (`id`, `created_at`, `updated_at`, `name`, `id_number`, `gender`, `birthday`, `address_id`, `job_id`, `salary`) VALUES (6120, '2022-01-05 21:37:09.097065', '2022-01-05 21:37:09.097065', '阎彭勃', '977850302372830838', 'f', '1988-05-18', 9862, 2032, 4000);
UPDATE `loan_car` SET `created_at` = '2022-01-05 23:44:32.489189', `updated_at` = '2022-01-05 23:44:32.489189', `customer_id` = 6120, `model_id` = 275, `vin_number` = '562648019482461770', `date_produced` = '2014-07-09', `value_estimated` = 170000 WHERE `loan_car`.`id` = 4917;
INSERT INTO `loan_car` (`id`, `created_at`, `updated_at`, `customer_id`, `model_id`, `vin_number`, `date_produced`, `value_estimated`) VALUES (4917, '2022-01-05 23:44:32.489189', '2022-01-05 23:44:32.489189', 6120, 275, '562648019482461770', '2014-07-09', 170000);
UPDATE `loan_account` SET `created_at` = '2022-01-05 23:41:51.370901', `updated_at` = '2022-01-05 23:52:57.837669', `customer_id` = 6120, `number` = '285727487487300854', `balance` = 37849 WHERE `loan_account`.`id` = 5587;
INSERT INTO `loan_account` (`id`, `created_at`, `updated_at`, `customer_id`, `number`, `balance`) VALUES (5587, '2022-01-05 23:41:51.370901', '2022-01-05 23:52:57.837669', 6120, '285727487487300854', 37849);
UPDATE `loan_address` SET `created_at` = '2022-01-05 05:26:51.596261', `updated_at` = '2022-01-05 05:26:51.596261', `province` = '甘肃省', `city` = '临夏回族自治州', `county` = '康乐县', `town` = '草滩乡', `detail` = '巴林路菊园五街坊183号' WHERE `loan_address`.`id` = 9863;
INSERT INTO `loan_address` (`id`, `created_at`, `updated_at`, `province`, `city`, `county`, `town`, `detail`) VALUES (9863, '2022-01-05 05:26:51.596261', '2022-01-05 05:26:51.596261', '甘肃省', '临夏回族自治州', '康乐县', '草滩乡', '巴林路菊园五街坊183号');
UPDATE `loan_customer` SET `created_at` = '2022-01-05 05:26:51.596261', `updated_at` = '2022-01-05 14:11:37.809617', `name` = '龙荔', `id_number` = '329681516067988800', `gender` = 'm', `birthday` = '2004-05-13', `address_id` = 9863, `job_id` = 2032, `salary` = 22000 WHERE `loan_customer`.`id` = 6121;
INSERT INTO `loan_customer` (`id`, `created_at`, `updated_at`, `name`, `id_number`, `gender`, `birthday`, `address_id`, `job_id`, `salary`) VALUES (6121, '2022-01-05 05:26:51.596261', '2022-01-05 14:11:37.809617', '龙荔', '329681516067988800', 'm', '2004-05-13', 9863, 2032, 22000);
UPDATE `loan_car` SET `created_at` = '2022-01-05 20:14:15.068607', `updated_at` = '2022-01-05 20:14:15.068607', `customer_id` = 6121, `model_id` = 38, `vin_number` = '491590674196516213', `date_produced` = '2013-03-28', `value_estimated` = 190000 WHERE `loan_car`.`id` = 4918;
INSERT INTO `loan_car` (`id`, `created_at`, `updated_at`, `customer_id`, `model_id`, `vin_number`, `date_produced`, `value_estimated`) VALUES (4918, '2022-01-05 20:14:15.068607', '2022-01-05 20:14:15.068607', 6121, 38, '491590674196516213', '2013-03-28', 190000);
UPDATE `loan_account` SET `created_at` = '2022-01-05 08:57:00.714270', `updated_at` = '2022-01-05 08:57:00.714270', `customer_id` = 6121, `number` = '432669340603179906', `balance` = 33335 WHERE `loan_account`.`id` = 5588;
INSERT INTO `loan_account` (`id`, `created_at`, `updated_at`, `customer_id`, `number`, `balance`) VALUES (5588, '2022-01-05 08:57:00.714270', '2022-01-05 08:57:00.714270', 6121, '432669340603179906', 33335);
UPDATE `loan_address` SET `created_at` = '2022-01-05 01:19:01.488753', `updated_at` = '2022-01-05 01:19:01.488753', `province` = '广西壮族自治区', `city` = '百色市', `county` = '田阳县', `town` = '百育镇', `detail` = '安福路溢盈河畔别墅51号' WHERE `loan_address`.`id` = 9864;
INSERT INTO `loan_address` (`id`, `created_at`, `updated_at`, `province`, `city`, `county`, `town`, `detail`) VALUES (9864, '2022-01-05 01:19:01.488753', '2022-01-05 01:19:01.488753', '广西壮族自治区', '百色市', '田阳县', '百育镇', '安福路溢盈河畔别墅51号');
UPDATE `loan_customer` SET `created_at` = '2022-01-05 01:19:01.488753', `updated_at` = '2022-01-05 19:07:09.720898', `name` = '吴国英', `id_number` = '828912852516856351', `gender` = 'f', `birthday` = '2008-02-02', `address_id` = 9864, `job_id` = 2033, `salary` = 19000 WHERE `loan_customer`.`id` = 6122;
INSERT INTO `loan_customer` (`id`, `created_at`, `updated_at`, `name`, `id_number`, `gender`, `birthday`, `address_id`, `job_id`, `salary`) VALUES (6122, '2022-01-05 01:19:01.488753', '2022-01-05 19:07:09.720898', '吴国英', '828912852516856351', 'f', '2008-02-02', 9864, 2033, 19000);
UPDATE `loan_address` SET `created_at` = '2022-01-05 15:50:40.353300', `updated_at` = '2022-01-05 15:50:40.353300', `province` = '广西壮族自治区', `city` = '桂林市', `county` = '恭城瑶族自治县', `town` = '三江乡', `detail` = '百花街真新六街坊168号' WHERE `loan_address`.`id` = 9865;
INSERT INTO `loan_address` (`id`, `created_at`, `updated_at`, `province`, `city`, `county`, `town`, `detail`) VALUES (9865, '2022-01-05 15:50:40.353300', '2022-01-05 15:50:40.353300', '广西壮族自治区', '桂林市', '恭城瑶族自治县', '三江乡', '百花街真新六街坊168号');
UPDATE `loan_estate` SET `created_at` = '2022-01-05 15:50:40.353300', `updated_at` = '2022-01-05 15:50:40.353300', `customer_id` = 6122, `address_id` = 9865 WHERE `loan_estate`.`id` = 3652;
INSERT INTO `loan_estate` (`id`, `created_at`, `updated_at`, `customer_id`, `address_id`) VALUES (3652, '2022-01-05 15:50:40.353300', '2022-01-05 15:50:40.353300', 6122, 9865);
UPDATE `loan_car` SET `created_at` = '2022-01-05 20:55:36.760997', `updated_at` = '2022-01-05 22:18:46.986454', `customer_id` = 6122, `model_id` = 28, `vin_number` = '499080047889525463', `date_produced` = '2012-09-04', `value_estimated` = 20000 WHERE `loan_car`.`id` = 4919;
INSERT INTO `loan_car` (`id`, `created_at`, `updated_at`, `customer_id`, `model_id`, `vin_number`, `date_produced`, `value_estimated`) VALUES (4919, '2022-01-05 20:55:36.760997', '2022-01-05 22:18:46.986454', 6122, 28, '499080047889525463', '2012-09-04', 20000);
UPDATE `loan_account` SET `created_at` = '2022-01-05 01:51:08.033685', `updated_at` = '2022-01-05 01:51:08.033685', `customer_id` = 6122, `number` = '415022246910817992', `balance` = 101053 WHERE `loan_account`.`id` = 5589;
INSERT INTO `loan_account` (`id`, `created_at`, `updated_at`, `customer_id`, `number`, `balance`) VALUES (5589, '2022-01-05 01:51:08.033685', '2022-01-05 01:51:08.033685', 6122, '415022246910817992', 101053);
UPDATE `loan_address` SET `created_at` = '2022-01-05 22:40:15.898744', `updated_at` = '2022-01-05 22:40:15.898744', `province` = '海南省', `city` = '省直辖县级行政区划', `county` = '琼中黎族苗族自治县', `town` = '黎母山镇', `detail` = '百官街爱里舍花园72号' WHERE `loan_address`.`id` = 9866;
INSERT INTO `loan_address` (`id`, `created_at`, `updated_at`, `province`, `city`, `county`, `town`, `detail`) VALUES (9866, '2022-01-05 22:40:15.898744', '2022-01-05 22:40:15.898744', '海南省', '省直辖县级行政区划', '琼中黎族苗族自治县', '黎母山镇', '百官街爱里舍花园72号');
UPDATE `loan_customer` SET `created_at` = '2022-01-05 22:40:15.898744', `updated_at` = '2022-01-05 22:40:15.898744', `name` = '郭喜', `id_number` = '934940320158849156', `gender` = 'f', `birthday` = '1980-12-13', `address_id` = 9866, `job_id` = 2033, `salary` = 12000 WHERE `loan_customer`.`id` = 6123;
INSERT INTO `loan_customer` (`id`, `created_at`, `updated_at`, `name`, `id_number`, `gender`, `birthday`, `address_id`, `job_id`, `salary`) VALUES (6123, '2022-01-05 22:40:15.898744', '2022-01-05 22:40:15.898744', '郭喜', '934940320158849156', 'f', '1980-12-13', 9866, 2033, 12000);
UPDATE `loan_chattel` SET `created_at` = '2022-01-05 22:59:11.765155', `updated_at` = '2022-01-05 22:59:11.765155', `customer_id` = 6123, `type` = 'patent', `description` = '一些信息', `value_amount` = 390000, `expired_at` = '2034-06-04' WHERE `loan_chattel`.`id` = 1799;
INSERT INTO `loan_chattel` (`id`, `created_at`, `updated_at`, `customer_id`, `type`, `description`, `value_amount`, `expired_at`) VALUES (1799, '2022-01-05 22:59:11.765155', '2022-01-05 22:59:11.765155', 6123, 'patent', '一些信息', 390000, '2034-06-04');
UPDATE `loan_address` SET `created_at` = '2022-01-05 04:44:49.598013', `updated_at` = '2022-01-05 04:44:49.598013', `province` = '贵州省', `city` = '毕节市', `county` = '纳雍县', `town` = '羊场苗族彝族乡', `detail` = '安福路复华城市花园159号' WHERE `loan_address`.`id` = 9867;
INSERT INTO `loan_address` (`id`, `created_at`, `updated_at`, `province`, `city`, `county`, `town`, `detail`) VALUES (9867, '2022-01-05 04:44:49.598013', '2022-01-05 04:44:49.598013', '贵州省', '毕节市', '纳雍县', '羊场苗族彝族乡', '安福路复华城市花园159号');
UPDATE `loan_customer` SET `created_at` = '2022-01-05 04:44:49.598013', `updated_at` = '2022-01-05 04:44:49.598013', `name` = '王婷雯', `id_number` = '539020508145551324', `gender` = 'f', `birthday` = '1986-03-31', `address_id` = 9867, `job_id` = 2033, `salary` = 56000 WHERE `loan_customer`.`id` = 6124;
INSERT INTO `loan_customer` (`id`, `created_at`, `updated_at`, `name`, `id_number`, `gender`, `birthday`, `address_id`, `job_id`, `salary`) VALUES (6124, '2022-01-05 04:44:49.598013', '2022-01-05 04:44:49.598013', '王婷雯', '539020508145551324', 'f', '1986-03-31', 9867, 2033, 56000);
UPDATE `loan_address` SET `created_at` = '2022-01-05 20:42:23.295226', `updated_at` = '2022-01-05 20:42:23.295226', `province` = '广西壮族自治区', `city` = '百色市', `county` = '田阳县', `town` = '百育镇', `detail` = '安义路博泰新苑77号' WHERE `loan_address`.`id` = 9868;
INSERT INTO `loan_address` (`id`, `created_at`, `updated_at`, `province`, `city`, `county`, `town`, `detail`) VALUES (9868, '2022-01-05 20:42:23.295226', '2022-01-05 20:42:23.295226', '广西壮族自治区', '百色市', '田阳县', '百育镇', '安义路博泰新苑77号');
UPDATE `loan_estate` SET `created_at` = '2022-01-05 20:42:23.295226', `updated_at` = '2022-01-05 20:42:23.295226', `customer_id` = 6124, `address_id` = 9868 WHERE `loan_estate`.`id` = 3653;
INSERT INTO `loan_estate` (`id`, `created_at`, `updated_at`, `customer_id`, `address_id`) VALUES (3653, '2022-01-05 20:42:23.295226', '2022-01-05 20:42:23.295226', 6124, 9868);
UPDATE `loan_car` SET `created_at` = '2022-01-05 17:38:49.213562', `updated_at` = '2022-01-05 17:38:49.213562', `customer_id` = 6124, `model_id` = 166, `vin_number` = '025431262704815383', `date_produced` = '2019-10-01', `value_estimated` = 310000 WHERE `loan_car`.`id` = 4920;
INSERT INTO `loan_car` (`id`, `created_at`, `updated_at`, `customer_id`, `model_id`, `vin_number`, `date_produced`, `value_estimated`) VALUES (4920, '2022-01-05 17:38:49.213562', '2022-01-05 17:38:49.213562', 6124, 166, '025431262704815383', '2019-10-01', 310000);
UPDATE `loan_account` SET `created_at` = '2022-01-05 14:42:59.256133', `updated_at` = '2022-01-05 14:42:59.256133', `customer_id` = 6124, `number` = '721724187047398179', `balance` = 97040 WHERE `loan_account`.`id` = 5590;
INSERT INTO `loan_account` (`id`, `created_at`, `updated_at`, `customer_id`, `number`, `balance`) VALUES (5590, '2022-01-05 14:42:59.256133', '2022-01-05 14:42:59.256133', 6124, '721724187047398179', 97040);
UPDATE `loan_address` SET `created_at` = '2022-01-05 21:40:40.279029', `updated_at` = '2022-01-05 21:40:40.279029', `province` = '吉林省', `city` = '辽源市', `county` = '东丰县', `town` = '三合满族朝鲜族乡', `detail` = '北艾路112号' WHERE `loan_address`.`id` = 9869;
INSERT INTO `loan_address` (`id`, `created_at`, `updated_at`, `province`, `city`, `county`, `town`, `detail`) VALUES (9869, '2022-01-05 21:40:40.279029', '2022-01-05 21:40:40.279029', '吉林省', '辽源市', '东丰县', '三合满族朝鲜族乡', '北艾路112号');
UPDATE `loan_customer` SET `created_at` = '2022-01-05 21:40:40.279029', `updated_at` = '2022-01-05 22:55:26.236857', `name` = '夏博延', `id_number` = '292779870435709517', `gender` = 'm', `birthday` = '1993-09-14', `address_id` = 9869, `job_id` = 2034, `salary` = 33000 WHERE `loan_customer`.`id` = 6125;
INSERT INTO `loan_customer` (`id`, `created_at`, `updated_at`, `name`, `id_number`, `gender`, `birthday`, `address_id`, `job_id`, `salary`) VALUES (6125, '2022-01-05 21:40:40.279029', '2022-01-05 22:55:26.236857', '夏博延', '292779870435709517', 'm', '1993-09-14', 9869, 2034, 33000);
UPDATE `loan_address` SET `created_at` = '2022-01-05 21:41:27.728529', `updated_at` = '2022-01-05 21:41:27.728529', `province` = '河南省', `city` = '南阳市', `county` = '方城县', `town` = '小史店镇', `detail` = '宝林路195号' WHERE `loan_address`.`id` = 9870;
INSERT INTO `loan_address` (`id`, `created_at`, `updated_at`, `province`, `city`, `county`, `town`, `detail`) VALUES (9870, '2022-01-05 21:41:27.728529', '2022-01-05 21:41:27.728529', '河南省', '南阳市', '方城县', '小史店镇', '宝林路195号');
UPDATE `loan_estate` SET `created_at` = '2022-01-05 21:41:27.728529', `updated_at` = '2022-01-05 21:41:27.728529', `customer_id` = 6125, `address_id` = 9870 WHERE `loan_estate`.`id` = 3654;
INSERT INTO `loan_estate` (`id`, `created_at`, `updated_at`, `customer_id`, `address_id`) VALUES (3654, '2022-01-05 21:41:27.728529', '2022-01-05 21:41:27.728529', 6125, 9870);
UPDATE `loan_car` SET `created_at` = '2022-01-05 21:55:59.095448', `updated_at` = '2022-01-05 22:49:52.666826', `customer_id` = 6125, `model_id` = 154, `vin_number` = '340620200629606994', `date_produced` = '2019-10-16', `value_estimated` = 330000 WHERE `loan_car`.`id` = 4921;
INSERT INTO `loan_car` (`id`, `created_at`, `updated_at`, `customer_id`, `model_id`, `vin_number`, `date_produced`, `value_estimated`) VALUES (4921, '2022-01-05 21:55:59.095448', '2022-01-05 22:49:52.666826', 6125, 154, '340620200629606994', '2019-10-16', 330000);
UPDATE `loan_account` SET `created_at` = '2022-01-05 23:14:15.818465', `updated_at` = '2022-01-05 23:14:15.818465', `customer_id` = 6125, `number` = '343536374968413218', `balance` = 42100 WHERE `loan_account`.`id` = 5591;
INSERT INTO `loan_account` (`id`, `created_at`, `updated_at`, `customer_id`, `number`, `balance`) VALUES (5591, '2022-01-05 23:14:15.818465', '2022-01-05 23:14:15.818465', 6125, '343536374968413218', 42100);
UPDATE `loan_address` SET `created_at` = '2022-01-05 19:38:48.470514', `updated_at` = '2022-01-05 19:38:48.470514', `province` = '江西省', `city` = '九江市', `county` = '湖口县', `town` = '城山镇', `detail` = '安义路协通公寓91号' WHERE `loan_address`.`id` = 9871;
INSERT INTO `loan_address` (`id`, `created_at`, `updated_at`, `province`, `city`, `county`, `town`, `detail`) VALUES (9871, '2022-01-05 19:38:48.470514', '2022-01-05 19:38:48.470514', '江西省', '九江市', '湖口县', '城山镇', '安义路协通公寓91号');
UPDATE `loan_customer` SET `created_at` = '2022-01-05 19:38:48.470514', `updated_at` = '2022-01-05 19:38:48.470514', `name` = '杨修文', `id_number` = '101944168339544177', `gender` = 'm', `birthday` = '1995-09-16', `address_id` = 9871, `job_id` = 2034, `salary` = 7000 WHERE `loan_customer`.`id` = 6126;
INSERT INTO `loan_customer` (`id`, `created_at`, `updated_at`, `name`, `id_number`, `gender`, `birthday`, `address_id`, `job_id`, `salary`) VALUES (6126, '2022-01-05 19:38:48.470514', '2022-01-05 19:38:48.470514', '杨修文', '101944168339544177', 'm', '1995-09-16', 9871, 2034, 7000);
UPDATE `loan_chattel` SET `created_at` = '2022-01-05 22:43:46.610399', `updated_at` = '2022-01-05 22:43:46.610399', `customer_id` = 6126, `type` = 'promissory_note', `description` = '一些信息', `value_amount` = 350000, `expired_at` = '2023-08-17' WHERE `loan_chattel`.`id` = 1800;
INSERT INTO `loan_chattel` (`id`, `created_at`, `updated_at`, `customer_id`, `type`, `description`, `value_amount`, `expired_at`) VALUES (1800, '2022-01-05 22:43:46.610399', '2022-01-05 22:43:46.610399', 6126, 'promissory_note', '一些信息', 350000, '2023-08-17');
UPDATE `loan_address` SET `created_at` = '2022-01-05 21:24:05.923119', `updated_at` = '2022-01-05 21:24:05.923119', `province` = '新疆维吾尔自治区', `city` = '伊犁哈萨克自治州', `county` = '昭苏县', `town` = '察汗乌苏蒙古族乡', `detail` = '安顺路71号' WHERE `loan_address`.`id` = 9872;
INSERT INTO `loan_address` (`id`, `created_at`, `updated_at`, `province`, `city`, `county`, `town`, `detail`) VALUES (9872, '2022-01-05 21:24:05.923119', '2022-01-05 21:24:05.923119', '新疆维吾尔自治区', '伊犁哈萨克自治州', '昭苏县', '察汗乌苏蒙古族乡', '安顺路71号');
UPDATE `loan_estate` SET `created_at` = '2022-01-05 21:24:05.923119', `updated_at` = '2022-01-05 21:24:05.923119', `customer_id` = 6126, `address_id` = 9872 WHERE `loan_estate`.`id` = 3655;
INSERT INTO `loan_estate` (`id`, `created_at`, `updated_at`, `customer_id`, `address_id`) VALUES (3655, '2022-01-05 21:24:05.923119', '2022-01-05 21:24:05.923119', 6126, 9872);
UPDATE `loan_car` SET `created_at` = '2022-01-05 21:32:31.166313', `updated_at` = '2022-01-05 21:33:22.578029', `customer_id` = 6126, `model_id` = 297, `vin_number` = '258639057646294726', `date_produced` = '2020-06-05', `value_estimated` = 800000 WHERE `loan_car`.`id` = 4922;
INSERT INTO `loan_car` (`id`, `created_at`, `updated_at`, `customer_id`, `model_id`, `vin_number`, `date_produced`, `value_estimated`) VALUES (4922, '2022-01-05 21:32:31.166313', '2022-01-05 21:33:22.578029', 6126, 297, '258639057646294726', '2020-06-05', 800000);
UPDATE `loan_account` SET `created_at` = '2022-01-05 20:08:28.714984', `updated_at` = '2022-01-05 23:00:57.301108', `customer_id` = 6126, `number` = '469410990392695066', `balance` = 54640 WHERE `loan_account`.`id` = 5592;
INSERT INTO `loan_account` (`id`, `created_at`, `updated_at`, `customer_id`, `number`, `balance`) VALUES (5592, '2022-01-05 20:08:28.714984', '2022-01-05 23:00:57.301108', 6126, '469410990392695066', 54640);
UPDATE `loan_address` SET `created_at` = '2022-01-05 03:03:15.018465', `updated_at` = '2022-01-05 03:03:15.018465', `province` = '福建省', `city` = '三明市', `county` = '将乐县', `town` = '南口乡', `detail` = '安国路阳光翠竹苑49号' WHERE `loan_address`.`id` = 9873;
INSERT INTO `loan_address` (`id`, `created_at`, `updated_at`, `province`, `city`, `county`, `town`, `detail`) VALUES (9873, '2022-01-05 03:03:15.018465', '2022-01-05 03:03:15.018465', '福建省', '三明市', '将乐县', '南口乡', '安国路阳光翠竹苑49号');
UPDATE `loan_customer` SET `created_at` = '2022-01-05 03:03:15.018465', `updated_at` = '2022-01-05 20:27:40.052965', `name` = '杜君丽', `id_number` = '587136900882869522', `gender` = 'm', `birthday` = '2005-09-16', `address_id` = 9873, `job_id` = 2034, `salary` = 12000 WHERE `loan_customer`.`id` = 6127;
INSERT INTO `loan_customer` (`id`, `created_at`, `updated_at`, `name`, `id_number`, `gender`, `birthday`, `address_id`, `job_id`, `salary`) VALUES (6127, '2022-01-05 03:03:15.018465', '2022-01-05 20:27:40.052965', '杜君丽', '587136900882869522', 'm', '2005-09-16', 9873, 2034, 12000);
UPDATE `loan_chattel` SET `created_at` = '2022-01-05 14:05:43.620277', `updated_at` = '2022-01-05 23:14:59.997562', `customer_id` = 6127, `type` = 'draft', `description` = '一些信息', `value_amount` = 230000, `expired_at` = '2030-09-16' WHERE `loan_chattel`.`id` = 1801;
INSERT INTO `loan_chattel` (`id`, `created_at`, `updated_at`, `customer_id`, `type`, `description`, `value_amount`, `expired_at`) VALUES (1801, '2022-01-05 14:05:43.620277', '2022-01-05 23:14:59.997562', 6127, 'draft', '一些信息', 230000, '2030-09-16');
UPDATE `loan_car` SET `created_at` = '2022-01-05 17:10:35.494252', `updated_at` = '2022-01-05 20:27:55.683336', `customer_id` = 6127, `model_id` = 120, `vin_number` = '283180799050596082', `date_produced` = '2021-03-19', `value_estimated` = 70000 WHERE `loan_car`.`id` = 4923;
INSERT INTO `loan_car` (`id`, `created_at`, `updated_at`, `customer_id`, `model_id`, `vin_number`, `date_produced`, `value_estimated`) VALUES (4923, '2022-01-05 17:10:35.494252', '2022-01-05 20:27:55.683336', 6127, 120, '283180799050596082', '2021-03-19', 70000);
UPDATE `loan_account` SET `created_at` = '2022-01-05 08:56:36.664137', `updated_at` = '2022-01-05 19:01:58.656235', `customer_id` = 6127, `number` = '471703014546986827', `balance` = 8628 WHERE `loan_account`.`id` = 5593;
INSERT INTO `loan_account` (`id`, `created_at`, `updated_at`, `customer_id`, `number`, `balance`) VALUES (5593, '2022-01-05 08:56:36.664137', '2022-01-05 19:01:58.656235', 6127, '471703014546986827', 8628);
UPDATE `loan_address` SET `created_at` = '2022-01-05 13:00:12.042009', `updated_at` = '2022-01-05 13:00:12.042009', `province` = '青海省', `city` = '海东市', `county` = '互助土族自治县', `town` = '威远镇', `detail` = '安化路耀江花园6号' WHERE `loan_address`.`id` = 9874;
INSERT INTO `loan_address` (`id`, `created_at`, `updated_at`, `province`, `city`, `county`, `town`, `detail`) VALUES (9874, '2022-01-05 13:00:12.042009', '2022-01-05 13:00:12.042009', '青海省', '海东市', '互助土族自治县', '威远镇', '安化路耀江花园6号');
UPDATE `loan_customer` SET `created_at` = '2022-01-05 13:00:12.042009', `updated_at` = '2022-01-05 13:00:12.042009', `name` = '崔建章', `id_number` = '222731349596289616', `gender` = 'f', `birthday` = '1985-11-18', `address_id` = 9874, `job_id` = 2034, `salary` = 7000 WHERE `loan_customer`.`id` = 6128;
INSERT INTO `loan_customer` (`id`, `created_at`, `updated_at`, `name`, `id_number`, `gender`, `birthday`, `address_id`, `job_id`, `salary`) VALUES (6128, '2022-01-05 13:00:12.042009', '2022-01-05 13:00:12.042009', '崔建章', '222731349596289616', 'f', '1985-11-18', 9874, 2034, 7000);
UPDATE `loan_account` SET `created_at` = '2022-01-05 22:22:09.819421', `updated_at` = '2022-01-05 22:49:32.318389', `customer_id` = 6128, `number` = '002769404631941977', `balance` = 22428 WHERE `loan_account`.`id` = 5594;
INSERT INTO `loan_account` (`id`, `created_at`, `updated_at`, `customer_id`, `number`, `balance`) VALUES (5594, '2022-01-05 22:22:09.819421', '2022-01-05 22:49:32.318389', 6128, '002769404631941977', 22428);
UPDATE `loan_address` SET `created_at` = '2022-01-05 16:33:40.562359', `updated_at` = '2022-01-05 16:33:40.562359', `province` = '黑龙江省', `city` = '绥化市', `county` = '海伦市', `town` = '永和乡', `detail` = '宝安公路55号' WHERE `loan_address`.`id` = 9875;
INSERT INTO `loan_address` (`id`, `created_at`, `updated_at`, `province`, `city`, `county`, `town`, `detail`) VALUES (9875, '2022-01-05 16:33:40.562359', '2022-01-05 16:33:40.562359', '黑龙江省', '绥化市', '海伦市', '永和乡', '宝安公路55号');
UPDATE `loan_customer` SET `created_at` = '2022-01-05 16:33:40.562359', `updated_at` = '2022-01-05 19:16:31.978357', `name` = '姚凝远', `id_number` = '367056395119522106', `gender` = 'f', `birthday` = '1984-08-23', `address_id` = 9875, `job_id` = 2034, `salary` = 18000 WHERE `loan_customer`.`id` = 6129;
INSERT INTO `loan_customer` (`id`, `created_at`, `updated_at`, `name`, `id_number`, `gender`, `birthday`, `address_id`, `job_id`, `salary`) VALUES (6129, '2022-01-05 16:33:40.562359', '2022-01-05 19:16:31.978357', '姚凝远', '367056395119522106', 'f', '1984-08-23', 9875, 2034, 18000);
UPDATE `loan_address` SET `created_at` = '2022-01-05 18:00:15.283298', `updated_at` = '2022-01-05 18:00:15.283298', `province` = '重庆市', `city` = '县', `county` = '垫江县', `town` = '白家镇', `detail` = '安化路金色家园124号' WHERE `loan_address`.`id` = 9876;
INSERT INTO `loan_address` (`id`, `created_at`, `updated_at`, `province`, `city`, `county`, `town`, `detail`) VALUES (9876, '2022-01-05 18:00:15.283298', '2022-01-05 18:00:15.283298', '重庆市', '县', '垫江县', '白家镇', '安化路金色家园124号');
UPDATE `loan_estate` SET `created_at` = '2022-01-05 18:00:15.283298', `updated_at` = '2022-01-05 18:00:15.283298', `customer_id` = 6129, `address_id` = 9876 WHERE `loan_estate`.`id` = 3656;
INSERT INTO `loan_estate` (`id`, `created_at`, `updated_at`, `customer_id`, `address_id`) VALUES (3656, '2022-01-05 18:00:15.283298', '2022-01-05 18:00:15.283298', 6129, 9876);
UPDATE `loan_car` SET `created_at` = '2022-01-05 20:36:20.393073', `updated_at` = '2022-01-05 20:36:20.393073', `customer_id` = 6129, `model_id` = 236, `vin_number` = '575802290089394715', `date_produced` = '2015-12-02', `value_estimated` = 480000 WHERE `loan_car`.`id` = 4924;
INSERT INTO `loan_car` (`id`, `created_at`, `updated_at`, `customer_id`, `model_id`, `vin_number`, `date_produced`, `value_estimated`) VALUES (4924, '2022-01-05 20:36:20.393073', '2022-01-05 20:36:20.393073', 6129, 236, '575802290089394715', '2015-12-02', 480000);
UPDATE `loan_account` SET `created_at` = '2022-01-05 23:15:35.414507', `updated_at` = '2022-01-05 23:15:35.414507', `customer_id` = 6129, `number` = '870553953038176424', `balance` = 41259 WHERE `loan_account`.`id` = 5595;
INSERT INTO `loan_account` (`id`, `created_at`, `updated_at`, `customer_id`, `number`, `balance`) VALUES (5595, '2022-01-05 23:15:35.414507', '2022-01-05 23:15:35.414507', 6129, '870553953038176424', 41259);
UPDATE `loan_address` SET `created_at` = '2022-01-05 15:04:02.883655', `updated_at` = '2022-01-05 15:04:02.883655', `province` = '甘肃省', `city` = '临夏回族自治州', `county` = '临夏县', `town` = '掌子沟乡', `detail` = '安国路溢盈河畔别墅75号' WHERE `loan_address`.`id` = 9877;
INSERT INTO `loan_address` (`id`, `created_at`, `updated_at`, `province`, `city`, `county`, `town`, `detail`) VALUES (9877, '2022-01-05 15:04:02.883655', '2022-01-05 15:04:02.883655', '甘肃省', '临夏回族自治州', '临夏县', '掌子沟乡', '安国路溢盈河畔别墅75号');
UPDATE `loan_customer` SET `created_at` = '2022-01-05 15:04:02.883655', `updated_at` = '2022-01-05 21:37:32.727483', `name` = '罗亚', `id_number` = '209174706151005147', `gender` = 'f', `birthday` = '2002-09-12', `address_id` = 9877, `job_id` = 2035, `salary` = 46000 WHERE `loan_customer`.`id` = 6130;
INSERT INTO `loan_customer` (`id`, `created_at`, `updated_at`, `name`, `id_number`, `gender`, `birthday`, `address_id`, `job_id`, `salary`) VALUES (6130, '2022-01-05 15:04:02.883655', '2022-01-05 21:37:32.727483', '罗亚', '209174706151005147', 'f', '2002-09-12', 9877, 2035, 46000);
UPDATE `loan_address` SET `created_at` = '2022-01-05 21:50:55.437791', `updated_at` = '2022-01-05 21:50:55.437791', `province` = '西藏自治区', `city` = '昌都市', `county` = '贡觉县', `town` = '哈加乡', `detail` = '宝联路和亭佳苑139号' WHERE `loan_address`.`id` = 9878;
INSERT INTO `loan_address` (`id`, `created_at`, `updated_at`, `province`, `city`, `county`, `town`, `detail`) VALUES (9878, '2022-01-05 21:50:55.437791', '2022-01-05 21:50:55.437791', '西藏自治区', '昌都市', '贡觉县', '哈加乡', '宝联路和亭佳苑139号');
UPDATE `loan_estate` SET `created_at` = '2022-01-05 21:50:55.437791', `updated_at` = '2022-01-05 21:50:55.437791', `customer_id` = 6130, `address_id` = 9878 WHERE `loan_estate`.`id` = 3657;
INSERT INTO `loan_estate` (`id`, `created_at`, `updated_at`, `customer_id`, `address_id`) VALUES (3657, '2022-01-05 21:50:55.437791', '2022-01-05 21:50:55.437791', 6130, 9878);
UPDATE `loan_car` SET `created_at` = '2022-01-05 15:50:15.111185', `updated_at` = '2022-01-05 21:49:01.703825', `customer_id` = 6130, `model_id` = 268, `vin_number` = '679846128773186240', `date_produced` = '2017-07-30', `value_estimated` = 420000 WHERE `loan_car`.`id` = 4925;
INSERT INTO `loan_car` (`id`, `created_at`, `updated_at`, `customer_id`, `model_id`, `vin_number`, `date_produced`, `value_estimated`) VALUES (4925, '2022-01-05 15:50:15.111185', '2022-01-05 21:49:01.703825', 6130, 268, '679846128773186240', '2017-07-30', 420000);
UPDATE `loan_account` SET `created_at` = '2022-01-05 19:38:46.179974', `updated_at` = '2022-01-05 21:56:56.850184', `customer_id` = 6130, `number` = '902323000156157164', `balance` = 58716 WHERE `loan_account`.`id` = 5596;
INSERT INTO `loan_account` (`id`, `created_at`, `updated_at`, `customer_id`, `number`, `balance`) VALUES (5596, '2022-01-05 19:38:46.179974', '2022-01-05 21:56:56.850184', 6130, '902323000156157164', 58716);
UPDATE `loan_address` SET `created_at` = '2022-01-05 02:20:50.594402', `updated_at` = '2022-01-05 02:20:50.594402', `province` = '安徽省', `city` = '宣城市', `county` = '宣州区', `town` = '狸桥镇', `detail` = '保德路东新大厦65号' WHERE `loan_address`.`id` = 9879;
INSERT INTO `loan_address` (`id`, `created_at`, `updated_at`, `province`, `city`, `county`, `town`, `detail`) VALUES (9879, '2022-01-05 02:20:50.594402', '2022-01-05 02:20:50.594402', '安徽省', '宣城市', '宣州区', '狸桥镇', '保德路东新大厦65号');
UPDATE `loan_customer` SET `created_at` = '2022-01-05 02:20:50.594402', `updated_at` = '2022-01-05 10:32:04.471308', `name` = '史晷', `id_number` = '343718075495564397', `gender` = 'm', `birthday` = '1998-05-24', `address_id` = 9879, `job_id` = 2035, `salary` = 74000 WHERE `loan_customer`.`id` = 6131;
INSERT INTO `loan_customer` (`id`, `created_at`, `updated_at`, `name`, `id_number`, `gender`, `birthday`, `address_id`, `job_id`, `salary`) VALUES (6131, '2022-01-05 02:20:50.594402', '2022-01-05 10:32:04.471308', '史晷', '343718075495564397', 'm', '1998-05-24', 9879, 2035, 74000);
UPDATE `loan_address` SET `created_at` = '2022-01-05 20:24:39.779672', `updated_at` = '2022-01-05 20:24:39.779672', `province` = '吉林省', `city` = '白城市', `county` = '洮北区', `town` = '新立街道办事处', `detail` = '安龙路117号' WHERE `loan_address`.`id` = 9880;
INSERT INTO `loan_address` (`id`, `created_at`, `updated_at`, `province`, `city`, `county`, `town`, `detail`) VALUES (9880, '2022-01-05 20:24:39.779672', '2022-01-05 20:24:39.779672', '吉林省', '白城市', '洮北区', '新立街道办事处', '安龙路117号');
UPDATE `loan_estate` SET `created_at` = '2022-01-05 20:24:39.779672', `updated_at` = '2022-01-05 20:24:39.779672', `customer_id` = 6131, `address_id` = 9880 WHERE `loan_estate`.`id` = 3658;
INSERT INTO `loan_estate` (`id`, `created_at`, `updated_at`, `customer_id`, `address_id`) VALUES (3658, '2022-01-05 20:24:39.779672', '2022-01-05 20:24:39.779672', 6131, 9880);
UPDATE `loan_account` SET `created_at` = '2022-01-05 05:06:51.066224', `updated_at` = '2022-01-05 19:41:14.888686', `customer_id` = 6131, `number` = '935511819126204011', `balance` = 45627 WHERE `loan_account`.`id` = 5597;
INSERT INTO `loan_account` (`id`, `created_at`, `updated_at`, `customer_id`, `number`, `balance`) VALUES (5597, '2022-01-05 05:06:51.066224', '2022-01-05 19:41:14.888686', 6131, '935511819126204011', 45627);
UPDATE `loan_address` SET `created_at` = '2022-01-05 07:16:06.510909', `updated_at` = '2022-01-05 07:16:06.510909', `province` = '浙江省', `city` = '温州市', `county` = '文成县', `town` = '双桂乡', `detail` = '安波路和亭佳苑124号' WHERE `loan_address`.`id` = 9881;
INSERT INTO `loan_address` (`id`, `created_at`, `updated_at`, `province`, `city`, `county`, `town`, `detail`) VALUES (9881, '2022-01-05 07:16:06.510909', '2022-01-05 07:16:06.510909', '浙江省', '温州市', '文成县', '双桂乡', '安波路和亭佳苑124号');
UPDATE `loan_customer` SET `created_at` = '2022-01-05 07:16:06.510909', `updated_at` = '2022-01-05 07:16:06.510909', `name` = '漕忆寒', `id_number` = '740316380319973586', `gender` = 'm', `birthday` = '2005-02-18', `address_id` = 9881, `job_id` = 2036, `salary` = 11000 WHERE `loan_customer`.`id` = 6132;
INSERT INTO `loan_customer` (`id`, `created_at`, `updated_at`, `name`, `id_number`, `gender`, `birthday`, `address_id`, `job_id`, `salary`) VALUES (6132, '2022-01-05 07:16:06.510909', '2022-01-05 07:16:06.510909', '漕忆寒', '740316380319973586', 'm', '2005-02-18', 9881, 2036, 11000);
UPDATE `loan_chattel` SET `created_at` = '2022-01-05 12:52:43.474861', `updated_at` = '2022-01-05 18:16:36.094913', `customer_id` = 6132, `type` = 'fund', `description` = '一些信息', `value_amount` = 500000, `expired_at` = '2019-05-11' WHERE `loan_chattel`.`id` = 1802;
INSERT INTO `loan_chattel` (`id`, `created_at`, `updated_at`, `customer_id`, `type`, `description`, `value_amount`, `expired_at`) VALUES (1802, '2022-01-05 12:52:43.474861', '2022-01-05 18:16:36.094913', 6132, 'fund', '一些信息', 500000, '2019-05-11');
UPDATE `loan_car` SET `created_at` = '2022-01-05 15:38:45.439143', `updated_at` = '2022-01-05 15:38:45.439143', `customer_id` = 6132, `model_id` = 212, `vin_number` = '849982565504083482', `date_produced` = '2019-07-05', `value_estimated` = 340000 WHERE `loan_car`.`id` = 4926;
INSERT INTO `loan_car` (`id`, `created_at`, `updated_at`, `customer_id`, `model_id`, `vin_number`, `date_produced`, `value_estimated`) VALUES (4926, '2022-01-05 15:38:45.439143', '2022-01-05 15:38:45.439143', 6132, 212, '849982565504083482', '2019-07-05', 340000);
UPDATE `loan_account` SET `created_at` = '2022-01-05 16:02:16.039389', `updated_at` = '2022-01-05 16:02:16.039389', `customer_id` = 6132, `number` = '944668598041032020', `balance` = 83997 WHERE `loan_account`.`id` = 5598;
INSERT INTO `loan_account` (`id`, `created_at`, `updated_at`, `customer_id`, `number`, `balance`) VALUES (5598, '2022-01-05 16:02:16.039389', '2022-01-05 16:02:16.039389', 6132, '944668598041032020', 83997);
UPDATE `loan_address` SET `created_at` = '2022-01-05 02:52:02.204946', `updated_at` = '2022-01-05 02:52:02.204946', `province` = '新疆维吾尔自治区', `city` = '塔城地区', `county` = '额敏县', `town` = '加尔布拉克农场', `detail` = '半淞园路阳光翠竹苑154号' WHERE `loan_address`.`id` = 9882;
INSERT INTO `loan_address` (`id`, `created_at`, `updated_at`, `province`, `city`, `county`, `town`, `detail`) VALUES (9882, '2022-01-05 02:52:02.204946', '2022-01-05 02:52:02.204946', '新疆维吾尔自治区', '塔城地区', '额敏县', '加尔布拉克农场', '半淞园路阳光翠竹苑154号');
UPDATE `loan_customer` SET `created_at` = '2022-01-05 02:52:02.204946', `updated_at` = '2022-01-05 15:59:39.247295', `name` = '林芮', `id_number` = '253306989248048596', `gender` = 'f', `birthday` = '1984-07-04', `address_id` = 9882, `job_id` = 2036, `salary` = 37000 WHERE `loan_customer`.`id` = 6133;
INSERT INTO `loan_customer` (`id`, `created_at`, `updated_at`, `name`, `id_number`, `gender`, `birthday`, `address_id`, `job_id`, `salary`) VALUES (6133, '2022-01-05 02:52:02.204946', '2022-01-05 15:59:39.247295', '林芮', '253306989248048596', 'f', '1984-07-04', 9882, 2036, 37000);
UPDATE `loan_car` SET `created_at` = '2022-01-05 21:14:43.731567', `updated_at` = '2022-01-05 23:54:34.903613', `customer_id` = 6133, `model_id` = 153, `vin_number` = '164038935444755176', `date_produced` = '2018-05-25', `value_estimated` = 490000 WHERE `loan_car`.`id` = 4927;
INSERT INTO `loan_car` (`id`, `created_at`, `updated_at`, `customer_id`, `model_id`, `vin_number`, `date_produced`, `value_estimated`) VALUES (4927, '2022-01-05 21:14:43.731567', '2022-01-05 23:54:34.903613', 6133, 153, '164038935444755176', '2018-05-25', 490000);
UPDATE `loan_account` SET `created_at` = '2022-01-05 15:12:52.386945', `updated_at` = '2022-01-05 23:09:25.270574', `customer_id` = 6133, `number` = '304859527451692512', `balance` = 123498 WHERE `loan_account`.`id` = 5599;
INSERT INTO `loan_account` (`id`, `created_at`, `updated_at`, `customer_id`, `number`, `balance`) VALUES (5599, '2022-01-05 15:12:52.386945', '2022-01-05 23:09:25.270574', 6133, '304859527451692512', 123498);
UPDATE `loan_address` SET `created_at` = '2022-01-05 05:37:46.367378', `updated_at` = '2022-01-05 05:37:46.367378', `province` = '陕西省', `city` = '安康市', `county` = '汉阴县', `town` = '涧池镇', `detail` = '宝林路溢盈河畔别墅144号' WHERE `loan_address`.`id` = 9883;
INSERT INTO `loan_address` (`id`, `created_at`, `updated_at`, `province`, `city`, `county`, `town`, `detail`) VALUES (9883, '2022-01-05 05:37:46.367378', '2022-01-05 05:37:46.367378', '陕西省', '安康市', '汉阴县', '涧池镇', '宝林路溢盈河畔别墅144号');
UPDATE `loan_customer` SET `created_at` = '2022-01-05 05:37:46.367378', `updated_at` = '2022-01-05 05:37:46.367378', `name` = '李经国', `id_number` = '811000350570281534', `gender` = 'f', `birthday` = '1993-04-08', `address_id` = 9883, `job_id` = 2036, `salary` = 31000 WHERE `loan_customer`.`id` = 6134;
INSERT INTO `loan_customer` (`id`, `created_at`, `updated_at`, `name`, `id_number`, `gender`, `birthday`, `address_id`, `job_id`, `salary`) VALUES (6134, '2022-01-05 05:37:46.367378', '2022-01-05 05:37:46.367378', '李经国', '811000350570281534', 'f', '1993-04-08', 9883, 2036, 31000);
UPDATE `loan_address` SET `created_at` = '2022-01-05 08:09:00.478938', `updated_at` = '2022-01-05 08:09:00.478938', `province` = '河北省', `city` = '衡水市', `county` = '阜城县', `town` = '崔家庙镇', `detail` = '安仁路39号' WHERE `loan_address`.`id` = 9884;
INSERT INTO `loan_address` (`id`, `created_at`, `updated_at`, `province`, `city`, `county`, `town`, `detail`) VALUES (9884, '2022-01-05 08:09:00.478938', '2022-01-05 08:09:00.478938', '河北省', '衡水市', '阜城县', '崔家庙镇', '安仁路39号');
UPDATE `loan_estate` SET `created_at` = '2022-01-05 08:09:00.478938', `updated_at` = '2022-01-05 08:09:00.478938', `customer_id` = 6134, `address_id` = 9884 WHERE `loan_estate`.`id` = 3659;
INSERT INTO `loan_estate` (`id`, `created_at`, `updated_at`, `customer_id`, `address_id`) VALUES (3659, '2022-01-05 08:09:00.478938', '2022-01-05 08:09:00.478938', 6134, 9884);
UPDATE `loan_account` SET `created_at` = '2022-01-05 08:31:51.964150', `updated_at` = '2022-01-05 08:31:51.964150', `customer_id` = 6134, `number` = '052267360689341122', `balance` = 163975 WHERE `loan_account`.`id` = 5600;
INSERT INTO `loan_account` (`id`, `created_at`, `updated_at`, `customer_id`, `number`, `balance`) VALUES (5600, '2022-01-05 08:31:51.964150', '2022-01-05 08:31:51.964150', 6134, '052267360689341122', 163975);
UPDATE `loan_address` SET `created_at` = '2022-01-05 08:12:32.984393', `updated_at` = '2022-01-05 08:12:32.984393', `province` = '湖北省', `city` = '武汉市', `county` = '青山区', `town` = '钢都花园管理委员会', `detail` = '澳门路阳光翠竹苑27号' WHERE `loan_address`.`id` = 9885;
INSERT INTO `loan_address` (`id`, `created_at`, `updated_at`, `province`, `city`, `county`, `town`, `detail`) VALUES (9885, '2022-01-05 08:12:32.984393', '2022-01-05 08:12:32.984393', '湖北省', '武汉市', '青山区', '钢都花园管理委员会', '澳门路阳光翠竹苑27号');
UPDATE `loan_customer` SET `created_at` = '2022-01-05 08:12:32.984393', `updated_at` = '2022-01-05 13:31:08.101437', `name` = '林棋', `id_number` = '690601151674712525', `gender` = 'f', `birthday` = '1992-06-27', `address_id` = 9885, `job_id` = 2037, `salary` = 35000 WHERE `loan_customer`.`id` = 6135;
INSERT INTO `loan_customer` (`id`, `created_at`, `updated_at`, `name`, `id_number`, `gender`, `birthday`, `address_id`, `job_id`, `salary`) VALUES (6135, '2022-01-05 08:12:32.984393', '2022-01-05 13:31:08.101437', '林棋', '690601151674712525', 'f', '1992-06-27', 9885, 2037, 35000);
UPDATE `loan_account` SET `created_at` = '2022-01-05 10:24:48.996255', `updated_at` = '2022-01-05 11:42:09.762806', `customer_id` = 6135, `number` = '854950326931710882', `balance` = 63857 WHERE `loan_account`.`id` = 5601;
INSERT INTO `loan_account` (`id`, `created_at`, `updated_at`, `customer_id`, `number`, `balance`) VALUES (5601, '2022-01-05 10:24:48.996255', '2022-01-05 11:42:09.762806', 6135, '854950326931710882', 63857);
UPDATE `loan_address` SET `created_at` = '2022-01-05 13:40:43.054401', `updated_at` = '2022-01-05 13:40:43.054401', `province` = '重庆市', `city` = '县', `county` = '垫江县', `town` = '白家镇', `detail` = '宝祁路61号' WHERE `loan_address`.`id` = 9886;
INSERT INTO `loan_address` (`id`, `created_at`, `updated_at`, `province`, `city`, `county`, `town`, `detail`) VALUES (9886, '2022-01-05 13:40:43.054401', '2022-01-05 13:40:43.054401', '重庆市', '县', '垫江县', '白家镇', '宝祁路61号');
UPDATE `loan_customer` SET `created_at` = '2022-01-05 13:40:43.054401', `updated_at` = '2022-01-05 15:18:50.407010', `name` = '罗咏歌', `id_number` = '448488257041788135', `gender` = 'f', `birthday` = '2003-08-31', `address_id` = 9886, `job_id` = 2037, `salary` = 18000 WHERE `loan_customer`.`id` = 6136;
INSERT INTO `loan_customer` (`id`, `created_at`, `updated_at`, `name`, `id_number`, `gender`, `birthday`, `address_id`, `job_id`, `salary`) VALUES (6136, '2022-01-05 13:40:43.054401', '2022-01-05 15:18:50.407010', '罗咏歌', '448488257041788135', 'f', '2003-08-31', 9886, 2037, 18000);
UPDATE `loan_address` SET `created_at` = '2022-01-05 23:06:44.606799', `updated_at` = '2022-01-05 23:06:44.606799', `province` = '山东省', `city` = '青岛市', `county` = '平度市', `town` = '店子镇', `detail` = '板泉路111号' WHERE `loan_address`.`id` = 9887;
INSERT INTO `loan_address` (`id`, `created_at`, `updated_at`, `province`, `city`, `county`, `town`, `detail`) VALUES (9887, '2022-01-05 23:06:44.606799', '2022-01-05 23:06:44.606799', '山东省', '青岛市', '平度市', '店子镇', '板泉路111号');
UPDATE `loan_estate` SET `created_at` = '2022-01-05 23:06:44.606799', `updated_at` = '2022-01-05 23:06:44.606799', `customer_id` = 6136, `address_id` = 9887 WHERE `loan_estate`.`id` = 3660;
INSERT INTO `loan_estate` (`id`, `created_at`, `updated_at`, `customer_id`, `address_id`) VALUES (3660, '2022-01-05 23:06:44.606799', '2022-01-05 23:06:44.606799', 6136, 9887);
UPDATE `loan_car` SET `created_at` = '2022-01-05 23:06:47.079826', `updated_at` = '2022-01-05 23:21:35.469672', `customer_id` = 6136, `model_id` = 78, `vin_number` = '597333772853254386', `date_produced` = '2013-07-17', `value_estimated` = 180000 WHERE `loan_car`.`id` = 4928;
INSERT INTO `loan_car` (`id`, `created_at`, `updated_at`, `customer_id`, `model_id`, `vin_number`, `date_produced`, `value_estimated`) VALUES (4928, '2022-01-05 23:06:47.079826', '2022-01-05 23:21:35.469672', 6136, 78, '597333772853254386', '2013-07-17', 180000);
UPDATE `loan_car` SET `created_at` = '2022-01-05 23:35:10.794516', `updated_at` = '2022-01-05 23:46:13.338048', `customer_id` = 6136, `model_id` = 17, `vin_number` = '191583596785783480', `date_produced` = '2016-09-24', `value_estimated` = 360000 WHERE `loan_car`.`id` = 4929;
INSERT INTO `loan_car` (`id`, `created_at`, `updated_at`, `customer_id`, `model_id`, `vin_number`, `date_produced`, `value_estimated`) VALUES (4929, '2022-01-05 23:35:10.794516', '2022-01-05 23:46:13.338048', 6136, 17, '191583596785783480', '2016-09-24', 360000);
UPDATE `loan_account` SET `created_at` = '2022-01-05 13:52:31.233894', `updated_at` = '2022-01-05 13:52:31.233894', `customer_id` = 6136, `number` = '320511714054344703', `balance` = 0 WHERE `loan_account`.`id` = 5602;
INSERT INTO `loan_account` (`id`, `created_at`, `updated_at`, `customer_id`, `number`, `balance`) VALUES (5602, '2022-01-05 13:52:31.233894', '2022-01-05 13:52:31.233894', 6136, '320511714054344703', 0);
UPDATE `loan_address` SET `created_at` = '2022-01-05 15:28:32.921486', `updated_at` = '2022-01-05 15:28:32.921486', `province` = '江西省', `city` = '九江市', `county` = '都昌县', `town` = '都昌县良种场', `detail` = '安远路博泰新苑66号' WHERE `loan_address`.`id` = 9888;
INSERT INTO `loan_address` (`id`, `created_at`, `updated_at`, `province`, `city`, `county`, `town`, `detail`) VALUES (9888, '2022-01-05 15:28:32.921486', '2022-01-05 15:28:32.921486', '江西省', '九江市', '都昌县', '都昌县良种场', '安远路博泰新苑66号');
UPDATE `loan_customer` SET `created_at` = '2022-01-05 15:28:32.921486', `updated_at` = '2022-01-05 18:44:03.393586', `name` = '韩薇', `id_number` = '833187878548547564', `gender` = 'm', `birthday` = '1988-06-20', `address_id` = 9888, `job_id` = 2038, `salary` = 9000 WHERE `loan_customer`.`id` = 6137;
INSERT INTO `loan_customer` (`id`, `created_at`, `updated_at`, `name`, `id_number`, `gender`, `birthday`, `address_id`, `job_id`, `salary`) VALUES (6137, '2022-01-05 15:28:32.921486', '2022-01-05 18:44:03.393586', '韩薇', '833187878548547564', 'm', '1988-06-20', 9888, 2038, 9000);
UPDATE `loan_address` SET `created_at` = '2022-01-05 23:05:59.388726', `updated_at` = '2022-01-05 23:05:59.388726', `province` = '广东省', `city` = '清远市', `county` = '连州市', `town` = '连州镇', `detail` = '宝安公路177号' WHERE `loan_address`.`id` = 9889;
INSERT INTO `loan_address` (`id`, `created_at`, `updated_at`, `province`, `city`, `county`, `town`, `detail`) VALUES (9889, '2022-01-05 23:05:59.388726', '2022-01-05 23:05:59.388726', '广东省', '清远市', '连州市', '连州镇', '宝安公路177号');
UPDATE `loan_estate` SET `created_at` = '2022-01-05 23:05:59.388726', `updated_at` = '2022-01-05 23:05:59.388726', `customer_id` = 6137, `address_id` = 9889 WHERE `loan_estate`.`id` = 3661;
INSERT INTO `loan_estate` (`id`, `created_at`, `updated_at`, `customer_id`, `address_id`) VALUES (3661, '2022-01-05 23:05:59.388726', '2022-01-05 23:05:59.388726', 6137, 9889);
UPDATE `loan_car` SET `created_at` = '2022-01-05 23:33:47.196898', `updated_at` = '2022-01-05 23:33:47.196898', `customer_id` = 6137, `model_id` = 291, `vin_number` = '041872065012296279', `date_produced` = '2012-01-10', `value_estimated` = 380000 WHERE `loan_car`.`id` = 4930;
INSERT INTO `loan_car` (`id`, `created_at`, `updated_at`, `customer_id`, `model_id`, `vin_number`, `date_produced`, `value_estimated`) VALUES (4930, '2022-01-05 23:33:47.196898', '2022-01-05 23:33:47.196898', 6137, 291, '041872065012296279', '2012-01-10', 380000);
UPDATE `loan_car` SET `created_at` = '2022-01-05 15:38:21.364017', `updated_at` = '2022-01-05 15:38:21.364017', `customer_id` = 6137, `model_id` = 237, `vin_number` = '128688445235455287', `date_produced` = '2014-08-13', `value_estimated` = 720000 WHERE `loan_car`.`id` = 4931;
INSERT INTO `loan_car` (`id`, `created_at`, `updated_at`, `customer_id`, `model_id`, `vin_number`, `date_produced`, `value_estimated`) VALUES (4931, '2022-01-05 15:38:21.364017', '2022-01-05 15:38:21.364017', 6137, 237, '128688445235455287', '2014-08-13', 720000);
UPDATE `loan_account` SET `created_at` = '2022-01-05 15:28:57.674500', `updated_at` = '2022-01-05 17:21:07.853738', `customer_id` = 6137, `number` = '832996857365184857', `balance` = 19957 WHERE `loan_account`.`id` = 5603;
INSERT INTO `loan_account` (`id`, `created_at`, `updated_at`, `customer_id`, `number`, `balance`) VALUES (5603, '2022-01-05 15:28:57.674500', '2022-01-05 17:21:07.853738', 6137, '832996857365184857', 19957);
UPDATE `loan_address` SET `created_at` = '2022-01-05 16:09:07.465428', `updated_at` = '2022-01-05 16:09:07.465428', `province` = '安徽省', `city` = '宿州市', `county` = '灵璧县', `town` = '浍沟镇', `detail` = '白城路金色家园197号' WHERE `loan_address`.`id` = 9890;
INSERT INTO `loan_address` (`id`, `created_at`, `updated_at`, `province`, `city`, `county`, `town`, `detail`) VALUES (9890, '2022-01-05 16:09:07.465428', '2022-01-05 16:09:07.465428', '安徽省', '宿州市', '灵璧县', '浍沟镇', '白城路金色家园197号');
UPDATE `loan_customer` SET `created_at` = '2022-01-05 16:09:07.465428', `updated_at` = '2022-01-05 16:09:07.465428', `name` = '阎晶婧', `id_number` = '782989468227085087', `gender` = 'm', `birthday` = '1997-01-26', `address_id` = 9890, `job_id` = 2038, `salary` = 53000 WHERE `loan_customer`.`id` = 6138;
INSERT INTO `loan_customer` (`id`, `created_at`, `updated_at`, `name`, `id_number`, `gender`, `birthday`, `address_id`, `job_id`, `salary`) VALUES (6138, '2022-01-05 16:09:07.465428', '2022-01-05 16:09:07.465428', '阎晶婧', '782989468227085087', 'm', '1997-01-26', 9890, 2038, 53000);
UPDATE `loan_chattel` SET `created_at` = '2022-01-05 20:35:14.642153', `updated_at` = '2022-01-05 20:35:14.642153', `customer_id` = 6138, `type` = 'receivable', `description` = '一些信息', `value_amount` = 20000, `expired_at` = '2024-02-27' WHERE `loan_chattel`.`id` = 1803;
INSERT INTO `loan_chattel` (`id`, `created_at`, `updated_at`, `customer_id`, `type`, `description`, `value_amount`, `expired_at`) VALUES (1803, '2022-01-05 20:35:14.642153', '2022-01-05 20:35:14.642153', 6138, 'receivable', '一些信息', 20000, '2024-02-27');
UPDATE `loan_chattel` SET `created_at` = '2022-01-05 20:24:47.642026', `updated_at` = '2022-01-05 20:24:47.642026', `customer_id` = 6138, `type` = 'patent', `description` = '一些信息', `value_amount` = 50000, `expired_at` = '2029-08-13' WHERE `loan_chattel`.`id` = 1804;
INSERT INTO `loan_chattel` (`id`, `created_at`, `updated_at`, `customer_id`, `type`, `description`, `value_amount`, `expired_at`) VALUES (1804, '2022-01-05 20:24:47.642026', '2022-01-05 20:24:47.642026', 6138, 'patent', '一些信息', 50000, '2029-08-13');
UPDATE `loan_address` SET `created_at` = '2022-01-05 16:15:56.704524', `updated_at` = '2022-01-05 16:15:56.704524', `province` = '黑龙江省', `city` = '绥化市', `county` = '海伦市', `town` = '永和乡', `detail` = '白兰路耀江花园8号' WHERE `loan_address`.`id` = 9891;
INSERT INTO `loan_address` (`id`, `created_at`, `updated_at`, `province`, `city`, `county`, `town`, `detail`) VALUES (9891, '2022-01-05 16:15:56.704524', '2022-01-05 16:15:56.704524', '黑龙江省', '绥化市', '海伦市', '永和乡', '白兰路耀江花园8号');
UPDATE `loan_estate` SET `created_at` = '2022-01-05 16:15:56.704524', `updated_at` = '2022-01-05 16:15:56.704524', `customer_id` = 6138, `address_id` = 9891 WHERE `loan_estate`.`id` = 3662;
INSERT INTO `loan_estate` (`id`, `created_at`, `updated_at`, `customer_id`, `address_id`) VALUES (3662, '2022-01-05 16:15:56.704524', '2022-01-05 16:15:56.704524', 6138, 9891);
UPDATE `loan_address` SET `created_at` = '2022-01-05 15:46:55.637111', `updated_at` = '2022-01-05 15:46:55.637111', `province` = '西藏自治区', `city` = '昌都市', `county` = '贡觉县', `town` = '哈加乡', `detail` = '保定路爱里舍花园22号' WHERE `loan_address`.`id` = 9892;
INSERT INTO `loan_address` (`id`, `created_at`, `updated_at`, `province`, `city`, `county`, `town`, `detail`) VALUES (9892, '2022-01-05 15:46:55.637111', '2022-01-05 15:46:55.637111', '西藏自治区', '昌都市', '贡觉县', '哈加乡', '保定路爱里舍花园22号');
UPDATE `loan_customer` SET `created_at` = '2022-01-05 15:46:55.637111', `updated_at` = '2022-01-05 19:33:22.687416', `name` = '任擎', `id_number` = '315595687808224418', `gender` = 'm', `birthday` = '2000-01-15', `address_id` = 9892, `job_id` = 2038, `salary` = 14000 WHERE `loan_customer`.`id` = 6139;
INSERT INTO `loan_customer` (`id`, `created_at`, `updated_at`, `name`, `id_number`, `gender`, `birthday`, `address_id`, `job_id`, `salary`) VALUES (6139, '2022-01-05 15:46:55.637111', '2022-01-05 19:33:22.687416', '任擎', '315595687808224418', 'm', '2000-01-15', 9892, 2038, 14000);
UPDATE `loan_car` SET `created_at` = '2022-01-05 19:17:14.501622', `updated_at` = '2022-01-05 19:17:14.501622', `customer_id` = 6139, `model_id` = 93, `vin_number` = '545767502669012713', `date_produced` = '2018-06-09', `value_estimated` = 340000 WHERE `loan_car`.`id` = 4932;
INSERT INTO `loan_car` (`id`, `created_at`, `updated_at`, `customer_id`, `model_id`, `vin_number`, `date_produced`, `value_estimated`) VALUES (4932, '2022-01-05 19:17:14.501622', '2022-01-05 19:17:14.501622', 6139, 93, '545767502669012713', '2018-06-09', 340000);
UPDATE `loan_car` SET `created_at` = '2022-01-05 20:29:56.831518', `updated_at` = '2022-01-05 20:29:56.831518', `customer_id` = 6139, `model_id` = 166, `vin_number` = '381343692135717469', `date_produced` = '2021-08-17', `value_estimated` = 100000 WHERE `loan_car`.`id` = 4933;
INSERT INTO `loan_car` (`id`, `created_at`, `updated_at`, `customer_id`, `model_id`, `vin_number`, `date_produced`, `value_estimated`) VALUES (4933, '2022-01-05 20:29:56.831518', '2022-01-05 20:29:56.831518', 6139, 166, '381343692135717469', '2021-08-17', 100000);
UPDATE `loan_account` SET `created_at` = '2022-01-05 23:21:19.059422', `updated_at` = '2022-01-05 23:30:00.173583', `customer_id` = 6139, `number` = '531179645592051058', `balance` = 66215 WHERE `loan_account`.`id` = 5604;
INSERT INTO `loan_account` (`id`, `created_at`, `updated_at`, `customer_id`, `number`, `balance`) VALUES (5604, '2022-01-05 23:21:19.059422', '2022-01-05 23:30:00.173583', 6139, '531179645592051058', 66215);
UPDATE `loan_address` SET `created_at` = '2022-01-05 15:04:31.510260', `updated_at` = '2022-01-05 15:04:31.510260', `province` = '河北省', `city` = '衡水市', `county` = '阜城县', `town` = '崔家庙镇', `detail` = '保定路31号' WHERE `loan_address`.`id` = 9893;
INSERT INTO `loan_address` (`id`, `created_at`, `updated_at`, `province`, `city`, `county`, `town`, `detail`) VALUES (9893, '2022-01-05 15:04:31.510260', '2022-01-05 15:04:31.510260', '河北省', '衡水市', '阜城县', '崔家庙镇', '保定路31号');
UPDATE `loan_customer` SET `created_at` = '2022-01-05 15:04:31.510260', `updated_at` = '2022-01-05 19:12:35.038226', `name` = '康飞', `id_number` = '378583037273336992', `gender` = 'm', `birthday` = '1989-05-23', `address_id` = 9893, `job_id` = 2039, `salary` = 29000 WHERE `loan_customer`.`id` = 6140;
INSERT INTO `loan_customer` (`id`, `created_at`, `updated_at`, `name`, `id_number`, `gender`, `birthday`, `address_id`, `job_id`, `salary`) VALUES (6140, '2022-01-05 15:04:31.510260', '2022-01-05 19:12:35.038226', '康飞', '378583037273336992', 'm', '1989-05-23', 9893, 2039, 29000);
UPDATE `loan_chattel` SET `created_at` = '2022-01-05 16:45:02.647129', `updated_at` = '2022-01-05 16:45:02.647129', `customer_id` = 6140, `type` = 'draft', `description` = '一些信息', `value_amount` = 400000, `expired_at` = '2025-08-28' WHERE `loan_chattel`.`id` = 1805;
INSERT INTO `loan_chattel` (`id`, `created_at`, `updated_at`, `customer_id`, `type`, `description`, `value_amount`, `expired_at`) VALUES (1805, '2022-01-05 16:45:02.647129', '2022-01-05 16:45:02.647129', 6140, 'draft', '一些信息', 400000, '2025-08-28');
UPDATE `loan_account` SET `created_at` = '2022-01-05 21:48:08.662626', `updated_at` = '2022-01-05 21:48:08.662626', `customer_id` = 6140, `number` = '914482633745939367', `balance` = 89822 WHERE `loan_account`.`id` = 5605;
INSERT INTO `loan_account` (`id`, `created_at`, `updated_at`, `customer_id`, `number`, `balance`) VALUES (5605, '2022-01-05 21:48:08.662626', '2022-01-05 21:48:08.662626', 6140, '914482633745939367', 89822);
UPDATE `loan_address` SET `created_at` = '2022-01-05 21:09:43.384390', `updated_at` = '2022-01-05 21:09:43.384390', `province` = '贵州省', `city` = '铜仁市', `county` = '印江土家族苗族自治县', `town` = '峨岭街道办事处', `detail` = '板泉路194号' WHERE `loan_address`.`id` = 9894;
INSERT INTO `loan_address` (`id`, `created_at`, `updated_at`, `province`, `city`, `county`, `town`, `detail`) VALUES (9894, '2022-01-05 21:09:43.384390', '2022-01-05 21:09:43.384390', '贵州省', '铜仁市', '印江土家族苗族自治县', '峨岭街道办事处', '板泉路194号');
UPDATE `loan_customer` SET `created_at` = '2022-01-05 21:09:43.384390', `updated_at` = '2022-01-05 21:24:20.657005', `name` = '陆涵山', `id_number` = '949901088705724359', `gender` = 'm', `birthday` = '1993-08-20', `address_id` = 9894, `job_id` = 2039, `salary` = 59000 WHERE `loan_customer`.`id` = 6141;
INSERT INTO `loan_customer` (`id`, `created_at`, `updated_at`, `name`, `id_number`, `gender`, `birthday`, `address_id`, `job_id`, `salary`) VALUES (6141, '2022-01-05 21:09:43.384390', '2022-01-05 21:24:20.657005', '陆涵山', '949901088705724359', 'm', '1993-08-20', 9894, 2039, 59000);
UPDATE `loan_chattel` SET `created_at` = '2022-01-05 23:57:19.162859', `updated_at` = '2022-01-05 23:57:19.162859', `customer_id` = 6141, `type` = 'patent', `description` = '一些信息', `value_amount` = 280000, `expired_at` = '2026-03-10' WHERE `loan_chattel`.`id` = 1806;
INSERT INTO `loan_chattel` (`id`, `created_at`, `updated_at`, `customer_id`, `type`, `description`, `value_amount`, `expired_at`) VALUES (1806, '2022-01-05 23:57:19.162859', '2022-01-05 23:57:19.162859', 6141, 'patent', '一些信息', 280000, '2026-03-10');
UPDATE `loan_address` SET `created_at` = '2022-01-05 23:46:18.493059', `updated_at` = '2022-01-05 23:46:18.493059', `province` = '吉林省', `city` = '白城市', `county` = '洮北区', `town` = '新立街道办事处', `detail` = '宝杨路博泰新苑82号' WHERE `loan_address`.`id` = 9895;
INSERT INTO `loan_address` (`id`, `created_at`, `updated_at`, `province`, `city`, `county`, `town`, `detail`) VALUES (9895, '2022-01-05 23:46:18.493059', '2022-01-05 23:46:18.493059', '吉林省', '白城市', '洮北区', '新立街道办事处', '宝杨路博泰新苑82号');
UPDATE `loan_estate` SET `created_at` = '2022-01-05 23:46:18.493059', `updated_at` = '2022-01-05 23:46:18.493059', `customer_id` = 6141, `address_id` = 9895 WHERE `loan_estate`.`id` = 3663;
INSERT INTO `loan_estate` (`id`, `created_at`, `updated_at`, `customer_id`, `address_id`) VALUES (3663, '2022-01-05 23:46:18.493059', '2022-01-05 23:46:18.493059', 6141, 9895);
UPDATE `loan_account` SET `created_at` = '2022-01-05 21:27:20.935096', `updated_at` = '2022-01-05 22:35:03.462624', `customer_id` = 6141, `number` = '076504185695557611', `balance` = 84469 WHERE `loan_account`.`id` = 5606;
INSERT INTO `loan_account` (`id`, `created_at`, `updated_at`, `customer_id`, `number`, `balance`) VALUES (5606, '2022-01-05 21:27:20.935096', '2022-01-05 22:35:03.462624', 6141, '076504185695557611', 84469);
UPDATE `loan_address` SET `created_at` = '2022-01-05 08:22:02.117281', `updated_at` = '2022-01-05 08:22:02.117281', `province` = '广东省', `city` = '清远市', `county` = '连州市', `town` = '连州镇', `detail` = '安化路协通公寓56号' WHERE `loan_address`.`id` = 9896;
INSERT INTO `loan_address` (`id`, `created_at`, `updated_at`, `province`, `city`, `county`, `town`, `detail`) VALUES (9896, '2022-01-05 08:22:02.117281', '2022-01-05 08:22:02.117281', '广东省', '清远市', '连州市', '连州镇', '安化路协通公寓56号');
UPDATE `loan_customer` SET `created_at` = '2022-01-05 08:22:02.117281', `updated_at` = '2022-01-05 20:19:31.849120', `name` = '许凡', `id_number` = '655497134646002802', `gender` = 'm', `birthday` = '1982-06-29', `address_id` = 9896, `job_id` = 2039, `salary` = 13000 WHERE `loan_customer`.`id` = 6142;
INSERT INTO `loan_customer` (`id`, `created_at`, `updated_at`, `name`, `id_number`, `gender`, `birthday`, `address_id`, `job_id`, `salary`) VALUES (6142, '2022-01-05 08:22:02.117281', '2022-01-05 20:19:31.849120', '许凡', '655497134646002802', 'm', '1982-06-29', 9896, 2039, 13000);
UPDATE `loan_car` SET `created_at` = '2022-01-05 17:58:42.088522', `updated_at` = '2022-01-05 17:58:42.088522', `customer_id` = 6142, `model_id` = 303, `vin_number` = '895716068249786656', `date_produced` = '2013-01-13', `value_estimated` = 380000 WHERE `loan_car`.`id` = 4934;
INSERT INTO `loan_car` (`id`, `created_at`, `updated_at`, `customer_id`, `model_id`, `vin_number`, `date_produced`, `value_estimated`) VALUES (4934, '2022-01-05 17:58:42.088522', '2022-01-05 17:58:42.088522', 6142, 303, '895716068249786656', '2013-01-13', 380000);
UPDATE `loan_account` SET `created_at` = '2022-01-05 12:37:12.434288', `updated_at` = '2022-01-05 12:37:12.434288', `customer_id` = 6142, `number` = '648761796902045098', `balance` = 0 WHERE `loan_account`.`id` = 5607;
INSERT INTO `loan_account` (`id`, `created_at`, `updated_at`, `customer_id`, `number`, `balance`) VALUES (5607, '2022-01-05 12:37:12.434288', '2022-01-05 12:37:12.434288', 6142, '648761796902045098', 0);
UPDATE `loan_address` SET `created_at` = '2022-01-05 13:17:28.065752', `updated_at` = '2022-01-05 13:17:28.065752', `province` = '贵州省', `city` = '铜仁市', `county` = '印江土家族苗族自治县', `town` = '峨岭街道办事处', `detail` = '安业路复华城市花园71号' WHERE `loan_address`.`id` = 9897;
INSERT INTO `loan_address` (`id`, `created_at`, `updated_at`, `province`, `city`, `county`, `town`, `detail`) VALUES (9897, '2022-01-05 13:17:28.065752', '2022-01-05 13:17:28.065752', '贵州省', '铜仁市', '印江土家族苗族自治县', '峨岭街道办事处', '安业路复华城市花园71号');
UPDATE `loan_customer` SET `created_at` = '2022-01-05 13:17:28.065752', `updated_at` = '2022-01-05 20:11:32.088311', `name` = '吕煜', `id_number` = '979358203380390054', `gender` = 'f', `birthday` = '1992-04-02', `address_id` = 9897, `job_id` = 2039, `salary` = 38000 WHERE `loan_customer`.`id` = 6143;
INSERT INTO `loan_customer` (`id`, `created_at`, `updated_at`, `name`, `id_number`, `gender`, `birthday`, `address_id`, `job_id`, `salary`) VALUES (6143, '2022-01-05 13:17:28.065752', '2022-01-05 20:11:32.088311', '吕煜', '979358203380390054', 'f', '1992-04-02', 9897, 2039, 38000);
UPDATE `loan_address` SET `created_at` = '2022-01-05 14:45:45.512529', `updated_at` = '2022-01-05 14:45:45.512529', `province` = '江西省', `city` = '九江市', `county` = '都昌县', `town` = '都昌县良种场', `detail` = '包头南路142号' WHERE `loan_address`.`id` = 9898;
INSERT INTO `loan_address` (`id`, `created_at`, `updated_at`, `province`, `city`, `county`, `town`, `detail`) VALUES (9898, '2022-01-05 14:45:45.512529', '2022-01-05 14:45:45.512529', '江西省', '九江市', '都昌县', '都昌县良种场', '包头南路142号');
UPDATE `loan_estate` SET `created_at` = '2022-01-05 14:45:45.512529', `updated_at` = '2022-01-05 14:45:45.512529', `customer_id` = 6143, `address_id` = 9898 WHERE `loan_estate`.`id` = 3664;
INSERT INTO `loan_estate` (`id`, `created_at`, `updated_at`, `customer_id`, `address_id`) VALUES (3664, '2022-01-05 14:45:45.512529', '2022-01-05 14:45:45.512529', 6143, 9898);
UPDATE `loan_account` SET `created_at` = '2022-01-05 21:11:57.402908', `updated_at` = '2022-01-05 21:11:57.402908', `customer_id` = 6143, `number` = '522342721420035925', `balance` = 142622 WHERE `loan_account`.`id` = 5608;
INSERT INTO `loan_account` (`id`, `created_at`, `updated_at`, `customer_id`, `number`, `balance`) VALUES (5608, '2022-01-05 21:11:57.402908', '2022-01-05 21:11:57.402908', 6143, '522342721420035925', 142622);
UPDATE `loan_address` SET `created_at` = '2022-01-05 14:33:41.659024', `updated_at` = '2022-01-05 14:33:41.659024', `province` = '广西壮族自治区', `city` = '百色市', `county` = '田阳县', `town` = '百育镇', `detail` = '白城南路耀江花园84号' WHERE `loan_address`.`id` = 9899;
INSERT INTO `loan_address` (`id`, `created_at`, `updated_at`, `province`, `city`, `county`, `town`, `detail`) VALUES (9899, '2022-01-05 14:33:41.659024', '2022-01-05 14:33:41.659024', '广西壮族自治区', '百色市', '田阳县', '百育镇', '白城南路耀江花园84号');
UPDATE `loan_customer` SET `created_at` = '2022-01-05 14:33:41.659024', `updated_at` = '2022-01-05 19:15:54.030125', `name` = '秦欢', `id_number` = '817412940134175259', `gender` = 'm', `birthday` = '1980-12-08', `address_id` = 9899, `job_id` = 2040, `salary` = 57000 WHERE `loan_customer`.`id` = 6144;
INSERT INTO `loan_customer` (`id`, `created_at`, `updated_at`, `name`, `id_number`, `gender`, `birthday`, `address_id`, `job_id`, `salary`) VALUES (6144, '2022-01-05 14:33:41.659024', '2022-01-05 19:15:54.030125', '秦欢', '817412940134175259', 'm', '1980-12-08', 9899, 2040, 57000);
UPDATE `loan_address` SET `created_at` = '2022-01-05 15:27:23.442242', `updated_at` = '2022-01-05 15:27:23.442242', `province` = '贵州省', `city` = '铜仁市', `county` = '印江土家族苗族自治县', `town` = '峨岭街道办事处', `detail` = '安福路103号' WHERE `loan_address`.`id` = 9900;
INSERT INTO `loan_address` (`id`, `created_at`, `updated_at`, `province`, `city`, `county`, `town`, `detail`) VALUES (9900, '2022-01-05 15:27:23.442242', '2022-01-05 15:27:23.442242', '贵州省', '铜仁市', '印江土家族苗族自治县', '峨岭街道办事处', '安福路103号');
UPDATE `loan_estate` SET `created_at` = '2022-01-05 15:27:23.442242', `updated_at` = '2022-01-05 15:27:23.442242', `customer_id` = 6144, `address_id` = 9900 WHERE `loan_estate`.`id` = 3665;
INSERT INTO `loan_estate` (`id`, `created_at`, `updated_at`, `customer_id`, `address_id`) VALUES (3665, '2022-01-05 15:27:23.442242', '2022-01-05 15:27:23.442242', 6144, 9900);
UPDATE `loan_car` SET `created_at` = '2022-01-05 18:35:19.621390', `updated_at` = '2022-01-05 22:05:48.739617', `customer_id` = 6144, `model_id` = 86, `vin_number` = '309492460733771511', `date_produced` = '2010-04-06', `value_estimated` = 370000 WHERE `loan_car`.`id` = 4935;
INSERT INTO `loan_car` (`id`, `created_at`, `updated_at`, `customer_id`, `model_id`, `vin_number`, `date_produced`, `value_estimated`) VALUES (4935, '2022-01-05 18:35:19.621390', '2022-01-05 22:05:48.739617', 6144, 86, '309492460733771511', '2010-04-06', 370000);
UPDATE `loan_account` SET `created_at` = '2022-01-05 16:52:35.121084', `updated_at` = '2022-01-05 16:52:35.121084', `customer_id` = 6144, `number` = '364255695721789349', `balance` = 8962 WHERE `loan_account`.`id` = 5609;
INSERT INTO `loan_account` (`id`, `created_at`, `updated_at`, `customer_id`, `number`, `balance`) VALUES (5609, '2022-01-05 16:52:35.121084', '2022-01-05 16:52:35.121084', 6144, '364255695721789349', 8962);
UPDATE `loan_address` SET `created_at` = '2022-01-05 15:57:41.227320', `updated_at` = '2022-01-05 15:57:41.227320', `province` = '湖北省', `city` = '随州市', `county` = '随县', `town` = '安居镇', `detail` = '白渡桥58号' WHERE `loan_address`.`id` = 9901;
INSERT INTO `loan_address` (`id`, `created_at`, `updated_at`, `province`, `city`, `county`, `town`, `detail`) VALUES (9901, '2022-01-05 15:57:41.227320', '2022-01-05 15:57:41.227320', '湖北省', '随州市', '随县', '安居镇', '白渡桥58号');
UPDATE `loan_customer` SET `created_at` = '2022-01-05 15:57:41.227320', `updated_at` = '2022-01-05 18:16:24.502652', `name` = '梁宣', `id_number` = '868258406760235723', `gender` = 'f', `birthday` = '1984-09-17', `address_id` = 9901, `job_id` = 2040, `salary` = 16000 WHERE `loan_customer`.`id` = 6145;
INSERT INTO `loan_customer` (`id`, `created_at`, `updated_at`, `name`, `id_number`, `gender`, `birthday`, `address_id`, `job_id`, `salary`) VALUES (6145, '2022-01-05 15:57:41.227320', '2022-01-05 18:16:24.502652', '梁宣', '868258406760235723', 'f', '1984-09-17', 9901, 2040, 16000);
UPDATE `loan_account` SET `created_at` = '2022-01-05 23:50:14.872641', `updated_at` = '2022-01-05 23:59:24.658719', `customer_id` = 6145, `number` = '969633398603307092', `balance` = 26593 WHERE `loan_account`.`id` = 5610;
INSERT INTO `loan_account` (`id`, `created_at`, `updated_at`, `customer_id`, `number`, `balance`) VALUES (5610, '2022-01-05 23:50:14.872641', '2022-01-05 23:59:24.658719', 6145, '969633398603307092', 26593);
UPDATE `loan_account` SET `created_at` = '2022-01-05 21:47:22.593924', `updated_at` = '2022-01-05 21:47:22.593924', `customer_id` = 6145, `number` = '018733005658728393', `balance` = 91527 WHERE `loan_account`.`id` = 5611;
INSERT INTO `loan_account` (`id`, `created_at`, `updated_at`, `customer_id`, `number`, `balance`) VALUES (5611, '2022-01-05 21:47:22.593924', '2022-01-05 21:47:22.593924', 6145, '018733005658728393', 91527);
UPDATE `loan_address` SET `created_at` = '2022-01-05 04:03:23.611019', `updated_at` = '2022-01-05 04:03:23.611019', `province` = '海南省', `city` = '省直辖县级行政区划', `county` = '琼中黎族苗族自治县', `town` = '黎母山镇', `detail` = '安亭路东新大厦104号' WHERE `loan_address`.`id` = 9902;
INSERT INTO `loan_address` (`id`, `created_at`, `updated_at`, `province`, `city`, `county`, `town`, `detail`) VALUES (9902, '2022-01-05 04:03:23.611019', '2022-01-05 04:03:23.611019', '海南省', '省直辖县级行政区划', '琼中黎族苗族自治县', '黎母山镇', '安亭路东新大厦104号');
UPDATE `loan_customer` SET `created_at` = '2022-01-05 04:03:23.611019', `updated_at` = '2022-01-05 04:03:23.611019', `name` = '丁曼', `id_number` = '242738742447125940', `gender` = 'm', `birthday` = '1999-06-12', `address_id` = 9902, `job_id` = 2040, `salary` = 29000 WHERE `loan_customer`.`id` = 6146;
INSERT INTO `loan_customer` (`id`, `created_at`, `updated_at`, `name`, `id_number`, `gender`, `birthday`, `address_id`, `job_id`, `salary`) VALUES (6146, '2022-01-05 04:03:23.611019', '2022-01-05 04:03:23.611019', '丁曼', '242738742447125940', 'm', '1999-06-12', 9902, 2040, 29000);
UPDATE `loan_car` SET `created_at` = '2022-01-05 11:39:42.850701', `updated_at` = '2022-01-05 18:12:09.965283', `customer_id` = 6146, `model_id` = 254, `vin_number` = '771863666242762594', `date_produced` = '2018-11-01', `value_estimated` = 90000 WHERE `loan_car`.`id` = 4936;
INSERT INTO `loan_car` (`id`, `created_at`, `updated_at`, `customer_id`, `model_id`, `vin_number`, `date_produced`, `value_estimated`) VALUES (4936, '2022-01-05 11:39:42.850701', '2022-01-05 18:12:09.965283', 6146, 254, '771863666242762594', '2018-11-01', 90000);
UPDATE `loan_car` SET `created_at` = '2022-01-05 16:00:43.679503', `updated_at` = '2022-01-05 19:11:50.755406', `customer_id` = 6146, `model_id` = 268, `vin_number` = '863265978085683526', `date_produced` = '2016-07-06', `value_estimated` = 60000 WHERE `loan_car`.`id` = 4937;
INSERT INTO `loan_car` (`id`, `created_at`, `updated_at`, `customer_id`, `model_id`, `vin_number`, `date_produced`, `value_estimated`) VALUES (4937, '2022-01-05 16:00:43.679503', '2022-01-05 19:11:50.755406', 6146, 268, '863265978085683526', '2016-07-06', 60000);
UPDATE `loan_account` SET `created_at` = '2022-01-05 20:26:27.489787', `updated_at` = '2022-01-05 20:26:27.489787', `customer_id` = 6146, `number` = '584296410374460235', `balance` = 13920 WHERE `loan_account`.`id` = 5612;
INSERT INTO `loan_account` (`id`, `created_at`, `updated_at`, `customer_id`, `number`, `balance`) VALUES (5612, '2022-01-05 20:26:27.489787', '2022-01-05 20:26:27.489787', 6146, '584296410374460235', 13920);
UPDATE `loan_address` SET `created_at` = '2022-01-05 15:23:13.321187', `updated_at` = '2022-01-05 15:23:13.321187', `province` = '重庆市', `city` = '市辖区', `county` = '武隆区', `town` = '后坪苗族土家族乡', `detail` = '宝联路菊园五街坊16号' WHERE `loan_address`.`id` = 9903;
INSERT INTO `loan_address` (`id`, `created_at`, `updated_at`, `province`, `city`, `county`, `town`, `detail`) VALUES (9903, '2022-01-05 15:23:13.321187', '2022-01-05 15:23:13.321187', '重庆市', '市辖区', '武隆区', '后坪苗族土家族乡', '宝联路菊园五街坊16号');
UPDATE `loan_customer` SET `created_at` = '2022-01-05 15:23:13.321187', `updated_at` = '2022-01-05 23:30:41.602937', `name` = '史丝微', `id_number` = '808572270750899278', `gender` = 'm', `birthday` = '1990-07-02', `address_id` = 9903, `job_id` = 2041, `salary` = 3000 WHERE `loan_customer`.`id` = 6147;
INSERT INTO `loan_customer` (`id`, `created_at`, `updated_at`, `name`, `id_number`, `gender`, `birthday`, `address_id`, `job_id`, `salary`) VALUES (6147, '2022-01-05 15:23:13.321187', '2022-01-05 23:30:41.602937', '史丝微', '808572270750899278', 'm', '1990-07-02', 9903, 2041, 3000);
UPDATE `loan_address` SET `created_at` = '2022-01-05 22:03:40.800907', `updated_at` = '2022-01-05 22:03:40.800907', `province` = '广西壮族自治区', `city` = '钦州市', `county` = '浦北县', `town` = '北通镇', `detail` = '白兰路真新六街坊2号' WHERE `loan_address`.`id` = 9904;
INSERT INTO `loan_address` (`id`, `created_at`, `updated_at`, `province`, `city`, `county`, `town`, `detail`) VALUES (9904, '2022-01-05 22:03:40.800907', '2022-01-05 22:03:40.800907', '广西壮族自治区', '钦州市', '浦北县', '北通镇', '白兰路真新六街坊2号');
UPDATE `loan_estate` SET `created_at` = '2022-01-05 22:03:40.800907', `updated_at` = '2022-01-05 22:03:40.800907', `customer_id` = 6147, `address_id` = 9904 WHERE `loan_estate`.`id` = 3666;
INSERT INTO `loan_estate` (`id`, `created_at`, `updated_at`, `customer_id`, `address_id`) VALUES (3666, '2022-01-05 22:03:40.800907', '2022-01-05 22:03:40.800907', 6147, 9904);
UPDATE `loan_car` SET `created_at` = '2022-01-05 16:13:48.483985', `updated_at` = '2022-01-05 18:41:33.366188', `customer_id` = 6147, `model_id` = 268, `vin_number` = '215358616469320009', `date_produced` = '2015-08-27', `value_estimated` = 460000 WHERE `loan_car`.`id` = 4938;
INSERT INTO `loan_car` (`id`, `created_at`, `updated_at`, `customer_id`, `model_id`, `vin_number`, `date_produced`, `value_estimated`) VALUES (4938, '2022-01-05 16:13:48.483985', '2022-01-05 18:41:33.366188', 6147, 268, '215358616469320009', '2015-08-27', 460000);
UPDATE `loan_account` SET `created_at` = '2022-01-05 17:02:39.899314', `updated_at` = '2022-01-05 19:56:16.773737', `customer_id` = 6147, `number` = '753843343852909762', `balance` = 137414 WHERE `loan_account`.`id` = 5613;
INSERT INTO `loan_account` (`id`, `created_at`, `updated_at`, `customer_id`, `number`, `balance`) VALUES (5613, '2022-01-05 17:02:39.899314', '2022-01-05 19:56:16.773737', 6147, '753843343852909762', 137414);
UPDATE `loan_address` SET `created_at` = '2022-01-05 21:02:27.783015', `updated_at` = '2022-01-05 21:02:27.783015', `province` = '河北省', `city` = '保定市', `county` = '曲阳县', `town` = '孝墓乡', `detail` = '百色路真新六街坊26号' WHERE `loan_address`.`id` = 9905;
INSERT INTO `loan_address` (`id`, `created_at`, `updated_at`, `province`, `city`, `county`, `town`, `detail`) VALUES (9905, '2022-01-05 21:02:27.783015', '2022-01-05 21:02:27.783015', '河北省', '保定市', '曲阳县', '孝墓乡', '百色路真新六街坊26号');
UPDATE `loan_customer` SET `created_at` = '2022-01-05 21:02:27.783015', `updated_at` = '2022-01-05 23:40:46.160011', `name` = '曾清卓', `id_number` = '017926047417726505', `gender` = 'm', `birthday` = '1990-03-20', `address_id` = 9905, `job_id` = 2041, `salary` = 6000 WHERE `loan_customer`.`id` = 6148;
INSERT INTO `loan_customer` (`id`, `created_at`, `updated_at`, `name`, `id_number`, `gender`, `birthday`, `address_id`, `job_id`, `salary`) VALUES (6148, '2022-01-05 21:02:27.783015', '2022-01-05 23:40:46.160011', '曾清卓', '017926047417726505', 'm', '1990-03-20', 9905, 2041, 6000);
UPDATE `loan_car` SET `created_at` = '2022-01-05 21:29:53.058021', `updated_at` = '2022-01-05 21:47:26.074348', `customer_id` = 6148, `model_id` = 272, `vin_number` = '430547859059115578', `date_produced` = '2014-11-02', `value_estimated` = 20000 WHERE `loan_car`.`id` = 4939;
INSERT INTO `loan_car` (`id`, `created_at`, `updated_at`, `customer_id`, `model_id`, `vin_number`, `date_produced`, `value_estimated`) VALUES (4939, '2022-01-05 21:29:53.058021', '2022-01-05 21:47:26.074348', 6148, 272, '430547859059115578', '2014-11-02', 20000);
UPDATE `loan_car` SET `created_at` = '2022-01-05 23:37:54.977512', `updated_at` = '2022-01-05 23:57:47.632984', `customer_id` = 6148, `model_id` = 258, `vin_number` = '594097979699288393', `date_produced` = '2018-08-26', `value_estimated` = 520000 WHERE `loan_car`.`id` = 4940;
INSERT INTO `loan_car` (`id`, `created_at`, `updated_at`, `customer_id`, `model_id`, `vin_number`, `date_produced`, `value_estimated`) VALUES (4940, '2022-01-05 23:37:54.977512', '2022-01-05 23:57:47.632984', 6148, 258, '594097979699288393', '2018-08-26', 520000);
UPDATE `loan_account` SET `created_at` = '2022-01-05 21:53:13.797037', `updated_at` = '2022-01-05 22:55:54.753189', `customer_id` = 6148, `number` = '635369327028211914', `balance` = 5607 WHERE `loan_account`.`id` = 5614;
INSERT INTO `loan_account` (`id`, `created_at`, `updated_at`, `customer_id`, `number`, `balance`) VALUES (5614, '2022-01-05 21:53:13.797037', '2022-01-05 22:55:54.753189', 6148, '635369327028211914', 5607);
UPDATE `loan_address` SET `created_at` = '2022-01-05 08:51:40.763188', `updated_at` = '2022-01-05 08:51:40.763188', `province` = '重庆市', `city` = '市辖区', `county` = '武隆区', `town` = '后坪苗族土家族乡', `detail` = '宝昌路34号' WHERE `loan_address`.`id` = 9906;
INSERT INTO `loan_address` (`id`, `created_at`, `updated_at`, `province`, `city`, `county`, `town`, `detail`) VALUES (9906, '2022-01-05 08:51:40.763188', '2022-01-05 08:51:40.763188', '重庆市', '市辖区', '武隆区', '后坪苗族土家族乡', '宝昌路34号');
UPDATE `loan_customer` SET `created_at` = '2022-01-05 08:51:40.763188', `updated_at` = '2022-01-05 21:59:55.984010', `name` = '顾瑗', `id_number` = '879678298140272891', `gender` = 'm', `birthday` = '1991-10-18', `address_id` = 9906, `job_id` = 2041, `salary` = 52000 WHERE `loan_customer`.`id` = 6149;
INSERT INTO `loan_customer` (`id`, `created_at`, `updated_at`, `name`, `id_number`, `gender`, `birthday`, `address_id`, `job_id`, `salary`) VALUES (6149, '2022-01-05 08:51:40.763188', '2022-01-05 21:59:55.984010', '顾瑗', '879678298140272891', 'm', '1991-10-18', 9906, 2041, 52000);
UPDATE `loan_car` SET `created_at` = '2022-01-05 18:10:22.917879', `updated_at` = '2022-01-05 18:10:22.917879', `customer_id` = 6149, `model_id` = 236, `vin_number` = '007735360976509762', `date_produced` = '2017-02-25', `value_estimated` = 900000 WHERE `loan_car`.`id` = 4941;
INSERT INTO `loan_car` (`id`, `created_at`, `updated_at`, `customer_id`, `model_id`, `vin_number`, `date_produced`, `value_estimated`) VALUES (4941, '2022-01-05 18:10:22.917879', '2022-01-05 18:10:22.917879', 6149, 236, '007735360976509762', '2017-02-25', 900000);
UPDATE `loan_account` SET `created_at` = '2022-01-05 15:12:32.759756', `updated_at` = '2022-01-05 15:12:32.759756', `customer_id` = 6149, `number` = '689814649761334739', `balance` = 91949 WHERE `loan_account`.`id` = 5615;
INSERT INTO `loan_account` (`id`, `created_at`, `updated_at`, `customer_id`, `number`, `balance`) VALUES (5615, '2022-01-05 15:12:32.759756', '2022-01-05 15:12:32.759756', 6149, '689814649761334739', 91949);
UPDATE `loan_address` SET `created_at` = '2022-01-05 02:30:12.918149', `updated_at` = '2022-01-05 02:30:12.918149', `province` = '云南省', `city` = '楚雄彝族自治州', `county` = '武定县', `town` = '田心乡', `detail` = '板泉路108号' WHERE `loan_address`.`id` = 9907;
INSERT INTO `loan_address` (`id`, `created_at`, `updated_at`, `province`, `city`, `county`, `town`, `detail`) VALUES (9907, '2022-01-05 02:30:12.918149', '2022-01-05 02:30:12.918149', '云南省', '楚雄彝族自治州', '武定县', '田心乡', '板泉路108号');
UPDATE `loan_customer` SET `created_at` = '2022-01-05 02:30:12.918149', `updated_at` = '2022-01-05 19:03:27.505357', `name` = '冯亦', `id_number` = '424219815913033985', `gender` = 'm', `birthday` = '1998-08-04', `address_id` = 9907, `job_id` = 2041, `salary` = 10000 WHERE `loan_customer`.`id` = 6150;
INSERT INTO `loan_customer` (`id`, `created_at`, `updated_at`, `name`, `id_number`, `gender`, `birthday`, `address_id`, `job_id`, `salary`) VALUES (6150, '2022-01-05 02:30:12.918149', '2022-01-05 19:03:27.505357', '冯亦', '424219815913033985', 'm', '1998-08-04', 9907, 2041, 10000);
UPDATE `loan_chattel` SET `created_at` = '2022-01-05 12:15:42.890145', `updated_at` = '2022-01-05 12:15:42.890145', `customer_id` = 6150, `type` = 'check', `description` = '一些信息', `value_amount` = 410000, `expired_at` = '2025-03-09' WHERE `loan_chattel`.`id` = 1807;
INSERT INTO `loan_chattel` (`id`, `created_at`, `updated_at`, `customer_id`, `type`, `description`, `value_amount`, `expired_at`) VALUES (1807, '2022-01-05 12:15:42.890145', '2022-01-05 12:15:42.890145', 6150, 'check', '一些信息', 410000, '2025-03-09');
UPDATE `loan_chattel` SET `created_at` = '2022-01-05 08:45:30.192452', `updated_at` = '2022-01-05 08:45:30.192452', `customer_id` = 6150, `type` = 'check', `description` = '一些信息', `value_amount` = 20000, `expired_at` = '2024-01-30' WHERE `loan_chattel`.`id` = 1808;
INSERT INTO `loan_chattel` (`id`, `created_at`, `updated_at`, `customer_id`, `type`, `description`, `value_amount`, `expired_at`) VALUES (1808, '2022-01-05 08:45:30.192452', '2022-01-05 08:45:30.192452', 6150, 'check', '一些信息', 20000, '2024-01-30');
UPDATE `loan_car` SET `created_at` = '2022-01-05 11:07:15.237637', `updated_at` = '2022-01-05 11:07:15.237637', `customer_id` = 6150, `model_id` = 278, `vin_number` = '352928246745885027', `date_produced` = '2020-07-16', `value_estimated` = 600000 WHERE `loan_car`.`id` = 4942;
INSERT INTO `loan_car` (`id`, `created_at`, `updated_at`, `customer_id`, `model_id`, `vin_number`, `date_produced`, `value_estimated`) VALUES (4942, '2022-01-05 11:07:15.237637', '2022-01-05 11:07:15.237637', 6150, 278, '352928246745885027', '2020-07-16', 600000);
UPDATE `loan_account` SET `created_at` = '2022-01-05 02:53:24.548533', `updated_at` = '2022-01-05 13:30:24.371597', `customer_id` = 6150, `number` = '486558237209780375', `balance` = 49775 WHERE `loan_account`.`id` = 5616;
INSERT INTO `loan_account` (`id`, `created_at`, `updated_at`, `customer_id`, `number`, `balance`) VALUES (5616, '2022-01-05 02:53:24.548533', '2022-01-05 13:30:24.371597', 6150, '486558237209780375', 49775);
UPDATE `loan_address` SET `created_at` = '2022-01-05 20:04:47.026766', `updated_at` = '2022-01-05 20:04:47.026766', `province` = '安徽省', `city` = '宿州市', `county` = '灵璧县', `town` = '浍沟镇', `detail` = '安福路176号' WHERE `loan_address`.`id` = 9908;
INSERT INTO `loan_address` (`id`, `created_at`, `updated_at`, `province`, `city`, `county`, `town`, `detail`) VALUES (9908, '2022-01-05 20:04:47.026766', '2022-01-05 20:04:47.026766', '安徽省', '宿州市', '灵璧县', '浍沟镇', '安福路176号');
UPDATE `loan_customer` SET `created_at` = '2022-01-05 20:04:47.026766', `updated_at` = '2022-01-05 20:42:10.836492', `name` = '江修德', `id_number` = '893241927417122813', `gender` = 'f', `birthday` = '1981-12-07', `address_id` = 9908, `job_id` = 2042, `salary` = 17000 WHERE `loan_customer`.`id` = 6151;
INSERT INTO `loan_customer` (`id`, `created_at`, `updated_at`, `name`, `id_number`, `gender`, `birthday`, `address_id`, `job_id`, `salary`) VALUES (6151, '2022-01-05 20:04:47.026766', '2022-01-05 20:42:10.836492', '江修德', '893241927417122813', 'f', '1981-12-07', 9908, 2042, 17000);
UPDATE `loan_car` SET `created_at` = '2022-01-05 21:57:17.666239', `updated_at` = '2022-01-05 21:57:17.666239', `customer_id` = 6151, `model_id` = 65, `vin_number` = '858755506361247973', `date_produced` = '2019-12-14', `value_estimated` = 260000 WHERE `loan_car`.`id` = 4943;
INSERT INTO `loan_car` (`id`, `created_at`, `updated_at`, `customer_id`, `model_id`, `vin_number`, `date_produced`, `value_estimated`) VALUES (4943, '2022-01-05 21:57:17.666239', '2022-01-05 21:57:17.666239', 6151, 65, '858755506361247973', '2019-12-14', 260000);
UPDATE `loan_account` SET `created_at` = '2022-01-05 23:21:25.851516', `updated_at` = '2022-01-05 23:21:25.851516', `customer_id` = 6151, `number` = '364387461459107515', `balance` = 69849 WHERE `loan_account`.`id` = 5617;
INSERT INTO `loan_account` (`id`, `created_at`, `updated_at`, `customer_id`, `number`, `balance`) VALUES (5617, '2022-01-05 23:21:25.851516', '2022-01-05 23:21:25.851516', 6151, '364387461459107515', 69849);
UPDATE `loan_address` SET `created_at` = '2022-01-05 20:13:28.321680', `updated_at` = '2022-01-05 20:13:28.321680', `province` = '四川省', `city` = '眉山市', `county` = '仁寿县', `town` = '鳌陵乡', `detail` = '北艾路106号' WHERE `loan_address`.`id` = 9909;
INSERT INTO `loan_address` (`id`, `created_at`, `updated_at`, `province`, `city`, `county`, `town`, `detail`) VALUES (9909, '2022-01-05 20:13:28.321680', '2022-01-05 20:13:28.321680', '四川省', '眉山市', '仁寿县', '鳌陵乡', '北艾路106号');
UPDATE `loan_customer` SET `created_at` = '2022-01-05 20:13:28.321680', `updated_at` = '2022-01-05 21:45:36.844284', `name` = '钱阳德', `id_number` = '341838315767606492', `gender` = 'm', `birthday` = '2000-12-09', `address_id` = 9909, `job_id` = 2042, `salary` = 13000 WHERE `loan_customer`.`id` = 6152;
INSERT INTO `loan_customer` (`id`, `created_at`, `updated_at`, `name`, `id_number`, `gender`, `birthday`, `address_id`, `job_id`, `salary`) VALUES (6152, '2022-01-05 20:13:28.321680', '2022-01-05 21:45:36.844284', '钱阳德', '341838315767606492', 'm', '2000-12-09', 9909, 2042, 13000);
UPDATE `loan_account` SET `created_at` = '2022-01-05 23:43:26.104290', `updated_at` = '2022-01-05 23:49:23.756700', `customer_id` = 6152, `number` = '569682115736833682', `balance` = 60483 WHERE `loan_account`.`id` = 5618;
INSERT INTO `loan_account` (`id`, `created_at`, `updated_at`, `customer_id`, `number`, `balance`) VALUES (5618, '2022-01-05 23:43:26.104290', '2022-01-05 23:49:23.756700', 6152, '569682115736833682', 60483);
UPDATE `loan_address` SET `created_at` = '2022-01-05 12:07:01.122585', `updated_at` = '2022-01-05 12:07:01.122585', `province` = '贵州省', `city` = '毕节市', `county` = '纳雍县', `town` = '羊场苗族彝族乡', `detail` = '安化路东新大厦47号' WHERE `loan_address`.`id` = 9910;
INSERT INTO `loan_address` (`id`, `created_at`, `updated_at`, `province`, `city`, `county`, `town`, `detail`) VALUES (9910, '2022-01-05 12:07:01.122585', '2022-01-05 12:07:01.122585', '贵州省', '毕节市', '纳雍县', '羊场苗族彝族乡', '安化路东新大厦47号');
UPDATE `loan_customer` SET `created_at` = '2022-01-05 12:07:01.122585', `updated_at` = '2022-01-05 12:07:01.122585', `name` = '周娣', `id_number` = '590106826901770927', `gender` = 'f', `birthday` = '2001-03-12', `address_id` = 9910, `job_id` = 2042, `salary` = 18000 WHERE `loan_customer`.`id` = 6153;
INSERT INTO `loan_customer` (`id`, `created_at`, `updated_at`, `name`, `id_number`, `gender`, `birthday`, `address_id`, `job_id`, `salary`) VALUES (6153, '2022-01-05 12:07:01.122585', '2022-01-05 12:07:01.122585', '周娣', '590106826901770927', 'f', '2001-03-12', 9910, 2042, 18000);
UPDATE `loan_chattel` SET `created_at` = '2022-01-05 23:43:05.999497', `updated_at` = '2022-01-05 23:51:10.097169', `customer_id` = 6153, `type` = 'deposit', `description` = '一些信息', `value_amount` = 320000, `expired_at` = '2026-06-29' WHERE `loan_chattel`.`id` = 1809;
INSERT INTO `loan_chattel` (`id`, `created_at`, `updated_at`, `customer_id`, `type`, `description`, `value_amount`, `expired_at`) VALUES (1809, '2022-01-05 23:43:05.999497', '2022-01-05 23:51:10.097169', 6153, 'deposit', '一些信息', 320000, '2026-06-29');
UPDATE `loan_address` SET `created_at` = '2022-01-05 23:41:02.123115', `updated_at` = '2022-01-05 23:41:02.123115', `province` = '甘肃省', `city` = '临夏回族自治州', `county` = '临夏县', `town` = '掌子沟乡', `detail` = '保定路爱里舍花园45号' WHERE `loan_address`.`id` = 9911;
INSERT INTO `loan_address` (`id`, `created_at`, `updated_at`, `province`, `city`, `county`, `town`, `detail`) VALUES (9911, '2022-01-05 23:41:02.123115', '2022-01-05 23:41:02.123115', '甘肃省', '临夏回族自治州', '临夏县', '掌子沟乡', '保定路爱里舍花园45号');
UPDATE `loan_estate` SET `created_at` = '2022-01-05 23:41:02.123115', `updated_at` = '2022-01-05 23:41:02.123115', `customer_id` = 6153, `address_id` = 9911 WHERE `loan_estate`.`id` = 3667;
INSERT INTO `loan_estate` (`id`, `created_at`, `updated_at`, `customer_id`, `address_id`) VALUES (3667, '2022-01-05 23:41:02.123115', '2022-01-05 23:41:02.123115', 6153, 9911);
UPDATE `loan_car` SET `created_at` = '2022-01-05 20:16:40.057728', `updated_at` = '2022-01-05 22:38:53.962519', `customer_id` = 6153, `model_id` = 293, `vin_number` = '518872810016870027', `date_produced` = '2021-04-19', `value_estimated` = 90000 WHERE `loan_car`.`id` = 4944;
INSERT INTO `loan_car` (`id`, `created_at`, `updated_at`, `customer_id`, `model_id`, `vin_number`, `date_produced`, `value_estimated`) VALUES (4944, '2022-01-05 20:16:40.057728', '2022-01-05 22:38:53.962519', 6153, 293, '518872810016870027', '2021-04-19', 90000);
UPDATE `loan_account` SET `created_at` = '2022-01-05 18:04:11.969898', `updated_at` = '2022-01-05 20:32:08.264106', `customer_id` = 6153, `number` = '171863655254079672', `balance` = 21991 WHERE `loan_account`.`id` = 5619;
INSERT INTO `loan_account` (`id`, `created_at`, `updated_at`, `customer_id`, `number`, `balance`) VALUES (5619, '2022-01-05 18:04:11.969898', '2022-01-05 20:32:08.264106', 6153, '171863655254079672', 21991);
UPDATE `loan_address` SET `created_at` = '2022-01-05 23:47:03.482192', `updated_at` = '2022-01-05 23:47:03.482192', `province` = '西藏自治区', `city` = '昌都市', `county` = '贡觉县', `town` = '哈加乡', `detail` = '保屯路50号' WHERE `loan_address`.`id` = 9912;
INSERT INTO `loan_address` (`id`, `created_at`, `updated_at`, `province`, `city`, `county`, `town`, `detail`) VALUES (9912, '2022-01-05 23:47:03.482192', '2022-01-05 23:47:03.482192', '西藏自治区', '昌都市', '贡觉县', '哈加乡', '保屯路50号');
UPDATE `loan_customer` SET `created_at` = '2022-01-05 23:47:03.482192', `updated_at` = '2022-01-05 23:47:41.097576', `name` = '叶淞', `id_number` = '180124388309409415', `gender` = 'f', `birthday` = '2004-11-29', `address_id` = 9912, `job_id` = 2043, `salary` = 18000 WHERE `loan_customer`.`id` = 6154;
INSERT INTO `loan_customer` (`id`, `created_at`, `updated_at`, `name`, `id_number`, `gender`, `birthday`, `address_id`, `job_id`, `salary`) VALUES (6154, '2022-01-05 23:47:03.482192', '2022-01-05 23:47:41.097576', '叶淞', '180124388309409415', 'f', '2004-11-29', 9912, 2043, 18000);
UPDATE `loan_chattel` SET `created_at` = '2022-01-05 23:56:39.628073', `updated_at` = '2022-01-05 23:59:12.737010', `customer_id` = 6154, `type` = 'patent', `description` = '一些信息', `value_amount` = 260000, `expired_at` = '2025-05-09' WHERE `loan_chattel`.`id` = 1810;
INSERT INTO `loan_chattel` (`id`, `created_at`, `updated_at`, `customer_id`, `type`, `description`, `value_amount`, `expired_at`) VALUES (1810, '2022-01-05 23:56:39.628073', '2022-01-05 23:59:12.737010', 6154, 'patent', '一些信息', 260000, '2025-05-09');
UPDATE `loan_address` SET `created_at` = '2022-01-05 23:52:29.292902', `updated_at` = '2022-01-05 23:52:29.292902', `province` = '吉林省', `city` = '通化市', `county` = '梅河口市', `town` = '中和镇', `detail` = '安亭路阳光翠竹苑116号' WHERE `loan_address`.`id` = 9913;
INSERT INTO `loan_address` (`id`, `created_at`, `updated_at`, `province`, `city`, `county`, `town`, `detail`) VALUES (9913, '2022-01-05 23:52:29.292902', '2022-01-05 23:52:29.292902', '吉林省', '通化市', '梅河口市', '中和镇', '安亭路阳光翠竹苑116号');
UPDATE `loan_estate` SET `created_at` = '2022-01-05 23:52:29.292902', `updated_at` = '2022-01-05 23:52:29.292902', `customer_id` = 6154, `address_id` = 9913 WHERE `loan_estate`.`id` = 3668;
INSERT INTO `loan_estate` (`id`, `created_at`, `updated_at`, `customer_id`, `address_id`) VALUES (3668, '2022-01-05 23:52:29.292902', '2022-01-05 23:52:29.292902', 6154, 9913);
UPDATE `loan_car` SET `created_at` = '2022-01-05 23:59:18.555852', `updated_at` = '2022-01-05 23:59:38.043028', `customer_id` = 6154, `model_id` = 186, `vin_number` = '492817202718864982', `date_produced` = '2013-04-09', `value_estimated` = 760000 WHERE `loan_car`.`id` = 4945;
INSERT INTO `loan_car` (`id`, `created_at`, `updated_at`, `customer_id`, `model_id`, `vin_number`, `date_produced`, `value_estimated`) VALUES (4945, '2022-01-05 23:59:18.555852', '2022-01-05 23:59:38.043028', 6154, 186, '492817202718864982', '2013-04-09', 760000);
UPDATE `loan_account` SET `created_at` = '2022-01-05 23:47:46.790314', `updated_at` = '2022-01-05 23:55:00.681960', `customer_id` = 6154, `number` = '035887346956262809', `balance` = 61 WHERE `loan_account`.`id` = 5620;
INSERT INTO `loan_account` (`id`, `created_at`, `updated_at`, `customer_id`, `number`, `balance`) VALUES (5620, '2022-01-05 23:47:46.790314', '2022-01-05 23:55:00.681960', 6154, '035887346956262809', 61);
UPDATE `loan_address` SET `created_at` = '2022-01-05 16:20:55.508320', `updated_at` = '2022-01-05 16:20:55.508320', `province` = '河北省', `city` = '保定市', `county` = '博野县', `town` = '城东镇', `detail` = '安顺路19号' WHERE `loan_address`.`id` = 9914;
INSERT INTO `loan_address` (`id`, `created_at`, `updated_at`, `province`, `city`, `county`, `town`, `detail`) VALUES (9914, '2022-01-05 16:20:55.508320', '2022-01-05 16:20:55.508320', '河北省', '保定市', '博野县', '城东镇', '安顺路19号');
UPDATE `loan_customer` SET `created_at` = '2022-01-05 16:20:55.508320', `updated_at` = '2022-01-05 16:20:55.508320', `name` = '石兰七', `id_number` = '496290371614542335', `gender` = 'm', `birthday` = '1990-11-26', `address_id` = 9914, `job_id` = 2043, `salary` = 20000 WHERE `loan_customer`.`id` = 6155;
INSERT INTO `loan_customer` (`id`, `created_at`, `updated_at`, `name`, `id_number`, `gender`, `birthday`, `address_id`, `job_id`, `salary`) VALUES (6155, '2022-01-05 16:20:55.508320', '2022-01-05 16:20:55.508320', '石兰七', '496290371614542335', 'm', '1990-11-26', 9914, 2043, 20000);
UPDATE `loan_account` SET `created_at` = '2022-01-05 20:45:34.875439', `updated_at` = '2022-01-05 20:45:34.875439', `customer_id` = 6155, `number` = '100918001891501757', `balance` = 61700 WHERE `loan_account`.`id` = 5621;
INSERT INTO `loan_account` (`id`, `created_at`, `updated_at`, `customer_id`, `number`, `balance`) VALUES (5621, '2022-01-05 20:45:34.875439', '2022-01-05 20:45:34.875439', 6155, '100918001891501757', 61700);
UPDATE `loan_address` SET `created_at` = '2022-01-05 20:55:25.726102', `updated_at` = '2022-01-05 20:55:25.726102', `province` = '河北省', `city` = '邢台市', `county` = '威县', `town` = '常庄镇', `detail` = '包头南路菊园五街坊155号' WHERE `loan_address`.`id` = 9915;
INSERT INTO `loan_address` (`id`, `created_at`, `updated_at`, `province`, `city`, `county`, `town`, `detail`) VALUES (9915, '2022-01-05 20:55:25.726102', '2022-01-05 20:55:25.726102', '河北省', '邢台市', '威县', '常庄镇', '包头南路菊园五街坊155号');
UPDATE `loan_customer` SET `created_at` = '2022-01-05 20:55:25.726102', `updated_at` = '2022-01-05 22:31:47.821310', `name` = '文洛', `id_number` = '395160769996087955', `gender` = 'f', `birthday` = '2008-08-28', `address_id` = 9915, `job_id` = 2043, `salary` = 23000 WHERE `loan_customer`.`id` = 6156;
INSERT INTO `loan_customer` (`id`, `created_at`, `updated_at`, `name`, `id_number`, `gender`, `birthday`, `address_id`, `job_id`, `salary`) VALUES (6156, '2022-01-05 20:55:25.726102', '2022-01-05 22:31:47.821310', '文洛', '395160769996087955', 'f', '2008-08-28', 9915, 2043, 23000);
UPDATE `loan_car` SET `created_at` = '2022-01-05 23:36:48.832151', `updated_at` = '2022-01-05 23:36:48.832151', `customer_id` = 6156, `model_id` = 146, `vin_number` = '807163631345349661', `date_produced` = '2016-01-06', `value_estimated` = 180000 WHERE `loan_car`.`id` = 4946;
INSERT INTO `loan_car` (`id`, `created_at`, `updated_at`, `customer_id`, `model_id`, `vin_number`, `date_produced`, `value_estimated`) VALUES (4946, '2022-01-05 23:36:48.832151', '2022-01-05 23:36:48.832151', 6156, 146, '807163631345349661', '2016-01-06', 180000);
UPDATE `loan_account` SET `created_at` = '2022-01-05 20:56:11.125561', `updated_at` = '2022-01-05 23:17:14.295464', `customer_id` = 6156, `number` = '195621324918652086', `balance` = 0 WHERE `loan_account`.`id` = 5622;
INSERT INTO `loan_account` (`id`, `created_at`, `updated_at`, `customer_id`, `number`, `balance`) VALUES (5622, '2022-01-05 20:56:11.125561', '2022-01-05 23:17:14.295464', 6156, '195621324918652086', 0);
UPDATE `loan_address` SET `created_at` = '2022-01-05 00:29:07.277020', `updated_at` = '2022-01-05 00:29:07.277020', `province` = '江西省', `city` = '抚州市', `county` = '金溪县', `town` = '陈坊积乡', `detail` = '保定路博泰新苑96号' WHERE `loan_address`.`id` = 9916;
INSERT INTO `loan_address` (`id`, `created_at`, `updated_at`, `province`, `city`, `county`, `town`, `detail`) VALUES (9916, '2022-01-05 00:29:07.277020', '2022-01-05 00:29:07.277020', '江西省', '抚州市', '金溪县', '陈坊积乡', '保定路博泰新苑96号');
UPDATE `loan_customer` SET `created_at` = '2022-01-05 00:29:07.277020', `updated_at` = '2022-01-05 00:29:07.277020', `name` = '秦水', `id_number` = '432567921133142965', `gender` = 'f', `birthday` = '1994-09-19', `address_id` = 9916, `job_id` = 2044, `salary` = 71000 WHERE `loan_customer`.`id` = 6157;
INSERT INTO `loan_customer` (`id`, `created_at`, `updated_at`, `name`, `id_number`, `gender`, `birthday`, `address_id`, `job_id`, `salary`) VALUES (6157, '2022-01-05 00:29:07.277020', '2022-01-05 00:29:07.277020', '秦水', '432567921133142965', 'f', '1994-09-19', 9916, 2044, 71000);
UPDATE `loan_address` SET `created_at` = '2022-01-05 02:36:55.640511', `updated_at` = '2022-01-05 02:36:55.640511', `province` = '贵州省', `city` = '铜仁市', `county` = '印江土家族苗族自治县', `town` = '峨岭街道办事处', `detail` = '安远路阳光翠竹苑156号' WHERE `loan_address`.`id` = 9917;
INSERT INTO `loan_address` (`id`, `created_at`, `updated_at`, `province`, `city`, `county`, `town`, `detail`) VALUES (9917, '2022-01-05 02:36:55.640511', '2022-01-05 02:36:55.640511', '贵州省', '铜仁市', '印江土家族苗族自治县', '峨岭街道办事处', '安远路阳光翠竹苑156号');
UPDATE `loan_estate` SET `created_at` = '2022-01-05 02:36:55.640511', `updated_at` = '2022-01-05 22:52:39.620886', `customer_id` = 6157, `address_id` = 9917 WHERE `loan_estate`.`id` = 3669;
INSERT INTO `loan_estate` (`id`, `created_at`, `updated_at`, `customer_id`, `address_id`) VALUES (3669, '2022-01-05 02:36:55.640511', '2022-01-05 22:52:39.620886', 6157, 9917);
UPDATE `loan_address` SET `created_at` = '2022-01-05 22:51:02.302564', `updated_at` = '2022-01-05 22:51:02.302564', `province` = '四川省', `city` = '广安市', `county` = '武胜县', `town` = '华封镇', `detail` = '宝祁路溢盈河畔别墅175号' WHERE `loan_address`.`id` = 9918;
INSERT INTO `loan_address` (`id`, `created_at`, `updated_at`, `province`, `city`, `county`, `town`, `detail`) VALUES (9918, '2022-01-05 22:51:02.302564', '2022-01-05 22:51:02.302564', '四川省', '广安市', '武胜县', '华封镇', '宝祁路溢盈河畔别墅175号');
UPDATE `loan_estate` SET `created_at` = '2022-01-05 22:51:02.302564', `updated_at` = '2022-01-05 22:51:02.302564', `customer_id` = 6157, `address_id` = 9918 WHERE `loan_estate`.`id` = 3670;
INSERT INTO `loan_estate` (`id`, `created_at`, `updated_at`, `customer_id`, `address_id`) VALUES (3670, '2022-01-05 22:51:02.302564', '2022-01-05 22:51:02.302564', 6157, 9918);
UPDATE `loan_account` SET `created_at` = '2022-01-05 12:01:59.394485', `updated_at` = '2022-01-05 12:01:59.394485', `customer_id` = 6157, `number` = '727016461287317222', `balance` = 149454 WHERE `loan_account`.`id` = 5623;
INSERT INTO `loan_account` (`id`, `created_at`, `updated_at`, `customer_id`, `number`, `balance`) VALUES (5623, '2022-01-05 12:01:59.394485', '2022-01-05 12:01:59.394485', 6157, '727016461287317222', 149454);
UPDATE `loan_address` SET `created_at` = '2022-01-05 16:40:34.674540', `updated_at` = '2022-01-05 16:40:34.674540', `province` = '江西省', `city` = '抚州市', `county` = '金溪县', `town` = '陈坊积乡', `detail` = '安汾路复华城市花园43号' WHERE `loan_address`.`id` = 9919;
INSERT INTO `loan_address` (`id`, `created_at`, `updated_at`, `province`, `city`, `county`, `town`, `detail`) VALUES (9919, '2022-01-05 16:40:34.674540', '2022-01-05 16:40:34.674540', '江西省', '抚州市', '金溪县', '陈坊积乡', '安汾路复华城市花园43号');
UPDATE `loan_customer` SET `created_at` = '2022-01-05 16:40:34.674540', `updated_at` = '2022-01-05 20:29:20.891276', `name` = '蔡封', `id_number` = '978050748653318322', `gender` = 'f', `birthday` = '1996-11-22', `address_id` = 9919, `job_id` = 2044, `salary` = 21000 WHERE `loan_customer`.`id` = 6158;
INSERT INTO `loan_customer` (`id`, `created_at`, `updated_at`, `name`, `id_number`, `gender`, `birthday`, `address_id`, `job_id`, `salary`) VALUES (6158, '2022-01-05 16:40:34.674540', '2022-01-05 20:29:20.891276', '蔡封', '978050748653318322', 'f', '1996-11-22', 9919, 2044, 21000);
UPDATE `loan_address` SET `created_at` = '2022-01-05 23:24:49.915342', `updated_at` = '2022-01-05 23:24:49.915342', `province` = '四川省', `city` = '广安市', `county` = '武胜县', `town` = '华封镇', `detail` = '安亭路和亭佳苑187号' WHERE `loan_address`.`id` = 9920;
INSERT INTO `loan_address` (`id`, `created_at`, `updated_at`, `province`, `city`, `county`, `town`, `detail`) VALUES (9920, '2022-01-05 23:24:49.915342', '2022-01-05 23:24:49.915342', '四川省', '广安市', '武胜县', '华封镇', '安亭路和亭佳苑187号');
UPDATE `loan_estate` SET `created_at` = '2022-01-05 23:24:49.915342', `updated_at` = '2022-01-05 23:24:49.915342', `customer_id` = 6158, `address_id` = 9920 WHERE `loan_estate`.`id` = 3671;
INSERT INTO `loan_estate` (`id`, `created_at`, `updated_at`, `customer_id`, `address_id`) VALUES (3671, '2022-01-05 23:24:49.915342', '2022-01-05 23:24:49.915342', 6158, 9920);
UPDATE `loan_car` SET `created_at` = '2022-01-05 20:56:28.333636', `updated_at` = '2022-01-05 20:56:28.333636', `customer_id` = 6158, `model_id` = 5, `vin_number` = '198244782737138647', `date_produced` = '2013-06-27', `value_estimated` = 150000 WHERE `loan_car`.`id` = 4947;
INSERT INTO `loan_car` (`id`, `created_at`, `updated_at`, `customer_id`, `model_id`, `vin_number`, `date_produced`, `value_estimated`) VALUES (4947, '2022-01-05 20:56:28.333636', '2022-01-05 20:56:28.333636', 6158, 5, '198244782737138647', '2013-06-27', 150000);
UPDATE `loan_account` SET `created_at` = '2022-01-05 19:35:00.636043', `updated_at` = '2022-01-05 19:35:00.636043', `customer_id` = 6158, `number` = '713424439968140634', `balance` = 24631 WHERE `loan_account`.`id` = 5624;
INSERT INTO `loan_account` (`id`, `created_at`, `updated_at`, `customer_id`, `number`, `balance`) VALUES (5624, '2022-01-05 19:35:00.636043', '2022-01-05 19:35:00.636043', 6158, '713424439968140634', 24631);
UPDATE `loan_address` SET `created_at` = '2022-01-05 22:46:21.800745', `updated_at` = '2022-01-05 22:46:21.800745', `province` = '河北省', `city` = '衡水市', `county` = '阜城县', `town` = '崔家庙镇', `detail` = '安澜路耀江花园160号' WHERE `loan_address`.`id` = 9921;
INSERT INTO `loan_address` (`id`, `created_at`, `updated_at`, `province`, `city`, `county`, `town`, `detail`) VALUES (9921, '2022-01-05 22:46:21.800745', '2022-01-05 22:46:21.800745', '河北省', '衡水市', '阜城县', '崔家庙镇', '安澜路耀江花园160号');
UPDATE `loan_customer` SET `created_at` = '2022-01-05 22:46:21.800745', `updated_at` = '2022-01-05 23:11:51.342432', `name` = '乔天睿', `id_number` = '959623031371026892', `gender` = 'f', `birthday` = '2008-01-19', `address_id` = 9921, `job_id` = 2044, `salary` = 34000 WHERE `loan_customer`.`id` = 6159;
INSERT INTO `loan_customer` (`id`, `created_at`, `updated_at`, `name`, `id_number`, `gender`, `birthday`, `address_id`, `job_id`, `salary`) VALUES (6159, '2022-01-05 22:46:21.800745', '2022-01-05 23:11:51.342432', '乔天睿', '959623031371026892', 'f', '2008-01-19', 9921, 2044, 34000);
UPDATE `loan_address` SET `created_at` = '2022-01-05 23:08:13.582757', `updated_at` = '2022-01-05 23:08:13.582757', `province` = '甘肃省', `city` = '兰州市', `county` = '西固区', `town` = '四季青街道', `detail` = '安波路103号' WHERE `loan_address`.`id` = 9922;
INSERT INTO `loan_address` (`id`, `created_at`, `updated_at`, `province`, `city`, `county`, `town`, `detail`) VALUES (9922, '2022-01-05 23:08:13.582757', '2022-01-05 23:08:13.582757', '甘肃省', '兰州市', '西固区', '四季青街道', '安波路103号');
UPDATE `loan_estate` SET `created_at` = '2022-01-05 23:08:13.582757', `updated_at` = '2022-01-05 23:08:13.582757', `customer_id` = 6159, `address_id` = 9922 WHERE `loan_estate`.`id` = 3672;
INSERT INTO `loan_estate` (`id`, `created_at`, `updated_at`, `customer_id`, `address_id`) VALUES (3672, '2022-01-05 23:08:13.582757', '2022-01-05 23:08:13.582757', 6159, 9922);
UPDATE `loan_account` SET `created_at` = '2022-01-05 22:53:46.144296', `updated_at` = '2022-01-05 22:53:46.144296', `customer_id` = 6159, `number` = '242680623890699709', `balance` = 58512 WHERE `loan_account`.`id` = 5625;
INSERT INTO `loan_account` (`id`, `created_at`, `updated_at`, `customer_id`, `number`, `balance`) VALUES (5625, '2022-01-05 22:53:46.144296', '2022-01-05 22:53:46.144296', 6159, '242680623890699709', 58512);
UPDATE `loan_address` SET `created_at` = '2022-01-05 16:24:13.928293', `updated_at` = '2022-01-05 16:24:13.928293', `province` = '云南省', `city` = '楚雄彝族自治州', `county` = '武定县', `town` = '田心乡', `detail` = '白水路阳光翠竹苑88号' WHERE `loan_address`.`id` = 9923;
INSERT INTO `loan_address` (`id`, `created_at`, `updated_at`, `province`, `city`, `county`, `town`, `detail`) VALUES (9923, '2022-01-05 16:24:13.928293', '2022-01-05 16:24:13.928293', '云南省', '楚雄彝族自治州', '武定县', '田心乡', '白水路阳光翠竹苑88号');
UPDATE `loan_customer` SET `created_at` = '2022-01-05 16:24:13.928293', `updated_at` = '2022-01-05 19:35:11.738287', `name` = '袁喆', `id_number` = '979103359103816561', `gender` = 'f', `birthday` = '2007-03-10', `address_id` = 9923, `job_id` = 2044, `salary` = 8000 WHERE `loan_customer`.`id` = 6160;
INSERT INTO `loan_customer` (`id`, `created_at`, `updated_at`, `name`, `id_number`, `gender`, `birthday`, `address_id`, `job_id`, `salary`) VALUES (6160, '2022-01-05 16:24:13.928293', '2022-01-05 19:35:11.738287', '袁喆', '979103359103816561', 'f', '2007-03-10', 9923, 2044, 8000);
UPDATE `loan_address` SET `created_at` = '2022-01-05 18:01:12.098081', `updated_at` = '2022-01-05 18:01:12.098081', `province` = '江苏省', `city` = '淮安市', `county` = '金湖县', `town` = '粮棉原种场', `detail` = '白渡路复华城市花园103号' WHERE `loan_address`.`id` = 9924;
INSERT INTO `loan_address` (`id`, `created_at`, `updated_at`, `province`, `city`, `county`, `town`, `detail`) VALUES (9924, '2022-01-05 18:01:12.098081', '2022-01-05 18:01:12.098081', '江苏省', '淮安市', '金湖县', '粮棉原种场', '白渡路复华城市花园103号');
UPDATE `loan_estate` SET `created_at` = '2022-01-05 18:01:12.098081', `updated_at` = '2022-01-05 18:01:12.098081', `customer_id` = 6160, `address_id` = 9924 WHERE `loan_estate`.`id` = 3673;
INSERT INTO `loan_estate` (`id`, `created_at`, `updated_at`, `customer_id`, `address_id`) VALUES (3673, '2022-01-05 18:01:12.098081', '2022-01-05 18:01:12.098081', 6160, 9924);
UPDATE `loan_car` SET `created_at` = '2022-01-05 16:36:07.742289', `updated_at` = '2022-01-05 16:36:07.742289', `customer_id` = 6160, `model_id` = 108, `vin_number` = '651778798242761879', `date_produced` = '2020-05-17', `value_estimated` = 110000 WHERE `loan_car`.`id` = 4948;
INSERT INTO `loan_car` (`id`, `created_at`, `updated_at`, `customer_id`, `model_id`, `vin_number`, `date_produced`, `value_estimated`) VALUES (4948, '2022-01-05 16:36:07.742289', '2022-01-05 16:36:07.742289', 6160, 108, '651778798242761879', '2020-05-17', 110000);
UPDATE `loan_car` SET `created_at` = '2022-01-05 17:32:49.027073', `updated_at` = '2022-01-05 23:34:21.842619', `customer_id` = 6160, `model_id` = 72, `vin_number` = '558073531421050208', `date_produced` = '2011-06-03', `value_estimated` = 100000 WHERE `loan_car`.`id` = 4949;
INSERT INTO `loan_car` (`id`, `created_at`, `updated_at`, `customer_id`, `model_id`, `vin_number`, `date_produced`, `value_estimated`) VALUES (4949, '2022-01-05 17:32:49.027073', '2022-01-05 23:34:21.842619', 6160, 72, '558073531421050208', '2011-06-03', 100000);
UPDATE `loan_account` SET `created_at` = '2022-01-05 19:09:57.234804', `updated_at` = '2022-01-05 19:09:57.234804', `customer_id` = 6160, `number` = '660962428019068179', `balance` = 28650 WHERE `loan_account`.`id` = 5626;
INSERT INTO `loan_account` (`id`, `created_at`, `updated_at`, `customer_id`, `number`, `balance`) VALUES (5626, '2022-01-05 19:09:57.234804', '2022-01-05 19:09:57.234804', 6160, '660962428019068179', 28650);
UPDATE `loan_address` SET `created_at` = '2022-01-05 23:08:52.025512', `updated_at` = '2022-01-05 23:08:52.025512', `province` = '重庆市', `city` = '县', `county` = '垫江县', `town` = '白家镇', `detail` = '保屯路协通公寓99号' WHERE `loan_address`.`id` = 9925;
INSERT INTO `loan_address` (`id`, `created_at`, `updated_at`, `province`, `city`, `county`, `town`, `detail`) VALUES (9925, '2022-01-05 23:08:52.025512', '2022-01-05 23:08:52.025512', '重庆市', '县', '垫江县', '白家镇', '保屯路协通公寓99号');
UPDATE `loan_customer` SET `created_at` = '2022-01-05 23:08:52.025512', `updated_at` = '2022-01-05 23:53:59.151475', `name` = '卢祺祥', `id_number` = '448066343808120722', `gender` = 'f', `birthday` = '2007-11-07', `address_id` = 9925, `job_id` = 2044, `salary` = 37000 WHERE `loan_customer`.`id` = 6161;
INSERT INTO `loan_customer` (`id`, `created_at`, `updated_at`, `name`, `id_number`, `gender`, `birthday`, `address_id`, `job_id`, `salary`) VALUES (6161, '2022-01-05 23:08:52.025512', '2022-01-05 23:53:59.151475', '卢祺祥', '448066343808120722', 'f', '2007-11-07', 9925, 2044, 37000);
UPDATE `loan_account` SET `created_at` = '2022-01-05 23:22:20.108818', `updated_at` = '2022-01-05 23:29:08.673165', `customer_id` = 6161, `number` = '814843270602154150', `balance` = 117734 WHERE `loan_account`.`id` = 5627;
INSERT INTO `loan_account` (`id`, `created_at`, `updated_at`, `customer_id`, `number`, `balance`) VALUES (5627, '2022-01-05 23:22:20.108818', '2022-01-05 23:29:08.673165', 6161, '814843270602154150', 117734);
UPDATE `loan_address` SET `created_at` = '2022-01-05 10:55:15.033951', `updated_at` = '2022-01-05 10:55:15.033951', `province` = '四川省', `city` = '泸州市', `county` = '江阳区', `town` = '方山镇', `detail` = '宝源路真新六街坊105号' WHERE `loan_address`.`id` = 9926;
INSERT INTO `loan_address` (`id`, `created_at`, `updated_at`, `province`, `city`, `county`, `town`, `detail`) VALUES (9926, '2022-01-05 10:55:15.033951', '2022-01-05 10:55:15.033951', '四川省', '泸州市', '江阳区', '方山镇', '宝源路真新六街坊105号');
UPDATE `loan_customer` SET `created_at` = '2022-01-05 10:55:15.033951', `updated_at` = '2022-01-05 22:23:44.633218', `name` = '贺隽洁', `id_number` = '999014793037054713', `gender` = 'm', `birthday` = '1994-10-30', `address_id` = 9926, `job_id` = 2045, `salary` = 29000 WHERE `loan_customer`.`id` = 6162;
INSERT INTO `loan_customer` (`id`, `created_at`, `updated_at`, `name`, `id_number`, `gender`, `birthday`, `address_id`, `job_id`, `salary`) VALUES (6162, '2022-01-05 10:55:15.033951', '2022-01-05 22:23:44.633218', '贺隽洁', '999014793037054713', 'm', '1994-10-30', 9926, 2045, 29000);
UPDATE `loan_car` SET `created_at` = '2022-01-05 16:38:36.008822', `updated_at` = '2022-01-05 16:38:36.008822', `customer_id` = 6162, `model_id` = 103, `vin_number` = '122246599289477072', `date_produced` = '2019-12-21', `value_estimated` = 280000 WHERE `loan_car`.`id` = 4950;
INSERT INTO `loan_car` (`id`, `created_at`, `updated_at`, `customer_id`, `model_id`, `vin_number`, `date_produced`, `value_estimated`) VALUES (4950, '2022-01-05 16:38:36.008822', '2022-01-05 16:38:36.008822', 6162, 103, '122246599289477072', '2019-12-21', 280000);
UPDATE `loan_car` SET `created_at` = '2022-01-05 11:56:11.155871', `updated_at` = '2022-01-05 19:46:27.781951', `customer_id` = 6162, `model_id` = 12, `vin_number` = '904427574537537723', `date_produced` = '2015-10-21', `value_estimated` = 140000 WHERE `loan_car`.`id` = 4951;
INSERT INTO `loan_car` (`id`, `created_at`, `updated_at`, `customer_id`, `model_id`, `vin_number`, `date_produced`, `value_estimated`) VALUES (4951, '2022-01-05 11:56:11.155871', '2022-01-05 19:46:27.781951', 6162, 12, '904427574537537723', '2015-10-21', 140000);
UPDATE `loan_account` SET `created_at` = '2022-01-05 17:27:51.615384', `updated_at` = '2022-01-05 20:07:09.551538', `customer_id` = 6162, `number` = '522086991387843249', `balance` = 30830 WHERE `loan_account`.`id` = 5628;
INSERT INTO `loan_account` (`id`, `created_at`, `updated_at`, `customer_id`, `number`, `balance`) VALUES (5628, '2022-01-05 17:27:51.615384', '2022-01-05 20:07:09.551538', 6162, '522086991387843249', 30830);
UPDATE `loan_address` SET `created_at` = '2022-01-05 18:27:02.188922', `updated_at` = '2022-01-05 18:27:02.188922', `province` = '广西壮族自治区', `city` = '来宾市', `county` = '兴宾区', `town` = '寺山镇', `detail` = '白玉路123号' WHERE `loan_address`.`id` = 9927;
INSERT INTO `loan_address` (`id`, `created_at`, `updated_at`, `province`, `city`, `county`, `town`, `detail`) VALUES (9927, '2022-01-05 18:27:02.188922', '2022-01-05 18:27:02.188922', '广西壮族自治区', '来宾市', '兴宾区', '寺山镇', '白玉路123号');
UPDATE `loan_customer` SET `created_at` = '2022-01-05 18:27:02.188922', `updated_at` = '2022-01-05 18:27:02.188922', `name` = '梁建茗', `id_number` = '885657212862490064', `gender` = 'm', `birthday` = '2006-11-05', `address_id` = 9927, `job_id` = 2046, `salary` = 16000 WHERE `loan_customer`.`id` = 6163;
INSERT INTO `loan_customer` (`id`, `created_at`, `updated_at`, `name`, `id_number`, `gender`, `birthday`, `address_id`, `job_id`, `salary`) VALUES (6163, '2022-01-05 18:27:02.188922', '2022-01-05 18:27:02.188922', '梁建茗', '885657212862490064', 'm', '2006-11-05', 9927, 2046, 16000);
UPDATE `loan_address` SET `created_at` = '2022-01-05 22:56:37.982000', `updated_at` = '2022-01-05 22:56:37.982000', `province` = '江苏省', `city` = '连云港市', `county` = '连云区', `town` = '板桥街道', `detail` = '白兰路耀江花园59号' WHERE `loan_address`.`id` = 9928;
INSERT INTO `loan_address` (`id`, `created_at`, `updated_at`, `province`, `city`, `county`, `town`, `detail`) VALUES (9928, '2022-01-05 22:56:37.982000', '2022-01-05 22:56:37.982000', '江苏省', '连云港市', '连云区', '板桥街道', '白兰路耀江花园59号');
UPDATE `loan_estate` SET `created_at` = '2022-01-05 22:56:37.982000', `updated_at` = '2022-01-05 22:56:37.982000', `customer_id` = 6163, `address_id` = 9928 WHERE `loan_estate`.`id` = 3674;
INSERT INTO `loan_estate` (`id`, `created_at`, `updated_at`, `customer_id`, `address_id`) VALUES (3674, '2022-01-05 22:56:37.982000', '2022-01-05 22:56:37.982000', 6163, 9928);
UPDATE `loan_car` SET `created_at` = '2022-01-05 22:36:10.674532', `updated_at` = '2022-01-05 23:13:21.321979', `customer_id` = 6163, `model_id` = 13, `vin_number` = '340733543085117876', `date_produced` = '2021-09-06', `value_estimated` = 580000 WHERE `loan_car`.`id` = 4952;
INSERT INTO `loan_car` (`id`, `created_at`, `updated_at`, `customer_id`, `model_id`, `vin_number`, `date_produced`, `value_estimated`) VALUES (4952, '2022-01-05 22:36:10.674532', '2022-01-05 23:13:21.321979', 6163, 13, '340733543085117876', '2021-09-06', 580000);
UPDATE `loan_account` SET `created_at` = '2022-01-05 21:00:20.135379', `updated_at` = '2022-01-05 21:00:20.135379', `customer_id` = 6163, `number` = '688498625502226569', `balance` = 0 WHERE `loan_account`.`id` = 5629;
INSERT INTO `loan_account` (`id`, `created_at`, `updated_at`, `customer_id`, `number`, `balance`) VALUES (5629, '2022-01-05 21:00:20.135379', '2022-01-05 21:00:20.135379', 6163, '688498625502226569', 0);
UPDATE `loan_address` SET `created_at` = '2022-01-05 07:28:53.946092', `updated_at` = '2022-01-05 07:28:53.946092', `province` = '江苏省', `city` = '镇江市', `county` = '润州区', `town` = '韦岗街道', `detail` = '安义路120号' WHERE `loan_address`.`id` = 9929;
INSERT INTO `loan_address` (`id`, `created_at`, `updated_at`, `province`, `city`, `county`, `town`, `detail`) VALUES (9929, '2022-01-05 07:28:53.946092', '2022-01-05 07:28:53.946092', '江苏省', '镇江市', '润州区', '韦岗街道', '安义路120号');
UPDATE `loan_customer` SET `created_at` = '2022-01-05 07:28:53.946092', `updated_at` = '2022-01-05 18:53:14.380864', `name` = '任白莲', `id_number` = '633999187198467989', `gender` = 'm', `birthday` = '2004-06-25', `address_id` = 9929, `job_id` = 2046, `salary` = 45000 WHERE `loan_customer`.`id` = 6164;
INSERT INTO `loan_customer` (`id`, `created_at`, `updated_at`, `name`, `id_number`, `gender`, `birthday`, `address_id`, `job_id`, `salary`) VALUES (6164, '2022-01-05 07:28:53.946092', '2022-01-05 18:53:14.380864', '任白莲', '633999187198467989', 'm', '2004-06-25', 9929, 2046, 45000);
UPDATE `loan_car` SET `created_at` = '2022-01-05 17:07:21.375084', `updated_at` = '2022-01-05 17:38:03.242620', `customer_id` = 6164, `model_id` = 291, `vin_number` = '473184601562721210', `date_produced` = '2010-04-07', `value_estimated` = 250000 WHERE `loan_car`.`id` = 4953;
INSERT INTO `loan_car` (`id`, `created_at`, `updated_at`, `customer_id`, `model_id`, `vin_number`, `date_produced`, `value_estimated`) VALUES (4953, '2022-01-05 17:07:21.375084', '2022-01-05 17:38:03.242620', 6164, 291, '473184601562721210', '2010-04-07', 250000);
UPDATE `loan_account` SET `created_at` = '2022-01-05 15:29:07.452058', `updated_at` = '2022-01-05 15:29:07.452058', `customer_id` = 6164, `number` = '718228648989095666', `balance` = 53505 WHERE `loan_account`.`id` = 5630;
INSERT INTO `loan_account` (`id`, `created_at`, `updated_at`, `customer_id`, `number`, `balance`) VALUES (5630, '2022-01-05 15:29:07.452058', '2022-01-05 15:29:07.452058', 6164, '718228648989095666', 53505);
UPDATE `loan_address` SET `created_at` = '2022-01-05 00:54:42.740004', `updated_at` = '2022-01-05 00:54:42.740004', `province` = '黑龙江省', `city` = '绥化市', `county` = '海伦市', `town` = '永和乡', `detail` = '百花街170号' WHERE `loan_address`.`id` = 9930;
INSERT INTO `loan_address` (`id`, `created_at`, `updated_at`, `province`, `city`, `county`, `town`, `detail`) VALUES (9930, '2022-01-05 00:54:42.740004', '2022-01-05 00:54:42.740004', '黑龙江省', '绥化市', '海伦市', '永和乡', '百花街170号');
UPDATE `loan_customer` SET `created_at` = '2022-01-05 00:54:42.740004', `updated_at` = '2022-01-05 00:54:42.740004', `name` = '郭季同', `id_number` = '806749580254129549', `gender` = 'm', `birthday` = '2005-10-04', `address_id` = 9930, `job_id` = 2046, `salary` = 11000 WHERE `loan_customer`.`id` = 6165;
INSERT INTO `loan_customer` (`id`, `created_at`, `updated_at`, `name`, `id_number`, `gender`, `birthday`, `address_id`, `job_id`, `salary`) VALUES (6165, '2022-01-05 00:54:42.740004', '2022-01-05 00:54:42.740004', '郭季同', '806749580254129549', 'm', '2005-10-04', 9930, 2046, 11000);
UPDATE `loan_account` SET `created_at` = '2022-01-05 11:18:21.218346', `updated_at` = '2022-01-05 14:19:11.698047', `customer_id` = 6165, `number` = '707920689702963650', `balance` = 57520 WHERE `loan_account`.`id` = 5631;
INSERT INTO `loan_account` (`id`, `created_at`, `updated_at`, `customer_id`, `number`, `balance`) VALUES (5631, '2022-01-05 11:18:21.218346', '2022-01-05 14:19:11.698047', 6165, '707920689702963650', 57520);
UPDATE `loan_address` SET `created_at` = '2022-01-05 03:38:26.045491', `updated_at` = '2022-01-05 03:38:26.045491', `province` = '甘肃省', `city` = '兰州市', `county` = '西固区', `town` = '四季青街道', `detail` = '安福路复华城市花园130号' WHERE `loan_address`.`id` = 9931;
INSERT INTO `loan_address` (`id`, `created_at`, `updated_at`, `province`, `city`, `county`, `town`, `detail`) VALUES (9931, '2022-01-05 03:38:26.045491', '2022-01-05 03:38:26.045491', '甘肃省', '兰州市', '西固区', '四季青街道', '安福路复华城市花园130号');
UPDATE `loan_customer` SET `created_at` = '2022-01-05 03:38:26.045491', `updated_at` = '2022-01-05 03:38:26.045491', `name` = '龚星星', `id_number` = '235986092872593324', `gender` = 'm', `birthday` = '2006-06-10', `address_id` = 9931, `job_id` = 2046, `salary` = 49000 WHERE `loan_customer`.`id` = 6166;
INSERT INTO `loan_customer` (`id`, `created_at`, `updated_at`, `name`, `id_number`, `gender`, `birthday`, `address_id`, `job_id`, `salary`) VALUES (6166, '2022-01-05 03:38:26.045491', '2022-01-05 03:38:26.045491', '龚星星', '235986092872593324', 'm', '2006-06-10', 9931, 2046, 49000);
UPDATE `loan_address` SET `created_at` = '2022-01-05 06:40:26.198707', `updated_at` = '2022-01-05 06:40:26.198707', `province` = '陕西省', `city` = '安康市', `county` = '汉阴县', `town` = '涧池镇', `detail` = '保屯路33号' WHERE `loan_address`.`id` = 9932;
INSERT INTO `loan_address` (`id`, `created_at`, `updated_at`, `province`, `city`, `county`, `town`, `detail`) VALUES (9932, '2022-01-05 06:40:26.198707', '2022-01-05 06:40:26.198707', '陕西省', '安康市', '汉阴县', '涧池镇', '保屯路33号');
UPDATE `loan_estate` SET `created_at` = '2022-01-05 06:40:26.198707', `updated_at` = '2022-01-05 06:40:26.198707', `customer_id` = 6166, `address_id` = 9932 WHERE `loan_estate`.`id` = 3675;
INSERT INTO `loan_estate` (`id`, `created_at`, `updated_at`, `customer_id`, `address_id`) VALUES (3675, '2022-01-05 06:40:26.198707', '2022-01-05 06:40:26.198707', 6166, 9932);
UPDATE `loan_address` SET `created_at` = '2022-01-05 18:28:38.297312', `updated_at` = '2022-01-05 18:28:38.297312', `province` = '甘肃省', `city` = '兰州市', `county` = '城关区', `town` = '焦家湾街道', `detail` = '半淞园路29号' WHERE `loan_address`.`id` = 9933;
INSERT INTO `loan_address` (`id`, `created_at`, `updated_at`, `province`, `city`, `county`, `town`, `detail`) VALUES (9933, '2022-01-05 18:28:38.297312', '2022-01-05 18:28:38.297312', '甘肃省', '兰州市', '城关区', '焦家湾街道', '半淞园路29号');
UPDATE `loan_estate` SET `created_at` = '2022-01-05 18:28:38.297312', `updated_at` = '2022-01-05 18:28:38.297312', `customer_id` = 6166, `address_id` = 9933 WHERE `loan_estate`.`id` = 3676;
INSERT INTO `loan_estate` (`id`, `created_at`, `updated_at`, `customer_id`, `address_id`) VALUES (3676, '2022-01-05 18:28:38.297312', '2022-01-05 18:28:38.297312', 6166, 9933);
UPDATE `loan_address` SET `created_at` = '2022-01-05 06:04:53.588459', `updated_at` = '2022-01-05 06:04:53.588459', `province` = '青海省', `city` = '玉树藏族自治州', `county` = '称多县', `town` = '拉布乡', `detail` = '澳门路6号' WHERE `loan_address`.`id` = 9934;
INSERT INTO `loan_address` (`id`, `created_at`, `updated_at`, `province`, `city`, `county`, `town`, `detail`) VALUES (9934, '2022-01-05 06:04:53.588459', '2022-01-05 06:04:53.588459', '青海省', '玉树藏族自治州', '称多县', '拉布乡', '澳门路6号');
UPDATE `loan_estate` SET `created_at` = '2022-01-05 06:04:53.588459', `updated_at` = '2022-01-05 06:04:53.588459', `customer_id` = 6166, `address_id` = 9934 WHERE `loan_estate`.`id` = 3677;
INSERT INTO `loan_estate` (`id`, `created_at`, `updated_at`, `customer_id`, `address_id`) VALUES (3677, '2022-01-05 06:04:53.588459', '2022-01-05 06:04:53.588459', 6166, 9934);
UPDATE `loan_account` SET `created_at` = '2022-01-05 16:35:30.579739', `updated_at` = '2022-01-05 16:35:30.579739', `customer_id` = 6166, `number` = '647484792756212216', `balance` = 41023 WHERE `loan_account`.`id` = 5632;
INSERT INTO `loan_account` (`id`, `created_at`, `updated_at`, `customer_id`, `number`, `balance`) VALUES (5632, '2022-01-05 16:35:30.579739', '2022-01-05 16:35:30.579739', 6166, '647484792756212216', 41023);
UPDATE `loan_address` SET `created_at` = '2022-01-05 23:29:44.968734', `updated_at` = '2022-01-05 23:29:44.968734', `province` = '湖南省', `city` = '永州市', `county` = '冷水滩区', `town` = '高溪市镇', `detail` = '百官街158号' WHERE `loan_address`.`id` = 9935;
INSERT INTO `loan_address` (`id`, `created_at`, `updated_at`, `province`, `city`, `county`, `town`, `detail`) VALUES (9935, '2022-01-05 23:29:44.968734', '2022-01-05 23:29:44.968734', '湖南省', '永州市', '冷水滩区', '高溪市镇', '百官街158号');
UPDATE `loan_customer` SET `created_at` = '2022-01-05 23:29:44.968734', `updated_at` = '2022-01-05 23:56:54.801644', `name` = '顾瑗', `id_number` = '828664630611886701', `gender` = 'm', `birthday` = '1999-05-22', `address_id` = 9935, `job_id` = 2047, `salary` = 19000 WHERE `loan_customer`.`id` = 6167;
INSERT INTO `loan_customer` (`id`, `created_at`, `updated_at`, `name`, `id_number`, `gender`, `birthday`, `address_id`, `job_id`, `salary`) VALUES (6167, '2022-01-05 23:29:44.968734', '2022-01-05 23:56:54.801644', '顾瑗', '828664630611886701', 'm', '1999-05-22', 9935, 2047, 19000);
UPDATE `loan_address` SET `created_at` = '2022-01-05 23:33:52.179669', `updated_at` = '2022-01-05 23:33:52.179669', `province` = '陕西省', `city` = '榆林市', `county` = '佳县', `town` = '木头峪镇', `detail` = '安化路阳光翠竹苑174号' WHERE `loan_address`.`id` = 9936;
INSERT INTO `loan_address` (`id`, `created_at`, `updated_at`, `province`, `city`, `county`, `town`, `detail`) VALUES (9936, '2022-01-05 23:33:52.179669', '2022-01-05 23:33:52.179669', '陕西省', '榆林市', '佳县', '木头峪镇', '安化路阳光翠竹苑174号');
UPDATE `loan_estate` SET `created_at` = '2022-01-05 23:33:52.179669', `updated_at` = '2022-01-05 23:33:52.179669', `customer_id` = 6167, `address_id` = 9936 WHERE `loan_estate`.`id` = 3678;
INSERT INTO `loan_estate` (`id`, `created_at`, `updated_at`, `customer_id`, `address_id`) VALUES (3678, '2022-01-05 23:33:52.179669', '2022-01-05 23:33:52.179669', 6167, 9936);
UPDATE `loan_address` SET `created_at` = '2022-01-05 07:06:26.554944', `updated_at` = '2022-01-05 07:06:26.554944', `province` = '湖北省', `city` = '武汉市', `county` = '青山区', `town` = '钢都花园管理委员会', `detail` = '安国路真新六街坊7号' WHERE `loan_address`.`id` = 9937;
INSERT INTO `loan_address` (`id`, `created_at`, `updated_at`, `province`, `city`, `county`, `town`, `detail`) VALUES (9937, '2022-01-05 07:06:26.554944', '2022-01-05 07:06:26.554944', '湖北省', '武汉市', '青山区', '钢都花园管理委员会', '安国路真新六街坊7号');
UPDATE `loan_customer` SET `created_at` = '2022-01-05 07:06:26.554944', `updated_at` = '2022-01-05 07:06:26.554944', `name` = '杜君丽', `id_number` = '062234510004603365', `gender` = 'm', `birthday` = '1990-12-30', `address_id` = 9937, `job_id` = 2047, `salary` = 29000 WHERE `loan_customer`.`id` = 6168;
INSERT INTO `loan_customer` (`id`, `created_at`, `updated_at`, `name`, `id_number`, `gender`, `birthday`, `address_id`, `job_id`, `salary`) VALUES (6168, '2022-01-05 07:06:26.554944', '2022-01-05 07:06:26.554944', '杜君丽', '062234510004603365', 'm', '1990-12-30', 9937, 2047, 29000);
UPDATE `loan_address` SET `created_at` = '2022-01-05 14:34:40.321740', `updated_at` = '2022-01-05 14:34:40.321740', `province` = '黑龙江省', `city` = '伊春市', `county` = '新青区', `town` = '红林经营所', `detail` = '安仁路36号' WHERE `loan_address`.`id` = 9938;
INSERT INTO `loan_address` (`id`, `created_at`, `updated_at`, `province`, `city`, `county`, `town`, `detail`) VALUES (9938, '2022-01-05 14:34:40.321740', '2022-01-05 14:34:40.321740', '黑龙江省', '伊春市', '新青区', '红林经营所', '安仁路36号');
UPDATE `loan_customer` SET `created_at` = '2022-01-05 14:34:40.321740', `updated_at` = '2022-01-05 17:35:19.384775', `name` = '吴元', `id_number` = '451844848937971178', `gender` = 'm', `birthday` = '1987-04-17', `address_id` = 9938, `job_id` = 2047, `salary` = 28000 WHERE `loan_customer`.`id` = 6169;
INSERT INTO `loan_customer` (`id`, `created_at`, `updated_at`, `name`, `id_number`, `gender`, `birthday`, `address_id`, `job_id`, `salary`) VALUES (6169, '2022-01-05 14:34:40.321740', '2022-01-05 17:35:19.384775', '吴元', '451844848937971178', 'm', '1987-04-17', 9938, 2047, 28000);
UPDATE `loan_address` SET `created_at` = '2022-01-05 17:33:22.779586', `updated_at` = '2022-01-05 17:33:22.779586', `province` = '山西省', `city` = '太原市', `county` = '阳曲县', `town` = '大盂镇', `detail` = '宝通路173号' WHERE `loan_address`.`id` = 9939;
INSERT INTO `loan_address` (`id`, `created_at`, `updated_at`, `province`, `city`, `county`, `town`, `detail`) VALUES (9939, '2022-01-05 17:33:22.779586', '2022-01-05 17:33:22.779586', '山西省', '太原市', '阳曲县', '大盂镇', '宝通路173号');
UPDATE `loan_estate` SET `created_at` = '2022-01-05 17:33:22.779586', `updated_at` = '2022-01-05 17:33:22.779586', `customer_id` = 6169, `address_id` = 9939 WHERE `loan_estate`.`id` = 3679;
INSERT INTO `loan_estate` (`id`, `created_at`, `updated_at`, `customer_id`, `address_id`) VALUES (3679, '2022-01-05 17:33:22.779586', '2022-01-05 17:33:22.779586', 6169, 9939);
UPDATE `loan_address` SET `created_at` = '2022-01-05 18:39:55.919689', `updated_at` = '2022-01-05 18:39:55.919689', `province` = '江西省', `city` = '九江市', `county` = '都昌县', `town` = '都昌县良种场', `detail` = '宝林路12号' WHERE `loan_address`.`id` = 9940;
INSERT INTO `loan_address` (`id`, `created_at`, `updated_at`, `province`, `city`, `county`, `town`, `detail`) VALUES (9940, '2022-01-05 18:39:55.919689', '2022-01-05 18:39:55.919689', '江西省', '九江市', '都昌县', '都昌县良种场', '宝林路12号');
UPDATE `loan_estate` SET `created_at` = '2022-01-05 18:39:55.919689', `updated_at` = '2022-01-05 18:39:55.919689', `customer_id` = 6169, `address_id` = 9940 WHERE `loan_estate`.`id` = 3680;
INSERT INTO `loan_estate` (`id`, `created_at`, `updated_at`, `customer_id`, `address_id`) VALUES (3680, '2022-01-05 18:39:55.919689', '2022-01-05 18:39:55.919689', 6169, 9940);
UPDATE `loan_car` SET `created_at` = '2022-01-05 23:46:01.445670', `updated_at` = '2022-01-05 23:49:34.887725', `customer_id` = 6169, `model_id` = 51, `vin_number` = '459365458444261475', `date_produced` = '2010-07-20', `value_estimated` = 440000 WHERE `loan_car`.`id` = 4954;
INSERT INTO `loan_car` (`id`, `created_at`, `updated_at`, `customer_id`, `model_id`, `vin_number`, `date_produced`, `value_estimated`) VALUES (4954, '2022-01-05 23:46:01.445670', '2022-01-05 23:49:34.887725', 6169, 51, '459365458444261475', '2010-07-20', 440000);
UPDATE `loan_car` SET `created_at` = '2022-01-05 17:24:25.989850', `updated_at` = '2022-01-05 17:24:25.989850', `customer_id` = 6169, `model_id` = 220, `vin_number` = '356941941065372877', `date_produced` = '2019-11-06', `value_estimated` = 340000 WHERE `loan_car`.`id` = 4955;
INSERT INTO `loan_car` (`id`, `created_at`, `updated_at`, `customer_id`, `model_id`, `vin_number`, `date_produced`, `value_estimated`) VALUES (4955, '2022-01-05 17:24:25.989850', '2022-01-05 17:24:25.989850', 6169, 220, '356941941065372877', '2019-11-06', 340000);
UPDATE `loan_address` SET `created_at` = '2022-01-05 09:00:52.093795', `updated_at` = '2022-01-05 09:00:52.093795', `province` = '河北省', `city` = '衡水市', `county` = '阜城县', `town` = '崔家庙镇', `detail` = '北艾路83号' WHERE `loan_address`.`id` = 9941;
INSERT INTO `loan_address` (`id`, `created_at`, `updated_at`, `province`, `city`, `county`, `town`, `detail`) VALUES (9941, '2022-01-05 09:00:52.093795', '2022-01-05 09:00:52.093795', '河北省', '衡水市', '阜城县', '崔家庙镇', '北艾路83号');
UPDATE `loan_customer` SET `created_at` = '2022-01-05 09:00:52.093795', `updated_at` = '2022-01-05 18:33:50.724190', `name` = '张鹰', `id_number` = '740442185024338480', `gender` = 'm', `birthday` = '1984-02-21', `address_id` = 9941, `job_id` = 2047, `salary` = 34000 WHERE `loan_customer`.`id` = 6170;
INSERT INTO `loan_customer` (`id`, `created_at`, `updated_at`, `name`, `id_number`, `gender`, `birthday`, `address_id`, `job_id`, `salary`) VALUES (6170, '2022-01-05 09:00:52.093795', '2022-01-05 18:33:50.724190', '张鹰', '740442185024338480', 'm', '1984-02-21', 9941, 2047, 34000);
UPDATE `loan_address` SET `created_at` = '2022-01-05 17:19:06.202229', `updated_at` = '2022-01-05 17:19:06.202229', `province` = '宁夏回族自治区', `city` = '中卫市', `county` = '沙坡头区', `town` = '柔远镇', `detail` = '鞍山路5号' WHERE `loan_address`.`id` = 9942;
INSERT INTO `loan_address` (`id`, `created_at`, `updated_at`, `province`, `city`, `county`, `town`, `detail`) VALUES (9942, '2022-01-05 17:19:06.202229', '2022-01-05 17:19:06.202229', '宁夏回族自治区', '中卫市', '沙坡头区', '柔远镇', '鞍山路5号');
UPDATE `loan_estate` SET `created_at` = '2022-01-05 17:19:06.202229', `updated_at` = '2022-01-05 17:19:06.202229', `customer_id` = 6170, `address_id` = 9942 WHERE `loan_estate`.`id` = 3681;
INSERT INTO `loan_estate` (`id`, `created_at`, `updated_at`, `customer_id`, `address_id`) VALUES (3681, '2022-01-05 17:19:06.202229', '2022-01-05 17:19:06.202229', 6170, 9942);
UPDATE `loan_car` SET `created_at` = '2022-01-05 15:20:45.497578', `updated_at` = '2022-01-05 15:20:45.497578', `customer_id` = 6170, `model_id` = 132, `vin_number` = '569253828184638963', `date_produced` = '2020-12-11', `value_estimated` = 310000 WHERE `loan_car`.`id` = 4956;
INSERT INTO `loan_car` (`id`, `created_at`, `updated_at`, `customer_id`, `model_id`, `vin_number`, `date_produced`, `value_estimated`) VALUES (4956, '2022-01-05 15:20:45.497578', '2022-01-05 15:20:45.497578', 6170, 132, '569253828184638963', '2020-12-11', 310000);
UPDATE `loan_account` SET `created_at` = '2022-01-05 14:56:49.917377', `updated_at` = '2022-01-05 14:56:49.917377', `customer_id` = 6170, `number` = '849145718534344836', `balance` = 21902 WHERE `loan_account`.`id` = 5633;
INSERT INTO `loan_account` (`id`, `created_at`, `updated_at`, `customer_id`, `number`, `balance`) VALUES (5633, '2022-01-05 14:56:49.917377', '2022-01-05 14:56:49.917377', 6170, '849145718534344836', 21902);
UPDATE `loan_address` SET `created_at` = '2022-01-05 20:39:25.063180', `updated_at` = '2022-01-05 20:39:25.063180', `province` = '江西省', `city` = '景德镇市', `county` = '乐平市', `town` = '后港镇', `detail` = '板泉路菊园五街坊38号' WHERE `loan_address`.`id` = 9943;
INSERT INTO `loan_address` (`id`, `created_at`, `updated_at`, `province`, `city`, `county`, `town`, `detail`) VALUES (9943, '2022-01-05 20:39:25.063180', '2022-01-05 20:39:25.063180', '江西省', '景德镇市', '乐平市', '后港镇', '板泉路菊园五街坊38号');
UPDATE `loan_customer` SET `created_at` = '2022-01-05 20:39:25.063180', `updated_at` = '2022-01-05 23:42:45.267869', `name` = '方凡', `id_number` = '166916711385323107', `gender` = 'm', `birthday` = '2001-04-30', `address_id` = 9943, `job_id` = 2048, `salary` = 53000 WHERE `loan_customer`.`id` = 6171;
INSERT INTO `loan_customer` (`id`, `created_at`, `updated_at`, `name`, `id_number`, `gender`, `birthday`, `address_id`, `job_id`, `salary`) VALUES (6171, '2022-01-05 20:39:25.063180', '2022-01-05 23:42:45.267869', '方凡', '166916711385323107', 'm', '2001-04-30', 9943, 2048, 53000);
UPDATE `loan_address` SET `created_at` = '2022-01-05 23:56:42.953835', `updated_at` = '2022-01-05 23:56:42.953835', `province` = '江西省', `city` = '九江市', `county` = '湖口县', `town` = '城山镇', `detail` = '安澜路金色家园191号' WHERE `loan_address`.`id` = 9944;
INSERT INTO `loan_address` (`id`, `created_at`, `updated_at`, `province`, `city`, `county`, `town`, `detail`) VALUES (9944, '2022-01-05 23:56:42.953835', '2022-01-05 23:56:42.953835', '江西省', '九江市', '湖口县', '城山镇', '安澜路金色家园191号');
UPDATE `loan_estate` SET `created_at` = '2022-01-05 23:56:42.953835', `updated_at` = '2022-01-05 23:56:42.953835', `customer_id` = 6171, `address_id` = 9944 WHERE `loan_estate`.`id` = 3682;
INSERT INTO `loan_estate` (`id`, `created_at`, `updated_at`, `customer_id`, `address_id`) VALUES (3682, '2022-01-05 23:56:42.953835', '2022-01-05 23:56:42.953835', 6171, 9944);
UPDATE `loan_account` SET `created_at` = '2022-01-05 20:44:30.384992', `updated_at` = '2022-01-05 20:44:30.384992', `customer_id` = 6171, `number` = '218204539069538804', `balance` = 96229 WHERE `loan_account`.`id` = 5634;
INSERT INTO `loan_account` (`id`, `created_at`, `updated_at`, `customer_id`, `number`, `balance`) VALUES (5634, '2022-01-05 20:44:30.384992', '2022-01-05 20:44:30.384992', 6171, '218204539069538804', 96229);
UPDATE `loan_address` SET `created_at` = '2022-01-05 10:25:11.344070', `updated_at` = '2022-01-05 10:25:11.344070', `province` = '江苏省', `city` = '镇江市', `county` = '润州区', `town` = '韦岗街道', `detail` = '鞍山支路159号' WHERE `loan_address`.`id` = 9945;
INSERT INTO `loan_address` (`id`, `created_at`, `updated_at`, `province`, `city`, `county`, `town`, `detail`) VALUES (9945, '2022-01-05 10:25:11.344070', '2022-01-05 10:25:11.344070', '江苏省', '镇江市', '润州区', '韦岗街道', '鞍山支路159号');
UPDATE `loan_customer` SET `created_at` = '2022-01-05 10:25:11.344070', `updated_at` = '2022-01-05 10:52:50.338873', `name` = '蔡正业', `id_number` = '527156798904203799', `gender` = 'f', `birthday` = '1982-01-30', `address_id` = 9945, `job_id` = 2048, `salary` = 11000 WHERE `loan_customer`.`id` = 6172;
INSERT INTO `loan_customer` (`id`, `created_at`, `updated_at`, `name`, `id_number`, `gender`, `birthday`, `address_id`, `job_id`, `salary`) VALUES (6172, '2022-01-05 10:25:11.344070', '2022-01-05 10:52:50.338873', '蔡正业', '527156798904203799', 'f', '1982-01-30', 9945, 2048, 11000);
UPDATE `loan_address` SET `created_at` = '2022-01-05 10:10:05.119887', `updated_at` = '2022-01-05 10:10:05.119887', `province` = '江西省', `city` = '宜春市', `county` = '丰城市', `town` = '丽村镇', `detail` = '宝通路真新六街坊46号' WHERE `loan_address`.`id` = 9946;
INSERT INTO `loan_address` (`id`, `created_at`, `updated_at`, `province`, `city`, `county`, `town`, `detail`) VALUES (9946, '2022-01-05 10:10:05.119887', '2022-01-05 10:10:05.119887', '江西省', '宜春市', '丰城市', '丽村镇', '宝通路真新六街坊46号');
UPDATE `loan_customer` SET `created_at` = '2022-01-05 10:10:05.119887', `updated_at` = '2022-01-05 23:56:48.722140', `name` = '龙龙', `id_number` = '064024440635741611', `gender` = 'm', `birthday` = '2002-11-11', `address_id` = 9946, `job_id` = 2048, `salary` = 48000 WHERE `loan_customer`.`id` = 6173;
INSERT INTO `loan_customer` (`id`, `created_at`, `updated_at`, `name`, `id_number`, `gender`, `birthday`, `address_id`, `job_id`, `salary`) VALUES (6173, '2022-01-05 10:10:05.119887', '2022-01-05 23:56:48.722140', '龙龙', '064024440635741611', 'm', '2002-11-11', 9946, 2048, 48000);
UPDATE `loan_address` SET `created_at` = '2022-01-05 20:20:40.992751', `updated_at` = '2022-01-05 20:20:40.992751', `province` = '甘肃省', `city` = '甘南藏族自治州', `county` = '夏河县', `town` = '甘加镇', `detail` = '安图路和亭佳苑118号' WHERE `loan_address`.`id` = 9947;
INSERT INTO `loan_address` (`id`, `created_at`, `updated_at`, `province`, `city`, `county`, `town`, `detail`) VALUES (9947, '2022-01-05 20:20:40.992751', '2022-01-05 20:20:40.992751', '甘肃省', '甘南藏族自治州', '夏河县', '甘加镇', '安图路和亭佳苑118号');
UPDATE `loan_estate` SET `created_at` = '2022-01-05 20:20:40.992751', `updated_at` = '2022-01-05 20:20:40.992751', `customer_id` = 6173, `address_id` = 9947 WHERE `loan_estate`.`id` = 3683;
INSERT INTO `loan_estate` (`id`, `created_at`, `updated_at`, `customer_id`, `address_id`) VALUES (3683, '2022-01-05 20:20:40.992751', '2022-01-05 20:20:40.992751', 6173, 9947);
UPDATE `loan_car` SET `created_at` = '2022-01-05 10:40:55.297896', `updated_at` = '2022-01-05 10:40:55.297896', `customer_id` = 6173, `model_id` = 19, `vin_number` = '927575639254207050', `date_produced` = '2017-07-28', `value_estimated` = 120000 WHERE `loan_car`.`id` = 4957;
INSERT INTO `loan_car` (`id`, `created_at`, `updated_at`, `customer_id`, `model_id`, `vin_number`, `date_produced`, `value_estimated`) VALUES (4957, '2022-01-05 10:40:55.297896', '2022-01-05 10:40:55.297896', 6173, 19, '927575639254207050', '2017-07-28', 120000);
UPDATE `loan_account` SET `created_at` = '2022-01-05 16:53:24.702851', `updated_at` = '2022-01-05 23:34:24.712537', `customer_id` = 6173, `number` = '415712738117006571', `balance` = 47580 WHERE `loan_account`.`id` = 5635;
INSERT INTO `loan_account` (`id`, `created_at`, `updated_at`, `customer_id`, `number`, `balance`) VALUES (5635, '2022-01-05 16:53:24.702851', '2022-01-05 23:34:24.712537', 6173, '415712738117006571', 47580);
UPDATE `loan_address` SET `created_at` = '2022-01-05 04:44:14.620361', `updated_at` = '2022-01-05 04:44:14.620361', `province` = '浙江省', `city` = '温州市', `county` = '文成县', `town` = '双桂乡', `detail` = '宝山路92号' WHERE `loan_address`.`id` = 9948;
INSERT INTO `loan_address` (`id`, `created_at`, `updated_at`, `province`, `city`, `county`, `town`, `detail`) VALUES (9948, '2022-01-05 04:44:14.620361', '2022-01-05 04:44:14.620361', '浙江省', '温州市', '文成县', '双桂乡', '宝山路92号');
UPDATE `loan_customer` SET `created_at` = '2022-01-05 04:44:14.620361', `updated_at` = '2022-01-05 04:44:14.620361', `name` = '尹蕾', `id_number` = '888541612597131277', `gender` = 'f', `birthday` = '2001-11-13', `address_id` = 9948, `job_id` = 2048, `salary` = 14000 WHERE `loan_customer`.`id` = 6174;
INSERT INTO `loan_customer` (`id`, `created_at`, `updated_at`, `name`, `id_number`, `gender`, `birthday`, `address_id`, `job_id`, `salary`) VALUES (6174, '2022-01-05 04:44:14.620361', '2022-01-05 04:44:14.620361', '尹蕾', '888541612597131277', 'f', '2001-11-13', 9948, 2048, 14000);
UPDATE `loan_car` SET `created_at` = '2022-01-05 21:27:59.794778', `updated_at` = '2022-01-05 21:27:59.794778', `customer_id` = 6174, `model_id` = 97, `vin_number` = '176642342578687224', `date_produced` = '2010-12-20', `value_estimated` = 350000 WHERE `loan_car`.`id` = 4958;
INSERT INTO `loan_car` (`id`, `created_at`, `updated_at`, `customer_id`, `model_id`, `vin_number`, `date_produced`, `value_estimated`) VALUES (4958, '2022-01-05 21:27:59.794778', '2022-01-05 21:27:59.794778', 6174, 97, '176642342578687224', '2010-12-20', 350000);
UPDATE `loan_car` SET `created_at` = '2022-01-05 13:12:11.404768', `updated_at` = '2022-01-05 13:14:29.468251', `customer_id` = 6174, `model_id` = 283, `vin_number` = '430467968694963209', `date_produced` = '2015-08-17', `value_estimated` = 410000 WHERE `loan_car`.`id` = 4959;
INSERT INTO `loan_car` (`id`, `created_at`, `updated_at`, `customer_id`, `model_id`, `vin_number`, `date_produced`, `value_estimated`) VALUES (4959, '2022-01-05 13:12:11.404768', '2022-01-05 13:14:29.468251', 6174, 283, '430467968694963209', '2015-08-17', 410000);
UPDATE `loan_account` SET `created_at` = '2022-01-05 14:07:18.330130', `updated_at` = '2022-01-05 23:00:07.624297', `customer_id` = 6174, `number` = '414290028158630666', `balance` = 90102 WHERE `loan_account`.`id` = 5636;
INSERT INTO `loan_account` (`id`, `created_at`, `updated_at`, `customer_id`, `number`, `balance`) VALUES (5636, '2022-01-05 14:07:18.330130', '2022-01-05 23:00:07.624297', 6174, '414290028158630666', 90102);
UPDATE `loan_address` SET `created_at` = '2022-01-05 13:44:08.078864', `updated_at` = '2022-01-05 13:44:08.078864', `province` = '西藏自治区', `city` = '昌都市', `county` = '贡觉县', `town` = '哈加乡', `detail` = '安化路196号' WHERE `loan_address`.`id` = 9949;
INSERT INTO `loan_address` (`id`, `created_at`, `updated_at`, `province`, `city`, `county`, `town`, `detail`) VALUES (9949, '2022-01-05 13:44:08.078864', '2022-01-05 13:44:08.078864', '西藏自治区', '昌都市', '贡觉县', '哈加乡', '安化路196号');
UPDATE `loan_customer` SET `created_at` = '2022-01-05 13:44:08.078864', `updated_at` = '2022-01-05 21:05:22.614266', `name` = '方凡', `id_number` = '940523219817042508', `gender` = 'f', `birthday` = '2007-01-23', `address_id` = 9949, `job_id` = 2049, `salary` = 33000 WHERE `loan_customer`.`id` = 6175;
INSERT INTO `loan_customer` (`id`, `created_at`, `updated_at`, `name`, `id_number`, `gender`, `birthday`, `address_id`, `job_id`, `salary`) VALUES (6175, '2022-01-05 13:44:08.078864', '2022-01-05 21:05:22.614266', '方凡', '940523219817042508', 'f', '2007-01-23', 9949, 2049, 33000);
UPDATE `loan_address` SET `created_at` = '2022-01-05 22:55:07.551046', `updated_at` = '2022-01-05 22:55:07.551046', `province` = '甘肃省', `city` = '临夏回族自治州', `county` = '康乐县', `town` = '草滩乡', `detail` = '宝山路博泰新苑137号' WHERE `loan_address`.`id` = 9950;
INSERT INTO `loan_address` (`id`, `created_at`, `updated_at`, `province`, `city`, `county`, `town`, `detail`) VALUES (9950, '2022-01-05 22:55:07.551046', '2022-01-05 22:55:07.551046', '甘肃省', '临夏回族自治州', '康乐县', '草滩乡', '宝山路博泰新苑137号');
UPDATE `loan_estate` SET `created_at` = '2022-01-05 22:55:07.551046', `updated_at` = '2022-01-05 22:55:07.551046', `customer_id` = 6175, `address_id` = 9950 WHERE `loan_estate`.`id` = 3684;
INSERT INTO `loan_estate` (`id`, `created_at`, `updated_at`, `customer_id`, `address_id`) VALUES (3684, '2022-01-05 22:55:07.551046', '2022-01-05 22:55:07.551046', 6175, 9950);
UPDATE `loan_account` SET `created_at` = '2022-01-05 21:49:33.602390', `updated_at` = '2022-01-05 21:49:33.602390', `customer_id` = 6175, `number` = '795141788274811852', `balance` = 48082 WHERE `loan_account`.`id` = 5637;
INSERT INTO `loan_account` (`id`, `created_at`, `updated_at`, `customer_id`, `number`, `balance`) VALUES (5637, '2022-01-05 21:49:33.602390', '2022-01-05 21:49:33.602390', 6175, '795141788274811852', 48082);
UPDATE `loan_address` SET `created_at` = '2022-01-05 20:49:49.781414', `updated_at` = '2022-01-05 20:49:49.781414', `province` = '青海省', `city` = '海东市', `county` = '互助土族自治县', `town` = '威远镇', `detail` = '澳门路和亭佳苑161号' WHERE `loan_address`.`id` = 9951;
INSERT INTO `loan_address` (`id`, `created_at`, `updated_at`, `province`, `city`, `county`, `town`, `detail`) VALUES (9951, '2022-01-05 20:49:49.781414', '2022-01-05 20:49:49.781414', '青海省', '海东市', '互助土族自治县', '威远镇', '澳门路和亭佳苑161号');
UPDATE `loan_customer` SET `created_at` = '2022-01-05 20:49:49.781414', `updated_at` = '2022-01-05 22:08:23.745058', `name` = '许雅楠', `id_number` = '963158747728977520', `gender` = 'm', `birthday` = '2008-10-16', `address_id` = 9951, `job_id` = 2049, `salary` = 21000 WHERE `loan_customer`.`id` = 6176;
INSERT INTO `loan_customer` (`id`, `created_at`, `updated_at`, `name`, `id_number`, `gender`, `birthday`, `address_id`, `job_id`, `salary`) VALUES (6176, '2022-01-05 20:49:49.781414', '2022-01-05 22:08:23.745058', '许雅楠', '963158747728977520', 'm', '2008-10-16', 9951, 2049, 21000);
UPDATE `loan_car` SET `created_at` = '2022-01-05 23:39:31.729293', `updated_at` = '2022-01-05 23:52:51.457721', `customer_id` = 6176, `model_id` = 115, `vin_number` = '003203606057390692', `date_produced` = '2011-02-21', `value_estimated` = 130000 WHERE `loan_car`.`id` = 4960;
INSERT INTO `loan_car` (`id`, `created_at`, `updated_at`, `customer_id`, `model_id`, `vin_number`, `date_produced`, `value_estimated`) VALUES (4960, '2022-01-05 23:39:31.729293', '2022-01-05 23:52:51.457721', 6176, 115, '003203606057390692', '2011-02-21', 130000);
UPDATE `loan_address` SET `created_at` = '2022-01-05 12:25:45.303951', `updated_at` = '2022-01-05 12:25:45.303951', `province` = '广西壮族自治区', `city` = '来宾市', `county` = '兴宾区', `town` = '寺山镇', `detail` = '白水路爱里舍花园16号' WHERE `loan_address`.`id` = 9952;
INSERT INTO `loan_address` (`id`, `created_at`, `updated_at`, `province`, `city`, `county`, `town`, `detail`) VALUES (9952, '2022-01-05 12:25:45.303951', '2022-01-05 12:25:45.303951', '广西壮族自治区', '来宾市', '兴宾区', '寺山镇', '白水路爱里舍花园16号');
UPDATE `loan_customer` SET `created_at` = '2022-01-05 12:25:45.303951', `updated_at` = '2022-01-05 21:33:50.487300', `name` = '孔民', `id_number` = '693209560548809540', `gender` = 'm', `birthday` = '1991-02-09', `address_id` = 9952, `job_id` = 2049, `salary` = 18000 WHERE `loan_customer`.`id` = 6177;
INSERT INTO `loan_customer` (`id`, `created_at`, `updated_at`, `name`, `id_number`, `gender`, `birthday`, `address_id`, `job_id`, `salary`) VALUES (6177, '2022-01-05 12:25:45.303951', '2022-01-05 21:33:50.487300', '孔民', '693209560548809540', 'm', '1991-02-09', 9952, 2049, 18000);
UPDATE `loan_car` SET `created_at` = '2022-01-05 21:49:50.984023', `updated_at` = '2022-01-05 23:51:31.781824', `customer_id` = 6177, `model_id` = 14, `vin_number` = '104270513909582900', `date_produced` = '2020-06-10', `value_estimated` = 250000 WHERE `loan_car`.`id` = 4961;
INSERT INTO `loan_car` (`id`, `created_at`, `updated_at`, `customer_id`, `model_id`, `vin_number`, `date_produced`, `value_estimated`) VALUES (4961, '2022-01-05 21:49:50.984023', '2022-01-05 23:51:31.781824', 6177, 14, '104270513909582900', '2020-06-10', 250000);
UPDATE `loan_account` SET `created_at` = '2022-01-05 19:19:06.242335', `updated_at` = '2022-01-05 19:19:06.242335', `customer_id` = 6177, `number` = '667561368283235394', `balance` = 38710 WHERE `loan_account`.`id` = 5638;
INSERT INTO `loan_account` (`id`, `created_at`, `updated_at`, `customer_id`, `number`, `balance`) VALUES (5638, '2022-01-05 19:19:06.242335', '2022-01-05 19:19:06.242335', 6177, '667561368283235394', 38710);
UPDATE `loan_address` SET `created_at` = '2022-01-05 12:04:29.482704', `updated_at` = '2022-01-05 12:04:29.482704', `province` = '安徽省', `city` = '宿州市', `county` = '灵璧县', `town` = '浍沟镇', `detail` = '安边路东新大厦67号' WHERE `loan_address`.`id` = 9953;
INSERT INTO `loan_address` (`id`, `created_at`, `updated_at`, `province`, `city`, `county`, `town`, `detail`) VALUES (9953, '2022-01-05 12:04:29.482704', '2022-01-05 12:04:29.482704', '安徽省', '宿州市', '灵璧县', '浍沟镇', '安边路东新大厦67号');
UPDATE `loan_customer` SET `created_at` = '2022-01-05 12:04:29.482704', `updated_at` = '2022-01-05 12:04:29.482704', `name` = '林澔', `id_number` = '112898625866146895', `gender` = 'f', `birthday` = '1998-12-19', `address_id` = 9953, `job_id` = 2049, `salary` = 13000 WHERE `loan_customer`.`id` = 6178;
INSERT INTO `loan_customer` (`id`, `created_at`, `updated_at`, `name`, `id_number`, `gender`, `birthday`, `address_id`, `job_id`, `salary`) VALUES (6178, '2022-01-05 12:04:29.482704', '2022-01-05 12:04:29.482704', '林澔', '112898625866146895', 'f', '1998-12-19', 9953, 2049, 13000);
UPDATE `loan_address` SET `created_at` = '2022-01-05 23:40:14.708781', `updated_at` = '2022-01-05 23:40:14.708781', `province` = '江西省', `city` = '宜春市', `county` = '丰城市', `town` = '丽村镇', `detail` = '宝通路161号' WHERE `loan_address`.`id` = 9954;
INSERT INTO `loan_address` (`id`, `created_at`, `updated_at`, `province`, `city`, `county`, `town`, `detail`) VALUES (9954, '2022-01-05 23:40:14.708781', '2022-01-05 23:40:14.708781', '江西省', '宜春市', '丰城市', '丽村镇', '宝通路161号');
UPDATE `loan_estate` SET `created_at` = '2022-01-05 23:40:14.708781', `updated_at` = '2022-01-05 23:40:14.708781', `customer_id` = 6178, `address_id` = 9954 WHERE `loan_estate`.`id` = 3685;
INSERT INTO `loan_estate` (`id`, `created_at`, `updated_at`, `customer_id`, `address_id`) VALUES (3685, '2022-01-05 23:40:14.708781', '2022-01-05 23:40:14.708781', 6178, 9954);
UPDATE `loan_car` SET `created_at` = '2022-01-05 16:05:41.283706', `updated_at` = '2022-01-05 16:05:41.283706', `customer_id` = 6178, `model_id` = 12, `vin_number` = '814612768381303247', `date_produced` = '2014-06-10', `value_estimated` = 50000 WHERE `loan_car`.`id` = 4962;
INSERT INTO `loan_car` (`id`, `created_at`, `updated_at`, `customer_id`, `model_id`, `vin_number`, `date_produced`, `value_estimated`) VALUES (4962, '2022-01-05 16:05:41.283706', '2022-01-05 16:05:41.283706', 6178, 12, '814612768381303247', '2014-06-10', 50000);
UPDATE `loan_account` SET `created_at` = '2022-01-05 15:43:07.005076', `updated_at` = '2022-01-05 16:50:25.846657', `customer_id` = 6178, `number` = '886766195243159605', `balance` = 0 WHERE `loan_account`.`id` = 5639;
INSERT INTO `loan_account` (`id`, `created_at`, `updated_at`, `customer_id`, `number`, `balance`) VALUES (5639, '2022-01-05 15:43:07.005076', '2022-01-05 16:50:25.846657', 6178, '886766195243159605', 0);
UPDATE `loan_address` SET `created_at` = '2022-01-05 10:27:08.697059', `updated_at` = '2022-01-05 10:27:08.697059', `province` = '贵州省', `city` = '铜仁市', `county` = '印江土家族苗族自治县', `town` = '峨岭街道办事处', `detail` = '宝祁路150号' WHERE `loan_address`.`id` = 9955;
INSERT INTO `loan_address` (`id`, `created_at`, `updated_at`, `province`, `city`, `county`, `town`, `detail`) VALUES (9955, '2022-01-05 10:27:08.697059', '2022-01-05 10:27:08.697059', '贵州省', '铜仁市', '印江土家族苗族自治县', '峨岭街道办事处', '宝祁路150号');
UPDATE `loan_customer` SET `created_at` = '2022-01-05 10:27:08.697059', `updated_at` = '2022-01-05 13:08:44.434102', `name` = '贺欣怿', `id_number` = '460304785518763740', `gender` = 'm', `birthday` = '1985-08-19', `address_id` = 9955, `job_id` = 2050, `salary` = 49000 WHERE `loan_customer`.`id` = 6179;
INSERT INTO `loan_customer` (`id`, `created_at`, `updated_at`, `name`, `id_number`, `gender`, `birthday`, `address_id`, `job_id`, `salary`) VALUES (6179, '2022-01-05 10:27:08.697059', '2022-01-05 13:08:44.434102', '贺欣怿', '460304785518763740', 'm', '1985-08-19', 9955, 2050, 49000);
UPDATE `loan_address` SET `created_at` = '2022-01-05 18:13:58.208421', `updated_at` = '2022-01-05 18:13:58.208421', `province` = '广西壮族自治区', `city` = '来宾市', `county` = '兴宾区', `town` = '寺山镇', `detail` = '澳门路博泰新苑153号' WHERE `loan_address`.`id` = 9956;
INSERT INTO `loan_address` (`id`, `created_at`, `updated_at`, `province`, `city`, `county`, `town`, `detail`) VALUES (9956, '2022-01-05 18:13:58.208421', '2022-01-05 18:13:58.208421', '广西壮族自治区', '来宾市', '兴宾区', '寺山镇', '澳门路博泰新苑153号');
UPDATE `loan_estate` SET `created_at` = '2022-01-05 18:13:58.208421', `updated_at` = '2022-01-05 22:33:57.662212', `customer_id` = 6179, `address_id` = 9956 WHERE `loan_estate`.`id` = 3686;
INSERT INTO `loan_estate` (`id`, `created_at`, `updated_at`, `customer_id`, `address_id`) VALUES (3686, '2022-01-05 18:13:58.208421', '2022-01-05 22:33:57.662212', 6179, 9956);
UPDATE `loan_car` SET `created_at` = '2022-01-05 19:21:48.028096', `updated_at` = '2022-01-05 19:21:48.028096', `customer_id` = 6179, `model_id` = 296, `vin_number` = '186739398722293855', `date_produced` = '2021-11-25', `value_estimated` = 320000 WHERE `loan_car`.`id` = 4963;
INSERT INTO `loan_car` (`id`, `created_at`, `updated_at`, `customer_id`, `model_id`, `vin_number`, `date_produced`, `value_estimated`) VALUES (4963, '2022-01-05 19:21:48.028096', '2022-01-05 19:21:48.028096', 6179, 296, '186739398722293855', '2021-11-25', 320000);
UPDATE `loan_account` SET `created_at` = '2022-01-05 17:04:25.562551', `updated_at` = '2022-01-05 17:04:25.562551', `customer_id` = 6179, `number` = '311792060589202738', `balance` = 0 WHERE `loan_account`.`id` = 5640;
INSERT INTO `loan_account` (`id`, `created_at`, `updated_at`, `customer_id`, `number`, `balance`) VALUES (5640, '2022-01-05 17:04:25.562551', '2022-01-05 17:04:25.562551', 6179, '311792060589202738', 0);
UPDATE `loan_address` SET `created_at` = '2022-01-05 03:02:55.062821', `updated_at` = '2022-01-05 03:02:55.062821', `province` = '贵州省', `city` = '铜仁市', `county` = '印江土家族苗族自治县', `town` = '峨岭街道办事处', `detail` = '包头路和亭佳苑87号' WHERE `loan_address`.`id` = 9957;
INSERT INTO `loan_address` (`id`, `created_at`, `updated_at`, `province`, `city`, `county`, `town`, `detail`) VALUES (9957, '2022-01-05 03:02:55.062821', '2022-01-05 03:02:55.062821', '贵州省', '铜仁市', '印江土家族苗族自治县', '峨岭街道办事处', '包头路和亭佳苑87号');
UPDATE `loan_customer` SET `created_at` = '2022-01-05 03:02:55.062821', `updated_at` = '2022-01-05 21:14:14.757886', `name` = '冯涵', `id_number` = '380806906858774209', `gender` = 'f', `birthday` = '1982-02-07', `address_id` = 9957, `job_id` = 2050, `salary` = 21000 WHERE `loan_customer`.`id` = 6180;
INSERT INTO `loan_customer` (`id`, `created_at`, `updated_at`, `name`, `id_number`, `gender`, `birthday`, `address_id`, `job_id`, `salary`) VALUES (6180, '2022-01-05 03:02:55.062821', '2022-01-05 21:14:14.757886', '冯涵', '380806906858774209', 'f', '1982-02-07', 9957, 2050, 21000);
UPDATE `loan_car` SET `created_at` = '2022-01-05 19:52:19.848045', `updated_at` = '2022-01-05 19:52:19.848045', `customer_id` = 6180, `model_id` = 278, `vin_number` = '333532146090563233', `date_produced` = '2021-06-27', `value_estimated` = 620000 WHERE `loan_car`.`id` = 4964;
INSERT INTO `loan_car` (`id`, `created_at`, `updated_at`, `customer_id`, `model_id`, `vin_number`, `date_produced`, `value_estimated`) VALUES (4964, '2022-01-05 19:52:19.848045', '2022-01-05 19:52:19.848045', 6180, 278, '333532146090563233', '2021-06-27', 620000);
UPDATE `loan_account` SET `created_at` = '2022-01-05 18:02:06.294164', `updated_at` = '2022-01-05 23:55:18.037480', `customer_id` = 6180, `number` = '903528164755057962', `balance` = 140765 WHERE `loan_account`.`id` = 5641;
INSERT INTO `loan_account` (`id`, `created_at`, `updated_at`, `customer_id`, `number`, `balance`) VALUES (5641, '2022-01-05 18:02:06.294164', '2022-01-05 23:55:18.037480', 6180, '903528164755057962', 140765);
UPDATE `loan_address` SET `created_at` = '2022-01-05 06:38:55.251391', `updated_at` = '2022-01-05 06:38:55.251391', `province` = '四川省', `city` = '泸州市', `county` = '江阳区', `town` = '方山镇', `detail` = '安德路和亭佳苑78号' WHERE `loan_address`.`id` = 9958;
INSERT INTO `loan_address` (`id`, `created_at`, `updated_at`, `province`, `city`, `county`, `town`, `detail`) VALUES (9958, '2022-01-05 06:38:55.251391', '2022-01-05 06:38:55.251391', '四川省', '泸州市', '江阳区', '方山镇', '安德路和亭佳苑78号');
UPDATE `loan_customer` SET `created_at` = '2022-01-05 06:38:55.251391', `updated_at` = '2022-01-05 10:58:05.172668', `name` = '贺欣怿', `id_number` = '884649120049824128', `gender` = 'f', `birthday` = '2003-11-08', `address_id` = 9958, `job_id` = 2050, `salary` = 15000 WHERE `loan_customer`.`id` = 6181;
INSERT INTO `loan_customer` (`id`, `created_at`, `updated_at`, `name`, `id_number`, `gender`, `birthday`, `address_id`, `job_id`, `salary`) VALUES (6181, '2022-01-05 06:38:55.251391', '2022-01-05 10:58:05.172668', '贺欣怿', '884649120049824128', 'f', '2003-11-08', 9958, 2050, 15000);
UPDATE `loan_account` SET `created_at` = '2022-01-05 13:51:52.490015', `updated_at` = '2022-01-05 14:48:48.300694', `customer_id` = 6181, `number` = '703100958276033950', `balance` = 48221 WHERE `loan_account`.`id` = 5642;
INSERT INTO `loan_account` (`id`, `created_at`, `updated_at`, `customer_id`, `number`, `balance`) VALUES (5642, '2022-01-05 13:51:52.490015', '2022-01-05 14:48:48.300694', 6181, '703100958276033950', 48221);
UPDATE `loan_address` SET `created_at` = '2022-01-05 12:14:57.150802', `updated_at` = '2022-01-05 12:14:57.150802', `province` = '河北省', `city` = '衡水市', `county` = '阜城县', `town` = '崔家庙镇', `detail` = '白城路54号' WHERE `loan_address`.`id` = 9959;
INSERT INTO `loan_address` (`id`, `created_at`, `updated_at`, `province`, `city`, `county`, `town`, `detail`) VALUES (9959, '2022-01-05 12:14:57.150802', '2022-01-05 12:14:57.150802', '河北省', '衡水市', '阜城县', '崔家庙镇', '白城路54号');
UPDATE `loan_customer` SET `created_at` = '2022-01-05 12:14:57.150802', `updated_at` = '2022-01-05 20:19:49.574000', `name` = '康子安', `id_number` = '221591566357579124', `gender` = 'm', `birthday` = '1988-05-17', `address_id` = 9959, `job_id` = 2050, `salary` = 16000 WHERE `loan_customer`.`id` = 6182;
INSERT INTO `loan_customer` (`id`, `created_at`, `updated_at`, `name`, `id_number`, `gender`, `birthday`, `address_id`, `job_id`, `salary`) VALUES (6182, '2022-01-05 12:14:57.150802', '2022-01-05 20:19:49.574000', '康子安', '221591566357579124', 'm', '1988-05-17', 9959, 2050, 16000);
UPDATE `loan_address` SET `created_at` = '2022-01-05 21:07:08.455985', `updated_at` = '2022-01-05 21:07:08.455985', `province` = '西藏自治区', `city` = '昌都市', `county` = '贡觉县', `town` = '哈加乡', `detail` = '安澜路东新大厦155号' WHERE `loan_address`.`id` = 9960;
INSERT INTO `loan_address` (`id`, `created_at`, `updated_at`, `province`, `city`, `county`, `town`, `detail`) VALUES (9960, '2022-01-05 21:07:08.455985', '2022-01-05 21:07:08.455985', '西藏自治区', '昌都市', '贡觉县', '哈加乡', '安澜路东新大厦155号');
UPDATE `loan_estate` SET `created_at` = '2022-01-05 21:07:08.455985', `updated_at` = '2022-01-05 21:07:08.455985', `customer_id` = 6182, `address_id` = 9960 WHERE `loan_estate`.`id` = 3687;
INSERT INTO `loan_estate` (`id`, `created_at`, `updated_at`, `customer_id`, `address_id`) VALUES (3687, '2022-01-05 21:07:08.455985', '2022-01-05 21:07:08.455985', 6182, 9960);
UPDATE `loan_address` SET `created_at` = '2022-01-05 16:43:51.759929', `updated_at` = '2022-01-05 16:43:51.759929', `province` = '云南省', `city` = '曲靖市', `county` = '会泽县', `town` = '大海乡', `detail` = '白兰路协通公寓136号' WHERE `loan_address`.`id` = 9961;
INSERT INTO `loan_address` (`id`, `created_at`, `updated_at`, `province`, `city`, `county`, `town`, `detail`) VALUES (9961, '2022-01-05 16:43:51.759929', '2022-01-05 16:43:51.759929', '云南省', '曲靖市', '会泽县', '大海乡', '白兰路协通公寓136号');
UPDATE `loan_estate` SET `created_at` = '2022-01-05 16:43:51.759929', `updated_at` = '2022-01-05 18:55:42.003809', `customer_id` = 6182, `address_id` = 9961 WHERE `loan_estate`.`id` = 3688;
INSERT INTO `loan_estate` (`id`, `created_at`, `updated_at`, `customer_id`, `address_id`) VALUES (3688, '2022-01-05 16:43:51.759929', '2022-01-05 18:55:42.003809', 6182, 9961);
UPDATE `loan_address` SET `created_at` = '2022-01-05 16:14:55.640378', `updated_at` = '2022-01-05 16:14:55.640378', `province` = '广东省', `city` = '清远市', `county` = '连州市', `town` = '连州镇', `detail` = '安义路145号' WHERE `loan_address`.`id` = 9962;
INSERT INTO `loan_address` (`id`, `created_at`, `updated_at`, `province`, `city`, `county`, `town`, `detail`) VALUES (9962, '2022-01-05 16:14:55.640378', '2022-01-05 16:14:55.640378', '广东省', '清远市', '连州市', '连州镇', '安义路145号');
UPDATE `loan_estate` SET `created_at` = '2022-01-05 16:14:55.640378', `updated_at` = '2022-01-05 16:14:55.640378', `customer_id` = 6182, `address_id` = 9962 WHERE `loan_estate`.`id` = 3689;
INSERT INTO `loan_estate` (`id`, `created_at`, `updated_at`, `customer_id`, `address_id`) VALUES (3689, '2022-01-05 16:14:55.640378', '2022-01-05 16:14:55.640378', 6182, 9962);
UPDATE `loan_account` SET `created_at` = '2022-01-05 16:51:22.680046', `updated_at` = '2022-01-05 16:51:22.680046', `customer_id` = 6182, `number` = '197908185459193401', `balance` = 38452 WHERE `loan_account`.`id` = 5643;
INSERT INTO `loan_account` (`id`, `created_at`, `updated_at`, `customer_id`, `number`, `balance`) VALUES (5643, '2022-01-05 16:51:22.680046', '2022-01-05 16:51:22.680046', 6182, '197908185459193401', 38452);
UPDATE `loan_address` SET `created_at` = '2022-01-05 01:47:34.462280', `updated_at` = '2022-01-05 01:47:34.462280', `province` = '广东省', `city` = '茂名市', `county` = '电白区', `town` = '曙光农场', `detail` = '巴林路阳光翠竹苑133号' WHERE `loan_address`.`id` = 9963;
INSERT INTO `loan_address` (`id`, `created_at`, `updated_at`, `province`, `city`, `county`, `town`, `detail`) VALUES (9963, '2022-01-05 01:47:34.462280', '2022-01-05 01:47:34.462280', '广东省', '茂名市', '电白区', '曙光农场', '巴林路阳光翠竹苑133号');
UPDATE `loan_customer` SET `created_at` = '2022-01-05 01:47:34.462280', `updated_at` = '2022-01-05 06:47:51.654848', `name` = '徐筠', `id_number` = '521939896411099259', `gender` = 'f', `birthday` = '2008-01-20', `address_id` = 9963, `job_id` = 2051, `salary` = 60000 WHERE `loan_customer`.`id` = 6183;
INSERT INTO `loan_customer` (`id`, `created_at`, `updated_at`, `name`, `id_number`, `gender`, `birthday`, `address_id`, `job_id`, `salary`) VALUES (6183, '2022-01-05 01:47:34.462280', '2022-01-05 06:47:51.654848', '徐筠', '521939896411099259', 'f', '2008-01-20', 9963, 2051, 60000);
UPDATE `loan_account` SET `created_at` = '2022-01-05 21:23:40.259945', `updated_at` = '2022-01-05 21:47:03.386425', `customer_id` = 6183, `number` = '922267572300950976', `balance` = 33709 WHERE `loan_account`.`id` = 5644;
INSERT INTO `loan_account` (`id`, `created_at`, `updated_at`, `customer_id`, `number`, `balance`) VALUES (5644, '2022-01-05 21:23:40.259945', '2022-01-05 21:47:03.386425', 6183, '922267572300950976', 33709);
UPDATE `loan_address` SET `created_at` = '2022-01-05 10:46:46.771923', `updated_at` = '2022-01-05 10:46:46.771923', `province` = '新疆维吾尔自治区', `city` = '伊犁哈萨克自治州', `county` = '昭苏县', `town` = '察汗乌苏蒙古族乡', `detail` = '百花街121号' WHERE `loan_address`.`id` = 9964;
INSERT INTO `loan_address` (`id`, `created_at`, `updated_at`, `province`, `city`, `county`, `town`, `detail`) VALUES (9964, '2022-01-05 10:46:46.771923', '2022-01-05 10:46:46.771923', '新疆维吾尔自治区', '伊犁哈萨克自治州', '昭苏县', '察汗乌苏蒙古族乡', '百花街121号');
UPDATE `loan_customer` SET `created_at` = '2022-01-05 10:46:46.771923', `updated_at` = '2022-01-05 19:33:25.981673', `name` = '赵月', `id_number` = '918216245495636220', `gender` = 'm', `birthday` = '1985-06-30', `address_id` = 9964, `job_id` = 2051, `salary` = 79000 WHERE `loan_customer`.`id` = 6184;
INSERT INTO `loan_customer` (`id`, `created_at`, `updated_at`, `name`, `id_number`, `gender`, `birthday`, `address_id`, `job_id`, `salary`) VALUES (6184, '2022-01-05 10:46:46.771923', '2022-01-05 19:33:25.981673', '赵月', '918216245495636220', 'm', '1985-06-30', 9964, 2051, 79000);
UPDATE `loan_car` SET `created_at` = '2022-01-05 21:53:13.156533', `updated_at` = '2022-01-05 21:53:13.156533', `customer_id` = 6184, `model_id` = 297, `vin_number` = '642620101687582664', `date_produced` = '2010-08-06', `value_estimated` = 110000 WHERE `loan_car`.`id` = 4965;
INSERT INTO `loan_car` (`id`, `created_at`, `updated_at`, `customer_id`, `model_id`, `vin_number`, `date_produced`, `value_estimated`) VALUES (4965, '2022-01-05 21:53:13.156533', '2022-01-05 21:53:13.156533', 6184, 297, '642620101687582664', '2010-08-06', 110000);
UPDATE `loan_account` SET `created_at` = '2022-01-05 15:20:30.956169', `updated_at` = '2022-01-05 23:01:39.655433', `customer_id` = 6184, `number` = '637736528584048504', `balance` = 47627 WHERE `loan_account`.`id` = 5645;
INSERT INTO `loan_account` (`id`, `created_at`, `updated_at`, `customer_id`, `number`, `balance`) VALUES (5645, '2022-01-05 15:20:30.956169', '2022-01-05 23:01:39.655433', 6184, '637736528584048504', 47627);
UPDATE `loan_address` SET `created_at` = '2022-01-05 16:15:53.403685', `updated_at` = '2022-01-05 16:15:53.403685', `province` = '内蒙古自治区', `city` = '包头市', `county` = '昆都仑区', `town` = '少先路街道办事处', `detail` = '保屯路和亭佳苑92号' WHERE `loan_address`.`id` = 9965;
INSERT INTO `loan_address` (`id`, `created_at`, `updated_at`, `province`, `city`, `county`, `town`, `detail`) VALUES (9965, '2022-01-05 16:15:53.403685', '2022-01-05 16:15:53.403685', '内蒙古自治区', '包头市', '昆都仑区', '少先路街道办事处', '保屯路和亭佳苑92号');
UPDATE `loan_customer` SET `created_at` = '2022-01-05 16:15:53.403685', `updated_at` = '2022-01-05 18:59:51.636654', `name` = '郭娜', `id_number` = '650608128569275904', `gender` = 'm', `birthday` = '1981-09-27', `address_id` = 9965, `job_id` = 2052, `salary` = 34000 WHERE `loan_customer`.`id` = 6185;
INSERT INTO `loan_customer` (`id`, `created_at`, `updated_at`, `name`, `id_number`, `gender`, `birthday`, `address_id`, `job_id`, `salary`) VALUES (6185, '2022-01-05 16:15:53.403685', '2022-01-05 18:59:51.636654', '郭娜', '650608128569275904', 'm', '1981-09-27', 9965, 2052, 34000);
UPDATE `loan_address` SET `created_at` = '2022-01-05 17:37:44.773926', `updated_at` = '2022-01-05 17:37:44.773926', `province` = '安徽省', `city` = '宣城市', `county` = '宣州区', `town` = '狸桥镇', `detail` = '安顺路耀江花园86号' WHERE `loan_address`.`id` = 9966;
INSERT INTO `loan_address` (`id`, `created_at`, `updated_at`, `province`, `city`, `county`, `town`, `detail`) VALUES (9966, '2022-01-05 17:37:44.773926', '2022-01-05 17:37:44.773926', '安徽省', '宣城市', '宣州区', '狸桥镇', '安顺路耀江花园86号');
UPDATE `loan_estate` SET `created_at` = '2022-01-05 17:37:44.773926', `updated_at` = '2022-01-05 17:37:44.773926', `customer_id` = 6185, `address_id` = 9966 WHERE `loan_estate`.`id` = 3690;
INSERT INTO `loan_estate` (`id`, `created_at`, `updated_at`, `customer_id`, `address_id`) VALUES (3690, '2022-01-05 17:37:44.773926', '2022-01-05 17:37:44.773926', 6185, 9966);
UPDATE `loan_car` SET `created_at` = '2022-01-05 18:55:33.401010', `updated_at` = '2022-01-05 23:12:42.009543', `customer_id` = 6185, `model_id` = 246, `vin_number` = '190235970862384233', `date_produced` = '2013-01-12', `value_estimated` = 170000 WHERE `loan_car`.`id` = 4966;
INSERT INTO `loan_car` (`id`, `created_at`, `updated_at`, `customer_id`, `model_id`, `vin_number`, `date_produced`, `value_estimated`) VALUES (4966, '2022-01-05 18:55:33.401010', '2022-01-05 23:12:42.009543', 6185, 246, '190235970862384233', '2013-01-12', 170000);
UPDATE `loan_account` SET `created_at` = '2022-01-05 22:34:31.069828', `updated_at` = '2022-01-05 22:34:31.069828', `customer_id` = 6185, `number` = '821031862509556238', `balance` = 0 WHERE `loan_account`.`id` = 5646;
INSERT INTO `loan_account` (`id`, `created_at`, `updated_at`, `customer_id`, `number`, `balance`) VALUES (5646, '2022-01-05 22:34:31.069828', '2022-01-05 22:34:31.069828', 6185, '821031862509556238', 0);
UPDATE `loan_account` SET `created_at` = '2022-01-05 19:04:06.555361', `updated_at` = '2022-01-05 19:04:06.555361', `customer_id` = 6185, `number` = '916692422561710662', `balance` = 113335 WHERE `loan_account`.`id` = 5647;
INSERT INTO `loan_account` (`id`, `created_at`, `updated_at`, `customer_id`, `number`, `balance`) VALUES (5647, '2022-01-05 19:04:06.555361', '2022-01-05 19:04:06.555361', 6185, '916692422561710662', 113335);
UPDATE `loan_address` SET `created_at` = '2022-01-05 17:04:12.173052', `updated_at` = '2022-01-05 17:04:12.173052', `province` = '江苏省', `city` = '泰州市', `county` = '泰州医药高新技术产业开发区', `town` = '明珠街道', `detail` = '爱国路145号' WHERE `loan_address`.`id` = 9967;
INSERT INTO `loan_address` (`id`, `created_at`, `updated_at`, `province`, `city`, `county`, `town`, `detail`) VALUES (9967, '2022-01-05 17:04:12.173052', '2022-01-05 17:04:12.173052', '江苏省', '泰州市', '泰州医药高新技术产业开发区', '明珠街道', '爱国路145号');
UPDATE `loan_customer` SET `created_at` = '2022-01-05 17:04:12.173052', `updated_at` = '2022-01-05 17:04:12.173052', `name` = '萧梁', `id_number` = '845702397691631575', `gender` = 'f', `birthday` = '1980-11-30', `address_id` = 9967, `job_id` = 2052, `salary` = 51000 WHERE `loan_customer`.`id` = 6186;
INSERT INTO `loan_customer` (`id`, `created_at`, `updated_at`, `name`, `id_number`, `gender`, `birthday`, `address_id`, `job_id`, `salary`) VALUES (6186, '2022-01-05 17:04:12.173052', '2022-01-05 17:04:12.173052', '萧梁', '845702397691631575', 'f', '1980-11-30', 9967, 2052, 51000);
UPDATE `loan_address` SET `created_at` = '2022-01-05 18:16:28.028721', `updated_at` = '2022-01-05 18:16:28.028721', `province` = '河南省', `city` = '平顶山市', `county` = '鲁山县', `town` = '熊背乡', `detail` = '安德路溢盈河畔别墅171号' WHERE `loan_address`.`id` = 9968;
INSERT INTO `loan_address` (`id`, `created_at`, `updated_at`, `province`, `city`, `county`, `town`, `detail`) VALUES (9968, '2022-01-05 18:16:28.028721', '2022-01-05 18:16:28.028721', '河南省', '平顶山市', '鲁山县', '熊背乡', '安德路溢盈河畔别墅171号');
UPDATE `loan_estate` SET `created_at` = '2022-01-05 18:16:28.028721', `updated_at` = '2022-01-05 18:16:28.028721', `customer_id` = 6186, `address_id` = 9968 WHERE `loan_estate`.`id` = 3691;
INSERT INTO `loan_estate` (`id`, `created_at`, `updated_at`, `customer_id`, `address_id`) VALUES (3691, '2022-01-05 18:16:28.028721', '2022-01-05 18:16:28.028721', 6186, 9968);
UPDATE `loan_car` SET `created_at` = '2022-01-05 21:49:29.020376', `updated_at` = '2022-01-05 23:22:33.238059', `customer_id` = 6186, `model_id` = 1, `vin_number` = '360295381016183641', `date_produced` = '2016-04-15', `value_estimated` = 600000 WHERE `loan_car`.`id` = 4967;
INSERT INTO `loan_car` (`id`, `created_at`, `updated_at`, `customer_id`, `model_id`, `vin_number`, `date_produced`, `value_estimated`) VALUES (4967, '2022-01-05 21:49:29.020376', '2022-01-05 23:22:33.238059', 6186, 1, '360295381016183641', '2016-04-15', 600000);
UPDATE `loan_account` SET `created_at` = '2022-01-05 18:55:22.138025', `updated_at` = '2022-01-05 18:55:22.138025', `customer_id` = 6186, `number` = '158054377760697109', `balance` = 0 WHERE `loan_account`.`id` = 5648;
INSERT INTO `loan_account` (`id`, `created_at`, `updated_at`, `customer_id`, `number`, `balance`) VALUES (5648, '2022-01-05 18:55:22.138025', '2022-01-05 18:55:22.138025', 6186, '158054377760697109', 0);
UPDATE `loan_address` SET `created_at` = '2022-01-05 18:22:03.787431', `updated_at` = '2022-01-05 18:22:03.787431', `province` = '海南省', `city` = '省直辖县级行政区划', `county` = '琼中黎族苗族自治县', `town` = '黎母山镇', `detail` = '安仁路96号' WHERE `loan_address`.`id` = 9969;
INSERT INTO `loan_address` (`id`, `created_at`, `updated_at`, `province`, `city`, `county`, `town`, `detail`) VALUES (9969, '2022-01-05 18:22:03.787431', '2022-01-05 18:22:03.787431', '海南省', '省直辖县级行政区划', '琼中黎族苗族自治县', '黎母山镇', '安仁路96号');
UPDATE `loan_customer` SET `created_at` = '2022-01-05 18:22:03.787431', `updated_at` = '2022-01-05 18:22:03.787431', `name` = '赵昱', `id_number` = '623839121390023813', `gender` = 'f', `birthday` = '2002-10-30', `address_id` = 9969, `job_id` = 2052, `salary` = 49000 WHERE `loan_customer`.`id` = 6187;
INSERT INTO `loan_customer` (`id`, `created_at`, `updated_at`, `name`, `id_number`, `gender`, `birthday`, `address_id`, `job_id`, `salary`) VALUES (6187, '2022-01-05 18:22:03.787431', '2022-01-05 18:22:03.787431', '赵昱', '623839121390023813', 'f', '2002-10-30', 9969, 2052, 49000);
UPDATE `loan_car` SET `created_at` = '2022-01-05 23:34:55.691580', `updated_at` = '2022-01-05 23:34:55.691580', `customer_id` = 6187, `model_id` = 89, `vin_number` = '091353155214447980', `date_produced` = '2018-07-16', `value_estimated` = 550000 WHERE `loan_car`.`id` = 4968;
INSERT INTO `loan_car` (`id`, `created_at`, `updated_at`, `customer_id`, `model_id`, `vin_number`, `date_produced`, `value_estimated`) VALUES (4968, '2022-01-05 23:34:55.691580', '2022-01-05 23:34:55.691580', 6187, 89, '091353155214447980', '2018-07-16', 550000);
UPDATE `loan_account` SET `created_at` = '2022-01-05 22:27:58.558408', `updated_at` = '2022-01-05 22:27:58.558408', `customer_id` = 6187, `number` = '171641004059484473', `balance` = 58727 WHERE `loan_account`.`id` = 5649;
INSERT INTO `loan_account` (`id`, `created_at`, `updated_at`, `customer_id`, `number`, `balance`) VALUES (5649, '2022-01-05 22:27:58.558408', '2022-01-05 22:27:58.558408', 6187, '171641004059484473', 58727);
UPDATE `loan_address` SET `created_at` = '2022-01-05 14:13:50.868016', `updated_at` = '2022-01-05 14:13:50.868016', `province` = '江西省', `city` = '景德镇市', `county` = '乐平市', `town` = '后港镇', `detail` = '宝联路170号' WHERE `loan_address`.`id` = 9970;
INSERT INTO `loan_address` (`id`, `created_at`, `updated_at`, `province`, `city`, `county`, `town`, `detail`) VALUES (9970, '2022-01-05 14:13:50.868016', '2022-01-05 14:13:50.868016', '江西省', '景德镇市', '乐平市', '后港镇', '宝联路170号');
UPDATE `loan_customer` SET `created_at` = '2022-01-05 14:13:50.868016', `updated_at` = '2022-01-05 15:51:58.095344', `name` = '杜君丽', `id_number` = '039536321103367041', `gender` = 'm', `birthday` = '1982-02-25', `address_id` = 9970, `job_id` = 2052, `salary` = 7000 WHERE `loan_customer`.`id` = 6188;
INSERT INTO `loan_customer` (`id`, `created_at`, `updated_at`, `name`, `id_number`, `gender`, `birthday`, `address_id`, `job_id`, `salary`) VALUES (6188, '2022-01-05 14:13:50.868016', '2022-01-05 15:51:58.095344', '杜君丽', '039536321103367041', 'm', '1982-02-25', 9970, 2052, 7000);
UPDATE `loan_address` SET `created_at` = '2022-01-05 15:02:55.237578', `updated_at` = '2022-01-05 15:02:55.237578', `province` = '宁夏回族自治区', `city` = '中卫市', `county` = '沙坡头区', `town` = '柔远镇', `detail` = '白渡桥东新大厦59号' WHERE `loan_address`.`id` = 9971;
INSERT INTO `loan_address` (`id`, `created_at`, `updated_at`, `province`, `city`, `county`, `town`, `detail`) VALUES (9971, '2022-01-05 15:02:55.237578', '2022-01-05 15:02:55.237578', '宁夏回族自治区', '中卫市', '沙坡头区', '柔远镇', '白渡桥东新大厦59号');
UPDATE `loan_estate` SET `created_at` = '2022-01-05 15:02:55.237578', `updated_at` = '2022-01-05 15:02:55.237578', `customer_id` = 6188, `address_id` = 9971 WHERE `loan_estate`.`id` = 3692;
INSERT INTO `loan_estate` (`id`, `created_at`, `updated_at`, `customer_id`, `address_id`) VALUES (3692, '2022-01-05 15:02:55.237578', '2022-01-05 15:02:55.237578', 6188, 9971);
UPDATE `loan_account` SET `created_at` = '2022-01-05 17:15:21.716688', `updated_at` = '2022-01-05 17:15:21.716688', `customer_id` = 6188, `number` = '009742103132406553', `balance` = 68070 WHERE `loan_account`.`id` = 5650;
INSERT INTO `loan_account` (`id`, `created_at`, `updated_at`, `customer_id`, `number`, `balance`) VALUES (5650, '2022-01-05 17:15:21.716688', '2022-01-05 17:15:21.716688', 6188, '009742103132406553', 68070);
UPDATE `loan_address` SET `created_at` = '2022-01-05 10:33:00.659781', `updated_at` = '2022-01-05 10:33:00.659781', `province` = '新疆维吾尔自治区', `city` = '喀什地区', `county` = '麦盖提县', `town` = '麦盖提镇', `detail` = '保屯路阳光翠竹苑52号' WHERE `loan_address`.`id` = 9972;
INSERT INTO `loan_address` (`id`, `created_at`, `updated_at`, `province`, `city`, `county`, `town`, `detail`) VALUES (9972, '2022-01-05 10:33:00.659781', '2022-01-05 10:33:00.659781', '新疆维吾尔自治区', '喀什地区', '麦盖提县', '麦盖提镇', '保屯路阳光翠竹苑52号');
UPDATE `loan_customer` SET `created_at` = '2022-01-05 10:33:00.659781', `updated_at` = '2022-01-05 15:40:55.803337', `name` = '程弘伟', `id_number` = '381802311191629709', `gender` = 'm', `birthday` = '2004-12-17', `address_id` = 9972, `job_id` = 2052, `salary` = 34000 WHERE `loan_customer`.`id` = 6189;
INSERT INTO `loan_customer` (`id`, `created_at`, `updated_at`, `name`, `id_number`, `gender`, `birthday`, `address_id`, `job_id`, `salary`) VALUES (6189, '2022-01-05 10:33:00.659781', '2022-01-05 15:40:55.803337', '程弘伟', '381802311191629709', 'm', '2004-12-17', 9972, 2052, 34000);
UPDATE `loan_car` SET `created_at` = '2022-01-05 22:40:39.231800', `updated_at` = '2022-01-05 22:40:39.231800', `customer_id` = 6189, `model_id` = 77, `vin_number` = '240695930803371629', `date_produced` = '2020-05-01', `value_estimated` = 390000 WHERE `loan_car`.`id` = 4969;
INSERT INTO `loan_car` (`id`, `created_at`, `updated_at`, `customer_id`, `model_id`, `vin_number`, `date_produced`, `value_estimated`) VALUES (4969, '2022-01-05 22:40:39.231800', '2022-01-05 22:40:39.231800', 6189, 77, '240695930803371629', '2020-05-01', 390000);
UPDATE `loan_account` SET `created_at` = '2022-01-05 18:06:20.237053', `updated_at` = '2022-01-05 18:06:20.237053', `customer_id` = 6189, `number` = '182284281689575466', `balance` = 18174 WHERE `loan_account`.`id` = 5651;
INSERT INTO `loan_account` (`id`, `created_at`, `updated_at`, `customer_id`, `number`, `balance`) VALUES (5651, '2022-01-05 18:06:20.237053', '2022-01-05 18:06:20.237053', 6189, '182284281689575466', 18174);
UPDATE `loan_address` SET `created_at` = '2022-01-05 19:49:09.521212', `updated_at` = '2022-01-05 19:49:09.521212', `province` = '青海省', `city` = '西宁市', `county` = '大通回族土族自治县', `town` = '逊让乡', `detail` = '安远路耀江花园159号' WHERE `loan_address`.`id` = 9973;
INSERT INTO `loan_address` (`id`, `created_at`, `updated_at`, `province`, `city`, `county`, `town`, `detail`) VALUES (9973, '2022-01-05 19:49:09.521212', '2022-01-05 19:49:09.521212', '青海省', '西宁市', '大通回族土族自治县', '逊让乡', '安远路耀江花园159号');
UPDATE `loan_customer` SET `created_at` = '2022-01-05 19:49:09.521212', `updated_at` = '2022-01-05 21:46:39.102478', `name` = '常旷', `id_number` = '748519065031744520', `gender` = 'f', `birthday` = '1985-01-09', `address_id` = 9973, `job_id` = 2053, `salary` = 47000 WHERE `loan_customer`.`id` = 6190;
INSERT INTO `loan_customer` (`id`, `created_at`, `updated_at`, `name`, `id_number`, `gender`, `birthday`, `address_id`, `job_id`, `salary`) VALUES (6190, '2022-01-05 19:49:09.521212', '2022-01-05 21:46:39.102478', '常旷', '748519065031744520', 'f', '1985-01-09', 9973, 2053, 47000);
UPDATE `loan_address` SET `created_at` = '2022-01-05 23:57:04.690660', `updated_at` = '2022-01-05 23:57:04.690660', `province` = '江苏省', `city` = '连云港市', `county` = '连云区', `town` = '板桥街道', `detail` = '安化路190号' WHERE `loan_address`.`id` = 9974;
INSERT INTO `loan_address` (`id`, `created_at`, `updated_at`, `province`, `city`, `county`, `town`, `detail`) VALUES (9974, '2022-01-05 23:57:04.690660', '2022-01-05 23:57:04.690660', '江苏省', '连云港市', '连云区', '板桥街道', '安化路190号');
UPDATE `loan_estate` SET `created_at` = '2022-01-05 23:57:04.690660', `updated_at` = '2022-01-05 23:57:04.690660', `customer_id` = 6190, `address_id` = 9974 WHERE `loan_estate`.`id` = 3693;
INSERT INTO `loan_estate` (`id`, `created_at`, `updated_at`, `customer_id`, `address_id`) VALUES (3693, '2022-01-05 23:57:04.690660', '2022-01-05 23:57:04.690660', 6190, 9974);
UPDATE `loan_car` SET `created_at` = '2022-01-05 21:24:52.645640', `updated_at` = '2022-01-05 23:20:36.039293', `customer_id` = 6190, `model_id` = 122, `vin_number` = '039047781697742705', `date_produced` = '2017-04-04', `value_estimated` = 40000 WHERE `loan_car`.`id` = 4970;
INSERT INTO `loan_car` (`id`, `created_at`, `updated_at`, `customer_id`, `model_id`, `vin_number`, `date_produced`, `value_estimated`) VALUES (4970, '2022-01-05 21:24:52.645640', '2022-01-05 23:20:36.039293', 6190, 122, '039047781697742705', '2017-04-04', 40000);
UPDATE `loan_car` SET `created_at` = '2022-01-05 20:12:31.776621', `updated_at` = '2022-01-05 20:12:31.776621', `customer_id` = 6190, `model_id` = 73, `vin_number` = '601749352654289533', `date_produced` = '2016-10-18', `value_estimated` = 710000 WHERE `loan_car`.`id` = 4971;
INSERT INTO `loan_car` (`id`, `created_at`, `updated_at`, `customer_id`, `model_id`, `vin_number`, `date_produced`, `value_estimated`) VALUES (4971, '2022-01-05 20:12:31.776621', '2022-01-05 20:12:31.776621', 6190, 73, '601749352654289533', '2016-10-18', 710000);
UPDATE `loan_account` SET `created_at` = '2022-01-05 20:44:22.204750', `updated_at` = '2022-01-05 23:49:25.508869', `customer_id` = 6190, `number` = '494105540668450983', `balance` = 9498 WHERE `loan_account`.`id` = 5652;
INSERT INTO `loan_account` (`id`, `created_at`, `updated_at`, `customer_id`, `number`, `balance`) VALUES (5652, '2022-01-05 20:44:22.204750', '2022-01-05 23:49:25.508869', 6190, '494105540668450983', 9498);
UPDATE `loan_address` SET `created_at` = '2022-01-05 00:04:27.208553', `updated_at` = '2022-01-05 00:04:27.208553', `province` = '河北省', `city` = '保定市', `county` = '曲阳县', `town` = '孝墓乡', `detail` = '白城路菊园五街坊59号' WHERE `loan_address`.`id` = 9975;
INSERT INTO `loan_address` (`id`, `created_at`, `updated_at`, `province`, `city`, `county`, `town`, `detail`) VALUES (9975, '2022-01-05 00:04:27.208553', '2022-01-05 00:04:27.208553', '河北省', '保定市', '曲阳县', '孝墓乡', '白城路菊园五街坊59号');
UPDATE `loan_customer` SET `created_at` = '2022-01-05 00:04:27.208553', `updated_at` = '2022-01-05 23:23:58.495197', `name` = '乔贵', `id_number` = '389952912738534506', `gender` = 'm', `birthday` = '1980-07-07', `address_id` = 9975, `job_id` = 2053, `salary` = 38000 WHERE `loan_customer`.`id` = 6191;
INSERT INTO `loan_customer` (`id`, `created_at`, `updated_at`, `name`, `id_number`, `gender`, `birthday`, `address_id`, `job_id`, `salary`) VALUES (6191, '2022-01-05 00:04:27.208553', '2022-01-05 23:23:58.495197', '乔贵', '389952912738534506', 'm', '1980-07-07', 9975, 2053, 38000);
UPDATE `loan_car` SET `created_at` = '2022-01-05 03:15:13.969005', `updated_at` = '2022-01-05 03:44:01.279647', `customer_id` = 6191, `model_id` = 281, `vin_number` = '036655644260002132', `date_produced` = '2013-11-15', `value_estimated` = 860000 WHERE `loan_car`.`id` = 4972;
INSERT INTO `loan_car` (`id`, `created_at`, `updated_at`, `customer_id`, `model_id`, `vin_number`, `date_produced`, `value_estimated`) VALUES (4972, '2022-01-05 03:15:13.969005', '2022-01-05 03:44:01.279647', 6191, 281, '036655644260002132', '2013-11-15', 860000);
UPDATE `loan_car` SET `created_at` = '2022-01-05 01:48:21.124799', `updated_at` = '2022-01-05 01:48:21.124799', `customer_id` = 6191, `model_id` = 103, `vin_number` = '062661238080618121', `date_produced` = '2012-09-29', `value_estimated` = 300000 WHERE `loan_car`.`id` = 4973;
INSERT INTO `loan_car` (`id`, `created_at`, `updated_at`, `customer_id`, `model_id`, `vin_number`, `date_produced`, `value_estimated`) VALUES (4973, '2022-01-05 01:48:21.124799', '2022-01-05 01:48:21.124799', 6191, 103, '062661238080618121', '2012-09-29', 300000);
UPDATE `loan_account` SET `created_at` = '2022-01-05 06:06:17.036691', `updated_at` = '2022-01-05 06:06:17.036691', `customer_id` = 6191, `number` = '436105652469895138', `balance` = 0 WHERE `loan_account`.`id` = 5653;
INSERT INTO `loan_account` (`id`, `created_at`, `updated_at`, `customer_id`, `number`, `balance`) VALUES (5653, '2022-01-05 06:06:17.036691', '2022-01-05 06:06:17.036691', 6191, '436105652469895138', 0);
UPDATE `loan_address` SET `created_at` = '2022-01-05 08:08:08.387344', `updated_at` = '2022-01-05 08:08:08.387344', `province` = '甘肃省', `city` = '兰州市', `county` = '西固区', `town` = '四季青街道', `detail` = '宝祁路117号' WHERE `loan_address`.`id` = 9976;
INSERT INTO `loan_address` (`id`, `created_at`, `updated_at`, `province`, `city`, `county`, `town`, `detail`) VALUES (9976, '2022-01-05 08:08:08.387344', '2022-01-05 08:08:08.387344', '甘肃省', '兰州市', '西固区', '四季青街道', '宝祁路117号');
UPDATE `loan_customer` SET `created_at` = '2022-01-05 08:08:08.387344', `updated_at` = '2022-01-05 09:44:17.936354', `name` = '谭冠', `id_number` = '069958040531595446', `gender` = 'm', `birthday` = '2003-10-23', `address_id` = 9976, `job_id` = 2053, `salary` = 9000 WHERE `loan_customer`.`id` = 6192;
INSERT INTO `loan_customer` (`id`, `created_at`, `updated_at`, `name`, `id_number`, `gender`, `birthday`, `address_id`, `job_id`, `salary`) VALUES (6192, '2022-01-05 08:08:08.387344', '2022-01-05 09:44:17.936354', '谭冠', '069958040531595446', 'm', '2003-10-23', 9976, 2053, 9000);
UPDATE `loan_car` SET `created_at` = '2022-01-05 21:48:40.467084', `updated_at` = '2022-01-05 21:48:40.467084', `customer_id` = 6192, `model_id` = 146, `vin_number` = '037996477405920162', `date_produced` = '2018-12-28', `value_estimated` = 230000 WHERE `loan_car`.`id` = 4974;
INSERT INTO `loan_car` (`id`, `created_at`, `updated_at`, `customer_id`, `model_id`, `vin_number`, `date_produced`, `value_estimated`) VALUES (4974, '2022-01-05 21:48:40.467084', '2022-01-05 21:48:40.467084', 6192, 146, '037996477405920162', '2018-12-28', 230000);
UPDATE `loan_account` SET `created_at` = '2022-01-05 08:38:12.093210', `updated_at` = '2022-01-05 10:18:49.629572', `customer_id` = 6192, `number` = '758837385080158644', `balance` = 72408 WHERE `loan_account`.`id` = 5654;
INSERT INTO `loan_account` (`id`, `created_at`, `updated_at`, `customer_id`, `number`, `balance`) VALUES (5654, '2022-01-05 08:38:12.093210', '2022-01-05 10:18:49.629572', 6192, '758837385080158644', 72408);
UPDATE `loan_address` SET `created_at` = '2022-01-05 19:09:35.324380', `updated_at` = '2022-01-05 19:09:35.324380', `province` = '广西壮族自治区', `city` = '钦州市', `county` = '浦北县', `town` = '北通镇', `detail` = '白渡桥复华城市花园35号' WHERE `loan_address`.`id` = 9977;
INSERT INTO `loan_address` (`id`, `created_at`, `updated_at`, `province`, `city`, `county`, `town`, `detail`) VALUES (9977, '2022-01-05 19:09:35.324380', '2022-01-05 19:09:35.324380', '广西壮族自治区', '钦州市', '浦北县', '北通镇', '白渡桥复华城市花园35号');
UPDATE `loan_customer` SET `created_at` = '2022-01-05 19:09:35.324380', `updated_at` = '2022-01-05 20:58:33.482784', `name` = '贾俯', `id_number` = '079843564819535517', `gender` = 'm', `birthday` = '1990-06-07', `address_id` = 9977, `job_id` = 2053, `salary` = 32000 WHERE `loan_customer`.`id` = 6193;
INSERT INTO `loan_customer` (`id`, `created_at`, `updated_at`, `name`, `id_number`, `gender`, `birthday`, `address_id`, `job_id`, `salary`) VALUES (6193, '2022-01-05 19:09:35.324380', '2022-01-05 20:58:33.482784', '贾俯', '079843564819535517', 'm', '1990-06-07', 9977, 2053, 32000);
UPDATE `loan_car` SET `created_at` = '2022-01-05 19:50:23.500869', `updated_at` = '2022-01-05 19:50:23.500869', `customer_id` = 6193, `model_id` = 143, `vin_number` = '731675481918461688', `date_produced` = '2014-04-26', `value_estimated` = 290000 WHERE `loan_car`.`id` = 4975;
INSERT INTO `loan_car` (`id`, `created_at`, `updated_at`, `customer_id`, `model_id`, `vin_number`, `date_produced`, `value_estimated`) VALUES (4975, '2022-01-05 19:50:23.500869', '2022-01-05 19:50:23.500869', 6193, 143, '731675481918461688', '2014-04-26', 290000);
UPDATE `loan_account` SET `created_at` = '2022-01-05 19:12:55.226370', `updated_at` = '2022-01-05 19:12:55.226370', `customer_id` = 6193, `number` = '719378087146140341', `balance` = 112354 WHERE `loan_account`.`id` = 5655;
INSERT INTO `loan_account` (`id`, `created_at`, `updated_at`, `customer_id`, `number`, `balance`) VALUES (5655, '2022-01-05 19:12:55.226370', '2022-01-05 19:12:55.226370', 6193, '719378087146140341', 112354);
UPDATE `loan_address` SET `created_at` = '2022-01-05 22:12:13.064653', `updated_at` = '2022-01-05 22:12:13.064653', `province` = '吉林省', `city` = '长春市', `county` = '双阳区', `town` = '太平镇', `detail` = '白水路金色家园40号' WHERE `loan_address`.`id` = 9978;
INSERT INTO `loan_address` (`id`, `created_at`, `updated_at`, `province`, `city`, `county`, `town`, `detail`) VALUES (9978, '2022-01-05 22:12:13.064653', '2022-01-05 22:12:13.064653', '吉林省', '长春市', '双阳区', '太平镇', '白水路金色家园40号');
UPDATE `loan_customer` SET `created_at` = '2022-01-05 22:12:13.064653', `updated_at` = '2022-01-05 23:47:00.095757', `name` = '卢含', `id_number` = '869715308871220021', `gender` = 'f', `birthday` = '1988-04-01', `address_id` = 9978, `job_id` = 2053, `salary` = 43000 WHERE `loan_customer`.`id` = 6194;
INSERT INTO `loan_customer` (`id`, `created_at`, `updated_at`, `name`, `id_number`, `gender`, `birthday`, `address_id`, `job_id`, `salary`) VALUES (6194, '2022-01-05 22:12:13.064653', '2022-01-05 23:47:00.095757', '卢含', '869715308871220021', 'f', '1988-04-01', 9978, 2053, 43000);
UPDATE `loan_car` SET `created_at` = '2022-01-05 23:41:48.563284', `updated_at` = '2022-01-05 23:43:11.169789', `customer_id` = 6194, `model_id` = 127, `vin_number` = '900959976194778650', `date_produced` = '2013-01-25', `value_estimated` = 120000 WHERE `loan_car`.`id` = 4976;
INSERT INTO `loan_car` (`id`, `created_at`, `updated_at`, `customer_id`, `model_id`, `vin_number`, `date_produced`, `value_estimated`) VALUES (4976, '2022-01-05 23:41:48.563284', '2022-01-05 23:43:11.169789', 6194, 127, '900959976194778650', '2013-01-25', 120000);
UPDATE `loan_account` SET `created_at` = '2022-01-05 23:07:01.158713', `updated_at` = '2022-01-05 23:07:01.158713', `customer_id` = 6194, `number` = '411976051612419820', `balance` = 18245 WHERE `loan_account`.`id` = 5656;
INSERT INTO `loan_account` (`id`, `created_at`, `updated_at`, `customer_id`, `number`, `balance`) VALUES (5656, '2022-01-05 23:07:01.158713', '2022-01-05 23:07:01.158713', 6194, '411976051612419820', 18245);
UPDATE `loan_address` SET `created_at` = '2022-01-05 04:35:38.003143', `updated_at` = '2022-01-05 04:35:38.003143', `province` = '安徽省', `city` = '宣城市', `county` = '宣州区', `town` = '洪林镇', `detail` = '宝安公路74号' WHERE `loan_address`.`id` = 9979;
INSERT INTO `loan_address` (`id`, `created_at`, `updated_at`, `province`, `city`, `county`, `town`, `detail`) VALUES (9979, '2022-01-05 04:35:38.003143', '2022-01-05 04:35:38.003143', '安徽省', '宣城市', '宣州区', '洪林镇', '宝安公路74号');
UPDATE `loan_customer` SET `created_at` = '2022-01-05 04:35:38.003143', `updated_at` = '2022-01-05 19:08:37.326017', `name` = '漕忆寒', `id_number` = '182971542522215184', `gender` = 'm', `birthday` = '1999-04-24', `address_id` = 9979, `job_id` = 2054, `salary` = 39000 WHERE `loan_customer`.`id` = 6195;
INSERT INTO `loan_customer` (`id`, `created_at`, `updated_at`, `name`, `id_number`, `gender`, `birthday`, `address_id`, `job_id`, `salary`) VALUES (6195, '2022-01-05 04:35:38.003143', '2022-01-05 19:08:37.326017', '漕忆寒', '182971542522215184', 'm', '1999-04-24', 9979, 2054, 39000);
UPDATE `loan_car` SET `created_at` = '2022-01-05 16:31:18.666074', `updated_at` = '2022-01-05 16:31:18.666074', `customer_id` = 6195, `model_id` = 217, `vin_number` = '187084145599133586', `date_produced` = '2011-01-23', `value_estimated` = 430000 WHERE `loan_car`.`id` = 4977;
INSERT INTO `loan_car` (`id`, `created_at`, `updated_at`, `customer_id`, `model_id`, `vin_number`, `date_produced`, `value_estimated`) VALUES (4977, '2022-01-05 16:31:18.666074', '2022-01-05 16:31:18.666074', 6195, 217, '187084145599133586', '2011-01-23', 430000);
UPDATE `loan_account` SET `created_at` = '2022-01-05 05:42:15.580579', `updated_at` = '2022-01-05 18:50:15.721359', `customer_id` = 6195, `number` = '042594483999930868', `balance` = 100501 WHERE `loan_account`.`id` = 5657;
INSERT INTO `loan_account` (`id`, `created_at`, `updated_at`, `customer_id`, `number`, `balance`) VALUES (5657, '2022-01-05 05:42:15.580579', '2022-01-05 18:50:15.721359', 6195, '042594483999930868', 100501);
UPDATE `loan_address` SET `created_at` = '2022-01-05 20:50:50.111097', `updated_at` = '2022-01-05 20:50:50.111097', `province` = '河南省', `city` = '平顶山市', `county` = '鲁山县', `town` = '熊背乡', `detail` = '保德路博泰新苑10号' WHERE `loan_address`.`id` = 9980;
INSERT INTO `loan_address` (`id`, `created_at`, `updated_at`, `province`, `city`, `county`, `town`, `detail`) VALUES (9980, '2022-01-05 20:50:50.111097', '2022-01-05 20:50:50.111097', '河南省', '平顶山市', '鲁山县', '熊背乡', '保德路博泰新苑10号');
UPDATE `loan_customer` SET `created_at` = '2022-01-05 20:50:50.111097', `updated_at` = '2022-01-05 22:16:13.431610', `name` = '潘澜', `id_number` = '116145544515329842', `gender` = 'm', `birthday` = '1992-10-21', `address_id` = 9980, `job_id` = 2055, `salary` = 40000 WHERE `loan_customer`.`id` = 6196;
INSERT INTO `loan_customer` (`id`, `created_at`, `updated_at`, `name`, `id_number`, `gender`, `birthday`, `address_id`, `job_id`, `salary`) VALUES (6196, '2022-01-05 20:50:50.111097', '2022-01-05 22:16:13.431610', '潘澜', '116145544515329842', 'm', '1992-10-21', 9980, 2055, 40000);
UPDATE `loan_address` SET `created_at` = '2022-01-05 21:21:45.406023', `updated_at` = '2022-01-05 21:21:45.406023', `province` = '陕西省', `city` = '安康市', `county` = '汉阴县', `town` = '涧池镇', `detail` = '安边路金色家园63号' WHERE `loan_address`.`id` = 9981;
INSERT INTO `loan_address` (`id`, `created_at`, `updated_at`, `province`, `city`, `county`, `town`, `detail`) VALUES (9981, '2022-01-05 21:21:45.406023', '2022-01-05 21:21:45.406023', '陕西省', '安康市', '汉阴县', '涧池镇', '安边路金色家园63号');
UPDATE `loan_estate` SET `created_at` = '2022-01-05 21:21:45.406023', `updated_at` = '2022-01-05 21:21:45.406023', `customer_id` = 6196, `address_id` = 9981 WHERE `loan_estate`.`id` = 3694;
INSERT INTO `loan_estate` (`id`, `created_at`, `updated_at`, `customer_id`, `address_id`) VALUES (3694, '2022-01-05 21:21:45.406023', '2022-01-05 21:21:45.406023', 6196, 9981);
UPDATE `loan_account` SET `created_at` = '2022-01-05 23:51:32.370081', `updated_at` = '2022-01-05 23:51:32.370081', `customer_id` = 6196, `number` = '967693077194473182', `balance` = 0 WHERE `loan_account`.`id` = 5658;
INSERT INTO `loan_account` (`id`, `created_at`, `updated_at`, `customer_id`, `number`, `balance`) VALUES (5658, '2022-01-05 23:51:32.370081', '2022-01-05 23:51:32.370081', 6196, '967693077194473182', 0);
UPDATE `loan_account` SET `created_at` = '2022-01-05 22:02:11.623689', `updated_at` = '2022-01-05 22:02:11.623689', `customer_id` = 6196, `number` = '722508058308510254', `balance` = 0 WHERE `loan_account`.`id` = 5659;
INSERT INTO `loan_account` (`id`, `created_at`, `updated_at`, `customer_id`, `number`, `balance`) VALUES (5659, '2022-01-05 22:02:11.623689', '2022-01-05 22:02:11.623689', 6196, '722508058308510254', 0);
UPDATE `loan_address` SET `created_at` = '2022-01-05 13:37:20.458533', `updated_at` = '2022-01-05 13:37:20.458533', `province` = '西藏自治区', `city` = '昌都市', `county` = '贡觉县', `town` = '哈加乡', `detail` = '宝源路爱里舍花园94号' WHERE `loan_address`.`id` = 9982;
INSERT INTO `loan_address` (`id`, `created_at`, `updated_at`, `province`, `city`, `county`, `town`, `detail`) VALUES (9982, '2022-01-05 13:37:20.458533', '2022-01-05 13:37:20.458533', '西藏自治区', '昌都市', '贡觉县', '哈加乡', '宝源路爱里舍花园94号');
UPDATE `loan_customer` SET `created_at` = '2022-01-05 13:37:20.458533', `updated_at` = '2022-01-05 19:23:17.117881', `name` = '崔庆', `id_number` = '744504286608900914', `gender` = 'm', `birthday` = '1990-03-26', `address_id` = 9982, `job_id` = 2055, `salary` = 51000 WHERE `loan_customer`.`id` = 6197;
INSERT INTO `loan_customer` (`id`, `created_at`, `updated_at`, `name`, `id_number`, `gender`, `birthday`, `address_id`, `job_id`, `salary`) VALUES (6197, '2022-01-05 13:37:20.458533', '2022-01-05 19:23:17.117881', '崔庆', '744504286608900914', 'm', '1990-03-26', 9982, 2055, 51000);
UPDATE `loan_address` SET `created_at` = '2022-01-05 17:49:30.991048', `updated_at` = '2022-01-05 17:49:30.991048', `province` = '吉林省', `city` = '辽源市', `county` = '东丰县', `town` = '三合满族朝鲜族乡', `detail` = '安德路136号' WHERE `loan_address`.`id` = 9983;
INSERT INTO `loan_address` (`id`, `created_at`, `updated_at`, `province`, `city`, `county`, `town`, `detail`) VALUES (9983, '2022-01-05 17:49:30.991048', '2022-01-05 17:49:30.991048', '吉林省', '辽源市', '东丰县', '三合满族朝鲜族乡', '安德路136号');
UPDATE `loan_estate` SET `created_at` = '2022-01-05 17:49:30.991048', `updated_at` = '2022-01-05 23:04:47.310180', `customer_id` = 6197, `address_id` = 9983 WHERE `loan_estate`.`id` = 3695;
INSERT INTO `loan_estate` (`id`, `created_at`, `updated_at`, `customer_id`, `address_id`) VALUES (3695, '2022-01-05 17:49:30.991048', '2022-01-05 23:04:47.310180', 6197, 9983);
UPDATE `loan_car` SET `created_at` = '2022-01-05 22:26:43.168764', `updated_at` = '2022-01-05 23:06:10.059888', `customer_id` = 6197, `model_id` = 97, `vin_number` = '338790012321254390', `date_produced` = '2010-05-05', `value_estimated` = 160000 WHERE `loan_car`.`id` = 4978;
INSERT INTO `loan_car` (`id`, `created_at`, `updated_at`, `customer_id`, `model_id`, `vin_number`, `date_produced`, `value_estimated`) VALUES (4978, '2022-01-05 22:26:43.168764', '2022-01-05 23:06:10.059888', 6197, 97, '338790012321254390', '2010-05-05', 160000);
UPDATE `loan_account` SET `created_at` = '2022-01-05 18:34:49.723749', `updated_at` = '2022-01-05 18:34:49.723749', `customer_id` = 6197, `number` = '423868064768301932', `balance` = 35637 WHERE `loan_account`.`id` = 5660;
INSERT INTO `loan_account` (`id`, `created_at`, `updated_at`, `customer_id`, `number`, `balance`) VALUES (5660, '2022-01-05 18:34:49.723749', '2022-01-05 18:34:49.723749', 6197, '423868064768301932', 35637);
UPDATE `loan_address` SET `created_at` = '2022-01-05 19:23:02.911628', `updated_at` = '2022-01-05 19:23:02.911628', `province` = '吉林省', `city` = '通化市', `county` = '梅河口市', `town` = '中和镇', `detail` = '安远路96号' WHERE `loan_address`.`id` = 9984;
INSERT INTO `loan_address` (`id`, `created_at`, `updated_at`, `province`, `city`, `county`, `town`, `detail`) VALUES (9984, '2022-01-05 19:23:02.911628', '2022-01-05 19:23:02.911628', '吉林省', '通化市', '梅河口市', '中和镇', '安远路96号');
UPDATE `loan_customer` SET `created_at` = '2022-01-05 19:23:02.911628', `updated_at` = '2022-01-05 19:23:02.911628', `name` = '武依', `id_number` = '616792499581597597', `gender` = 'm', `birthday` = '2004-01-11', `address_id` = 9984, `job_id` = 2055, `salary` = 37000 WHERE `loan_customer`.`id` = 6198;
INSERT INTO `loan_customer` (`id`, `created_at`, `updated_at`, `name`, `id_number`, `gender`, `birthday`, `address_id`, `job_id`, `salary`) VALUES (6198, '2022-01-05 19:23:02.911628', '2022-01-05 19:23:02.911628', '武依', '616792499581597597', 'm', '2004-01-11', 9984, 2055, 37000);
UPDATE `loan_address` SET `created_at` = '2022-01-05 20:08:31.438746', `updated_at` = '2022-01-05 20:08:31.438746', `province` = '陕西省', `city` = '汉中市', `county` = '略阳县', `town` = '两河口镇', `detail` = '板泉路溢盈河畔别墅27号' WHERE `loan_address`.`id` = 9985;
INSERT INTO `loan_address` (`id`, `created_at`, `updated_at`, `province`, `city`, `county`, `town`, `detail`) VALUES (9985, '2022-01-05 20:08:31.438746', '2022-01-05 20:08:31.438746', '陕西省', '汉中市', '略阳县', '两河口镇', '板泉路溢盈河畔别墅27号');
UPDATE `loan_estate` SET `created_at` = '2022-01-05 20:08:31.438746', `updated_at` = '2022-01-05 20:08:31.438746', `customer_id` = 6198, `address_id` = 9985 WHERE `loan_estate`.`id` = 3696;
INSERT INTO `loan_estate` (`id`, `created_at`, `updated_at`, `customer_id`, `address_id`) VALUES (3696, '2022-01-05 20:08:31.438746', '2022-01-05 20:08:31.438746', 6198, 9985);
UPDATE `loan_car` SET `created_at` = '2022-01-05 23:23:23.139068', `updated_at` = '2022-01-05 23:23:23.139068', `customer_id` = 6198, `model_id` = 280, `vin_number` = '857650823149531325', `date_produced` = '2017-01-04', `value_estimated` = 70000 WHERE `loan_car`.`id` = 4979;
INSERT INTO `loan_car` (`id`, `created_at`, `updated_at`, `customer_id`, `model_id`, `vin_number`, `date_produced`, `value_estimated`) VALUES (4979, '2022-01-05 23:23:23.139068', '2022-01-05 23:23:23.139068', 6198, 280, '857650823149531325', '2017-01-04', 70000);
UPDATE `loan_account` SET `created_at` = '2022-01-05 19:50:39.290644', `updated_at` = '2022-01-05 19:50:39.290644', `customer_id` = 6198, `number` = '615176994984961304', `balance` = 0 WHERE `loan_account`.`id` = 5661;
INSERT INTO `loan_account` (`id`, `created_at`, `updated_at`, `customer_id`, `number`, `balance`) VALUES (5661, '2022-01-05 19:50:39.290644', '2022-01-05 19:50:39.290644', 6198, '615176994984961304', 0);
UPDATE `loan_address` SET `created_at` = '2022-01-05 13:09:12.268924', `updated_at` = '2022-01-05 13:09:12.268924', `province` = '贵州省', `city` = '毕节市', `county` = '纳雍县', `town` = '左鸠戛彝族苗族乡', `detail` = '百安路（方泰镇）62号' WHERE `loan_address`.`id` = 9986;
INSERT INTO `loan_address` (`id`, `created_at`, `updated_at`, `province`, `city`, `county`, `town`, `detail`) VALUES (9986, '2022-01-05 13:09:12.268924', '2022-01-05 13:09:12.268924', '贵州省', '毕节市', '纳雍县', '左鸠戛彝族苗族乡', '百安路（方泰镇）62号');
UPDATE `loan_customer` SET `created_at` = '2022-01-05 13:09:12.268924', `updated_at` = '2022-01-05 20:06:09.712707', `name` = '钟高妍', `id_number` = '604690404834667188', `gender` = 'm', `birthday` = '1983-11-22', `address_id` = 9986, `job_id` = 2055, `salary` = 16000 WHERE `loan_customer`.`id` = 6199;
INSERT INTO `loan_customer` (`id`, `created_at`, `updated_at`, `name`, `id_number`, `gender`, `birthday`, `address_id`, `job_id`, `salary`) VALUES (6199, '2022-01-05 13:09:12.268924', '2022-01-05 20:06:09.712707', '钟高妍', '604690404834667188', 'm', '1983-11-22', 9986, 2055, 16000);
UPDATE `loan_address` SET `created_at` = '2022-01-05 16:33:30.049285', `updated_at` = '2022-01-05 16:33:30.049285', `province` = '新疆维吾尔自治区', `city` = '塔城地区', `county` = '额敏县', `town` = '加尔布拉克农场', `detail` = '安福路复华城市花园57号' WHERE `loan_address`.`id` = 9987;
INSERT INTO `loan_address` (`id`, `created_at`, `updated_at`, `province`, `city`, `county`, `town`, `detail`) VALUES (9987, '2022-01-05 16:33:30.049285', '2022-01-05 16:33:30.049285', '新疆维吾尔自治区', '塔城地区', '额敏县', '加尔布拉克农场', '安福路复华城市花园57号');
UPDATE `loan_estate` SET `created_at` = '2022-01-05 16:33:30.049285', `updated_at` = '2022-01-05 16:33:30.049285', `customer_id` = 6199, `address_id` = 9987 WHERE `loan_estate`.`id` = 3697;
INSERT INTO `loan_estate` (`id`, `created_at`, `updated_at`, `customer_id`, `address_id`) VALUES (3697, '2022-01-05 16:33:30.049285', '2022-01-05 16:33:30.049285', 6199, 9987);
UPDATE `loan_car` SET `created_at` = '2022-01-05 21:05:48.871599', `updated_at` = '2022-01-05 22:59:00.654071', `customer_id` = 6199, `model_id` = 306, `vin_number` = '546742431911106804', `date_produced` = '2017-09-18', `value_estimated` = 170000 WHERE `loan_car`.`id` = 4980;
INSERT INTO `loan_car` (`id`, `created_at`, `updated_at`, `customer_id`, `model_id`, `vin_number`, `date_produced`, `value_estimated`) VALUES (4980, '2022-01-05 21:05:48.871599', '2022-01-05 22:59:00.654071', 6199, 306, '546742431911106804', '2017-09-18', 170000);
UPDATE `loan_account` SET `created_at` = '2022-01-05 17:18:30.611418', `updated_at` = '2022-01-05 20:10:56.517358', `customer_id` = 6199, `number` = '542510880930208373', `balance` = 0 WHERE `loan_account`.`id` = 5662;
INSERT INTO `loan_account` (`id`, `created_at`, `updated_at`, `customer_id`, `number`, `balance`) VALUES (5662, '2022-01-05 17:18:30.611418', '2022-01-05 20:10:56.517358', 6199, '542510880930208373', 0);
UPDATE `loan_address` SET `created_at` = '2022-01-05 18:08:53.921723', `updated_at` = '2022-01-05 18:08:53.921723', `province` = '广东省', `city` = '梅州市', `county` = '大埔县', `town` = '洲瑞林场', `detail` = '北艾路溢盈河畔别墅188号' WHERE `loan_address`.`id` = 9988;
INSERT INTO `loan_address` (`id`, `created_at`, `updated_at`, `province`, `city`, `county`, `town`, `detail`) VALUES (9988, '2022-01-05 18:08:53.921723', '2022-01-05 18:08:53.921723', '广东省', '梅州市', '大埔县', '洲瑞林场', '北艾路溢盈河畔别墅188号');
UPDATE `loan_customer` SET `created_at` = '2022-01-05 18:08:53.921723', `updated_at` = '2022-01-05 18:29:43.074363', `name` = '黄致', `id_number` = '703110861089128974', `gender` = 'f', `birthday` = '2001-07-10', `address_id` = 9988, `job_id` = 2055, `salary` = 6000 WHERE `loan_customer`.`id` = 6200;
INSERT INTO `loan_customer` (`id`, `created_at`, `updated_at`, `name`, `id_number`, `gender`, `birthday`, `address_id`, `job_id`, `salary`) VALUES (6200, '2022-01-05 18:08:53.921723', '2022-01-05 18:29:43.074363', '黄致', '703110861089128974', 'f', '2001-07-10', 9988, 2055, 6000);
UPDATE `loan_address` SET `created_at` = '2022-01-05 22:09:46.459243', `updated_at` = '2022-01-05 22:09:46.459243', `province` = '广西壮族自治区', `city` = '百色市', `county` = '田阳县', `town` = '百育镇', `detail` = '鞍山路111号' WHERE `loan_address`.`id` = 9989;
INSERT INTO `loan_address` (`id`, `created_at`, `updated_at`, `province`, `city`, `county`, `town`, `detail`) VALUES (9989, '2022-01-05 22:09:46.459243', '2022-01-05 22:09:46.459243', '广西壮族自治区', '百色市', '田阳县', '百育镇', '鞍山路111号');
UPDATE `loan_estate` SET `created_at` = '2022-01-05 22:09:46.459243', `updated_at` = '2022-01-05 22:09:46.459243', `customer_id` = 6200, `address_id` = 9989 WHERE `loan_estate`.`id` = 3698;
INSERT INTO `loan_estate` (`id`, `created_at`, `updated_at`, `customer_id`, `address_id`) VALUES (3698, '2022-01-05 22:09:46.459243', '2022-01-05 22:09:46.459243', 6200, 9989);
UPDATE `loan_car` SET `created_at` = '2022-01-05 22:09:43.884241', `updated_at` = '2022-01-05 22:17:21.718263', `customer_id` = 6200, `model_id` = 115, `vin_number` = '031410465923039547', `date_produced` = '2015-05-12', `value_estimated` = 810000 WHERE `loan_car`.`id` = 4981;
INSERT INTO `loan_car` (`id`, `created_at`, `updated_at`, `customer_id`, `model_id`, `vin_number`, `date_produced`, `value_estimated`) VALUES (4981, '2022-01-05 22:09:43.884241', '2022-01-05 22:17:21.718263', 6200, 115, '031410465923039547', '2015-05-12', 810000);
UPDATE `loan_account` SET `created_at` = '2022-01-05 22:47:12.789769', `updated_at` = '2022-01-05 22:47:12.789769', `customer_id` = 6200, `number` = '261304750210927136', `balance` = 0 WHERE `loan_account`.`id` = 5663;
INSERT INTO `loan_account` (`id`, `created_at`, `updated_at`, `customer_id`, `number`, `balance`) VALUES (5663, '2022-01-05 22:47:12.789769', '2022-01-05 22:47:12.789769', 6200, '261304750210927136', 0);
UPDATE `loan_address` SET `created_at` = '2022-01-05 09:35:47.973136', `updated_at` = '2022-01-05 09:35:47.973136', `province` = '四川省', `city` = '广安市', `county` = '邻水县', `town` = '高滩镇', `detail` = '宝安路协通公寓27号' WHERE `loan_address`.`id` = 9990;
INSERT INTO `loan_address` (`id`, `created_at`, `updated_at`, `province`, `city`, `county`, `town`, `detail`) VALUES (9990, '2022-01-05 09:35:47.973136', '2022-01-05 09:35:47.973136', '四川省', '广安市', '邻水县', '高滩镇', '宝安路协通公寓27号');
UPDATE `loan_customer` SET `created_at` = '2022-01-05 09:35:47.973136', `updated_at` = '2022-01-05 12:46:00.184529', `name` = '沈月朗', `id_number` = '707912420457368974', `gender` = 'f', `birthday` = '1998-07-14', `address_id` = 9990, `job_id` = 2056, `salary` = 24000 WHERE `loan_customer`.`id` = 6201;
INSERT INTO `loan_customer` (`id`, `created_at`, `updated_at`, `name`, `id_number`, `gender`, `birthday`, `address_id`, `job_id`, `salary`) VALUES (6201, '2022-01-05 09:35:47.973136', '2022-01-05 12:46:00.184529', '沈月朗', '707912420457368974', 'f', '1998-07-14', 9990, 2056, 24000);
UPDATE `loan_chattel` SET `created_at` = '2022-01-05 14:31:43.268690', `updated_at` = '2022-01-05 14:31:43.268690', `customer_id` = 6201, `type` = 'patent', `description` = '一些信息', `value_amount` = 360000, `expired_at` = '2023-07-28' WHERE `loan_chattel`.`id` = 1811;
INSERT INTO `loan_chattel` (`id`, `created_at`, `updated_at`, `customer_id`, `type`, `description`, `value_amount`, `expired_at`) VALUES (1811, '2022-01-05 14:31:43.268690', '2022-01-05 14:31:43.268690', 6201, 'patent', '一些信息', 360000, '2023-07-28');
UPDATE `loan_address` SET `created_at` = '2022-01-05 16:23:02.468369', `updated_at` = '2022-01-05 16:23:02.468369', `province` = '辽宁省', `city` = '大连市', `county` = '庄河市', `town` = '长岭镇', `detail` = '安边路126号' WHERE `loan_address`.`id` = 9991;
INSERT INTO `loan_address` (`id`, `created_at`, `updated_at`, `province`, `city`, `county`, `town`, `detail`) VALUES (9991, '2022-01-05 16:23:02.468369', '2022-01-05 16:23:02.468369', '辽宁省', '大连市', '庄河市', '长岭镇', '安边路126号');
UPDATE `loan_estate` SET `created_at` = '2022-01-05 16:23:02.468369', `updated_at` = '2022-01-05 16:23:02.468369', `customer_id` = 6201, `address_id` = 9991 WHERE `loan_estate`.`id` = 3699;
INSERT INTO `loan_estate` (`id`, `created_at`, `updated_at`, `customer_id`, `address_id`) VALUES (3699, '2022-01-05 16:23:02.468369', '2022-01-05 16:23:02.468369', 6201, 9991);
UPDATE `loan_car` SET `created_at` = '2022-01-05 11:09:03.091643', `updated_at` = '2022-01-05 11:09:03.091643', `customer_id` = 6201, `model_id` = 209, `vin_number` = '862543392581270507', `date_produced` = '2017-04-10', `value_estimated` = 200000 WHERE `loan_car`.`id` = 4982;
INSERT INTO `loan_car` (`id`, `created_at`, `updated_at`, `customer_id`, `model_id`, `vin_number`, `date_produced`, `value_estimated`) VALUES (4982, '2022-01-05 11:09:03.091643', '2022-01-05 11:09:03.091643', 6201, 209, '862543392581270507', '2017-04-10', 200000);
UPDATE `loan_account` SET `created_at` = '2022-01-05 10:21:31.239928', `updated_at` = '2022-01-05 10:21:31.239928', `customer_id` = 6201, `number` = '277935358670381125', `balance` = 30031 WHERE `loan_account`.`id` = 5664;
INSERT INTO `loan_account` (`id`, `created_at`, `updated_at`, `customer_id`, `number`, `balance`) VALUES (5664, '2022-01-05 10:21:31.239928', '2022-01-05 10:21:31.239928', 6201, '277935358670381125', 30031);
UPDATE `loan_address` SET `created_at` = '2022-01-05 02:04:38.456374', `updated_at` = '2022-01-05 02:04:38.456374', `province` = '河南省', `city` = '郑州市', `county` = '中牟县', `town` = '刁家乡', `detail` = '澳门路71号' WHERE `loan_address`.`id` = 9992;
INSERT INTO `loan_address` (`id`, `created_at`, `updated_at`, `province`, `city`, `county`, `town`, `detail`) VALUES (9992, '2022-01-05 02:04:38.456374', '2022-01-05 02:04:38.456374', '河南省', '郑州市', '中牟县', '刁家乡', '澳门路71号');
UPDATE `loan_customer` SET `created_at` = '2022-01-05 02:04:38.456374', `updated_at` = '2022-01-05 20:22:27.792429', `name` = '田涵意', `id_number` = '544515515391217897', `gender` = 'f', `birthday` = '1981-03-08', `address_id` = 9992, `job_id` = 2056, `salary` = 84000 WHERE `loan_customer`.`id` = 6202;
INSERT INTO `loan_customer` (`id`, `created_at`, `updated_at`, `name`, `id_number`, `gender`, `birthday`, `address_id`, `job_id`, `salary`) VALUES (6202, '2022-01-05 02:04:38.456374', '2022-01-05 20:22:27.792429', '田涵意', '544515515391217897', 'f', '1981-03-08', 9992, 2056, 84000);
UPDATE `loan_car` SET `created_at` = '2022-01-05 10:05:43.249821', `updated_at` = '2022-01-05 12:29:56.534611', `customer_id` = 6202, `model_id` = 150, `vin_number` = '116002151369159179', `date_produced` = '2020-07-13', `value_estimated` = 240000 WHERE `loan_car`.`id` = 4983;
INSERT INTO `loan_car` (`id`, `created_at`, `updated_at`, `customer_id`, `model_id`, `vin_number`, `date_produced`, `value_estimated`) VALUES (4983, '2022-01-05 10:05:43.249821', '2022-01-05 12:29:56.534611', 6202, 150, '116002151369159179', '2020-07-13', 240000);
UPDATE `loan_account` SET `created_at` = '2022-01-05 18:15:08.496587', `updated_at` = '2022-01-05 18:15:08.496587', `customer_id` = 6202, `number` = '156937075765739404', `balance` = 69947 WHERE `loan_account`.`id` = 5665;
INSERT INTO `loan_account` (`id`, `created_at`, `updated_at`, `customer_id`, `number`, `balance`) VALUES (5665, '2022-01-05 18:15:08.496587', '2022-01-05 18:15:08.496587', 6202, '156937075765739404', 69947);
UPDATE `loan_address` SET `created_at` = '2022-01-05 15:47:27.223360', `updated_at` = '2022-01-05 15:47:27.223360', `province` = '山西省', `city` = '太原市', `county` = '阳曲县', `town` = '大盂镇', `detail` = '巴林路和亭佳苑123号' WHERE `loan_address`.`id` = 9993;
INSERT INTO `loan_address` (`id`, `created_at`, `updated_at`, `province`, `city`, `county`, `town`, `detail`) VALUES (9993, '2022-01-05 15:47:27.223360', '2022-01-05 15:47:27.223360', '山西省', '太原市', '阳曲县', '大盂镇', '巴林路和亭佳苑123号');
UPDATE `loan_customer` SET `created_at` = '2022-01-05 15:47:27.223360', `updated_at` = '2022-01-05 15:47:27.223360', `name` = '高鸾', `id_number` = '988589591127868689', `gender` = 'f', `birthday` = '1989-04-30', `address_id` = 9993, `job_id` = 2056, `salary` = 27000 WHERE `loan_customer`.`id` = 6203;
INSERT INTO `loan_customer` (`id`, `created_at`, `updated_at`, `name`, `id_number`, `gender`, `birthday`, `address_id`, `job_id`, `salary`) VALUES (6203, '2022-01-05 15:47:27.223360', '2022-01-05 15:47:27.223360', '高鸾', '988589591127868689', 'f', '1989-04-30', 9993, 2056, 27000);
UPDATE `loan_account` SET `created_at` = '2022-01-05 22:23:06.932024', `updated_at` = '2022-01-05 22:23:06.932024', `customer_id` = 6203, `number` = '503797505715591053', `balance` = 0 WHERE `loan_account`.`id` = 5666;
INSERT INTO `loan_account` (`id`, `created_at`, `updated_at`, `customer_id`, `number`, `balance`) VALUES (5666, '2022-01-05 22:23:06.932024', '2022-01-05 22:23:06.932024', 6203, '503797505715591053', 0);
UPDATE `loan_address` SET `created_at` = '2022-01-05 16:11:27.678199', `updated_at` = '2022-01-05 16:11:27.678199', `province` = '四川省', `city` = '泸州市', `county` = '江阳区', `town` = '方山镇', `detail` = '百安路（方泰镇）住友嘉馨名园156号' WHERE `loan_address`.`id` = 9994;
INSERT INTO `loan_address` (`id`, `created_at`, `updated_at`, `province`, `city`, `county`, `town`, `detail`) VALUES (9994, '2022-01-05 16:11:27.678199', '2022-01-05 16:11:27.678199', '四川省', '泸州市', '江阳区', '方山镇', '百安路（方泰镇）住友嘉馨名园156号');
UPDATE `loan_customer` SET `created_at` = '2022-01-05 16:11:27.678199', `updated_at` = '2022-01-05 17:59:57.247492', `name` = '刘巧娜', `id_number` = '897235557655058410', `gender` = 'm', `birthday` = '1986-01-18', `address_id` = 9994, `job_id` = 2057, `salary` = 17000 WHERE `loan_customer`.`id` = 6204;
INSERT INTO `loan_customer` (`id`, `created_at`, `updated_at`, `name`, `id_number`, `gender`, `birthday`, `address_id`, `job_id`, `salary`) VALUES (6204, '2022-01-05 16:11:27.678199', '2022-01-05 17:59:57.247492', '刘巧娜', '897235557655058410', 'm', '1986-01-18', 9994, 2057, 17000);
UPDATE `loan_chattel` SET `created_at` = '2022-01-05 19:59:54.255779', `updated_at` = '2022-01-05 20:47:38.307667', `customer_id` = 6204, `type` = 'receivable', `description` = '一些信息', `value_amount` = 140000, `expired_at` = '2029-03-04' WHERE `loan_chattel`.`id` = 1812;
INSERT INTO `loan_chattel` (`id`, `created_at`, `updated_at`, `customer_id`, `type`, `description`, `value_amount`, `expired_at`) VALUES (1812, '2022-01-05 19:59:54.255779', '2022-01-05 20:47:38.307667', 6204, 'receivable', '一些信息', 140000, '2029-03-04');
UPDATE `loan_account` SET `created_at` = '2022-01-05 18:45:31.730098', `updated_at` = '2022-01-05 20:34:34.595821', `customer_id` = 6204, `number` = '316672424635394071', `balance` = 39172 WHERE `loan_account`.`id` = 5667;
INSERT INTO `loan_account` (`id`, `created_at`, `updated_at`, `customer_id`, `number`, `balance`) VALUES (5667, '2022-01-05 18:45:31.730098', '2022-01-05 20:34:34.595821', 6204, '316672424635394071', 39172);
UPDATE `loan_address` SET `created_at` = '2022-01-05 02:43:31.104461', `updated_at` = '2022-01-05 02:43:31.104461', `province` = '海南省', `city` = '省直辖县级行政区划', `county` = '乐东黎族自治县', `town` = '千家镇', `detail` = '安亭路爱里舍花园124号' WHERE `loan_address`.`id` = 9995;
INSERT INTO `loan_address` (`id`, `created_at`, `updated_at`, `province`, `city`, `county`, `town`, `detail`) VALUES (9995, '2022-01-05 02:43:31.104461', '2022-01-05 02:43:31.104461', '海南省', '省直辖县级行政区划', '乐东黎族自治县', '千家镇', '安亭路爱里舍花园124号');
UPDATE `loan_customer` SET `created_at` = '2022-01-05 02:43:31.104461', `updated_at` = '2022-01-05 08:54:39.113817', `name` = '江咏', `id_number` = '629889175350167094', `gender` = 'm', `birthday` = '2005-10-25', `address_id` = 9995, `job_id` = 2057, `salary` = 9000 WHERE `loan_customer`.`id` = 6205;
INSERT INTO `loan_customer` (`id`, `created_at`, `updated_at`, `name`, `id_number`, `gender`, `birthday`, `address_id`, `job_id`, `salary`) VALUES (6205, '2022-01-05 02:43:31.104461', '2022-01-05 08:54:39.113817', '江咏', '629889175350167094', 'm', '2005-10-25', 9995, 2057, 9000);
UPDATE `loan_chattel` SET `created_at` = '2022-01-05 23:07:29.132246', `updated_at` = '2022-01-05 23:45:59.837417', `customer_id` = 6205, `type` = 'patent', `description` = '一些信息', `value_amount` = 30000, `expired_at` = '2031-06-08' WHERE `loan_chattel`.`id` = 1813;
INSERT INTO `loan_chattel` (`id`, `created_at`, `updated_at`, `customer_id`, `type`, `description`, `value_amount`, `expired_at`) VALUES (1813, '2022-01-05 23:07:29.132246', '2022-01-05 23:45:59.837417', 6205, 'patent', '一些信息', 30000, '2031-06-08');
UPDATE `loan_car` SET `created_at` = '2022-01-05 18:14:52.019967', `updated_at` = '2022-01-05 20:10:01.273509', `customer_id` = 6205, `model_id` = 274, `vin_number` = '081465159157039696', `date_produced` = '2021-07-29', `value_estimated` = 820000 WHERE `loan_car`.`id` = 4984;
INSERT INTO `loan_car` (`id`, `created_at`, `updated_at`, `customer_id`, `model_id`, `vin_number`, `date_produced`, `value_estimated`) VALUES (4984, '2022-01-05 18:14:52.019967', '2022-01-05 20:10:01.273509', 6205, 274, '081465159157039696', '2021-07-29', 820000);
UPDATE `loan_account` SET `created_at` = '2022-01-05 14:35:53.202856', `updated_at` = '2022-01-05 14:35:53.202856', `customer_id` = 6205, `number` = '681612978728098006', `balance` = 0 WHERE `loan_account`.`id` = 5668;
INSERT INTO `loan_account` (`id`, `created_at`, `updated_at`, `customer_id`, `number`, `balance`) VALUES (5668, '2022-01-05 14:35:53.202856', '2022-01-05 14:35:53.202856', 6205, '681612978728098006', 0);
UPDATE `loan_address` SET `created_at` = '2022-01-05 21:11:55.489342', `updated_at` = '2022-01-05 21:11:55.489342', `province` = '甘肃省', `city` = '甘南藏族自治州', `county` = '夏河县', `town` = '甘加镇', `detail` = '安图路协通公寓88号' WHERE `loan_address`.`id` = 9996;
INSERT INTO `loan_address` (`id`, `created_at`, `updated_at`, `province`, `city`, `county`, `town`, `detail`) VALUES (9996, '2022-01-05 21:11:55.489342', '2022-01-05 21:11:55.489342', '甘肃省', '甘南藏族自治州', '夏河县', '甘加镇', '安图路协通公寓88号');
UPDATE `loan_customer` SET `created_at` = '2022-01-05 21:11:55.489342', `updated_at` = '2022-01-05 21:17:22.198063', `name` = '万代亦', `id_number` = '087584330937201027', `gender` = 'm', `birthday` = '1989-05-15', `address_id` = 9996, `job_id` = 2058, `salary` = 2000 WHERE `loan_customer`.`id` = 6206;
INSERT INTO `loan_customer` (`id`, `created_at`, `updated_at`, `name`, `id_number`, `gender`, `birthday`, `address_id`, `job_id`, `salary`) VALUES (6206, '2022-01-05 21:11:55.489342', '2022-01-05 21:17:22.198063', '万代亦', '087584330937201027', 'm', '1989-05-15', 9996, 2058, 2000);
UPDATE `loan_address` SET `created_at` = '2022-01-05 23:47:26.503223', `updated_at` = '2022-01-05 23:47:26.503223', `province` = '广西壮族自治区', `city` = '崇左市', `county` = '江州区', `town` = '左江华侨农场', `detail` = '包头南路163号' WHERE `loan_address`.`id` = 9997;
INSERT INTO `loan_address` (`id`, `created_at`, `updated_at`, `province`, `city`, `county`, `town`, `detail`) VALUES (9997, '2022-01-05 23:47:26.503223', '2022-01-05 23:47:26.503223', '广西壮族自治区', '崇左市', '江州区', '左江华侨农场', '包头南路163号');
UPDATE `loan_estate` SET `created_at` = '2022-01-05 23:47:26.503223', `updated_at` = '2022-01-05 23:47:26.503223', `customer_id` = 6206, `address_id` = 9997 WHERE `loan_estate`.`id` = 3700;
INSERT INTO `loan_estate` (`id`, `created_at`, `updated_at`, `customer_id`, `address_id`) VALUES (3700, '2022-01-05 23:47:26.503223', '2022-01-05 23:47:26.503223', 6206, 9997);
UPDATE `loan_account` SET `created_at` = '2022-01-05 22:04:06.082199', `updated_at` = '2022-01-05 23:47:44.748260', `customer_id` = 6206, `number` = '021393633545749134', `balance` = 153069 WHERE `loan_account`.`id` = 5669;
INSERT INTO `loan_account` (`id`, `created_at`, `updated_at`, `customer_id`, `number`, `balance`) VALUES (5669, '2022-01-05 22:04:06.082199', '2022-01-05 23:47:44.748260', 6206, '021393633545749134', 153069);
UPDATE `loan_address` SET `created_at` = '2022-01-05 23:31:10.902933', `updated_at` = '2022-01-05 23:31:10.902933', `province` = '新疆维吾尔自治区', `city` = '伊犁哈萨克自治州', `county` = '昭苏县', `town` = '察汗乌苏蒙古族乡', `detail` = '宝安公路金色家园28号' WHERE `loan_address`.`id` = 9998;
INSERT INTO `loan_address` (`id`, `created_at`, `updated_at`, `province`, `city`, `county`, `town`, `detail`) VALUES (9998, '2022-01-05 23:31:10.902933', '2022-01-05 23:31:10.902933', '新疆维吾尔自治区', '伊犁哈萨克自治州', '昭苏县', '察汗乌苏蒙古族乡', '宝安公路金色家园28号');
UPDATE `loan_customer` SET `created_at` = '2022-01-05 23:31:10.902933', `updated_at` = '2022-01-05 23:31:10.902933', `name` = '姚星海', `id_number` = '503076369400062089', `gender` = 'f', `birthday` = '1985-07-27', `address_id` = 9998, `job_id` = 2058, `salary` = 19000 WHERE `loan_customer`.`id` = 6207;
INSERT INTO `loan_customer` (`id`, `created_at`, `updated_at`, `name`, `id_number`, `gender`, `birthday`, `address_id`, `job_id`, `salary`) VALUES (6207, '2022-01-05 23:31:10.902933', '2022-01-05 23:31:10.902933', '姚星海', '503076369400062089', 'f', '1985-07-27', 9998, 2058, 19000);
UPDATE `loan_car` SET `created_at` = '2022-01-05 23:48:56.178958', `updated_at` = '2022-01-05 23:48:56.178958', `customer_id` = 6207, `model_id` = 65, `vin_number` = '534527557205261099', `date_produced` = '2021-06-10', `value_estimated` = 640000 WHERE `loan_car`.`id` = 4985;
INSERT INTO `loan_car` (`id`, `created_at`, `updated_at`, `customer_id`, `model_id`, `vin_number`, `date_produced`, `value_estimated`) VALUES (4985, '2022-01-05 23:48:56.178958', '2022-01-05 23:48:56.178958', 6207, 65, '534527557205261099', '2021-06-10', 640000);
UPDATE `loan_account` SET `created_at` = '2022-01-05 23:32:54.036266', `updated_at` = '2022-01-05 23:32:54.036266', `customer_id` = 6207, `number` = '415195308032272930', `balance` = 105495 WHERE `loan_account`.`id` = 5670;
INSERT INTO `loan_account` (`id`, `created_at`, `updated_at`, `customer_id`, `number`, `balance`) VALUES (5670, '2022-01-05 23:32:54.036266', '2022-01-05 23:32:54.036266', 6207, '415195308032272930', 105495);
UPDATE `loan_address` SET `created_at` = '2022-01-05 06:36:21.779441', `updated_at` = '2022-01-05 06:36:21.779441', `province` = '广西壮族自治区', `city` = '来宾市', `county` = '兴宾区', `town` = '寺山镇', `detail` = '安汾路122号' WHERE `loan_address`.`id` = 9999;
INSERT INTO `loan_address` (`id`, `created_at`, `updated_at`, `province`, `city`, `county`, `town`, `detail`) VALUES (9999, '2022-01-05 06:36:21.779441', '2022-01-05 06:36:21.779441', '广西壮族自治区', '来宾市', '兴宾区', '寺山镇', '安汾路122号');
UPDATE `loan_customer` SET `created_at` = '2022-01-05 06:36:21.779441', `updated_at` = '2022-01-05 15:09:13.954990', `name` = '于碧', `id_number` = '686193839400050428', `gender` = 'm', `birthday` = '1992-04-21', `address_id` = 9999, `job_id` = 2059, `salary` = 78000 WHERE `loan_customer`.`id` = 6208;
INSERT INTO `loan_customer` (`id`, `created_at`, `updated_at`, `name`, `id_number`, `gender`, `birthday`, `address_id`, `job_id`, `salary`) VALUES (6208, '2022-01-05 06:36:21.779441', '2022-01-05 15:09:13.954990', '于碧', '686193839400050428', 'm', '1992-04-21', 9999, 2059, 78000);
UPDATE `loan_car` SET `created_at` = '2022-01-05 09:02:52.037168', `updated_at` = '2022-01-05 21:26:47.581091', `customer_id` = 6208, `model_id` = 220, `vin_number` = '153427458221131858', `date_produced` = '2011-03-21', `value_estimated` = 450000 WHERE `loan_car`.`id` = 4986;
INSERT INTO `loan_car` (`id`, `created_at`, `updated_at`, `customer_id`, `model_id`, `vin_number`, `date_produced`, `value_estimated`) VALUES (4986, '2022-01-05 09:02:52.037168', '2022-01-05 21:26:47.581091', 6208, 220, '153427458221131858', '2011-03-21', 450000);
UPDATE `loan_car` SET `created_at` = '2022-01-05 15:15:03.200852', `updated_at` = '2022-01-05 15:16:26.428404', `customer_id` = 6208, `model_id` = 190, `vin_number` = '696274858532363767', `date_produced` = '2015-09-19', `value_estimated` = 60000 WHERE `loan_car`.`id` = 4987;
INSERT INTO `loan_car` (`id`, `created_at`, `updated_at`, `customer_id`, `model_id`, `vin_number`, `date_produced`, `value_estimated`) VALUES (4987, '2022-01-05 15:15:03.200852', '2022-01-05 15:16:26.428404', 6208, 190, '696274858532363767', '2015-09-19', 60000);
UPDATE `loan_account` SET `created_at` = '2022-01-05 11:08:00.779135', `updated_at` = '2022-01-05 11:08:00.779135', `customer_id` = 6208, `number` = '624733069074677994', `balance` = 9168 WHERE `loan_account`.`id` = 5671;
INSERT INTO `loan_account` (`id`, `created_at`, `updated_at`, `customer_id`, `number`, `balance`) VALUES (5671, '2022-01-05 11:08:00.779135', '2022-01-05 11:08:00.779135', 6208, '624733069074677994', 9168);
UPDATE `loan_address` SET `created_at` = '2022-01-05 11:04:27.317883', `updated_at` = '2022-01-05 11:04:27.317883', `province` = '广西壮族自治区', `city` = '来宾市', `county` = '兴宾区', `town` = '寺山镇', `detail` = '安澜路83号' WHERE `loan_address`.`id` = 10000;
INSERT INTO `loan_address` (`id`, `created_at`, `updated_at`, `province`, `city`, `county`, `town`, `detail`) VALUES (10000, '2022-01-05 11:04:27.317883', '2022-01-05 11:04:27.317883', '广西壮族自治区', '来宾市', '兴宾区', '寺山镇', '安澜路83号');
UPDATE `loan_customer` SET `created_at` = '2022-01-05 11:04:27.317883', `updated_at` = '2022-01-05 11:04:27.317883', `name` = '常宇', `id_number` = '164055236831131577', `gender` = 'f', `birthday` = '2002-03-07', `address_id` = 10000, `job_id` = 2060, `salary` = 66000 WHERE `loan_customer`.`id` = 6209;
INSERT INTO `loan_customer` (`id`, `created_at`, `updated_at`, `name`, `id_number`, `gender`, `birthday`, `address_id`, `job_id`, `salary`) VALUES (6209, '2022-01-05 11:04:27.317883', '2022-01-05 11:04:27.317883', '常宇', '164055236831131577', 'f', '2002-03-07', 10000, 2060, 66000);
UPDATE `loan_account` SET `created_at` = '2022-01-05 23:18:18.884932', `updated_at` = '2022-01-05 23:18:18.884932', `customer_id` = 6209, `number` = '190462384862576762', `balance` = 49135 WHERE `loan_account`.`id` = 5672;
INSERT INTO `loan_account` (`id`, `created_at`, `updated_at`, `customer_id`, `number`, `balance`) VALUES (5672, '2022-01-05 23:18:18.884932', '2022-01-05 23:18:18.884932', 6209, '190462384862576762', 49135);
UPDATE `loan_address` SET `created_at` = '2022-01-05 08:15:37.380735', `updated_at` = '2022-01-05 08:15:37.380735', `province` = '河南省', `city` = '郑州市', `county` = '中牟县', `town` = '刁家乡', `detail` = '安顺路143号' WHERE `loan_address`.`id` = 10001;
INSERT INTO `loan_address` (`id`, `created_at`, `updated_at`, `province`, `city`, `county`, `town`, `detail`) VALUES (10001, '2022-01-05 08:15:37.380735', '2022-01-05 08:15:37.380735', '河南省', '郑州市', '中牟县', '刁家乡', '安顺路143号');
UPDATE `loan_customer` SET `created_at` = '2022-01-05 08:15:37.380735', `updated_at` = '2022-01-05 16:55:03.411677', `name` = '陆飞星', `id_number` = '213051522683990414', `gender` = 'm', `birthday` = '1985-04-23', `address_id` = 10001, `job_id` = 2060, `salary` = 41000 WHERE `loan_customer`.`id` = 6210;
INSERT INTO `loan_customer` (`id`, `created_at`, `updated_at`, `name`, `id_number`, `gender`, `birthday`, `address_id`, `job_id`, `salary`) VALUES (6210, '2022-01-05 08:15:37.380735', '2022-01-05 16:55:03.411677', '陆飞星', '213051522683990414', 'm', '1985-04-23', 10001, 2060, 41000);
UPDATE `loan_car` SET `created_at` = '2022-01-05 09:34:40.306451', `updated_at` = '2022-01-05 09:34:40.306451', `customer_id` = 6210, `model_id` = 70, `vin_number` = '478739230338379314', `date_produced` = '2020-06-26', `value_estimated` = 30000 WHERE `loan_car`.`id` = 4988;
INSERT INTO `loan_car` (`id`, `created_at`, `updated_at`, `customer_id`, `model_id`, `vin_number`, `date_produced`, `value_estimated`) VALUES (4988, '2022-01-05 09:34:40.306451', '2022-01-05 09:34:40.306451', 6210, 70, '478739230338379314', '2020-06-26', 30000);
UPDATE `loan_account` SET `created_at` = '2022-01-05 08:38:09.869522', `updated_at` = '2022-01-05 18:17:12.810304', `customer_id` = 6210, `number` = '477490261535554561', `balance` = 75577 WHERE `loan_account`.`id` = 5673;
INSERT INTO `loan_account` (`id`, `created_at`, `updated_at`, `customer_id`, `number`, `balance`) VALUES (5673, '2022-01-05 08:38:09.869522', '2022-01-05 18:17:12.810304', 6210, '477490261535554561', 75577);
UPDATE `loan_address` SET `created_at` = '2022-01-05 20:52:18.642635', `updated_at` = '2022-01-05 20:52:18.642635', `province` = '西藏自治区', `city` = '昌都市', `county` = '贡觉县', `town` = '哈加乡', `detail` = '百安路（方泰镇）博泰新苑191号' WHERE `loan_address`.`id` = 10002;
INSERT INTO `loan_address` (`id`, `created_at`, `updated_at`, `province`, `city`, `county`, `town`, `detail`) VALUES (10002, '2022-01-05 20:52:18.642635', '2022-01-05 20:52:18.642635', '西藏自治区', '昌都市', '贡觉县', '哈加乡', '百安路（方泰镇）博泰新苑191号');
UPDATE `loan_customer` SET `created_at` = '2022-01-05 20:52:18.642635', `updated_at` = '2022-01-05 20:52:18.642635', `name` = '崔慧', `id_number` = '873830465155922725', `gender` = 'f', `birthday` = '1983-12-13', `address_id` = 10002, `job_id` = 2060, `salary` = 35000 WHERE `loan_customer`.`id` = 6211;
INSERT INTO `loan_customer` (`id`, `created_at`, `updated_at`, `name`, `id_number`, `gender`, `birthday`, `address_id`, `job_id`, `salary`) VALUES (6211, '2022-01-05 20:52:18.642635', '2022-01-05 20:52:18.642635', '崔慧', '873830465155922725', 'f', '1983-12-13', 10002, 2060, 35000);
UPDATE `loan_chattel` SET `created_at` = '2022-01-05 22:53:08.287973', `updated_at` = '2022-01-05 22:53:08.287973', `customer_id` = 6211, `type` = 'draft', `description` = '一些信息', `value_amount` = 180000, `expired_at` = '2029-02-13' WHERE `loan_chattel`.`id` = 1814;
INSERT INTO `loan_chattel` (`id`, `created_at`, `updated_at`, `customer_id`, `type`, `description`, `value_amount`, `expired_at`) VALUES (1814, '2022-01-05 22:53:08.287973', '2022-01-05 22:53:08.287973', 6211, 'draft', '一些信息', 180000, '2029-02-13');
UPDATE `loan_address` SET `created_at` = '2022-01-05 22:28:19.542616', `updated_at` = '2022-01-05 22:28:19.542616', `province` = '浙江省', `city` = '杭州市', `county` = '余杭区', `town` = '南苑街道', `detail` = '包头南路120号' WHERE `loan_address`.`id` = 10003;
INSERT INTO `loan_address` (`id`, `created_at`, `updated_at`, `province`, `city`, `county`, `town`, `detail`) VALUES (10003, '2022-01-05 22:28:19.542616', '2022-01-05 22:28:19.542616', '浙江省', '杭州市', '余杭区', '南苑街道', '包头南路120号');
UPDATE `loan_estate` SET `created_at` = '2022-01-05 22:28:19.542616', `updated_at` = '2022-01-05 22:54:43.880838', `customer_id` = 6211, `address_id` = 10003 WHERE `loan_estate`.`id` = 3701;
INSERT INTO `loan_estate` (`id`, `created_at`, `updated_at`, `customer_id`, `address_id`) VALUES (3701, '2022-01-05 22:28:19.542616', '2022-01-05 22:54:43.880838', 6211, 10003);
UPDATE `loan_account` SET `created_at` = '2022-01-05 23:29:18.607581', `updated_at` = '2022-01-05 23:31:47.244852', `customer_id` = 6211, `number` = '842373650545690703', `balance` = 158287 WHERE `loan_account`.`id` = 5674;
INSERT INTO `loan_account` (`id`, `created_at`, `updated_at`, `customer_id`, `number`, `balance`) VALUES (5674, '2022-01-05 23:29:18.607581', '2022-01-05 23:31:47.244852', 6211, '842373650545690703', 158287);
UPDATE `loan_address` SET `created_at` = '2022-01-05 04:24:11.639567', `updated_at` = '2022-01-05 04:24:11.639567', `province` = '甘肃省', `city` = '临夏回族自治州', `county` = '康乐县', `town` = '草滩乡', `detail` = '宝源路121号' WHERE `loan_address`.`id` = 10004;
INSERT INTO `loan_address` (`id`, `created_at`, `updated_at`, `province`, `city`, `county`, `town`, `detail`) VALUES (10004, '2022-01-05 04:24:11.639567', '2022-01-05 04:24:11.639567', '甘肃省', '临夏回族自治州', '康乐县', '草滩乡', '宝源路121号');
UPDATE `loan_customer` SET `created_at` = '2022-01-05 04:24:11.639567', `updated_at` = '2022-01-05 09:23:14.577634', `name` = '文婧芸', `id_number` = '000251231119620151', `gender` = 'm', `birthday` = '2008-08-07', `address_id` = 10004, `job_id` = 2060, `salary` = 36000 WHERE `loan_customer`.`id` = 6212;
INSERT INTO `loan_customer` (`id`, `created_at`, `updated_at`, `name`, `id_number`, `gender`, `birthday`, `address_id`, `job_id`, `salary`) VALUES (6212, '2022-01-05 04:24:11.639567', '2022-01-05 09:23:14.577634', '文婧芸', '000251231119620151', 'm', '2008-08-07', 10004, 2060, 36000);
UPDATE `loan_account` SET `created_at` = '2022-01-05 04:57:39.148851', `updated_at` = '2022-01-05 21:46:56.339858', `customer_id` = 6212, `number` = '914362224582831749', `balance` = 110040 WHERE `loan_account`.`id` = 5675;
INSERT INTO `loan_account` (`id`, `created_at`, `updated_at`, `customer_id`, `number`, `balance`) VALUES (5675, '2022-01-05 04:57:39.148851', '2022-01-05 21:46:56.339858', 6212, '914362224582831749', 110040);
UPDATE `loan_loan` SET `created_at` = '2022-01-05 23:46:19.289305', `updated_at` = '2022-01-05 23:46:19.289305', `customer_id` = 6194, `type` = 'car', `amount` = 250000, `status` = 'Approving', `usage` = '买车', `payment_method` = 'equal_corpus_and_interest', `started_at` = NULL, `expired_at` = NULL, `payment_periods` = NULL WHERE `loan_loan`.`id` = 478;
INSERT INTO `loan_loan` (`id`, `created_at`, `updated_at`, `customer_id`, `type`, `amount`, `status`, `usage`, `payment_method`, `started_at`, `expired_at`, `payment_periods`) VALUES (478, '2022-01-05 23:46:19.289305', '2022-01-05 23:46:19.289305', 6194, 'car', 250000, 'Approving', '买车', 'equal_corpus_and_interest', NULL, NULL, NULL);
UPDATE `loan_carloan` SET `created_at` = '2022-01-05 23:46:19.289305', `updated_at` = '2022-01-05 23:46:19.289305', `loan_id` = 478, `car_id` = 4976 WHERE `loan_carloan`.`id` = 478;
INSERT INTO `loan_carloan` (`id`, `created_at`, `updated_at`, `loan_id`, `car_id`) VALUES (478, '2022-01-05 23:46:19.289305', '2022-01-05 23:46:19.289305', 478, 4976);
UPDATE `loan_badloan` SET `created_at` = '2022-01-06 22:35:05', `updated_at` = '2022-01-06 22:35:05', `loan_id` = 478, `message` = '客户无力还款' WHERE `loan_badloan`.`id` = 134;
INSERT INTO `loan_badloan` (`id`, `created_at`, `updated_at`, `loan_id`, `message`) VALUES (134, '2022-01-06 22:35:05', '2022-01-06 22:35:05', 478, '客户无力还款');
UPDATE `loan_loancollection` SET `created_at` = '2022-01-04 08:03:57', `updated_at` = '2022-01-04 08:03:57', `loan_id` = 478, `type` = 'visit', `message` = '一些催收内容', `result` = 'no_pay', `result_detail` = '一些催收结果详情', `collect_at` = '2022-01-04' WHERE `loan_loancollection`.`id` = 313;
INSERT INTO `loan_loancollection` (`id`, `created_at`, `updated_at`, `loan_id`, `type`, `message`, `result`, `result_detail`, `collect_at`) VALUES (313, '2022-01-04 08:03:57', '2022-01-04 08:03:57', 478, 'visit', '一些催收内容', 'no_pay', '一些催收结果详情', '2022-01-04');
UPDATE `loan_loancollection` SET `created_at` = '2022-01-04 15:58:58', `updated_at` = '2022-01-04 15:58:58', `loan_id` = 478, `type` = 'visit', `message` = '一些催收内容', `result` = 'no_response', `result_detail` = '一些催收结果详情', `collect_at` = '2022-01-04' WHERE `loan_loancollection`.`id` = 314;
INSERT INTO `loan_loancollection` (`id`, `created_at`, `updated_at`, `loan_id`, `type`, `message`, `result`, `result_detail`, `collect_at`) VALUES (314, '2022-01-04 15:58:58', '2022-01-04 15:58:58', 478, 'visit', '一些催收内容', 'no_response', '一些催收结果详情', '2022-01-04');
UPDATE `loan_loancollection` SET `created_at` = '2022-01-04 19:28:22', `updated_at` = '2022-01-04 19:28:22', `loan_id` = 478, `type` = 'phone', `message` = '一些催收内容', `result` = 'pay_soon', `result_detail` = '一些催收结果详情', `collect_at` = '2022-01-04' WHERE `loan_loancollection`.`id` = 315;
INSERT INTO `loan_loancollection` (`id`, `created_at`, `updated_at`, `loan_id`, `type`, `message`, `result`, `result_detail`, `collect_at`) VALUES (315, '2022-01-04 19:28:22', '2022-01-04 19:28:22', 478, 'phone', '一些催收内容', 'pay_soon', '一些催收结果详情', '2022-01-04');
UPDATE `loan_loan` SET `created_at` = '2022-01-05 23:46:19.289305', `updated_at` = '2022-01-05 23:46:19.289305', `customer_id` = 6194, `type` = 'car', `amount` = 250000, `status` = 'Overdue', `usage` = '买车', `payment_method` = 'equal_corpus_and_interest', `started_at` = '2022-01-04', `expired_at` = '2024-01-01', `payment_periods` = 24 WHERE `loan_loan`.`id` = 478;
UPDATE `loan_loan` SET `created_at` = '2022-01-05 23:02:43.455648', `updated_at` = '2022-01-05 23:02:43.455648', `customer_id` = 6125, `type` = 'car', `amount` = 490000, `status` = 'Settled', `usage` = '买车', `payment_method` = 'equal_corpus_and_interest', `started_at` = NULL, `expired_at` = NULL, `payment_periods` = NULL WHERE `loan_loan`.`id` = 479;
INSERT INTO `loan_loan` (`id`, `created_at`, `updated_at`, `customer_id`, `type`, `amount`, `status`, `usage`, `payment_method`, `started_at`, `expired_at`, `payment_periods`) VALUES (479, '2022-01-05 23:02:43.455648', '2022-01-05 23:02:43.455648', 6125, 'car', 490000, 'Settled', '买车', 'equal_corpus_and_interest', NULL, NULL, NULL);
UPDATE `loan_carloan` SET `created_at` = '2022-01-05 23:02:43.455648', `updated_at` = '2022-01-05 23:02:43.455648', `loan_id` = 479, `car_id` = 4921 WHERE `loan_carloan`.`id` = 479;
INSERT INTO `loan_carloan` (`id`, `created_at`, `updated_at`, `loan_id`, `car_id`) VALUES (479, '2022-01-05 23:02:43.455648', '2022-01-05 23:02:43.455648', 479, 4921);
UPDATE `loan_loanapproval` SET `created_at` = '2022-01-05 23:59:59', `updated_at` = '2022-01-05 23:59:59', `loan_id` = 479, `approved` = TRUE, `message` = NULL WHERE `loan_loanapproval`.`id` = 378;
INSERT INTO `loan_loanapproval` (`id`, `created_at`, `updated_at`, `loan_id`, `approved`, `message`) VALUES (378, '2022-01-05 23:59:59', '2022-01-05 23:59:59', 479, TRUE, NULL);
UPDATE `loan_loan` SET `created_at` = '2022-01-05 23:02:43.455648', `updated_at` = '2022-01-05 23:59:59', `customer_id` = 6125, `type` = 'car', `amount` = 490000, `status` = 'Overdue', `usage` = '买车', `payment_method` = 'equal_corpus_and_interest', `started_at` = '2022-01-04', `expired_at` = '2023-07-01', `payment_periods` = 18 WHERE `loan_loan`.`id` = 479;
UPDATE `loan_loan` SET `created_at` = '2022-01-05 21:45:29.053465', `updated_at` = '2022-01-05 21:45:29.053465', `customer_id` = 6030, `type` = 'car', `amount` = 220000, `status` = 'Overdue', `usage` = '买车', `payment_method` = 'equal_corpus_and_interest', `started_at` = NULL, `expired_at` = NULL, `payment_periods` = NULL WHERE `loan_loan`.`id` = 480;
INSERT INTO `loan_loan` (`id`, `created_at`, `updated_at`, `customer_id`, `type`, `amount`, `status`, `usage`, `payment_method`, `started_at`, `expired_at`, `payment_periods`) VALUES (480, '2022-01-05 21:45:29.053465', '2022-01-05 21:45:29.053465', 6030, 'car', 220000, 'Overdue', '买车', 'equal_corpus_and_interest', NULL, NULL, NULL);
UPDATE `loan_carloan` SET `created_at` = '2022-01-05 21:45:29.053465', `updated_at` = '2022-01-05 21:45:29.053465', `loan_id` = 480, `car_id` = 4845 WHERE `loan_carloan`.`id` = 480;
INSERT INTO `loan_carloan` (`id`, `created_at`, `updated_at`, `loan_id`, `car_id`) VALUES (480, '2022-01-05 21:45:29.053465', '2022-01-05 21:45:29.053465', 480, 4845);
UPDATE `loan_loanapproval` SET `created_at` = '2022-01-05 23:59:59', `updated_at` = '2022-01-05 23:59:59', `loan_id` = 480, `approved` = TRUE, `message` = NULL WHERE `loan_loanapproval`.`id` = 379;
INSERT INTO `loan_loanapproval` (`id`, `created_at`, `updated_at`, `loan_id`, `approved`, `message`) VALUES (379, '2022-01-05 23:59:59', '2022-01-05 23:59:59', 480, TRUE, NULL);
UPDATE `loan_loan` SET `created_at` = '2022-01-05 21:45:29.053465', `updated_at` = '2022-01-05 23:59:59', `customer_id` = 6030, `type` = 'car', `amount` = 220000, `status` = 'Overdue', `usage` = '买车', `payment_method` = 'equal_corpus_and_interest', `started_at` = '2022-01-04', `expired_at` = '2023-07-01', `payment_periods` = 18 WHERE `loan_loan`.`id` = 480;
UPDATE `loan_loan` SET `created_at` = '2022-01-05 22:28:15.879226', `updated_at` = '2022-01-05 22:28:15.879226', `customer_id` = 5972, `type` = 'car', `amount` = 100000, `status` = 'Overdue', `usage` = '买车', `payment_method` = 'equal_corpus', `started_at` = NULL, `expired_at` = NULL, `payment_periods` = NULL WHERE `loan_loan`.`id` = 481;
INSERT INTO `loan_loan` (`id`, `created_at`, `updated_at`, `customer_id`, `type`, `amount`, `status`, `usage`, `payment_method`, `started_at`, `expired_at`, `payment_periods`) VALUES (481, '2022-01-05 22:28:15.879226', '2022-01-05 22:28:15.879226', 5972, 'car', 100000, 'Overdue', '买车', 'equal_corpus', NULL, NULL, NULL);
UPDATE `loan_carloan` SET `created_at` = '2022-01-05 22:28:15.879226', `updated_at` = '2022-01-05 22:28:15.879226', `loan_id` = 481, `car_id` = 4798 WHERE `loan_carloan`.`id` = 481;
INSERT INTO `loan_carloan` (`id`, `created_at`, `updated_at`, `loan_id`, `car_id`) VALUES (481, '2022-01-05 22:28:15.879226', '2022-01-05 22:28:15.879226', 481, 4798);
UPDATE `loan_loanguarantee` SET `created_at` = '2022-01-05 23:54:45.512198', `updated_at` = '2022-01-05 23:54:45.512198', `loan_id` = 481, `guarantor_id` = 6074 WHERE `loan_loanguarantee`.`id` = 51;
INSERT INTO `loan_loanguarantee` (`id`, `created_at`, `updated_at`, `loan_id`, `guarantor_id`) VALUES (51, '2022-01-05 23:54:45.512198', '2022-01-05 23:54:45.512198', 481, 6074);
UPDATE `loan_loanapproval` SET `created_at` = '2022-01-05 23:59:59', `updated_at` = '2022-01-05 23:59:59', `loan_id` = 481, `approved` = TRUE, `message` = NULL WHERE `loan_loanapproval`.`id` = 380;
INSERT INTO `loan_loanapproval` (`id`, `created_at`, `updated_at`, `loan_id`, `approved`, `message`) VALUES (380, '2022-01-05 23:59:59', '2022-01-05 23:59:59', 481, TRUE, NULL);
UPDATE `loan_loan` SET `created_at` = '2022-01-05 22:28:15.879226', `updated_at` = '2022-01-05 23:59:59', `customer_id` = 5972, `type` = 'car', `amount` = 100000, `status` = 'Overdue', `usage` = '买车', `payment_method` = 'equal_corpus', `started_at` = '2022-01-04', `expired_at` = '2024-01-01', `payment_periods` = 24 WHERE `loan_loan`.`id` = 481;
UPDATE `loan_loan` SET `created_at` = '2022-01-05 23:20:04.384351', `updated_at` = '2022-01-05 23:20:04.384351', `customer_id` = 6103, `type` = 'car', `amount` = 150000, `status` = 'Applying', `usage` = '买车', `payment_method` = 'equal_corpus', `started_at` = NULL, `expired_at` = NULL, `payment_periods` = NULL WHERE `loan_loan`.`id` = 482;
INSERT INTO `loan_loan` (`id`, `created_at`, `updated_at`, `customer_id`, `type`, `amount`, `status`, `usage`, `payment_method`, `started_at`, `expired_at`, `payment_periods`) VALUES (482, '2022-01-05 23:20:04.384351', '2022-01-05 23:20:04.384351', 6103, 'car', 150000, 'Applying', '买车', 'equal_corpus', NULL, NULL, NULL);
UPDATE `loan_carloan` SET `created_at` = '2022-01-05 23:20:04.384351', `updated_at` = '2022-01-05 23:20:04.384351', `loan_id` = 482, `car_id` = 4907 WHERE `loan_carloan`.`id` = 482;
INSERT INTO `loan_carloan` (`id`, `created_at`, `updated_at`, `loan_id`, `car_id`) VALUES (482, '2022-01-05 23:20:04.384351', '2022-01-05 23:20:04.384351', 482, 4907);
UPDATE `loan_loanguarantee` SET `created_at` = '2022-01-05 23:57:19.487442', `updated_at` = '2022-01-05 23:57:19.487442', `loan_id` = 482, `guarantor_id` = 5927 WHERE `loan_loanguarantee`.`id` = 52;
INSERT INTO `loan_loanguarantee` (`id`, `created_at`, `updated_at`, `loan_id`, `guarantor_id`) VALUES (52, '2022-01-05 23:57:19.487442', '2022-01-05 23:57:19.487442', 482, 5927);
UPDATE `loan_loan` SET `created_at` = '2022-01-05 23:20:04.384351', `updated_at` = '2022-01-05 23:20:04.384351', `customer_id` = 6103, `type` = 'car', `amount` = 150000, `status` = 'Overdue', `usage` = '买车', `payment_method` = 'equal_corpus', `started_at` = '2022-01-04', `expired_at` = '2023-07-01', `payment_periods` = 18 WHERE `loan_loan`.`id` = 482;
UPDATE `loan_loan` SET `created_at` = '2022-01-05 22:57:48.744398', `updated_at` = '2022-01-05 22:57:48.744398', `customer_id` = 6007, `type` = 'car', `amount` = 30000, `status` = 'Approving', `usage` = '买车', `payment_method` = 'equal_corpus_and_interest', `started_at` = NULL, `expired_at` = NULL, `payment_periods` = NULL WHERE `loan_loan`.`id` = 483;
INSERT INTO `loan_loan` (`id`, `created_at`, `updated_at`, `customer_id`, `type`, `amount`, `status`, `usage`, `payment_method`, `started_at`, `expired_at`, `payment_periods`) VALUES (483, '2022-01-05 22:57:48.744398', '2022-01-05 22:57:48.744398', 6007, 'car', 30000, 'Approving', '买车', 'equal_corpus_and_interest', NULL, NULL, NULL);
UPDATE `loan_carloan` SET `created_at` = '2022-01-05 22:57:48.744398', `updated_at` = '2022-01-05 22:57:48.744398', `loan_id` = 483, `car_id` = 4829 WHERE `loan_carloan`.`id` = 483;
INSERT INTO `loan_carloan` (`id`, `created_at`, `updated_at`, `loan_id`, `car_id`) VALUES (483, '2022-01-05 22:57:48.744398', '2022-01-05 22:57:48.744398', 483, 4829);
UPDATE `loan_loan` SET `created_at` = '2022-01-05 22:57:48.744398', `updated_at` = '2022-01-05 22:57:48.744398', `customer_id` = 6007, `type` = 'car', `amount` = 30000, `status` = 'Overdue', `usage` = '买车', `payment_method` = 'equal_corpus_and_interest', `started_at` = '2022-01-04', `expired_at` = '2023-07-01', `payment_periods` = 18 WHERE `loan_loan`.`id` = 483;
UPDATE `loan_loan` SET `created_at` = '2022-01-05 23:53:45.622067', `updated_at` = '2022-01-05 23:53:45.622067', `customer_id` = 6124, `type` = 'car', `amount` = 220000, `status` = 'Overdue', `usage` = '买车', `payment_method` = 'equal_corpus', `started_at` = NULL, `expired_at` = NULL, `payment_periods` = NULL WHERE `loan_loan`.`id` = 484;
INSERT INTO `loan_loan` (`id`, `created_at`, `updated_at`, `customer_id`, `type`, `amount`, `status`, `usage`, `payment_method`, `started_at`, `expired_at`, `payment_periods`) VALUES (484, '2022-01-05 23:53:45.622067', '2022-01-05 23:53:45.622067', 6124, 'car', 220000, 'Overdue', '买车', 'equal_corpus', NULL, NULL, NULL);
UPDATE `loan_carloan` SET `created_at` = '2022-01-05 23:53:45.622067', `updated_at` = '2022-01-05 23:53:45.622067', `loan_id` = 484, `car_id` = 4920 WHERE `loan_carloan`.`id` = 484;
INSERT INTO `loan_carloan` (`id`, `created_at`, `updated_at`, `loan_id`, `car_id`) VALUES (484, '2022-01-05 23:53:45.622067', '2022-01-05 23:53:45.622067', 484, 4920);
UPDATE `loan_loanapproval` SET `created_at` = '2022-01-05 23:59:59', `updated_at` = '2022-01-05 23:59:59', `loan_id` = 484, `approved` = FALSE, `message` = '资料不足' WHERE `loan_loanapproval`.`id` = 381;
INSERT INTO `loan_loanapproval` (`id`, `created_at`, `updated_at`, `loan_id`, `approved`, `message`) VALUES (381, '2022-01-05 23:59:59', '2022-01-05 23:59:59', 484, FALSE, '资料不足');
UPDATE `loan_loanapproval` SET `created_at` = '2022-01-05 23:59:59', `updated_at` = '2022-01-05 23:59:59', `loan_id` = 484, `approved` = TRUE, `message` = NULL WHERE `loan_loanapproval`.`id` = 382;
INSERT INTO `loan_loanapproval` (`id`, `created_at`, `updated_at`, `loan_id`, `approved`, `message`) VALUES (382, '2022-01-05 23:59:59', '2022-01-05 23:59:59', 484, TRUE, NULL);
UPDATE `loan_loan` SET `created_at` = '2022-01-05 23:53:45.622067', `updated_at` = '2022-01-05 23:59:59', `customer_id` = 6124, `type` = 'car', `amount` = 220000, `status` = 'Overdue', `usage` = '买车', `payment_method` = 'equal_corpus', `started_at` = '2022-01-04', `expired_at` = '2023-07-01', `payment_periods` = 18 WHERE `loan_loan`.`id` = 484;
UPDATE `loan_loan` SET `created_at` = '2022-01-05 23:46:32.870164', `updated_at` = '2022-01-05 23:46:32.870164', `customer_id` = 6109, `type` = 'car', `amount` = 40000, `status` = 'Approving', `usage` = '买车', `payment_method` = 'equal_corpus_and_interest', `started_at` = NULL, `expired_at` = NULL, `payment_periods` = NULL WHERE `loan_loan`.`id` = 485;
INSERT INTO `loan_loan` (`id`, `created_at`, `updated_at`, `customer_id`, `type`, `amount`, `status`, `usage`, `payment_method`, `started_at`, `expired_at`, `payment_periods`) VALUES (485, '2022-01-05 23:46:32.870164', '2022-01-05 23:46:32.870164', 6109, 'car', 40000, 'Approving', '买车', 'equal_corpus_and_interest', NULL, NULL, NULL);
UPDATE `loan_carloan` SET `created_at` = '2022-01-05 23:46:32.870164', `updated_at` = '2022-01-05 23:46:32.870164', `loan_id` = 485, `car_id` = 4910 WHERE `loan_carloan`.`id` = 485;
INSERT INTO `loan_carloan` (`id`, `created_at`, `updated_at`, `loan_id`, `car_id`) VALUES (485, '2022-01-05 23:46:32.870164', '2022-01-05 23:46:32.870164', 485, 4910);
UPDATE `loan_loanmortgage` SET `created_at` = '2022-01-05 23:51:32.761858', `updated_at` = '2022-01-05 23:51:32.761858', `loan_id` = 485, `type` = 'estate', `is_pledge` = TRUE, `car_id` = NULL, `estate_id` = 3644, `chattel_id` = NULL WHERE `loan_loanmortgage`.`id` = 72;
INSERT INTO `loan_loanmortgage` (`id`, `created_at`, `updated_at`, `loan_id`, `type`, `is_pledge`, `car_id`, `estate_id`, `chattel_id`) VALUES (72, '2022-01-05 23:51:32.761858', '2022-01-05 23:51:32.761858', 485, 'estate', TRUE, NULL, 3644, NULL);
UPDATE `loan_badloan` SET `created_at` = '2022-01-06 18:52:44', `updated_at` = '2022-01-06 18:52:44', `loan_id` = 485, `message` = '客户无力还款' WHERE `loan_badloan`.`id` = 135;
INSERT INTO `loan_badloan` (`id`, `created_at`, `updated_at`, `loan_id`, `message`) VALUES (135, '2022-01-06 18:52:44', '2022-01-06 18:52:44', 485, '客户无力还款');
UPDATE `loan_loancollection` SET `created_at` = '2022-01-05 12:52:01', `updated_at` = '2022-01-05 12:52:01', `loan_id` = 485, `type` = 'email', `message` = '一些催收内容', `result` = 'no_response', `result_detail` = '一些催收结果详情', `collect_at` = '2022-01-05' WHERE `loan_loancollection`.`id` = 316;
INSERT INTO `loan_loancollection` (`id`, `created_at`, `updated_at`, `loan_id`, `type`, `message`, `result`, `result_detail`, `collect_at`) VALUES (316, '2022-01-05 12:52:01', '2022-01-05 12:52:01', 485, 'email', '一些催收内容', 'no_response', '一些催收结果详情', '2022-01-05');
UPDATE `loan_loancollection` SET `created_at` = '2022-01-05 11:24:16', `updated_at` = '2022-01-05 11:24:16', `loan_id` = 485, `type` = 'visit', `message` = '一些催收内容', `result` = 'no_response', `result_detail` = '一些催收结果详情', `collect_at` = '2022-01-05' WHERE `loan_loancollection`.`id` = 317;
INSERT INTO `loan_loancollection` (`id`, `created_at`, `updated_at`, `loan_id`, `type`, `message`, `result`, `result_detail`, `collect_at`) VALUES (317, '2022-01-05 11:24:16', '2022-01-05 11:24:16', 485, 'visit', '一些催收内容', 'no_response', '一些催收结果详情', '2022-01-05');
UPDATE `loan_loancollection` SET `created_at` = '2022-01-04 10:18:37', `updated_at` = '2022-01-04 10:18:37', `loan_id` = 485, `type` = 'judiciary', `message` = '一些催收内容', `result` = 'other', `result_detail` = '一些催收结果详情', `collect_at` = '2022-01-04' WHERE `loan_loancollection`.`id` = 318;
INSERT INTO `loan_loancollection` (`id`, `created_at`, `updated_at`, `loan_id`, `type`, `message`, `result`, `result_detail`, `collect_at`) VALUES (318, '2022-01-04 10:18:37', '2022-01-04 10:18:37', 485, 'judiciary', '一些催收内容', 'other', '一些催收结果详情', '2022-01-04');
UPDATE `loan_loancollection` SET `created_at` = '2022-01-05 16:16:18', `updated_at` = '2022-01-05 16:16:18', `loan_id` = 485, `type` = 'judiciary', `message` = '一些催收内容', `result` = 'no_pay', `result_detail` = '一些催收结果详情', `collect_at` = '2022-01-05' WHERE `loan_loancollection`.`id` = 319;
INSERT INTO `loan_loancollection` (`id`, `created_at`, `updated_at`, `loan_id`, `type`, `message`, `result`, `result_detail`, `collect_at`) VALUES (319, '2022-01-05 16:16:18', '2022-01-05 16:16:18', 485, 'judiciary', '一些催收内容', 'no_pay', '一些催收结果详情', '2022-01-05');
UPDATE `loan_loancollection` SET `created_at` = '2022-01-05 17:34:23', `updated_at` = '2022-01-05 17:34:23', `loan_id` = 485, `type` = 'judiciary', `message` = '一些催收内容', `result` = 'no_response', `result_detail` = '一些催收结果详情', `collect_at` = '2022-01-05' WHERE `loan_loancollection`.`id` = 320;
INSERT INTO `loan_loancollection` (`id`, `created_at`, `updated_at`, `loan_id`, `type`, `message`, `result`, `result_detail`, `collect_at`) VALUES (320, '2022-01-05 17:34:23', '2022-01-05 17:34:23', 485, 'judiciary', '一些催收内容', 'no_response', '一些催收结果详情', '2022-01-05');
UPDATE `loan_loan` SET `created_at` = '2022-01-05 23:46:32.870164', `updated_at` = '2022-01-05 23:46:32.870164', `customer_id` = 6109, `type` = 'car', `amount` = 40000, `status` = 'Overdue', `usage` = '买车', `payment_method` = 'equal_corpus_and_interest', `started_at` = '2022-01-04', `expired_at` = '2024-01-01', `payment_periods` = 24 WHERE `loan_loan`.`id` = 485;
UPDATE `loan_loan` SET `created_at` = '2022-01-05 22:49:11.744043', `updated_at` = '2022-01-05 22:49:11.744043', `customer_id` = 5926, `type` = 'car', `amount` = 250000, `status` = 'Applying', `usage` = '买车', `payment_method` = 'equal_corpus', `started_at` = NULL, `expired_at` = NULL, `payment_periods` = NULL WHERE `loan_loan`.`id` = 486;
INSERT INTO `loan_loan` (`id`, `created_at`, `updated_at`, `customer_id`, `type`, `amount`, `status`, `usage`, `payment_method`, `started_at`, `expired_at`, `payment_periods`) VALUES (486, '2022-01-05 22:49:11.744043', '2022-01-05 22:49:11.744043', 5926, 'car', 250000, 'Applying', '买车', 'equal_corpus', NULL, NULL, NULL);
UPDATE `loan_carloan` SET `created_at` = '2022-01-05 22:49:11.744043', `updated_at` = '2022-01-05 22:49:11.744043', `loan_id` = 486, `car_id` = 4759 WHERE `loan_carloan`.`id` = 486;
INSERT INTO `loan_carloan` (`id`, `created_at`, `updated_at`, `loan_id`, `car_id`) VALUES (486, '2022-01-05 22:49:11.744043', '2022-01-05 22:49:11.744043', 486, 4759);
UPDATE `loan_loan` SET `created_at` = '2022-01-05 22:49:11.744043', `updated_at` = '2022-01-05 22:49:11.744043', `customer_id` = 5926, `type` = 'car', `amount` = 250000, `status` = 'Overdue', `usage` = '买车', `payment_method` = 'equal_corpus', `started_at` = '2022-01-04', `expired_at` = '2023-07-01', `payment_periods` = 18 WHERE `loan_loan`.`id` = 486;
UPDATE `loan_loan` SET `created_at` = '2022-01-05 23:37:44.547458', `updated_at` = '2022-01-05 23:37:44.547458', `customer_id` = 6185, `type` = 'car', `amount` = 110000, `status` = 'Overdue', `usage` = '买车', `payment_method` = 'equal_corpus_and_interest', `started_at` = NULL, `expired_at` = NULL, `payment_periods` = NULL WHERE `loan_loan`.`id` = 487;
INSERT INTO `loan_loan` (`id`, `created_at`, `updated_at`, `customer_id`, `type`, `amount`, `status`, `usage`, `payment_method`, `started_at`, `expired_at`, `payment_periods`) VALUES (487, '2022-01-05 23:37:44.547458', '2022-01-05 23:37:44.547458', 6185, 'car', 110000, 'Overdue', '买车', 'equal_corpus_and_interest', NULL, NULL, NULL);
UPDATE `loan_carloan` SET `created_at` = '2022-01-05 23:37:44.547458', `updated_at` = '2022-01-05 23:37:44.547458', `loan_id` = 487, `car_id` = 4966 WHERE `loan_carloan`.`id` = 487;
INSERT INTO `loan_carloan` (`id`, `created_at`, `updated_at`, `loan_id`, `car_id`) VALUES (487, '2022-01-05 23:37:44.547458', '2022-01-05 23:37:44.547458', 487, 4966);
UPDATE `loan_loanmortgage` SET `created_at` = '2022-01-05 23:47:27.546464', `updated_at` = '2022-01-05 23:47:27.546464', `loan_id` = 487, `type` = 'estate', `is_pledge` = TRUE, `car_id` = NULL, `estate_id` = 3690, `chattel_id` = NULL WHERE `loan_loanmortgage`.`id` = 73;
INSERT INTO `loan_loanmortgage` (`id`, `created_at`, `updated_at`, `loan_id`, `type`, `is_pledge`, `car_id`, `estate_id`, `chattel_id`) VALUES (73, '2022-01-05 23:47:27.546464', '2022-01-05 23:47:27.546464', 487, 'estate', TRUE, NULL, 3690, NULL);
UPDATE `loan_loanapproval` SET `created_at` = '2022-01-05 23:59:59', `updated_at` = '2022-01-05 23:59:59', `loan_id` = 487, `approved` = TRUE, `message` = NULL WHERE `loan_loanapproval`.`id` = 383;
INSERT INTO `loan_loanapproval` (`id`, `created_at`, `updated_at`, `loan_id`, `approved`, `message`) VALUES (383, '2022-01-05 23:59:59', '2022-01-05 23:59:59', 487, TRUE, NULL);
UPDATE `loan_loan` SET `created_at` = '2022-01-05 23:37:44.547458', `updated_at` = '2022-01-05 23:59:59', `customer_id` = 6185, `type` = 'car', `amount` = 110000, `status` = 'Overdue', `usage` = '买车', `payment_method` = 'equal_corpus_and_interest', `started_at` = '2022-01-04', `expired_at` = '2023-07-01', `payment_periods` = 18 WHERE `loan_loan`.`id` = 487;
UPDATE `loan_loan` SET `created_at` = '2022-01-05 19:34:10.961103', `updated_at` = '2022-01-05 19:34:10.961103', `customer_id` = 6142, `type` = 'car', `amount` = 230000, `status` = 'InProgress', `usage` = '买车', `payment_method` = 'equal_corpus_and_interest', `started_at` = NULL, `expired_at` = NULL, `payment_periods` = NULL WHERE `loan_loan`.`id` = 488;
INSERT INTO `loan_loan` (`id`, `created_at`, `updated_at`, `customer_id`, `type`, `amount`, `status`, `usage`, `payment_method`, `started_at`, `expired_at`, `payment_periods`) VALUES (488, '2022-01-05 19:34:10.961103', '2022-01-05 19:34:10.961103', 6142, 'car', 230000, 'InProgress', '买车', 'equal_corpus_and_interest', NULL, NULL, NULL);
UPDATE `loan_carloan` SET `created_at` = '2022-01-05 19:34:10.961103', `updated_at` = '2022-01-05 19:34:10.961103', `loan_id` = 488, `car_id` = 4934 WHERE `loan_carloan`.`id` = 488;
INSERT INTO `loan_carloan` (`id`, `created_at`, `updated_at`, `loan_id`, `car_id`) VALUES (488, '2022-01-05 19:34:10.961103', '2022-01-05 19:34:10.961103', 488, 4934);
UPDATE `loan_loanapproval` SET `created_at` = '2022-01-05 23:59:59', `updated_at` = '2022-01-05 23:59:59', `loan_id` = 488, `approved` = TRUE, `message` = NULL WHERE `loan_loanapproval`.`id` = 384;
INSERT INTO `loan_loanapproval` (`id`, `created_at`, `updated_at`, `loan_id`, `approved`, `message`) VALUES (384, '2022-01-05 23:59:59', '2022-01-05 23:59:59', 488, TRUE, NULL);
UPDATE `loan_loan` SET `created_at` = '2022-01-05 19:34:10.961103', `updated_at` = '2022-01-05 23:59:59', `customer_id` = 6142, `type` = 'car', `amount` = 230000, `status` = 'Overdue', `usage` = '买车', `payment_method` = 'equal_corpus_and_interest', `started_at` = '2022-01-04', `expired_at` = '2024-01-01', `payment_periods` = 24 WHERE `loan_loan`.`id` = 488;
UPDATE `loan_loan` SET `created_at` = '2022-01-05 23:59:47.228654', `updated_at` = '2022-01-05 23:59:47.228654', `customer_id` = 5960, `type` = 'car', `amount` = 170000, `status` = 'Overdue', `usage` = '买车', `payment_method` = 'equal_corpus_and_interest', `started_at` = NULL, `expired_at` = NULL, `payment_periods` = NULL WHERE `loan_loan`.`id` = 489;
INSERT INTO `loan_loan` (`id`, `created_at`, `updated_at`, `customer_id`, `type`, `amount`, `status`, `usage`, `payment_method`, `started_at`, `expired_at`, `payment_periods`) VALUES (489, '2022-01-05 23:59:47.228654', '2022-01-05 23:59:47.228654', 5960, 'car', 170000, 'Overdue', '买车', 'equal_corpus_and_interest', NULL, NULL, NULL);
UPDATE `loan_carloan` SET `created_at` = '2022-01-05 23:59:47.228654', `updated_at` = '2022-01-05 23:59:47.228654', `loan_id` = 489, `car_id` = 4787 WHERE `loan_carloan`.`id` = 489;
INSERT INTO `loan_carloan` (`id`, `created_at`, `updated_at`, `loan_id`, `car_id`) VALUES (489, '2022-01-05 23:59:47.228654', '2022-01-05 23:59:47.228654', 489, 4787);
UPDATE `loan_loanapproval` SET `created_at` = '2022-01-05 23:59:59', `updated_at` = '2022-01-05 23:59:59', `loan_id` = 489, `approved` = TRUE, `message` = NULL WHERE `loan_loanapproval`.`id` = 385;
INSERT INTO `loan_loanapproval` (`id`, `created_at`, `updated_at`, `loan_id`, `approved`, `message`) VALUES (385, '2022-01-05 23:59:59', '2022-01-05 23:59:59', 489, TRUE, NULL);
UPDATE `loan_loan` SET `created_at` = '2022-01-05 23:59:47.228654', `updated_at` = '2022-01-05 23:59:59', `customer_id` = 5960, `type` = 'car', `amount` = 170000, `status` = 'Overdue', `usage` = '买车', `payment_method` = 'equal_corpus_and_interest', `started_at` = '2022-01-05', `expired_at` = '2023-07-01', `payment_periods` = 18 WHERE `loan_loan`.`id` = 489;
UPDATE `loan_loan` SET `created_at` = '2022-01-05 23:00:32.659343', `updated_at` = '2022-01-05 23:00:32.659343', `customer_id` = 5984, `type` = 'car', `amount` = 370000, `status` = 'Applying', `usage` = '买车', `payment_method` = 'equal_corpus', `started_at` = NULL, `expired_at` = NULL, `payment_periods` = NULL WHERE `loan_loan`.`id` = 490;
INSERT INTO `loan_loan` (`id`, `created_at`, `updated_at`, `customer_id`, `type`, `amount`, `status`, `usage`, `payment_method`, `started_at`, `expired_at`, `payment_periods`) VALUES (490, '2022-01-05 23:00:32.659343', '2022-01-05 23:00:32.659343', 5984, 'car', 370000, 'Applying', '买车', 'equal_corpus', NULL, NULL, NULL);
UPDATE `loan_carloan` SET `created_at` = '2022-01-05 23:00:32.659343', `updated_at` = '2022-01-05 23:00:32.659343', `loan_id` = 490, `car_id` = 4812 WHERE `loan_carloan`.`id` = 490;
INSERT INTO `loan_carloan` (`id`, `created_at`, `updated_at`, `loan_id`, `car_id`) VALUES (490, '2022-01-05 23:00:32.659343', '2022-01-05 23:00:32.659343', 490, 4812);
UPDATE `loan_loan` SET `created_at` = '2022-01-05 23:00:32.659343', `updated_at` = '2022-01-05 23:00:32.659343', `customer_id` = 5984, `type` = 'car', `amount` = 370000, `status` = 'Overdue', `usage` = '买车', `payment_method` = 'equal_corpus', `started_at` = '2022-01-04', `expired_at` = '2023-07-01', `payment_periods` = 18 WHERE `loan_loan`.`id` = 490;
UPDATE `loan_loan` SET `created_at` = '2022-01-05 12:28:18.403213', `updated_at` = '2022-01-05 12:28:18.403213', `customer_id` = 5976, `type` = 'car', `amount` = 140000, `status` = 'Settled', `usage` = '买车', `payment_method` = 'equal_corpus_and_interest', `started_at` = NULL, `expired_at` = NULL, `payment_periods` = NULL WHERE `loan_loan`.`id` = 491;
INSERT INTO `loan_loan` (`id`, `created_at`, `updated_at`, `customer_id`, `type`, `amount`, `status`, `usage`, `payment_method`, `started_at`, `expired_at`, `payment_periods`) VALUES (491, '2022-01-05 12:28:18.403213', '2022-01-05 12:28:18.403213', 5976, 'car', 140000, 'Settled', '买车', 'equal_corpus_and_interest', NULL, NULL, NULL);
UPDATE `loan_carloan` SET `created_at` = '2022-01-05 12:28:18.403213', `updated_at` = '2022-01-05 12:28:18.403213', `loan_id` = 491, `car_id` = 4803 WHERE `loan_carloan`.`id` = 491;
INSERT INTO `loan_carloan` (`id`, `created_at`, `updated_at`, `loan_id`, `car_id`) VALUES (491, '2022-01-05 12:28:18.403213', '2022-01-05 12:28:18.403213', 491, 4803);
UPDATE `loan_loanguarantee` SET `created_at` = '2022-01-05 21:20:51.589567', `updated_at` = '2022-01-05 21:20:51.589567', `loan_id` = 491, `guarantor_id` = 6158 WHERE `loan_loanguarantee`.`id` = 53;
INSERT INTO `loan_loanguarantee` (`id`, `created_at`, `updated_at`, `loan_id`, `guarantor_id`) VALUES (53, '2022-01-05 21:20:51.589567', '2022-01-05 21:20:51.589567', 491, 6158);
UPDATE `loan_loanapproval` SET `created_at` = '2022-01-05 23:59:59', `updated_at` = '2022-01-05 23:59:59', `loan_id` = 491, `approved` = TRUE, `message` = NULL WHERE `loan_loanapproval`.`id` = 386;
INSERT INTO `loan_loanapproval` (`id`, `created_at`, `updated_at`, `loan_id`, `approved`, `message`) VALUES (386, '2022-01-05 23:59:59', '2022-01-05 23:59:59', 491, TRUE, NULL);
UPDATE `loan_loan` SET `created_at` = '2022-01-05 12:28:18.403213', `updated_at` = '2022-01-05 23:59:59', `customer_id` = 5976, `type` = 'car', `amount` = 140000, `status` = 'Overdue', `usage` = '买车', `payment_method` = 'equal_corpus_and_interest', `started_at` = '2022-01-04', `expired_at` = '2023-07-01', `payment_periods` = 18 WHERE `loan_loan`.`id` = 491;
UPDATE `loan_loan` SET `created_at` = '2022-01-05 17:47:48.295627', `updated_at` = '2022-01-05 17:47:48.295627', `customer_id` = 6077, `type` = 'car', `amount` = 150000, `status` = 'Overdue', `usage` = '买车', `payment_method` = 'equal_corpus_and_interest', `started_at` = NULL, `expired_at` = NULL, `payment_periods` = NULL WHERE `loan_loan`.`id` = 492;
INSERT INTO `loan_loan` (`id`, `created_at`, `updated_at`, `customer_id`, `type`, `amount`, `status`, `usage`, `payment_method`, `started_at`, `expired_at`, `payment_periods`) VALUES (492, '2022-01-05 17:47:48.295627', '2022-01-05 17:47:48.295627', 6077, 'car', 150000, 'Overdue', '买车', 'equal_corpus_and_interest', NULL, NULL, NULL);
UPDATE `loan_carloan` SET `created_at` = '2022-01-05 17:47:48.295627', `updated_at` = '2022-01-05 17:47:48.295627', `loan_id` = 492, `car_id` = 4886 WHERE `loan_carloan`.`id` = 492;
INSERT INTO `loan_carloan` (`id`, `created_at`, `updated_at`, `loan_id`, `car_id`) VALUES (492, '2022-01-05 17:47:48.295627', '2022-01-05 17:47:48.295627', 492, 4886);
UPDATE `loan_loanapproval` SET `created_at` = '2022-01-05 23:59:59', `updated_at` = '2022-01-05 23:59:59', `loan_id` = 492, `approved` = TRUE, `message` = NULL WHERE `loan_loanapproval`.`id` = 387;
INSERT INTO `loan_loanapproval` (`id`, `created_at`, `updated_at`, `loan_id`, `approved`, `message`) VALUES (387, '2022-01-05 23:59:59', '2022-01-05 23:59:59', 492, TRUE, NULL);
UPDATE `loan_badloan` SET `created_at` = '2022-01-06 08:17:11', `updated_at` = '2022-01-06 08:17:11', `loan_id` = 492, `message` = '客户无力还款' WHERE `loan_badloan`.`id` = 136;
INSERT INTO `loan_badloan` (`id`, `created_at`, `updated_at`, `loan_id`, `message`) VALUES (136, '2022-01-06 08:17:11', '2022-01-06 08:17:11', 492, '客户无力还款');
UPDATE `loan_loancollection` SET `created_at` = '2022-01-05 17:39:30', `updated_at` = '2022-01-05 17:39:30', `loan_id` = 492, `type` = 'judiciary', `message` = '一些催收内容', `result` = 'no_pay', `result_detail` = '一些催收结果详情', `collect_at` = '2022-01-05' WHERE `loan_loancollection`.`id` = 321;
INSERT INTO `loan_loancollection` (`id`, `created_at`, `updated_at`, `loan_id`, `type`, `message`, `result`, `result_detail`, `collect_at`) VALUES (321, '2022-01-05 17:39:30', '2022-01-05 17:39:30', 492, 'judiciary', '一些催收内容', 'no_pay', '一些催收结果详情', '2022-01-05');
UPDATE `loan_loancollection` SET `created_at` = '2022-01-04 14:02:14', `updated_at` = '2022-01-04 14:02:14', `loan_id` = 492, `type` = 'email', `message` = '一些催收内容', `result` = 'pay_soon', `result_detail` = '一些催收结果详情', `collect_at` = '2022-01-04' WHERE `loan_loancollection`.`id` = 322;
INSERT INTO `loan_loancollection` (`id`, `created_at`, `updated_at`, `loan_id`, `type`, `message`, `result`, `result_detail`, `collect_at`) VALUES (322, '2022-01-04 14:02:14', '2022-01-04 14:02:14', 492, 'email', '一些催收内容', 'pay_soon', '一些催收结果详情', '2022-01-04');
UPDATE `loan_loancollection` SET `created_at` = '2022-01-05 12:52:52', `updated_at` = '2022-01-05 12:52:52', `loan_id` = 492, `type` = 'visit', `message` = '一些催收内容', `result` = 'other', `result_detail` = '一些催收结果详情', `collect_at` = '2022-01-05' WHERE `loan_loancollection`.`id` = 323;
INSERT INTO `loan_loancollection` (`id`, `created_at`, `updated_at`, `loan_id`, `type`, `message`, `result`, `result_detail`, `collect_at`) VALUES (323, '2022-01-05 12:52:52', '2022-01-05 12:52:52', 492, 'visit', '一些催收内容', 'other', '一些催收结果详情', '2022-01-05');
UPDATE `loan_loancollection` SET `created_at` = '2022-01-05 15:54:24', `updated_at` = '2022-01-05 15:54:24', `loan_id` = 492, `type` = 'email', `message` = '一些催收内容', `result` = 'no_response', `result_detail` = '一些催收结果详情', `collect_at` = '2022-01-05' WHERE `loan_loancollection`.`id` = 324;
INSERT INTO `loan_loancollection` (`id`, `created_at`, `updated_at`, `loan_id`, `type`, `message`, `result`, `result_detail`, `collect_at`) VALUES (324, '2022-01-05 15:54:24', '2022-01-05 15:54:24', 492, 'email', '一些催收内容', 'no_response', '一些催收结果详情', '2022-01-05');
UPDATE `loan_loancollection` SET `created_at` = '2022-01-05 22:41:38', `updated_at` = '2022-01-05 22:41:38', `loan_id` = 492, `type` = 'phone', `message` = '一些催收内容', `result` = 'other', `result_detail` = '一些催收结果详情', `collect_at` = '2022-01-05' WHERE `loan_loancollection`.`id` = 325;
INSERT INTO `loan_loancollection` (`id`, `created_at`, `updated_at`, `loan_id`, `type`, `message`, `result`, `result_detail`, `collect_at`) VALUES (325, '2022-01-05 22:41:38', '2022-01-05 22:41:38', 492, 'phone', '一些催收内容', 'other', '一些催收结果详情', '2022-01-05');
UPDATE `loan_loan` SET `created_at` = '2022-01-05 17:47:48.295627', `updated_at` = '2022-01-05 23:59:59', `customer_id` = 6077, `type` = 'car', `amount` = 150000, `status` = 'Overdue', `usage` = '买车', `payment_method` = 'equal_corpus_and_interest', `started_at` = '2022-01-04', `expired_at` = '2023-07-01', `payment_periods` = 18 WHERE `loan_loan`.`id` = 492;
UPDATE `loan_loan` SET `created_at` = '2022-01-05 22:38:15.606043', `updated_at` = '2022-01-05 22:38:15.606043', `customer_id` = 6110, `type` = 'car', `amount` = 320000, `status` = 'Applying', `usage` = '买车', `payment_method` = 'equal_corpus_and_interest', `started_at` = NULL, `expired_at` = NULL, `payment_periods` = NULL WHERE `loan_loan`.`id` = 493;
INSERT INTO `loan_loan` (`id`, `created_at`, `updated_at`, `customer_id`, `type`, `amount`, `status`, `usage`, `payment_method`, `started_at`, `expired_at`, `payment_periods`) VALUES (493, '2022-01-05 22:38:15.606043', '2022-01-05 22:38:15.606043', 6110, 'car', 320000, 'Applying', '买车', 'equal_corpus_and_interest', NULL, NULL, NULL);
UPDATE `loan_carloan` SET `created_at` = '2022-01-05 22:38:15.606043', `updated_at` = '2022-01-05 22:38:15.606043', `loan_id` = 493, `car_id` = 4912 WHERE `loan_carloan`.`id` = 493;
INSERT INTO `loan_carloan` (`id`, `created_at`, `updated_at`, `loan_id`, `car_id`) VALUES (493, '2022-01-05 22:38:15.606043', '2022-01-05 22:38:15.606043', 493, 4912);
UPDATE `loan_loanapproval` SET `created_at` = '2022-01-05 23:59:59', `updated_at` = '2022-01-05 23:59:59', `loan_id` = 493, `approved` = FALSE, `message` = '资料不足' WHERE `loan_loanapproval`.`id` = 388;
INSERT INTO `loan_loanapproval` (`id`, `created_at`, `updated_at`, `loan_id`, `approved`, `message`) VALUES (388, '2022-01-05 23:59:59', '2022-01-05 23:59:59', 493, FALSE, '资料不足');
UPDATE `loan_badloan` SET `created_at` = '2022-01-06 09:09:24', `updated_at` = '2022-01-06 09:09:24', `loan_id` = 493, `message` = '客户无力还款' WHERE `loan_badloan`.`id` = 137;
INSERT INTO `loan_badloan` (`id`, `created_at`, `updated_at`, `loan_id`, `message`) VALUES (137, '2022-01-06 09:09:24', '2022-01-06 09:09:24', 493, '客户无力还款');
UPDATE `loan_loancollection` SET `created_at` = '2022-01-05 07:25:42', `updated_at` = '2022-01-05 07:25:42', `loan_id` = 493, `type` = 'message', `message` = '一些催收内容', `result` = 'no_response', `result_detail` = '一些催收结果详情', `collect_at` = '2022-01-05' WHERE `loan_loancollection`.`id` = 326;
INSERT INTO `loan_loancollection` (`id`, `created_at`, `updated_at`, `loan_id`, `type`, `message`, `result`, `result_detail`, `collect_at`) VALUES (326, '2022-01-05 07:25:42', '2022-01-05 07:25:42', 493, 'message', '一些催收内容', 'no_response', '一些催收结果详情', '2022-01-05');
UPDATE `loan_loancollection` SET `created_at` = '2022-01-04 15:44:35', `updated_at` = '2022-01-04 15:44:35', `loan_id` = 493, `type` = 'judiciary', `message` = '一些催收内容', `result` = 'other', `result_detail` = '一些催收结果详情', `collect_at` = '2022-01-04' WHERE `loan_loancollection`.`id` = 327;
INSERT INTO `loan_loancollection` (`id`, `created_at`, `updated_at`, `loan_id`, `type`, `message`, `result`, `result_detail`, `collect_at`) VALUES (327, '2022-01-04 15:44:35', '2022-01-04 15:44:35', 493, 'judiciary', '一些催收内容', 'other', '一些催收结果详情', '2022-01-04');
UPDATE `loan_loancollection` SET `created_at` = '2022-01-05 18:59:54', `updated_at` = '2022-01-05 18:59:54', `loan_id` = 493, `type` = 'message', `message` = '一些催收内容', `result` = 'other', `result_detail` = '一些催收结果详情', `collect_at` = '2022-01-05' WHERE `loan_loancollection`.`id` = 328;
INSERT INTO `loan_loancollection` (`id`, `created_at`, `updated_at`, `loan_id`, `type`, `message`, `result`, `result_detail`, `collect_at`) VALUES (328, '2022-01-05 18:59:54', '2022-01-05 18:59:54', 493, 'message', '一些催收内容', 'other', '一些催收结果详情', '2022-01-05');
UPDATE `loan_loan` SET `created_at` = '2022-01-05 22:38:15.606043', `updated_at` = '2022-01-05 23:59:59', `customer_id` = 6110, `type` = 'car', `amount` = 320000, `status` = 'Overdue', `usage` = '买车', `payment_method` = 'equal_corpus_and_interest', `started_at` = '2022-01-04', `expired_at` = '2024-01-01', `payment_periods` = 24 WHERE `loan_loan`.`id` = 493;
UPDATE `loan_loan` SET `created_at` = '2022-01-05 14:33:37.382446', `updated_at` = '2022-01-05 14:33:37.382446', `customer_id` = 6092, `type` = 'car', `amount` = 450000, `status` = 'Overdue', `usage` = '买车', `payment_method` = 'equal_corpus', `started_at` = NULL, `expired_at` = NULL, `payment_periods` = NULL WHERE `loan_loan`.`id` = 494;
INSERT INTO `loan_loan` (`id`, `created_at`, `updated_at`, `customer_id`, `type`, `amount`, `status`, `usage`, `payment_method`, `started_at`, `expired_at`, `payment_periods`) VALUES (494, '2022-01-05 14:33:37.382446', '2022-01-05 14:33:37.382446', 6092, 'car', 450000, 'Overdue', '买车', 'equal_corpus', NULL, NULL, NULL);
UPDATE `loan_carloan` SET `created_at` = '2022-01-05 14:33:37.382446', `updated_at` = '2022-01-05 14:33:37.382446', `loan_id` = 494, `car_id` = 4901 WHERE `loan_carloan`.`id` = 494;
INSERT INTO `loan_carloan` (`id`, `created_at`, `updated_at`, `loan_id`, `car_id`) VALUES (494, '2022-01-05 14:33:37.382446', '2022-01-05 14:33:37.382446', 494, 4901);
UPDATE `loan_loanapproval` SET `created_at` = '2022-01-05 23:59:59', `updated_at` = '2022-01-05 23:59:59', `loan_id` = 494, `approved` = FALSE, `message` = '资料不足' WHERE `loan_loanapproval`.`id` = 389;
INSERT INTO `loan_loanapproval` (`id`, `created_at`, `updated_at`, `loan_id`, `approved`, `message`) VALUES (389, '2022-01-05 23:59:59', '2022-01-05 23:59:59', 494, FALSE, '资料不足');
UPDATE `loan_loanapproval` SET `created_at` = '2022-01-05 23:59:59', `updated_at` = '2022-01-05 23:59:59', `loan_id` = 494, `approved` = TRUE, `message` = NULL WHERE `loan_loanapproval`.`id` = 390;
INSERT INTO `loan_loanapproval` (`id`, `created_at`, `updated_at`, `loan_id`, `approved`, `message`) VALUES (390, '2022-01-05 23:59:59', '2022-01-05 23:59:59', 494, TRUE, NULL);
UPDATE `loan_loan` SET `created_at` = '2022-01-05 14:33:37.382446', `updated_at` = '2022-01-05 23:59:59', `customer_id` = 6092, `type` = 'car', `amount` = 450000, `status` = 'Overdue', `usage` = '买车', `payment_method` = 'equal_corpus', `started_at` = '2022-01-04', `expired_at` = '2023-07-01', `payment_periods` = 18 WHERE `loan_loan`.`id` = 494;
UPDATE `loan_loan` SET `created_at` = '2022-01-05 23:16:23.888463', `updated_at` = '2022-01-05 23:16:23.888463', `customer_id` = 6177, `type` = 'car', `amount` = 340000, `status` = 'Settled', `usage` = '买车', `payment_method` = 'equal_corpus', `started_at` = NULL, `expired_at` = NULL, `payment_periods` = NULL WHERE `loan_loan`.`id` = 495;
INSERT INTO `loan_loan` (`id`, `created_at`, `updated_at`, `customer_id`, `type`, `amount`, `status`, `usage`, `payment_method`, `started_at`, `expired_at`, `payment_periods`) VALUES (495, '2022-01-05 23:16:23.888463', '2022-01-05 23:16:23.888463', 6177, 'car', 340000, 'Settled', '买车', 'equal_corpus', NULL, NULL, NULL);
UPDATE `loan_carloan` SET `created_at` = '2022-01-05 23:16:23.888463', `updated_at` = '2022-01-05 23:16:23.888463', `loan_id` = 495, `car_id` = 4961 WHERE `loan_carloan`.`id` = 495;
INSERT INTO `loan_carloan` (`id`, `created_at`, `updated_at`, `loan_id`, `car_id`) VALUES (495, '2022-01-05 23:16:23.888463', '2022-01-05 23:16:23.888463', 495, 4961);
UPDATE `loan_loanapproval` SET `created_at` = '2022-01-05 23:59:59', `updated_at` = '2022-01-05 23:59:59', `loan_id` = 495, `approved` = FALSE, `message` = '资料不足' WHERE `loan_loanapproval`.`id` = 391;
INSERT INTO `loan_loanapproval` (`id`, `created_at`, `updated_at`, `loan_id`, `approved`, `message`) VALUES (391, '2022-01-05 23:59:59', '2022-01-05 23:59:59', 495, FALSE, '资料不足');
UPDATE `loan_loanapproval` SET `created_at` = '2022-01-05 23:59:59', `updated_at` = '2022-01-05 23:59:59', `loan_id` = 495, `approved` = TRUE, `message` = NULL WHERE `loan_loanapproval`.`id` = 392;
INSERT INTO `loan_loanapproval` (`id`, `created_at`, `updated_at`, `loan_id`, `approved`, `message`) VALUES (392, '2022-01-05 23:59:59', '2022-01-05 23:59:59', 495, TRUE, NULL);
UPDATE `loan_loan` SET `created_at` = '2022-01-05 23:16:23.888463', `updated_at` = '2022-01-05 23:59:59', `customer_id` = 6177, `type` = 'car', `amount` = 340000, `status` = 'Overdue', `usage` = '买车', `payment_method` = 'equal_corpus', `started_at` = '2022-01-04', `expired_at` = '2024-01-01', `payment_periods` = 24 WHERE `loan_loan`.`id` = 495;
UPDATE `loan_loan` SET `created_at` = '2022-01-05 22:35:57.690682', `updated_at` = '2022-01-05 22:35:57.690682', `customer_id` = 5978, `type` = 'car', `amount` = 340000, `status` = 'Approving', `usage` = '买车', `payment_method` = 'equal_corpus_and_interest', `started_at` = NULL, `expired_at` = NULL, `payment_periods` = NULL WHERE `loan_loan`.`id` = 496;
INSERT INTO `loan_loan` (`id`, `created_at`, `updated_at`, `customer_id`, `type`, `amount`, `status`, `usage`, `payment_method`, `started_at`, `expired_at`, `payment_periods`) VALUES (496, '2022-01-05 22:35:57.690682', '2022-01-05 22:35:57.690682', 5978, 'car', 340000, 'Approving', '买车', 'equal_corpus_and_interest', NULL, NULL, NULL);
UPDATE `loan_carloan` SET `created_at` = '2022-01-05 22:35:57.690682', `updated_at` = '2022-01-05 22:35:57.690682', `loan_id` = 496, `car_id` = 4805 WHERE `loan_carloan`.`id` = 496;
INSERT INTO `loan_carloan` (`id`, `created_at`, `updated_at`, `loan_id`, `car_id`) VALUES (496, '2022-01-05 22:35:57.690682', '2022-01-05 22:35:57.690682', 496, 4805);
UPDATE `loan_loanguarantee` SET `created_at` = '2022-01-05 23:01:15.533843', `updated_at` = '2022-01-05 23:01:15.533843', `loan_id` = 496, `guarantor_id` = 5922 WHERE `loan_loanguarantee`.`id` = 54;
INSERT INTO `loan_loanguarantee` (`id`, `created_at`, `updated_at`, `loan_id`, `guarantor_id`) VALUES (54, '2022-01-05 23:01:15.533843', '2022-01-05 23:01:15.533843', 496, 5922);
UPDATE `loan_badloan` SET `created_at` = '2022-01-06 14:40:27', `updated_at` = '2022-01-06 14:40:27', `loan_id` = 496, `message` = '客户无力还款' WHERE `loan_badloan`.`id` = 138;
INSERT INTO `loan_badloan` (`id`, `created_at`, `updated_at`, `loan_id`, `message`) VALUES (138, '2022-01-06 14:40:27', '2022-01-06 14:40:27', 496, '客户无力还款');
UPDATE `loan_loancollection` SET `created_at` = '2022-01-04 18:38:36', `updated_at` = '2022-01-04 18:38:36', `loan_id` = 496, `type` = 'judiciary', `message` = '一些催收内容', `result` = 'no_pay', `result_detail` = '一些催收结果详情', `collect_at` = '2022-01-04' WHERE `loan_loancollection`.`id` = 329;
INSERT INTO `loan_loancollection` (`id`, `created_at`, `updated_at`, `loan_id`, `type`, `message`, `result`, `result_detail`, `collect_at`) VALUES (329, '2022-01-04 18:38:36', '2022-01-04 18:38:36', 496, 'judiciary', '一些催收内容', 'no_pay', '一些催收结果详情', '2022-01-04');
UPDATE `loan_loancollection` SET `created_at` = '2022-01-05 10:07:05', `updated_at` = '2022-01-05 10:07:05', `loan_id` = 496, `type` = 'email', `message` = '一些催收内容', `result` = 'pay_soon', `result_detail` = '一些催收结果详情', `collect_at` = '2022-01-05' WHERE `loan_loancollection`.`id` = 330;
INSERT INTO `loan_loancollection` (`id`, `created_at`, `updated_at`, `loan_id`, `type`, `message`, `result`, `result_detail`, `collect_at`) VALUES (330, '2022-01-05 10:07:05', '2022-01-05 10:07:05', 496, 'email', '一些催收内容', 'pay_soon', '一些催收结果详情', '2022-01-05');
UPDATE `loan_loan` SET `created_at` = '2022-01-05 22:35:57.690682', `updated_at` = '2022-01-05 22:35:57.690682', `customer_id` = 5978, `type` = 'car', `amount` = 340000, `status` = 'Overdue', `usage` = '买车', `payment_method` = 'equal_corpus_and_interest', `started_at` = '2022-01-04', `expired_at` = '2025-01-01', `payment_periods` = 36 WHERE `loan_loan`.`id` = 496;
UPDATE `loan_loan` SET `created_at` = '2022-01-05 20:42:46.928220', `updated_at` = '2022-01-05 20:42:46.928220', `customer_id` = 6153, `type` = 'car', `amount` = 260000, `status` = 'Settled', `usage` = '买车', `payment_method` = 'equal_corpus_and_interest', `started_at` = NULL, `expired_at` = NULL, `payment_periods` = NULL WHERE `loan_loan`.`id` = 497;
INSERT INTO `loan_loan` (`id`, `created_at`, `updated_at`, `customer_id`, `type`, `amount`, `status`, `usage`, `payment_method`, `started_at`, `expired_at`, `payment_periods`) VALUES (497, '2022-01-05 20:42:46.928220', '2022-01-05 20:42:46.928220', 6153, 'car', 260000, 'Settled', '买车', 'equal_corpus_and_interest', NULL, NULL, NULL);
UPDATE `loan_carloan` SET `created_at` = '2022-01-05 20:42:46.928220', `updated_at` = '2022-01-05 20:42:46.928220', `loan_id` = 497, `car_id` = 4944 WHERE `loan_carloan`.`id` = 497;
INSERT INTO `loan_carloan` (`id`, `created_at`, `updated_at`, `loan_id`, `car_id`) VALUES (497, '2022-01-05 20:42:46.928220', '2022-01-05 20:42:46.928220', 497, 4944);
UPDATE `loan_loanapproval` SET `created_at` = '2022-01-05 23:59:59', `updated_at` = '2022-01-05 23:59:59', `loan_id` = 497, `approved` = TRUE, `message` = NULL WHERE `loan_loanapproval`.`id` = 393;
INSERT INTO `loan_loanapproval` (`id`, `created_at`, `updated_at`, `loan_id`, `approved`, `message`) VALUES (393, '2022-01-05 23:59:59', '2022-01-05 23:59:59', 497, TRUE, NULL);
UPDATE `loan_loan` SET `created_at` = '2022-01-05 20:42:46.928220', `updated_at` = '2022-01-05 23:59:59', `customer_id` = 6153, `type` = 'car', `amount` = 260000, `status` = 'Overdue', `usage` = '买车', `payment_method` = 'equal_corpus_and_interest', `started_at` = '2022-01-05', `expired_at` = '2023-07-01', `payment_periods` = 18 WHERE `loan_loan`.`id` = 497;
UPDATE `loan_loan` SET `created_at` = '2022-01-05 21:59:14.310938', `updated_at` = '2022-01-05 21:59:14.310938', `customer_id` = 5932, `type` = 'car', `amount` = 160000, `status` = 'Settled', `usage` = '买车', `payment_method` = 'equal_corpus', `started_at` = NULL, `expired_at` = NULL, `payment_periods` = NULL WHERE `loan_loan`.`id` = 498;
INSERT INTO `loan_loan` (`id`, `created_at`, `updated_at`, `customer_id`, `type`, `amount`, `status`, `usage`, `payment_method`, `started_at`, `expired_at`, `payment_periods`) VALUES (498, '2022-01-05 21:59:14.310938', '2022-01-05 21:59:14.310938', 5932, 'car', 160000, 'Settled', '买车', 'equal_corpus', NULL, NULL, NULL);
UPDATE `loan_carloan` SET `created_at` = '2022-01-05 21:59:14.310938', `updated_at` = '2022-01-05 21:59:14.310938', `loan_id` = 498, `car_id` = 4764 WHERE `loan_carloan`.`id` = 498;
INSERT INTO `loan_carloan` (`id`, `created_at`, `updated_at`, `loan_id`, `car_id`) VALUES (498, '2022-01-05 21:59:14.310938', '2022-01-05 21:59:14.310938', 498, 4764);
UPDATE `loan_loanapproval` SET `created_at` = '2022-01-05 23:59:59', `updated_at` = '2022-01-05 23:59:59', `loan_id` = 498, `approved` = TRUE, `message` = NULL WHERE `loan_loanapproval`.`id` = 394;
INSERT INTO `loan_loanapproval` (`id`, `created_at`, `updated_at`, `loan_id`, `approved`, `message`) VALUES (394, '2022-01-05 23:59:59', '2022-01-05 23:59:59', 498, TRUE, NULL);
UPDATE `loan_loan` SET `created_at` = '2022-01-05 21:59:14.310938', `updated_at` = '2022-01-05 23:59:59', `customer_id` = 5932, `type` = 'car', `amount` = 160000, `status` = 'Overdue', `usage` = '买车', `payment_method` = 'equal_corpus', `started_at` = '2022-01-04', `expired_at` = '2023-07-01', `payment_periods` = 18 WHERE `loan_loan`.`id` = 498;
UPDATE `loan_loan` SET `created_at` = '2022-01-05 21:54:28.905573', `updated_at` = '2022-01-05 21:54:28.905573', `customer_id` = 6146, `type` = 'car', `amount` = 340000, `status` = 'InProgress', `usage` = '买车', `payment_method` = 'equal_corpus_and_interest', `started_at` = NULL, `expired_at` = NULL, `payment_periods` = NULL WHERE `loan_loan`.`id` = 499;
INSERT INTO `loan_loan` (`id`, `created_at`, `updated_at`, `customer_id`, `type`, `amount`, `status`, `usage`, `payment_method`, `started_at`, `expired_at`, `payment_periods`) VALUES (499, '2022-01-05 21:54:28.905573', '2022-01-05 21:54:28.905573', 6146, 'car', 340000, 'InProgress', '买车', 'equal_corpus_and_interest', NULL, NULL, NULL);
UPDATE `loan_carloan` SET `created_at` = '2022-01-05 21:54:28.905573', `updated_at` = '2022-01-05 21:54:28.905573', `loan_id` = 499, `car_id` = 4936 WHERE `loan_carloan`.`id` = 499;
INSERT INTO `loan_carloan` (`id`, `created_at`, `updated_at`, `loan_id`, `car_id`) VALUES (499, '2022-01-05 21:54:28.905573', '2022-01-05 21:54:28.905573', 499, 4936);
UPDATE `loan_loanmortgage` SET `created_at` = '2022-01-05 23:16:39.097999', `updated_at` = '2022-01-05 23:16:39.097999', `loan_id` = 499, `type` = 'car', `is_pledge` = TRUE, `car_id` = 4937, `estate_id` = NULL, `chattel_id` = NULL WHERE `loan_loanmortgage`.`id` = 74;
INSERT INTO `loan_loanmortgage` (`id`, `created_at`, `updated_at`, `loan_id`, `type`, `is_pledge`, `car_id`, `estate_id`, `chattel_id`) VALUES (74, '2022-01-05 23:16:39.097999', '2022-01-05 23:16:39.097999', 499, 'car', TRUE, 4937, NULL, NULL);
UPDATE `loan_loanapproval` SET `created_at` = '2022-01-05 23:59:59', `updated_at` = '2022-01-05 23:59:59', `loan_id` = 499, `approved` = TRUE, `message` = NULL WHERE `loan_loanapproval`.`id` = 395;
INSERT INTO `loan_loanapproval` (`id`, `created_at`, `updated_at`, `loan_id`, `approved`, `message`) VALUES (395, '2022-01-05 23:59:59', '2022-01-05 23:59:59', 499, TRUE, NULL);
UPDATE `loan_loan` SET `created_at` = '2022-01-05 21:54:28.905573', `updated_at` = '2022-01-05 23:59:59', `customer_id` = 6146, `type` = 'car', `amount` = 340000, `status` = 'Overdue', `usage` = '买车', `payment_method` = 'equal_corpus_and_interest', `started_at` = '2022-01-04', `expired_at` = '2024-01-01', `payment_periods` = 24 WHERE `loan_loan`.`id` = 499;
UPDATE `loan_loan` SET `created_at` = '2022-01-05 15:50:21.997733', `updated_at` = '2022-01-05 15:50:21.997733', `customer_id` = 5970, `type` = 'car', `amount` = 90000, `status` = 'InProgress', `usage` = '买车', `payment_method` = 'equal_corpus_and_interest', `started_at` = NULL, `expired_at` = NULL, `payment_periods` = NULL WHERE `loan_loan`.`id` = 500;
INSERT INTO `loan_loan` (`id`, `created_at`, `updated_at`, `customer_id`, `type`, `amount`, `status`, `usage`, `payment_method`, `started_at`, `expired_at`, `payment_periods`) VALUES (500, '2022-01-05 15:50:21.997733', '2022-01-05 15:50:21.997733', 5970, 'car', 90000, 'InProgress', '买车', 'equal_corpus_and_interest', NULL, NULL, NULL);
UPDATE `loan_carloan` SET `created_at` = '2022-01-05 15:50:21.997733', `updated_at` = '2022-01-05 15:50:21.997733', `loan_id` = 500, `car_id` = 4794 WHERE `loan_carloan`.`id` = 500;
INSERT INTO `loan_carloan` (`id`, `created_at`, `updated_at`, `loan_id`, `car_id`) VALUES (500, '2022-01-05 15:50:21.997733', '2022-01-05 15:50:21.997733', 500, 4794);
UPDATE `loan_loanapproval` SET `created_at` = '2022-01-05 23:59:59', `updated_at` = '2022-01-05 23:59:59', `loan_id` = 500, `approved` = TRUE, `message` = NULL WHERE `loan_loanapproval`.`id` = 396;
INSERT INTO `loan_loanapproval` (`id`, `created_at`, `updated_at`, `loan_id`, `approved`, `message`) VALUES (396, '2022-01-05 23:59:59', '2022-01-05 23:59:59', 500, TRUE, NULL);
UPDATE `loan_loan` SET `created_at` = '2022-01-05 15:50:21.997733', `updated_at` = '2022-01-05 23:59:59', `customer_id` = 5970, `type` = 'car', `amount` = 90000, `status` = 'Overdue', `usage` = '买车', `payment_method` = 'equal_corpus_and_interest', `started_at` = '2022-01-04', `expired_at` = '2025-01-01', `payment_periods` = 36 WHERE `loan_loan`.`id` = 500;
UPDATE `loan_loan` SET `created_at` = '2022-01-05 23:28:25.846195', `updated_at` = '2022-01-05 23:28:25.846195', `customer_id` = 5936, `type` = 'car', `amount` = 430000, `status` = 'Overdue', `usage` = '买车', `payment_method` = 'equal_corpus_and_interest', `started_at` = NULL, `expired_at` = NULL, `payment_periods` = NULL WHERE `loan_loan`.`id` = 501;
INSERT INTO `loan_loan` (`id`, `created_at`, `updated_at`, `customer_id`, `type`, `amount`, `status`, `usage`, `payment_method`, `started_at`, `expired_at`, `payment_periods`) VALUES (501, '2022-01-05 23:28:25.846195', '2022-01-05 23:28:25.846195', 5936, 'car', 430000, 'Overdue', '买车', 'equal_corpus_and_interest', NULL, NULL, NULL);
UPDATE `loan_carloan` SET `created_at` = '2022-01-05 23:28:25.846195', `updated_at` = '2022-01-05 23:28:25.846195', `loan_id` = 501, `car_id` = 4768 WHERE `loan_carloan`.`id` = 501;
INSERT INTO `loan_carloan` (`id`, `created_at`, `updated_at`, `loan_id`, `car_id`) VALUES (501, '2022-01-05 23:28:25.846195', '2022-01-05 23:28:25.846195', 501, 4768);
UPDATE `loan_loanmortgage` SET `created_at` = '2022-01-05 23:45:04.200921', `updated_at` = '2022-01-05 23:45:04.200921', `loan_id` = 501, `type` = 'estate', `is_pledge` = TRUE, `car_id` = NULL, `estate_id` = 3551, `chattel_id` = NULL WHERE `loan_loanmortgage`.`id` = 75;
INSERT INTO `loan_loanmortgage` (`id`, `created_at`, `updated_at`, `loan_id`, `type`, `is_pledge`, `car_id`, `estate_id`, `chattel_id`) VALUES (75, '2022-01-05 23:45:04.200921', '2022-01-05 23:45:04.200921', 501, 'estate', TRUE, NULL, 3551, NULL);
UPDATE `loan_loanapproval` SET `created_at` = '2022-01-05 23:59:59', `updated_at` = '2022-01-05 23:59:59', `loan_id` = 501, `approved` = TRUE, `message` = NULL WHERE `loan_loanapproval`.`id` = 397;
INSERT INTO `loan_loanapproval` (`id`, `created_at`, `updated_at`, `loan_id`, `approved`, `message`) VALUES (397, '2022-01-05 23:59:59', '2022-01-05 23:59:59', 501, TRUE, NULL);
UPDATE `loan_loan` SET `created_at` = '2022-01-05 23:28:25.846195', `updated_at` = '2022-01-05 23:59:59', `customer_id` = 5936, `type` = 'car', `amount` = 430000, `status` = 'Overdue', `usage` = '买车', `payment_method` = 'equal_corpus_and_interest', `started_at` = '2022-01-04', `expired_at` = '2023-07-01', `payment_periods` = 18 WHERE `loan_loan`.`id` = 501;
UPDATE `loan_loan` SET `created_at` = '2022-01-05 23:50:51.851552', `updated_at` = '2022-01-05 23:50:51.851552', `customer_id` = 5989, `type` = 'car', `amount` = 90000, `status` = 'Approving', `usage` = '买车', `payment_method` = 'equal_corpus_and_interest', `started_at` = NULL, `expired_at` = NULL, `payment_periods` = NULL WHERE `loan_loan`.`id` = 502;
INSERT INTO `loan_loan` (`id`, `created_at`, `updated_at`, `customer_id`, `type`, `amount`, `status`, `usage`, `payment_method`, `started_at`, `expired_at`, `payment_periods`) VALUES (502, '2022-01-05 23:50:51.851552', '2022-01-05 23:50:51.851552', 5989, 'car', 90000, 'Approving', '买车', 'equal_corpus_and_interest', NULL, NULL, NULL);
UPDATE `loan_carloan` SET `created_at` = '2022-01-05 23:50:51.851552', `updated_at` = '2022-01-05 23:50:51.851552', `loan_id` = 502, `car_id` = 4817 WHERE `loan_carloan`.`id` = 502;
INSERT INTO `loan_carloan` (`id`, `created_at`, `updated_at`, `loan_id`, `car_id`) VALUES (502, '2022-01-05 23:50:51.851552', '2022-01-05 23:50:51.851552', 502, 4817);
UPDATE `loan_loanapproval` SET `created_at` = '2022-01-05 23:59:59', `updated_at` = '2022-01-05 23:59:59', `loan_id` = 502, `approved` = FALSE, `message` = '资料不足' WHERE `loan_loanapproval`.`id` = 398;
INSERT INTO `loan_loanapproval` (`id`, `created_at`, `updated_at`, `loan_id`, `approved`, `message`) VALUES (398, '2022-01-05 23:59:59', '2022-01-05 23:59:59', 502, FALSE, '资料不足');
UPDATE `loan_loan` SET `created_at` = '2022-01-05 23:50:51.851552', `updated_at` = '2022-01-05 23:59:59', `customer_id` = 5989, `type` = 'car', `amount` = 90000, `status` = 'Overdue', `usage` = '买车', `payment_method` = 'equal_corpus_and_interest', `started_at` = '2022-01-05', `expired_at` = '2024-01-01', `payment_periods` = 24 WHERE `loan_loan`.`id` = 502;
UPDATE `loan_loan` SET `created_at` = '2022-01-05 19:30:12.149502', `updated_at` = '2022-01-05 19:30:12.149502', `customer_id` = 6028, `type` = 'car', `amount` = 300000, `status` = 'Settled', `usage` = '买车', `payment_method` = 'equal_corpus_and_interest', `started_at` = NULL, `expired_at` = NULL, `payment_periods` = NULL WHERE `loan_loan`.`id` = 503;
INSERT INTO `loan_loan` (`id`, `created_at`, `updated_at`, `customer_id`, `type`, `amount`, `status`, `usage`, `payment_method`, `started_at`, `expired_at`, `payment_periods`) VALUES (503, '2022-01-05 19:30:12.149502', '2022-01-05 19:30:12.149502', 6028, 'car', 300000, 'Settled', '买车', 'equal_corpus_and_interest', NULL, NULL, NULL);
UPDATE `loan_carloan` SET `created_at` = '2022-01-05 19:30:12.149502', `updated_at` = '2022-01-05 19:30:12.149502', `loan_id` = 503, `car_id` = 4844 WHERE `loan_carloan`.`id` = 503;
INSERT INTO `loan_carloan` (`id`, `created_at`, `updated_at`, `loan_id`, `car_id`) VALUES (503, '2022-01-05 19:30:12.149502', '2022-01-05 19:30:12.149502', 503, 4844);
UPDATE `loan_loanguarantee` SET `created_at` = '2022-01-05 23:55:10.294566', `updated_at` = '2022-01-05 23:55:10.294566', `loan_id` = 503, `guarantor_id` = 6114 WHERE `loan_loanguarantee`.`id` = 55;
INSERT INTO `loan_loanguarantee` (`id`, `created_at`, `updated_at`, `loan_id`, `guarantor_id`) VALUES (55, '2022-01-05 23:55:10.294566', '2022-01-05 23:55:10.294566', 503, 6114);
UPDATE `loan_loanapproval` SET `created_at` = '2022-01-05 23:59:59', `updated_at` = '2022-01-05 23:59:59', `loan_id` = 503, `approved` = TRUE, `message` = NULL WHERE `loan_loanapproval`.`id` = 399;
INSERT INTO `loan_loanapproval` (`id`, `created_at`, `updated_at`, `loan_id`, `approved`, `message`) VALUES (399, '2022-01-05 23:59:59', '2022-01-05 23:59:59', 503, TRUE, NULL);
UPDATE `loan_badloan` SET `created_at` = '2022-01-06 08:10:57', `updated_at` = '2022-01-06 08:10:57', `loan_id` = 503, `message` = '客户无力还款' WHERE `loan_badloan`.`id` = 139;
INSERT INTO `loan_badloan` (`id`, `created_at`, `updated_at`, `loan_id`, `message`) VALUES (139, '2022-01-06 08:10:57', '2022-01-06 08:10:57', 503, '客户无力还款');
UPDATE `loan_loan` SET `created_at` = '2022-01-05 19:30:12.149502', `updated_at` = '2022-01-05 23:59:59', `customer_id` = 6028, `type` = 'car', `amount` = 300000, `status` = 'Overdue', `usage` = '买车', `payment_method` = 'equal_corpus_and_interest', `started_at` = '2022-01-04', `expired_at` = '2023-07-01', `payment_periods` = 18 WHERE `loan_loan`.`id` = 503;
UPDATE `loan_loan` SET `created_at` = '2022-01-05 23:46:22.242601', `updated_at` = '2022-01-05 23:46:22.242601', `customer_id` = 6070, `type` = 'car', `amount` = 230000, `status` = 'Applying', `usage` = '买车', `payment_method` = 'equal_corpus', `started_at` = NULL, `expired_at` = NULL, `payment_periods` = NULL WHERE `loan_loan`.`id` = 504;
INSERT INTO `loan_loan` (`id`, `created_at`, `updated_at`, `customer_id`, `type`, `amount`, `status`, `usage`, `payment_method`, `started_at`, `expired_at`, `payment_periods`) VALUES (504, '2022-01-05 23:46:22.242601', '2022-01-05 23:46:22.242601', 6070, 'car', 230000, 'Applying', '买车', 'equal_corpus', NULL, NULL, NULL);
UPDATE `loan_carloan` SET `created_at` = '2022-01-05 23:46:22.242601', `updated_at` = '2022-01-05 23:46:22.242601', `loan_id` = 504, `car_id` = 4880 WHERE `loan_carloan`.`id` = 504;
INSERT INTO `loan_carloan` (`id`, `created_at`, `updated_at`, `loan_id`, `car_id`) VALUES (504, '2022-01-05 23:46:22.242601', '2022-01-05 23:46:22.242601', 504, 4880);
UPDATE `loan_loanguarantee` SET `created_at` = '2022-01-05 23:48:07.565002', `updated_at` = '2022-01-05 23:48:07.565002', `loan_id` = 504, `guarantor_id` = 6187 WHERE `loan_loanguarantee`.`id` = 56;
INSERT INTO `loan_loanguarantee` (`id`, `created_at`, `updated_at`, `loan_id`, `guarantor_id`) VALUES (56, '2022-01-05 23:48:07.565002', '2022-01-05 23:48:07.565002', 504, 6187);
UPDATE `loan_loan` SET `created_at` = '2022-01-05 23:46:22.242601', `updated_at` = '2022-01-05 23:46:22.242601', `customer_id` = 6070, `type` = 'car', `amount` = 230000, `status` = 'Overdue', `usage` = '买车', `payment_method` = 'equal_corpus', `started_at` = '2022-01-04', `expired_at` = '2023-07-01', `payment_periods` = 18 WHERE `loan_loan`.`id` = 504;
UPDATE `loan_loan` SET `created_at` = '2022-01-05 22:27:06.035874', `updated_at` = '2022-01-05 22:27:06.035874', `customer_id` = 5959, `type` = 'car', `amount` = 80000, `status` = 'InProgress', `usage` = '买车', `payment_method` = 'equal_corpus_and_interest', `started_at` = NULL, `expired_at` = NULL, `payment_periods` = NULL WHERE `loan_loan`.`id` = 505;
INSERT INTO `loan_loan` (`id`, `created_at`, `updated_at`, `customer_id`, `type`, `amount`, `status`, `usage`, `payment_method`, `started_at`, `expired_at`, `payment_periods`) VALUES (505, '2022-01-05 22:27:06.035874', '2022-01-05 22:27:06.035874', 5959, 'car', 80000, 'InProgress', '买车', 'equal_corpus_and_interest', NULL, NULL, NULL);
UPDATE `loan_carloan` SET `created_at` = '2022-01-05 22:27:06.035874', `updated_at` = '2022-01-05 22:27:06.035874', `loan_id` = 505, `car_id` = 4786 WHERE `loan_carloan`.`id` = 505;
INSERT INTO `loan_carloan` (`id`, `created_at`, `updated_at`, `loan_id`, `car_id`) VALUES (505, '2022-01-05 22:27:06.035874', '2022-01-05 22:27:06.035874', 505, 4786);
UPDATE `loan_loanapproval` SET `created_at` = '2022-01-05 23:59:59', `updated_at` = '2022-01-05 23:59:59', `loan_id` = 505, `approved` = FALSE, `message` = '资料不足' WHERE `loan_loanapproval`.`id` = 400;
INSERT INTO `loan_loanapproval` (`id`, `created_at`, `updated_at`, `loan_id`, `approved`, `message`) VALUES (400, '2022-01-05 23:59:59', '2022-01-05 23:59:59', 505, FALSE, '资料不足');
UPDATE `loan_loanapproval` SET `created_at` = '2022-01-05 23:59:59', `updated_at` = '2022-01-05 23:59:59', `loan_id` = 505, `approved` = TRUE, `message` = NULL WHERE `loan_loanapproval`.`id` = 401;
INSERT INTO `loan_loanapproval` (`id`, `created_at`, `updated_at`, `loan_id`, `approved`, `message`) VALUES (401, '2022-01-05 23:59:59', '2022-01-05 23:59:59', 505, TRUE, NULL);
UPDATE `loan_badloan` SET `created_at` = '2022-01-06 04:48:08', `updated_at` = '2022-01-06 04:48:08', `loan_id` = 505, `message` = '客户无力还款' WHERE `loan_badloan`.`id` = 140;
INSERT INTO `loan_badloan` (`id`, `created_at`, `updated_at`, `loan_id`, `message`) VALUES (140, '2022-01-06 04:48:08', '2022-01-06 04:48:08', 505, '客户无力还款');
UPDATE `loan_loancollection` SET `created_at` = '2022-01-05 19:55:05', `updated_at` = '2022-01-05 19:55:05', `loan_id` = 505, `type` = 'email', `message` = '一些催收内容', `result` = 'no_pay', `result_detail` = '一些催收结果详情', `collect_at` = '2022-01-05' WHERE `loan_loancollection`.`id` = 331;
INSERT INTO `loan_loancollection` (`id`, `created_at`, `updated_at`, `loan_id`, `type`, `message`, `result`, `result_detail`, `collect_at`) VALUES (331, '2022-01-05 19:55:05', '2022-01-05 19:55:05', 505, 'email', '一些催收内容', 'no_pay', '一些催收结果详情', '2022-01-05');
UPDATE `loan_loan` SET `created_at` = '2022-01-05 22:27:06.035874', `updated_at` = '2022-01-05 23:59:59', `customer_id` = 5959, `type` = 'car', `amount` = 80000, `status` = 'Overdue', `usage` = '买车', `payment_method` = 'equal_corpus_and_interest', `started_at` = '2022-01-04', `expired_at` = '2023-07-01', `payment_periods` = 18 WHERE `loan_loan`.`id` = 505;
UPDATE `loan_loan` SET `created_at` = '2022-01-05 23:59:35.767013', `updated_at` = '2022-01-05 23:59:35.767013', `customer_id` = 6038, `type` = 'car', `amount` = 60000, `status` = 'InProgress', `usage` = '买车', `payment_method` = 'equal_corpus_and_interest', `started_at` = NULL, `expired_at` = NULL, `payment_periods` = NULL WHERE `loan_loan`.`id` = 506;
INSERT INTO `loan_loan` (`id`, `created_at`, `updated_at`, `customer_id`, `type`, `amount`, `status`, `usage`, `payment_method`, `started_at`, `expired_at`, `payment_periods`) VALUES (506, '2022-01-05 23:59:35.767013', '2022-01-05 23:59:35.767013', 6038, 'car', 60000, 'InProgress', '买车', 'equal_corpus_and_interest', NULL, NULL, NULL);
UPDATE `loan_carloan` SET `created_at` = '2022-01-05 23:59:35.767013', `updated_at` = '2022-01-05 23:59:35.767013', `loan_id` = 506, `car_id` = 4855 WHERE `loan_carloan`.`id` = 506;
INSERT INTO `loan_carloan` (`id`, `created_at`, `updated_at`, `loan_id`, `car_id`) VALUES (506, '2022-01-05 23:59:35.767013', '2022-01-05 23:59:35.767013', 506, 4855);
UPDATE `loan_loanguarantee` SET `created_at` = '2022-01-05 23:59:46.574180', `updated_at` = '2022-01-05 23:59:46.574180', `loan_id` = 506, `guarantor_id` = 5953 WHERE `loan_loanguarantee`.`id` = 57;
INSERT INTO `loan_loanguarantee` (`id`, `created_at`, `updated_at`, `loan_id`, `guarantor_id`) VALUES (57, '2022-01-05 23:59:46.574180', '2022-01-05 23:59:46.574180', 506, 5953);
UPDATE `loan_loanapproval` SET `created_at` = '2022-01-05 23:59:59', `updated_at` = '2022-01-05 23:59:59', `loan_id` = 506, `approved` = TRUE, `message` = NULL WHERE `loan_loanapproval`.`id` = 402;
INSERT INTO `loan_loanapproval` (`id`, `created_at`, `updated_at`, `loan_id`, `approved`, `message`) VALUES (402, '2022-01-05 23:59:59', '2022-01-05 23:59:59', 506, TRUE, NULL);
UPDATE `loan_badloan` SET `created_at` = '2022-01-06 17:47:26', `updated_at` = '2022-01-06 17:47:26', `loan_id` = 506, `message` = '客户无力还款' WHERE `loan_badloan`.`id` = 141;
INSERT INTO `loan_badloan` (`id`, `created_at`, `updated_at`, `loan_id`, `message`) VALUES (141, '2022-01-06 17:47:26', '2022-01-06 17:47:26', 506, '客户无力还款');
UPDATE `loan_loan` SET `created_at` = '2022-01-05 23:59:35.767013', `updated_at` = '2022-01-05 23:59:59', `customer_id` = 6038, `type` = 'car', `amount` = 60000, `status` = 'Overdue', `usage` = '买车', `payment_method` = 'equal_corpus_and_interest', `started_at` = '2022-01-04', `expired_at` = '2023-07-01', `payment_periods` = 18 WHERE `loan_loan`.`id` = 506;
UPDATE `loan_loan` SET `created_at` = '2022-01-05 16:37:01.452199', `updated_at` = '2022-01-05 16:37:01.452199', `customer_id` = 6147, `type` = 'car', `amount` = 300000, `status` = 'InProgress', `usage` = '买车', `payment_method` = 'equal_corpus_and_interest', `started_at` = NULL, `expired_at` = NULL, `payment_periods` = NULL WHERE `loan_loan`.`id` = 507;
INSERT INTO `loan_loan` (`id`, `created_at`, `updated_at`, `customer_id`, `type`, `amount`, `status`, `usage`, `payment_method`, `started_at`, `expired_at`, `payment_periods`) VALUES (507, '2022-01-05 16:37:01.452199', '2022-01-05 16:37:01.452199', 6147, 'car', 300000, 'InProgress', '买车', 'equal_corpus_and_interest', NULL, NULL, NULL);
UPDATE `loan_carloan` SET `created_at` = '2022-01-05 16:37:01.452199', `updated_at` = '2022-01-05 16:37:01.452199', `loan_id` = 507, `car_id` = 4938 WHERE `loan_carloan`.`id` = 507;
INSERT INTO `loan_carloan` (`id`, `created_at`, `updated_at`, `loan_id`, `car_id`) VALUES (507, '2022-01-05 16:37:01.452199', '2022-01-05 16:37:01.452199', 507, 4938);
UPDATE `loan_loanapproval` SET `created_at` = '2022-01-05 23:59:59', `updated_at` = '2022-01-05 23:59:59', `loan_id` = 507, `approved` = FALSE, `message` = '资料不足' WHERE `loan_loanapproval`.`id` = 403;
INSERT INTO `loan_loanapproval` (`id`, `created_at`, `updated_at`, `loan_id`, `approved`, `message`) VALUES (403, '2022-01-05 23:59:59', '2022-01-05 23:59:59', 507, FALSE, '资料不足');
UPDATE `loan_loanapproval` SET `created_at` = '2022-01-05 23:59:59', `updated_at` = '2022-01-05 23:59:59', `loan_id` = 507, `approved` = TRUE, `message` = NULL WHERE `loan_loanapproval`.`id` = 404;
INSERT INTO `loan_loanapproval` (`id`, `created_at`, `updated_at`, `loan_id`, `approved`, `message`) VALUES (404, '2022-01-05 23:59:59', '2022-01-05 23:59:59', 507, TRUE, NULL);
UPDATE `loan_loan` SET `created_at` = '2022-01-05 16:37:01.452199', `updated_at` = '2022-01-05 23:59:59', `customer_id` = 6147, `type` = 'car', `amount` = 300000, `status` = 'Overdue', `usage` = '买车', `payment_method` = 'equal_corpus_and_interest', `started_at` = '2022-01-04', `expired_at` = '2023-07-01', `payment_periods` = 18 WHERE `loan_loan`.`id` = 507;
UPDATE `loan_loan` SET `created_at` = '2022-01-05 13:13:46.620896', `updated_at` = '2022-01-05 13:13:46.620896', `customer_id` = 6202, `type` = 'car', `amount` = 70000, `status` = 'Overdue', `usage` = '买车', `payment_method` = 'equal_corpus_and_interest', `started_at` = NULL, `expired_at` = NULL, `payment_periods` = NULL WHERE `loan_loan`.`id` = 508;
INSERT INTO `loan_loan` (`id`, `created_at`, `updated_at`, `customer_id`, `type`, `amount`, `status`, `usage`, `payment_method`, `started_at`, `expired_at`, `payment_periods`) VALUES (508, '2022-01-05 13:13:46.620896', '2022-01-05 13:13:46.620896', 6202, 'car', 70000, 'Overdue', '买车', 'equal_corpus_and_interest', NULL, NULL, NULL);
UPDATE `loan_carloan` SET `created_at` = '2022-01-05 13:13:46.620896', `updated_at` = '2022-01-05 13:13:46.620896', `loan_id` = 508, `car_id` = 4983 WHERE `loan_carloan`.`id` = 508;
INSERT INTO `loan_carloan` (`id`, `created_at`, `updated_at`, `loan_id`, `car_id`) VALUES (508, '2022-01-05 13:13:46.620896', '2022-01-05 13:13:46.620896', 508, 4983);
UPDATE `loan_loanguarantee` SET `created_at` = '2022-01-05 15:04:04.787896', `updated_at` = '2022-01-05 15:04:04.787896', `loan_id` = 508, `guarantor_id` = 6030 WHERE `loan_loanguarantee`.`id` = 58;
INSERT INTO `loan_loanguarantee` (`id`, `created_at`, `updated_at`, `loan_id`, `guarantor_id`) VALUES (58, '2022-01-05 15:04:04.787896', '2022-01-05 15:04:04.787896', 508, 6030);
UPDATE `loan_loanapproval` SET `created_at` = '2022-01-05 23:59:59', `updated_at` = '2022-01-05 23:59:59', `loan_id` = 508, `approved` = TRUE, `message` = NULL WHERE `loan_loanapproval`.`id` = 405;
INSERT INTO `loan_loanapproval` (`id`, `created_at`, `updated_at`, `loan_id`, `approved`, `message`) VALUES (405, '2022-01-05 23:59:59', '2022-01-05 23:59:59', 508, TRUE, NULL);
UPDATE `loan_loan` SET `created_at` = '2022-01-05 13:13:46.620896', `updated_at` = '2022-01-05 23:59:59', `customer_id` = 6202, `type` = 'car', `amount` = 70000, `status` = 'Overdue', `usage` = '买车', `payment_method` = 'equal_corpus_and_interest', `started_at` = '2022-01-04', `expired_at` = '2024-01-01', `payment_periods` = 24 WHERE `loan_loan`.`id` = 508;
UPDATE `loan_loan` SET `created_at` = '2022-01-05 23:10:35.998086', `updated_at` = '2022-01-05 23:10:35.998086', `customer_id` = 5937, `type` = 'car', `amount` = 190000, `status` = 'Applying', `usage` = '买车', `payment_method` = 'equal_corpus', `started_at` = NULL, `expired_at` = NULL, `payment_periods` = NULL WHERE `loan_loan`.`id` = 509;
INSERT INTO `loan_loan` (`id`, `created_at`, `updated_at`, `customer_id`, `type`, `amount`, `status`, `usage`, `payment_method`, `started_at`, `expired_at`, `payment_periods`) VALUES (509, '2022-01-05 23:10:35.998086', '2022-01-05 23:10:35.998086', 5937, 'car', 190000, 'Applying', '买车', 'equal_corpus', NULL, NULL, NULL);
UPDATE `loan_carloan` SET `created_at` = '2022-01-05 23:10:35.998086', `updated_at` = '2022-01-05 23:10:35.998086', `loan_id` = 509, `car_id` = 4769 WHERE `loan_carloan`.`id` = 509;
INSERT INTO `loan_carloan` (`id`, `created_at`, `updated_at`, `loan_id`, `car_id`) VALUES (509, '2022-01-05 23:10:35.998086', '2022-01-05 23:10:35.998086', 509, 4769);
UPDATE `loan_badloan` SET `created_at` = '2022-01-06 05:53:46', `updated_at` = '2022-01-06 05:53:46', `loan_id` = 509, `message` = '客户无力还款' WHERE `loan_badloan`.`id` = 142;
INSERT INTO `loan_badloan` (`id`, `created_at`, `updated_at`, `loan_id`, `message`) VALUES (142, '2022-01-06 05:53:46', '2022-01-06 05:53:46', 509, '客户无力还款');
UPDATE `loan_loancollection` SET `created_at` = '2022-01-04 02:52:17', `updated_at` = '2022-01-04 02:52:17', `loan_id` = 509, `type` = 'message', `message` = '一些催收内容', `result` = 'no_response', `result_detail` = '一些催收结果详情', `collect_at` = '2022-01-04' WHERE `loan_loancollection`.`id` = 332;
INSERT INTO `loan_loancollection` (`id`, `created_at`, `updated_at`, `loan_id`, `type`, `message`, `result`, `result_detail`, `collect_at`) VALUES (332, '2022-01-04 02:52:17', '2022-01-04 02:52:17', 509, 'message', '一些催收内容', 'no_response', '一些催收结果详情', '2022-01-04');
UPDATE `loan_loancollection` SET `created_at` = '2022-01-04 20:46:45', `updated_at` = '2022-01-04 20:46:45', `loan_id` = 509, `type` = 'phone', `message` = '一些催收内容', `result` = 'no_response', `result_detail` = '一些催收结果详情', `collect_at` = '2022-01-04' WHERE `loan_loancollection`.`id` = 333;
INSERT INTO `loan_loancollection` (`id`, `created_at`, `updated_at`, `loan_id`, `type`, `message`, `result`, `result_detail`, `collect_at`) VALUES (333, '2022-01-04 20:46:45', '2022-01-04 20:46:45', 509, 'phone', '一些催收内容', 'no_response', '一些催收结果详情', '2022-01-04');
UPDATE `loan_loancollection` SET `created_at` = '2022-01-05 00:31:37', `updated_at` = '2022-01-05 00:31:37', `loan_id` = 509, `type` = 'message', `message` = '一些催收内容', `result` = 'other', `result_detail` = '一些催收结果详情', `collect_at` = '2022-01-05' WHERE `loan_loancollection`.`id` = 334;
INSERT INTO `loan_loancollection` (`id`, `created_at`, `updated_at`, `loan_id`, `type`, `message`, `result`, `result_detail`, `collect_at`) VALUES (334, '2022-01-05 00:31:37', '2022-01-05 00:31:37', 509, 'message', '一些催收内容', 'other', '一些催收结果详情', '2022-01-05');
UPDATE `loan_loancollection` SET `created_at` = '2022-01-05 14:22:58', `updated_at` = '2022-01-05 14:22:58', `loan_id` = 509, `type` = 'message', `message` = '一些催收内容', `result` = 'no_response', `result_detail` = '一些催收结果详情', `collect_at` = '2022-01-05' WHERE `loan_loancollection`.`id` = 335;
INSERT INTO `loan_loancollection` (`id`, `created_at`, `updated_at`, `loan_id`, `type`, `message`, `result`, `result_detail`, `collect_at`) VALUES (335, '2022-01-05 14:22:58', '2022-01-05 14:22:58', 509, 'message', '一些催收内容', 'no_response', '一些催收结果详情', '2022-01-05');
UPDATE `loan_loan` SET `created_at` = '2022-01-05 23:10:35.998086', `updated_at` = '2022-01-05 23:10:35.998086', `customer_id` = 5937, `type` = 'car', `amount` = 190000, `status` = 'Overdue', `usage` = '买车', `payment_method` = 'equal_corpus', `started_at` = '2022-01-04', `expired_at` = '2023-07-01', `payment_periods` = 18 WHERE `loan_loan`.`id` = 509;
UPDATE `loan_loan` SET `created_at` = '2022-01-05 23:59:38.825812', `updated_at` = '2022-01-05 23:59:38.825812', `customer_id` = 6003, `type` = 'car', `amount` = 240000, `status` = 'Overdue', `usage` = '买车', `payment_method` = 'equal_corpus', `started_at` = NULL, `expired_at` = NULL, `payment_periods` = NULL WHERE `loan_loan`.`id` = 510;
INSERT INTO `loan_loan` (`id`, `created_at`, `updated_at`, `customer_id`, `type`, `amount`, `status`, `usage`, `payment_method`, `started_at`, `expired_at`, `payment_periods`) VALUES (510, '2022-01-05 23:59:38.825812', '2022-01-05 23:59:38.825812', 6003, 'car', 240000, 'Overdue', '买车', 'equal_corpus', NULL, NULL, NULL);
UPDATE `loan_carloan` SET `created_at` = '2022-01-05 23:59:38.825812', `updated_at` = '2022-01-05 23:59:38.825812', `loan_id` = 510, `car_id` = 4826 WHERE `loan_carloan`.`id` = 510;
INSERT INTO `loan_carloan` (`id`, `created_at`, `updated_at`, `loan_id`, `car_id`) VALUES (510, '2022-01-05 23:59:38.825812', '2022-01-05 23:59:38.825812', 510, 4826);
UPDATE `loan_loanapproval` SET `created_at` = '2022-01-05 23:59:59', `updated_at` = '2022-01-05 23:59:59', `loan_id` = 510, `approved` = TRUE, `message` = NULL WHERE `loan_loanapproval`.`id` = 406;
INSERT INTO `loan_loanapproval` (`id`, `created_at`, `updated_at`, `loan_id`, `approved`, `message`) VALUES (406, '2022-01-05 23:59:59', '2022-01-05 23:59:59', 510, TRUE, NULL);
UPDATE `loan_badloan` SET `created_at` = '2022-01-06 16:39:40', `updated_at` = '2022-01-06 16:39:40', `loan_id` = 510, `message` = '客户无力还款' WHERE `loan_badloan`.`id` = 143;
INSERT INTO `loan_badloan` (`id`, `created_at`, `updated_at`, `loan_id`, `message`) VALUES (143, '2022-01-06 16:39:40', '2022-01-06 16:39:40', 510, '客户无力还款');
UPDATE `loan_loancollection` SET `created_at` = '2022-01-05 21:59:38', `updated_at` = '2022-01-05 21:59:38', `loan_id` = 510, `type` = 'phone', `message` = '一些催收内容', `result` = 'pay_soon', `result_detail` = '一些催收结果详情', `collect_at` = '2022-01-05' WHERE `loan_loancollection`.`id` = 336;
INSERT INTO `loan_loancollection` (`id`, `created_at`, `updated_at`, `loan_id`, `type`, `message`, `result`, `result_detail`, `collect_at`) VALUES (336, '2022-01-05 21:59:38', '2022-01-05 21:59:38', 510, 'phone', '一些催收内容', 'pay_soon', '一些催收结果详情', '2022-01-05');
UPDATE `loan_loan` SET `created_at` = '2022-01-05 23:59:38.825812', `updated_at` = '2022-01-05 23:59:59', `customer_id` = 6003, `type` = 'car', `amount` = 240000, `status` = 'Overdue', `usage` = '买车', `payment_method` = 'equal_corpus', `started_at` = '2022-01-04', `expired_at` = '2023-07-01', `payment_periods` = 18 WHERE `loan_loan`.`id` = 510;
UPDATE `loan_loan` SET `created_at` = '2022-01-05 23:13:07.135774', `updated_at` = '2022-01-05 23:13:07.135774', `customer_id` = 6190, `type` = 'car', `amount` = 130000, `status` = 'InProgress', `usage` = '买车', `payment_method` = 'equal_corpus_and_interest', `started_at` = NULL, `expired_at` = NULL, `payment_periods` = NULL WHERE `loan_loan`.`id` = 511;
INSERT INTO `loan_loan` (`id`, `created_at`, `updated_at`, `customer_id`, `type`, `amount`, `status`, `usage`, `payment_method`, `started_at`, `expired_at`, `payment_periods`) VALUES (511, '2022-01-05 23:13:07.135774', '2022-01-05 23:13:07.135774', 6190, 'car', 130000, 'InProgress', '买车', 'equal_corpus_and_interest', NULL, NULL, NULL);
UPDATE `loan_carloan` SET `created_at` = '2022-01-05 23:13:07.135774', `updated_at` = '2022-01-05 23:13:07.135774', `loan_id` = 511, `car_id` = 4970 WHERE `loan_carloan`.`id` = 511;
INSERT INTO `loan_carloan` (`id`, `created_at`, `updated_at`, `loan_id`, `car_id`) VALUES (511, '2022-01-05 23:13:07.135774', '2022-01-05 23:13:07.135774', 511, 4970);
UPDATE `loan_loanapproval` SET `created_at` = '2022-01-05 23:59:59', `updated_at` = '2022-01-05 23:59:59', `loan_id` = 511, `approved` = TRUE, `message` = NULL WHERE `loan_loanapproval`.`id` = 407;
INSERT INTO `loan_loanapproval` (`id`, `created_at`, `updated_at`, `loan_id`, `approved`, `message`) VALUES (407, '2022-01-05 23:59:59', '2022-01-05 23:59:59', 511, TRUE, NULL);
UPDATE `loan_badloan` SET `created_at` = '2022-01-06 06:43:07', `updated_at` = '2022-01-06 06:43:07', `loan_id` = 511, `message` = '客户无力还款' WHERE `loan_badloan`.`id` = 144;
INSERT INTO `loan_badloan` (`id`, `created_at`, `updated_at`, `loan_id`, `message`) VALUES (144, '2022-01-06 06:43:07', '2022-01-06 06:43:07', 511, '客户无力还款');
UPDATE `loan_loancollection` SET `created_at` = '2022-01-04 15:26:19', `updated_at` = '2022-01-04 15:26:19', `loan_id` = 511, `type` = 'visit', `message` = '一些催收内容', `result` = 'no_response', `result_detail` = '一些催收结果详情', `collect_at` = '2022-01-04' WHERE `loan_loancollection`.`id` = 337;
INSERT INTO `loan_loancollection` (`id`, `created_at`, `updated_at`, `loan_id`, `type`, `message`, `result`, `result_detail`, `collect_at`) VALUES (337, '2022-01-04 15:26:19', '2022-01-04 15:26:19', 511, 'visit', '一些催收内容', 'no_response', '一些催收结果详情', '2022-01-04');
UPDATE `loan_loancollection` SET `created_at` = '2022-01-04 15:11:27', `updated_at` = '2022-01-04 15:11:27', `loan_id` = 511, `type` = 'judiciary', `message` = '一些催收内容', `result` = 'no_response', `result_detail` = '一些催收结果详情', `collect_at` = '2022-01-04' WHERE `loan_loancollection`.`id` = 338;
INSERT INTO `loan_loancollection` (`id`, `created_at`, `updated_at`, `loan_id`, `type`, `message`, `result`, `result_detail`, `collect_at`) VALUES (338, '2022-01-04 15:11:27', '2022-01-04 15:11:27', 511, 'judiciary', '一些催收内容', 'no_response', '一些催收结果详情', '2022-01-04');
UPDATE `loan_loan` SET `created_at` = '2022-01-05 23:13:07.135774', `updated_at` = '2022-01-05 23:59:59', `customer_id` = 6190, `type` = 'car', `amount` = 130000, `status` = 'Overdue', `usage` = '买车', `payment_method` = 'equal_corpus_and_interest', `started_at` = '2022-01-04', `expired_at` = '2023-07-01', `payment_periods` = 18 WHERE `loan_loan`.`id` = 511;
UPDATE `loan_loan` SET `created_at` = '2022-01-05 18:14:28.128729', `updated_at` = '2022-01-05 18:14:28.128729', `customer_id` = 5924, `type` = 'car', `amount` = 170000, `status` = 'Settled', `usage` = '买车', `payment_method` = 'equal_corpus_and_interest', `started_at` = NULL, `expired_at` = NULL, `payment_periods` = NULL WHERE `loan_loan`.`id` = 512;
INSERT INTO `loan_loan` (`id`, `created_at`, `updated_at`, `customer_id`, `type`, `amount`, `status`, `usage`, `payment_method`, `started_at`, `expired_at`, `payment_periods`) VALUES (512, '2022-01-05 18:14:28.128729', '2022-01-05 18:14:28.128729', 5924, 'car', 170000, 'Settled', '买车', 'equal_corpus_and_interest', NULL, NULL, NULL);
UPDATE `loan_carloan` SET `created_at` = '2022-01-05 18:14:28.128729', `updated_at` = '2022-01-05 18:14:28.128729', `loan_id` = 512, `car_id` = 4758 WHERE `loan_carloan`.`id` = 512;
INSERT INTO `loan_carloan` (`id`, `created_at`, `updated_at`, `loan_id`, `car_id`) VALUES (512, '2022-01-05 18:14:28.128729', '2022-01-05 18:14:28.128729', 512, 4758);
UPDATE `loan_loanmortgage` SET `created_at` = '2022-01-05 20:44:41.666323', `updated_at` = '2022-01-05 20:44:41.666323', `loan_id` = 512, `type` = 'estate', `is_pledge` = TRUE, `car_id` = NULL, `estate_id` = 3541, `chattel_id` = NULL WHERE `loan_loanmortgage`.`id` = 76;
INSERT INTO `loan_loanmortgage` (`id`, `created_at`, `updated_at`, `loan_id`, `type`, `is_pledge`, `car_id`, `estate_id`, `chattel_id`) VALUES (76, '2022-01-05 20:44:41.666323', '2022-01-05 20:44:41.666323', 512, 'estate', TRUE, NULL, 3541, NULL);
UPDATE `loan_loanapproval` SET `created_at` = '2022-01-05 23:59:59', `updated_at` = '2022-01-05 23:59:59', `loan_id` = 512, `approved` = TRUE, `message` = NULL WHERE `loan_loanapproval`.`id` = 408;
INSERT INTO `loan_loanapproval` (`id`, `created_at`, `updated_at`, `loan_id`, `approved`, `message`) VALUES (408, '2022-01-05 23:59:59', '2022-01-05 23:59:59', 512, TRUE, NULL);
UPDATE `loan_loan` SET `created_at` = '2022-01-05 18:14:28.128729', `updated_at` = '2022-01-05 23:59:59', `customer_id` = 5924, `type` = 'car', `amount` = 170000, `status` = 'Overdue', `usage` = '买车', `payment_method` = 'equal_corpus_and_interest', `started_at` = '2022-01-04', `expired_at` = '2024-01-01', `payment_periods` = 24 WHERE `loan_loan`.`id` = 512;UPDATE `loan_carmodel` SET `created_at` = '2021-02-03 01:57:02.247007', `updated_at` = '2022-01-05 06:04:06.978454', `name` = '马自达CX-5', `manufacturer` = '马自达', `color` = '红色', `configuration` = '低配' WHERE `loan_carmodel`.`id` = 251;
UPDATE `loan_address` SET `created_at` = '2022-01-05 05:37:46.367378', `updated_at` = '2022-01-05 14:14:36.347412', `province` = '陕西省', `city` = '安康市', `county` = '汉阴县', `town` = '涧池镇', `detail` = '宝林路溢盈河畔别墅144号' WHERE `loan_address`.`id` = 9883;
UPDATE `loan_address` SET `created_at` = '2021-03-23 13:04:00.459591', `updated_at` = '2022-01-05 03:48:35.735090', `province` = '四川省', `city` = '凉山彝族自治州', `county` = '布拖县', `town` = '特木里镇', `detail` = '安福路耀江花园143号' WHERE `loan_address`.`id` = 6832;
UPDATE `loan_address` SET `created_at` = '2021-11-28 07:21:07.549609', `updated_at` = '2022-01-05 00:39:04.503049', `province` = '黑龙江省', `city` = '双鸭山市', `county` = '集贤县', `town` = '腰屯乡', `detail` = '白渡桥64号' WHERE `loan_address`.`id` = 2125;
UPDATE `loan_address` SET `created_at` = '2017-09-18 08:19:46.761503', `updated_at` = '2022-01-05 17:22:31.466990', `province` = '云南省', `city` = '德宏傣族景颇族自治州', `county` = '盈江县', `town` = '油松岭乡', `detail` = '白渡路住友嘉馨名园133号' WHERE `loan_address`.`id` = 1509;
UPDATE `loan_address` SET `created_at` = '2017-10-25 14:26:52.593277', `updated_at` = '2022-01-05 18:59:07.348944', `province` = '天津市', `city` = '市辖区', `county` = '武清区', `town` = '运河西街道', `detail` = '鞍山路菊园五街坊22号' WHERE `loan_address`.`id` = 208;
UPDATE `loan_address` SET `created_at` = '2020-08-02 02:40:47.599817', `updated_at` = '2022-01-05 20:25:56.883384', `province` = '河南省', `city` = '驻马店市', `county` = '驿城区', `town` = '人民街道办事处', `detail` = '宝林路148号' WHERE `loan_address`.`id` = 4465;
UPDATE `loan_address` SET `created_at` = '2017-11-14 19:54:21.983131', `updated_at` = '2022-01-05 02:43:34.071679', `province` = '河南省', `city` = '驻马店市', `county` = '驿城区', `town` = '人民街道办事处', `detail` = '保德路193号' WHERE `loan_address`.`id` = 3033;
UPDATE `loan_address` SET `created_at` = '2018-04-07 02:59:32.508666', `updated_at` = '2022-01-05 03:04:15.200069', `province` = '湖南省', `city` = '娄底市', `county` = '新化县', `town` = '石冲口镇', `detail` = '半淞园路144号' WHERE `loan_address`.`id` = 3185;
UPDATE `loan_address` SET `created_at` = '2021-03-11 20:23:38.538055', `updated_at` = '2022-01-05 09:51:06.238042', `province` = '海南省', `city` = '三沙市', `county` = '西沙群岛', `town` = '永乐群岛管委会', `detail` = '北艾路东新大厦90号' WHERE `loan_address`.`id` = 5601;
UPDATE `loan_job` SET `created_at` = '2022-01-02 03:39:29.252968', `updated_at` = '2022-01-05 14:56:02.219167', `company_id` = 87, `position` = '面料辅料开发' WHERE `loan_job`.`id` = 1837;
UPDATE `loan_job` SET `created_at` = '2017-07-31 13:21:38.318514', `updated_at` = '2022-01-05 11:21:54.380337', `company_id` = 21, `position` = '音乐教师' WHERE `loan_job`.`id` = 353;
UPDATE `loan_job` SET `created_at` = '2018-04-13 11:05:28.103883', `updated_at` = '2022-01-05 08:10:41.051850', `company_id` = 63, `position` = '厨师' WHERE `loan_job`.`id` = 1287;
UPDATE `loan_customer` SET `created_at` = '2020-09-18 16:46:24.325990', `updated_at` = '2022-01-05 08:24:19.047378', `name` = '易正祥', `id_number` = '793259277321290382', `gender` = 'f', `birthday` = '2005-09-06', `address_id` = 4337, `job_id` = 855, `salary` = 11000 WHERE `loan_customer`.`id` = 2625;
UPDATE `loan_customer` SET `created_at` = '2022-01-04 01:15:34.312979', `updated_at` = '2022-01-05 16:07:39.301406', `name` = '曾姹', `id_number` = '363590097947001409', `gender` = 'm', `birthday` = '1983-02-15', `address_id` = 9432, `job_id` = 1945, `salary` = 3000 WHERE `loan_customer`.`id` = 5860;
UPDATE `loan_chattel` SET `created_at` = '2021-08-03 18:43:37.308802', `updated_at` = '2022-01-05 21:41:01.520217', `customer_id` = 4685, `type` = 'copyright', `description` = '一些信息', `value_amount` = 20000, `expired_at` = '2021-10-20' WHERE `loan_chattel`.`id` = 1377;
UPDATE `loan_chattel` SET `created_at` = '2021-05-10 00:13:18.970950', `updated_at` = '2022-01-05 18:10:55.842893', `customer_id` = 73, `type` = 'receivable', `description` = '一些信息', `value_amount` = 20000, `expired_at` = '2033-09-17' WHERE `loan_chattel`.`id` = 26;
UPDATE `loan_chattel` SET `created_at` = '2019-09-23 00:08:25.120696', `updated_at` = '2022-01-05 12:00:04.843429', `customer_id` = 2269, `type` = 'fund', `description` = '一些信息', `value_amount` = 20000, `expired_at` = '2023-10-08' WHERE `loan_chattel`.`id` = 628;
UPDATE `loan_chattel` SET `created_at` = '2022-01-03 21:39:43.780780', `updated_at` = '2022-01-05 05:14:13.038112', `customer_id` = 5799, `type` = 'bond', `description` = '一些信息', `value_amount` = 580000, `expired_at` = '2025-03-20' WHERE `loan_chattel`.`id` = 1707;
UPDATE `loan_chattel` SET `created_at` = '2018-02-25 16:59:46.969762', `updated_at` = '2022-01-05 13:07:28.874115', `customer_id` = 945, `type` = 'draft', `description` = '一些信息', `value_amount` = 20000, `expired_at` = '2032-02-26' WHERE `loan_chattel`.`id` = 270;
UPDATE `loan_chattel` SET `created_at` = '2018-12-10 08:08:44.580497', `updated_at` = '2022-01-05 10:16:02.929570', `customer_id` = 3867, `type` = 'deposit', `description` = '一些信息', `value_amount` = 600000, `expired_at` = '2027-04-23' WHERE `loan_chattel`.`id` = 1121;
UPDATE `loan_chattel` SET `created_at` = '2018-09-16 17:27:46.603740', `updated_at` = '2022-01-05 16:43:14.440706', `customer_id` = 4642, `type` = 'copyright', `description` = '一些信息', `value_amount` = 20000, `expired_at` = '2029-02-08' WHERE `loan_chattel`.`id` = 1365;
UPDATE `loan_chattel` SET `created_at` = '2021-08-03 18:59:17.371840', `updated_at` = '2022-01-05 05:09:23.013358', `customer_id` = 3966, `type` = 'copyright', `description` = '一些信息', `value_amount` = 330000, `expired_at` = '2019-01-08' WHERE `loan_chattel`.`id` = 1153;
UPDATE `loan_car` SET `created_at` = '2021-05-20 13:25:09.283591', `updated_at` = '2022-01-05 05:02:21.523298', `customer_id` = 2258, `model_id` = 106, `vin_number` = '383937004265727476', `date_produced` = '2016-10-04', `value_estimated` = 120000 WHERE `loan_car`.`id` = 1789;
UPDATE `loan_car` SET `created_at` = '2019-09-30 08:27:06.609765', `updated_at` = '2022-01-05 22:20:49.600067', `customer_id` = 3195, `model_id` = 192, `vin_number` = '219090106526920514', `date_produced` = '2010-07-20', `value_estimated` = 20000 WHERE `loan_car`.`id` = 2557;
UPDATE `loan_car` SET `created_at` = '2022-01-05 23:36:44.868747', `updated_at` = '2022-01-05 23:40:03.296023', `customer_id` = 6090, `model_id` = 16, `vin_number` = '490972747698042612', `date_produced` = '2016-12-23', `value_estimated` = 400000 WHERE `loan_car`.`id` = 4898;
UPDATE `loan_car` SET `created_at` = '2017-12-25 01:23:40.639997', `updated_at` = '2022-01-05 07:51:00.456576', `customer_id` = 3854, `model_id` = 178, `vin_number` = '606790386485070111', `date_produced` = '2021-01-14', `value_estimated` = 160000 WHERE `loan_car`.`id` = 3120;
UPDATE `loan_car` SET `created_at` = '2020-03-22 18:36:32.366902', `updated_at` = '2022-01-05 19:44:18.416371', `customer_id` = 1817, `model_id` = 281, `vin_number` = '418785254019994246', `date_produced` = '2011-02-26', `value_estimated` = 150000 WHERE `loan_car`.`id` = 1427;
UPDATE `loan_car` SET `created_at` = '2021-10-30 01:14:05.871614', `updated_at` = '2022-01-05 13:18:19.528189', `customer_id` = 1832, `model_id` = 106, `vin_number` = '142874158343530490', `date_produced` = '2015-09-26', `value_estimated` = 400000 WHERE `loan_car`.`id` = 1446;
UPDATE `loan_car` SET `created_at` = '2021-12-20 19:05:13.550622', `updated_at` = '2022-01-05 01:27:57.811953', `customer_id` = 4331, `model_id` = 303, `vin_number` = '679023617252894672', `date_produced` = '2016-03-09', `value_estimated` = 150000 WHERE `loan_car`.`id` = 3496;
UPDATE `loan_car` SET `created_at` = '2022-01-02 23:11:05.344315', `updated_at` = '2022-01-05 01:46:57.938343', `customer_id` = 5672, `model_id` = 186, `vin_number` = '777345396086611398', `date_produced` = '2012-04-09', `value_estimated` = 690000 WHERE `loan_car`.`id` = 4563;
UPDATE `loan_car` SET `created_at` = '2021-08-21 00:13:12.308483', `updated_at` = '2022-01-05 02:57:45.385337', `customer_id` = 824, `model_id` = 171, `vin_number` = '278738617313178414', `date_produced` = '2014-05-30', `value_estimated` = 60000 WHERE `loan_car`.`id` = 634;
UPDATE `loan_car` SET `created_at` = '2020-12-17 05:00:44.062941', `updated_at` = '2022-01-05 16:54:59.605807', `customer_id` = 3269, `model_id` = 135, `vin_number` = '193065628833880950', `date_produced` = '2012-04-14', `value_estimated` = 320000 WHERE `loan_car`.`id` = 2612;
UPDATE `loan_car` SET `created_at` = '2021-02-11 09:12:16.191717', `updated_at` = '2022-01-05 21:21:04.162099', `customer_id` = 1615, `model_id` = 159, `vin_number` = '899704538355132475', `date_produced` = '2017-07-30', `value_estimated` = 210000 WHERE `loan_car`.`id` = 1272;
UPDATE `loan_car` SET `created_at` = '2018-04-09 21:55:18.334599', `updated_at` = '2022-01-05 02:36:00.979305', `customer_id` = 4559, `model_id` = 28, `vin_number` = '513243679482360695', `date_produced` = '2019-01-01', `value_estimated` = 360000 WHERE `loan_car`.`id` = 3677;
UPDATE `loan_car` SET `created_at` = '2021-12-08 08:34:05.918925', `updated_at` = '2022-01-05 16:18:41.611220', `customer_id` = 5096, `model_id` = 163, `vin_number` = '228854295059977952', `date_produced` = '2015-02-05', `value_estimated` = 110000 WHERE `loan_car`.`id` = 4117;
UPDATE `loan_car` SET `created_at` = '2020-09-06 15:49:00.219118', `updated_at` = '2022-01-05 06:45:18.982731', `customer_id` = 3265, `model_id` = 113, `vin_number` = '084094017450229300', `date_produced` = '2014-01-14', `value_estimated` = 40000 WHERE `loan_car`.`id` = 2610;
UPDATE `loan_car` SET `created_at` = '2018-09-28 06:50:34.151361', `updated_at` = '2022-01-05 21:39:09.739437', `customer_id` = 2142, `model_id` = 125, `vin_number` = '360274711752781106', `date_produced` = '2011-03-07', `value_estimated` = 420000 WHERE `loan_car`.`id` = 1698;
UPDATE `loan_car` SET `created_at` = '2020-07-14 21:34:47.687526', `updated_at` = '2022-01-05 16:41:26.932615', `customer_id` = 2053, `model_id` = 238, `vin_number` = '098693694291382509', `date_produced` = '2014-11-01', `value_estimated` = 360000 WHERE `loan_car`.`id` = 1625;
UPDATE `loan_car` SET `created_at` = '2021-12-27 01:40:26.939083', `updated_at` = '2022-01-05 00:31:21.973015', `customer_id` = 4161, `model_id` = 44, `vin_number` = '938526505564352787', `date_produced` = '2015-02-07', `value_estimated` = 80000 WHERE `loan_car`.`id` = 3355;
UPDATE `loan_account` SET `created_at` = '2017-09-02 15:47:11.308175', `updated_at` = '2022-01-05 07:23:32.486912', `customer_id` = 3241, `number` = '932548617294376283', `balance` = 25465 WHERE `loan_account`.`id` = 2975;
UPDATE `loan_account` SET `created_at` = '2021-03-07 20:41:55.941995', `updated_at` = '2022-01-05 13:18:04.953740', `customer_id` = 2314, `number` = '208339915513018589', `balance` = 0 WHERE `loan_account`.`id` = 2109;
UPDATE `loan_account` SET `created_at` = '2021-05-03 13:41:24.689051', `updated_at` = '2022-01-05 22:05:22.881283', `customer_id` = 2889, `number` = '214444596845082085', `balance` = 84273 WHERE `loan_account`.`id` = 2645;
UPDATE `loan_account` SET `created_at` = '2022-01-02 08:30:06.121565', `updated_at` = '2022-01-05 18:51:31.298534', `customer_id` = 5583, `number` = '203213879004483992', `balance` = 0 WHERE `loan_account`.`id` = 5111;
UPDATE `loan_account` SET `created_at` = '2020-06-09 20:37:49.602880', `updated_at` = '2022-01-05 01:02:42.889223', `customer_id` = 2430, `number` = '997612467047261871', `balance` = 32571 WHERE `loan_account`.`id` = 2217;
UPDATE `loan_account` SET `created_at` = '2019-07-27 16:50:07.323179', `updated_at` = '2022-01-05 01:59:22.594719', `customer_id` = 4783, `number` = '085787280012260771', `balance` = 99270 WHERE `loan_account`.`id` = 4379;
UPDATE `loan_account` SET `created_at` = '2021-10-21 21:56:49.664227', `updated_at` = '2022-01-05 08:47:03.099406', `customer_id` = 1218, `number` = '121949181007404489', `balance` = 73781 WHERE `loan_account`.`id` = 1103;
UPDATE `loan_account` SET `created_at` = '2020-10-06 14:02:30.198705', `updated_at` = '2022-01-05 13:08:47.801660', `customer_id` = 5113, `number` = '572864341479464546', `balance` = 40944 WHERE `loan_account`.`id` = 4679;
UPDATE `loan_account` SET `created_at` = '2021-05-15 21:25:58.945502', `updated_at` = '2022-01-05 02:38:54.436860', `customer_id` = 472, `number` = '721400739015400218', `balance` = 62021 WHERE `loan_account`.`id` = 424;
UPDATE `loan_account` SET `created_at` = '2021-05-24 07:51:37.401772', `updated_at` = '2022-01-05 11:33:24.549372', `customer_id` = 5494, `number` = '764384785121814674', `balance` = 0 WHERE `loan_account`.`id` = 5030;
UPDATE `loan_account` SET `created_at` = '2020-11-23 00:44:26.249473', `updated_at` = '2022-01-05 07:38:56.757128', `customer_id` = 4153, `number` = '046167985707065339', `balance` = 0 WHERE `loan_account`.`id` = 3802;
UPDATE `loan_account` SET `created_at` = '2022-01-05 22:18:03.353257', `updated_at` = '2022-01-05 23:37:30.376818', `customer_id` = 6031, `number` = '153971559775834129', `balance` = 59887 WHERE `loan_account`.`id` = 5504;
UPDATE `loan_account` SET `created_at` = '2020-04-26 01:06:06.058832', `updated_at` = '2022-01-05 23:49:51.066762', `customer_id` = 4955, `number` = '886263828604183653', `balance` = 9950 WHERE `loan_account`.`id` = 4536;
UPDATE `loan_account` SET `created_at` = '2021-11-06 19:16:20.637750', `updated_at` = '2022-01-05 08:05:47.871021', `customer_id` = 946, `number` = '892685449650150452', `balance` = 135665 WHERE `loan_account`.`id` = 860;
UPDATE `loan_account` SET `created_at` = '2022-01-03 23:47:30.187649', `updated_at` = '2022-01-05 08:32:56.701336', `customer_id` = 5726, `number` = '699461248747483073', `balance` = 0 WHERE `loan_account`.`id` = 5237;
UPDATE `loan_account` SET `created_at` = '2020-09-03 06:50:02.130229', `updated_at` = '2022-01-05 01:57:34.653372', `customer_id` = 1754, `number` = '289928077917988973', `balance` = 73414 WHERE `loan_account`.`id` = 1611;
UPDATE `loan_account` SET `created_at` = '2021-11-05 02:23:05.952138', `updated_at` = '2022-01-05 11:05:40.466632', `customer_id` = 1817, `number` = '941825614082535281', `balance` = 42583 WHERE `loan_account`.`id` = 1665;
UPDATE `loan_account` SET `created_at` = '2021-11-08 20:03:03.209015', `updated_at` = '2022-01-05 02:53:47.198179', `customer_id` = 2542, `number` = '738004768161080967', `balance` = 48815 WHERE `loan_account`.`id` = 2317;
UPDATE `loan_account` SET `created_at` = '2020-11-21 17:30:57.592056', `updated_at` = '2022-01-05 07:01:16.915418', `customer_id` = 3329, `number` = '983718025009640777', `balance` = 0 WHERE `loan_account`.`id` = 3053;
UPDATE `loan_account` SET `created_at` = '2019-08-08 08:15:04.500157', `updated_at` = '2022-01-05 08:37:30.838460', `customer_id` = 4653, `number` = '513120079554992581', `balance` = 42768 WHERE `loan_account`.`id` = 4254;
UPDATE `loan_account` SET `created_at` = '2021-08-10 12:18:24.711653', `updated_at` = '2022-01-05 18:40:16.751579', `customer_id` = 340, `number` = '459607223201030080', `balance` = 0 WHERE `loan_account`.`id` = 313;
UPDATE `loan_account` SET `created_at` = '2021-11-03 16:56:26.840261', `updated_at` = '2022-01-05 17:28:51.772621', `customer_id` = 3178, `number` = '246422594781119694', `balance` = 45398 WHERE `loan_account`.`id` = 2915;
UPDATE `loan_account` SET `created_at` = '2020-02-19 15:34:43.854126', `updated_at` = '2022-01-05 23:56:04.854486', `customer_id` = 2776, `number` = '872740242779369130', `balance` = 87104 WHERE `loan_account`.`id` = 2535;
UPDATE `loan_account` SET `created_at` = '2021-12-26 12:03:28.991099', `updated_at` = '2022-01-05 02:02:46.203954', `customer_id` = 1357, `number` = '198289195330920027', `balance` = 166502 WHERE `loan_account`.`id` = 1234;
UPDATE `loan_account` SET `created_at` = '2018-10-07 17:59:38.598459', `updated_at` = '2022-01-05 05:32:52.304866', `customer_id` = 935, `number` = '769833541819314018', `balance` = 0 WHERE `loan_account`.`id` = 850;
UPDATE `loan_account` SET `created_at` = '2021-11-27 00:00:31.524884', `updated_at` = '2022-01-05 16:26:44.143537', `customer_id` = 2727, `number` = '047389992432409565', `balance` = 98018 WHERE `loan_account`.`id` = 2489;
UPDATE `loan_account` SET `created_at` = '2022-01-05 23:10:57.375035', `updated_at` = '2022-01-05 23:25:17.004260', `customer_id` = 5960, `number` = '417906510892807827', `balance` = 113303 WHERE `loan_account`.`id` = 5440;
UPDATE `loan_account` SET `created_at` = '2018-03-19 06:09:36.921255', `updated_at` = '2022-01-05 05:21:31.270846', `customer_id` = 1716, `number` = '960414826172810962', `balance` = 0 WHERE `loan_account`.`id` = 1573;
UPDATE `loan_account` SET `created_at` = '2020-08-04 05:22:29.674349', `updated_at` = '2022-01-05 06:37:52.945535', `customer_id` = 3931, `number` = '907229082834779954', `balance` = 38424 WHERE `loan_account`.`id` = 3601;
UPDATE `loan_account` SET `created_at` = '2018-03-23 10:15:20.006179', `updated_at` = '2022-01-05 07:03:12.400538', `customer_id` = 4876, `number` = '069876561916664330', `balance` = 39305 WHERE `loan_account`.`id` = 4466;
UPDATE `loan_account` SET `created_at` = '2021-05-27 22:18:58.214389', `updated_at` = '2022-01-05 08:09:03.642348', `customer_id` = 1932, `number` = '880041125820332119', `balance` = 78086 WHERE `loan_account`.`id` = 1766;
UPDATE `loan_account` SET `created_at` = '2021-09-05 16:00:58.186980', `updated_at` = '2022-01-05 09:53:21.618277', `customer_id` = 3066, `number` = '287553746849519532', `balance` = 79217 WHERE `loan_account`.`id` = 2811;
UPDATE `loan_account` SET `created_at` = '2020-05-24 02:32:38.176709', `updated_at` = '2022-01-05 08:45:07.330503', `customer_id` = 4741, `number` = '176713976142356150', `balance` = 0 WHERE `loan_account`.`id` = 4339;
UPDATE `loan_account` SET `created_at` = '2020-05-21 07:00:32.855760', `updated_at` = '2022-01-05 04:33:20.089631', `customer_id` = 2961, `number` = '254415628316580179', `balance` = 33576 WHERE `loan_account`.`id` = 2714;
UPDATE `loan_account` SET `created_at` = '2020-08-09 23:51:34.755290', `updated_at` = '2022-01-05 13:27:46.512818', `customer_id` = 2616, `number` = '117417932770534731', `balance` = 44218 WHERE `loan_account`.`id` = 2386;
UPDATE `loan_account` SET `created_at` = '2020-02-25 03:54:19.262763', `updated_at` = '2022-01-05 09:33:09.572166', `customer_id` = 12, `number` = '556258188241235518', `balance` = 82849 WHERE `loan_account`.`id` = 12;
UPDATE `loan_account` SET `created_at` = '2018-11-25 22:33:03.020581', `updated_at` = '2022-01-05 03:56:14.360256', `customer_id` = 5185, `number` = '853068837092221124', `balance` = 66651 WHERE `loan_account`.`id` = 4748;
UPDATE `loan_account` SET `created_at` = '2020-06-23 01:10:46.163784', `updated_at` = '2022-01-05 15:25:33.708286', `customer_id` = 883, `number` = '196694988465309093', `balance` = 56727 WHERE `loan_account`.`id` = 802;
UPDATE `loan_account` SET `created_at` = '2020-03-02 12:53:25.552988', `updated_at` = '2022-01-05 14:22:22.964675', `customer_id` = 5238, `number` = '550304596526031742', `balance` = 74495 WHERE `loan_account`.`id` = 4799;
UPDATE `loan_account` SET `created_at` = '2020-12-12 22:46:23.480133', `updated_at` = '2022-01-05 14:38:37.615244', `customer_id` = 1318, `number` = '582480101535864129', `balance` = 60196 WHERE `loan_account`.`id` = 1199;
UPDATE `loan_account` SET `created_at` = '2021-09-26 18:57:44.648994', `updated_at` = '2022-01-05 11:17:02.071934', `customer_id` = 1568, `number` = '592644504546770725', `balance` = 24756 WHERE `loan_account`.`id` = 1432;
UPDATE `loan_account` SET `created_at` = '2021-10-19 23:34:09.143743', `updated_at` = '2022-01-05 13:04:30.301822', `customer_id` = 2254, `number` = '766329043666342144', `balance` = 16076 WHERE `loan_account`.`id` = 2056;
UPDATE `loan_account` SET `created_at` = '2021-05-01 03:38:25.639597', `updated_at` = '2022-01-05 08:18:23.082925', `customer_id` = 1266, `number` = '631692834900131160', `balance` = 51952 WHERE `loan_account`.`id` = 1149;
UPDATE `loan_account` SET `created_at` = '2020-10-19 23:49:59.090135', `updated_at` = '2022-01-05 19:31:08.495149', `customer_id` = 1600, `number` = '396530248388767511', `balance` = 53189 WHERE `loan_account`.`id` = 1461;
UPDATE `loan_account` SET `created_at` = '2021-06-04 16:17:32.881884', `updated_at` = '2022-01-05 18:09:52.959023', `customer_id` = 2222, `number` = '931829022400968934', `balance` = 0 WHERE `loan_account`.`id` = 2028;
UPDATE `loan_account` SET `created_at` = '2021-09-06 14:48:29.100909', `updated_at` = '2022-01-05 04:23:15.983435', `customer_id` = 884, `number` = '554655255550991139', `balance` = 104890 WHERE `loan_account`.`id` = 803;
UPDATE `loan_account` SET `created_at` = '2021-08-06 10:53:46.487627', `updated_at` = '2022-01-05 12:17:24.302958', `customer_id` = 2545, `number` = '523590654684787935', `balance` = 93349 WHERE `loan_account`.`id` = 2320;
UPDATE `loan_account` SET `created_at` = '2021-12-26 18:13:17.247097', `updated_at` = '2022-01-05 15:50:56.793701', `customer_id` = 1843, `number` = '705489946404933303', `balance` = 79117 WHERE `loan_account`.`id` = 1688;
UPDATE `loan_account` SET `created_at` = '2020-08-02 02:21:27.436812', `updated_at` = '2022-01-05 02:13:52.864424', `customer_id` = 3639, `number` = '221911324872602651', `balance` = 0 WHERE `loan_account`.`id` = 3335;
UPDATE `loan_account` SET `created_at` = '2020-04-10 07:54:22.063147', `updated_at` = '2022-01-05 21:52:13.817331', `customer_id` = 2155, `number` = '962117144308774855', `balance` = 19434 WHERE `loan_account`.`id` = 1970;
UPDATE `loan_account` SET `created_at` = '2020-11-08 19:26:21.009462', `updated_at` = '2022-01-05 07:45:09.699210', `customer_id` = 4506, `number` = '451725512845634230', `balance` = 54800 WHERE `loan_account`.`id` = 4122;
UPDATE `loan_account` SET `created_at` = '2019-03-22 06:45:47.605980', `updated_at` = '2022-01-05 09:23:46.373036', `customer_id` = 4565, `number` = '938108532479273523', `balance` = 58097 WHERE `loan_account`.`id` = 4175;
UPDATE `loan_account` SET `created_at` = '2021-09-06 09:39:57.555240', `updated_at` = '2022-01-05 06:48:59.355880', `customer_id` = 3828, `number` = '501612739603526736', `balance` = 0 WHERE `loan_account`.`id` = 3508;
UPDATE `loan_account` SET `created_at` = '2020-09-10 00:03:00.041515', `updated_at` = '2022-01-05 13:49:25.967859', `customer_id` = 465, `number` = '609713597917724980', `balance` = 0 WHERE `loan_account`.`id` = 417;
UPDATE `loan_account` SET `created_at` = '2021-08-30 06:56:00.397342', `updated_at` = '2022-01-05 17:06:32.786683', `customer_id` = 1890, `number` = '195155148130750912', `balance` = 107208 WHERE `loan_account`.`id` = 1729;
UPDATE `loan_account` SET `created_at` = '2022-01-04 21:49:25.554740', `updated_at` = '2022-01-05 13:58:33.934940', `customer_id` = 5876, `number` = '133926722530688550', `balance` = 12204 WHERE `loan_account`.`id` = 5363;
UPDATE `loan_account` SET `created_at` = '2020-09-16 19:08:29.002802', `updated_at` = '2022-01-05 07:46:36.687560', `customer_id` = 4641, `number` = '691189064882749875', `balance` = 48478 WHERE `loan_account`.`id` = 4243;
UPDATE `loan_account` SET `created_at` = '2018-01-05 07:02:26.819127', `updated_at` = '2022-01-05 12:57:02.461949', `customer_id` = 3626, `number` = '256930743255880904', `balance` = 57656 WHERE `loan_account`.`id` = 3325;
UPDATE `loan_account` SET `created_at` = '2020-07-09 05:30:26.920583', `updated_at` = '2022-01-05 18:17:40.961592', `customer_id` = 1734, `number` = '952511318019832153', `balance` = 55282 WHERE `loan_account`.`id` = 1591;
UPDATE `loan_account` SET `created_at` = '2020-09-01 15:53:14.512072', `updated_at` = '2022-01-05 19:56:44.672871', `customer_id` = 4918, `number` = '042837067550603021', `balance` = 22667 WHERE `loan_account`.`id` = 4502;
UPDATE `loan_account` SET `created_at` = '2021-11-01 21:17:10.771164', `updated_at` = '2022-01-05 03:55:56.300498', `customer_id` = 5090, `number` = '491056157450149411', `balance` = 67580 WHERE `loan_account`.`id` = 4657;
UPDATE `loan_account` SET `created_at` = '2021-02-20 17:20:40.304694', `updated_at` = '2022-01-05 09:10:28.146806', `customer_id` = 1313, `number` = '805085014393205579', `balance` = 190860 WHERE `loan_account`.`id` = 1194;
UPDATE `loan_account` SET `created_at` = '2021-05-08 15:49:14.729569', `updated_at` = '2022-01-05 04:34:28.744693', `customer_id` = 4967, `number` = '156196063340780688', `balance` = 37852 WHERE `loan_account`.`id` = 4547;
UPDATE `loan_account` SET `created_at` = '2021-06-25 07:16:02.483374', `updated_at` = '2022-01-05 16:50:46.130502', `customer_id` = 4755, `number` = '123733973113833432', `balance` = 45067 WHERE `loan_account`.`id` = 4354;
UPDATE `loan_account` SET `created_at` = '2020-11-09 07:33:05.235323', `updated_at` = '2022-01-05 07:11:08.981201', `customer_id` = 958, `number` = '958374250576388873', `balance` = 49909 WHERE `loan_account`.`id` = 872;
UPDATE `loan_account` SET `created_at` = '2017-09-05 12:31:49.356764', `updated_at` = '2022-01-05 19:36:36.061773', `customer_id` = 3043, `number` = '342740595956464606', `balance` = 54849 WHERE `loan_account`.`id` = 2789;
UPDATE `loan_account` SET `created_at` = '2019-09-12 14:05:22.726310', `updated_at` = '2022-01-05 17:13:39.975672', `customer_id` = 3353, `number` = '433102962481663995', `balance` = 62960 WHERE `loan_account`.`id` = 3076;
UPDATE `loan_carloan` SET `created_at` = '2018-01-24 18:50:14.619227', `updated_at` = '2022-01-05 20:38:25.410099', `loan_id` = 82, `car_id` = 4337 WHERE `loan_carloan`.`id` = 82;