UPDATE `loan_address` SET `created_at` = '2022-01-03 18:00:10.543725', `updated_at` = '2022-01-03 22:01:29.841930', `province` = '上海市', `city` = '市辖区', `county` = '松江区', `town` = '永丰街道', `detail` = '板泉路78号' WHERE `loan_address`.`id` = 9204;
INSERT INTO `loan_address` (`id`, `created_at`, `updated_at`, `province`, `city`, `county`, `town`, `detail`) VALUES (9204, '2022-01-03 18:00:10.543725', '2022-01-03 22:01:29.841930', '上海市', '市辖区', '松江区', '永丰街道', '板泉路78号');
UPDATE `loan_company` SET `created_at` = '2022-01-03 18:00:10.543725', `updated_at` = '2022-01-03 18:00:10.543725', `name` = '朗然科技', `industry` = '传媒', `phone_number` = '067-778335', `cellphone_number` = '11967811722', `address_id` = 9204 WHERE `loan_company`.`id` = 88;
INSERT INTO `loan_company` (`id`, `created_at`, `updated_at`, `name`, `industry`, `phone_number`, `cellphone_number`, `address_id`) VALUES (88, '2022-01-03 18:00:10.543725', '2022-01-03 18:00:10.543725', '朗然科技', '传媒', '067-778335', '11967811722', 9204);
UPDATE `loan_job` SET `created_at` = '2022-01-03 21:53:36.569859', `updated_at` = '2022-01-03 22:29:57.068155', `company_id` = 88, `position` = '会议活动执行' WHERE `loan_job`.`id` = 1895;
INSERT INTO `loan_job` (`id`, `created_at`, `updated_at`, `company_id`, `position`) VALUES (1895, '2022-01-03 21:53:36.569859', '2022-01-03 22:29:57.068155', 88, '会议活动执行');
UPDATE `loan_job` SET `created_at` = '2022-01-03 20:18:22.003220', `updated_at` = '2022-01-03 21:42:33.254282', `company_id` = 88, `position` = '编辑' WHERE `loan_job`.`id` = 1896;
INSERT INTO `loan_job` (`id`, `created_at`, `updated_at`, `company_id`, `position`) VALUES (1896, '2022-01-03 20:18:22.003220', '2022-01-03 21:42:33.254282', 88, '编辑');
UPDATE `loan_job` SET `created_at` = '2022-01-03 18:00:10.543725', `updated_at` = '2022-01-03 19:02:10.106146', `company_id` = 88, `position` = '广告创意' WHERE `loan_job`.`id` = 1897;
INSERT INTO `loan_job` (`id`, `created_at`, `updated_at`, `company_id`, `position`) VALUES (1897, '2022-01-03 18:00:10.543725', '2022-01-03 19:02:10.106146', 88, '广告创意');
UPDATE `loan_job` SET `created_at` = '2022-01-03 18:00:10.543725', `updated_at` = '2022-01-03 18:00:10.543725', `company_id` = 88, `position` = '校对录入' WHERE `loan_job`.`id` = 1898;
INSERT INTO `loan_job` (`id`, `created_at`, `updated_at`, `company_id`, `position`) VALUES (1898, '2022-01-03 18:00:10.543725', '2022-01-03 18:00:10.543725', 88, '校对录入');
UPDATE `loan_job` SET `created_at` = '2022-01-03 21:15:49.834219', `updated_at` = '2022-01-03 21:15:49.834219', `company_id` = 88, `position` = '影视特效' WHERE `loan_job`.`id` = 1899;
INSERT INTO `loan_job` (`id`, `created_at`, `updated_at`, `company_id`, `position`) VALUES (1899, '2022-01-03 21:15:49.834219', '2022-01-03 21:15:49.834219', 88, '影视特效');
UPDATE `loan_job` SET `created_at` = '2022-01-03 18:00:10.543725', `updated_at` = '2022-01-03 23:21:01.721868', `company_id` = 88, `position` = '放映管理' WHERE `loan_job`.`id` = 1900;
INSERT INTO `loan_job` (`id`, `created_at`, `updated_at`, `company_id`, `position`) VALUES (1900, '2022-01-03 18:00:10.543725', '2022-01-03 23:21:01.721868', 88, '放映管理');
UPDATE `loan_job` SET `created_at` = '2022-01-03 18:00:10.543725', `updated_at` = '2022-01-03 19:55:03.553214', `company_id` = 88, `position` = '媒介策划' WHERE `loan_job`.`id` = 1901;
INSERT INTO `loan_job` (`id`, `created_at`, `updated_at`, `company_id`, `position`) VALUES (1901, '2022-01-03 18:00:10.543725', '2022-01-03 19:55:03.553214', 88, '媒介策划');
UPDATE `loan_job` SET `created_at` = '2022-01-03 18:00:10.543725', `updated_at` = '2022-01-03 22:51:44.903691', `company_id` = 88, `position` = '广告制作' WHERE `loan_job`.`id` = 1902;
INSERT INTO `loan_job` (`id`, `created_at`, `updated_at`, `company_id`, `position`) VALUES (1902, '2022-01-03 18:00:10.543725', '2022-01-03 22:51:44.903691', 88, '广告制作');
UPDATE `loan_job` SET `created_at` = '2022-01-03 18:00:10.543725', `updated_at` = '2022-01-03 18:00:10.543725', `company_id` = 88, `position` = '广告文案' WHERE `loan_job`.`id` = 1903;
INSERT INTO `loan_job` (`id`, `created_at`, `updated_at`, `company_id`, `position`) VALUES (1903, '2022-01-03 18:00:10.543725', '2022-01-03 18:00:10.543725', 88, '广告文案');
UPDATE `loan_job` SET `created_at` = '2022-01-03 18:00:10.543725', `updated_at` = '2022-01-03 18:00:10.543725', `company_id` = 88, `position` = '广告' WHERE `loan_job`.`id` = 1904;
INSERT INTO `loan_job` (`id`, `created_at`, `updated_at`, `company_id`, `position`) VALUES (1904, '2022-01-03 18:00:10.543725', '2022-01-03 18:00:10.543725', 88, '广告');
UPDATE `loan_job` SET `created_at` = '2022-01-03 18:00:10.543725', `updated_at` = '2022-01-03 19:42:14.037108', `company_id` = 88, `position` = '灯光师' WHERE `loan_job`.`id` = 1905;
INSERT INTO `loan_job` (`id`, `created_at`, `updated_at`, `company_id`, `position`) VALUES (1905, '2022-01-03 18:00:10.543725', '2022-01-03 19:42:14.037108', 88, '灯光师');
UPDATE `loan_job` SET `created_at` = '2022-01-03 18:00:10.543725', `updated_at` = '2022-01-03 18:00:10.543725', `company_id` = 88, `position` = '出版发行' WHERE `loan_job`.`id` = 1906;
INSERT INTO `loan_job` (`id`, `created_at`, `updated_at`, `company_id`, `position`) VALUES (1906, '2022-01-03 18:00:10.543725', '2022-01-03 18:00:10.543725', 88, '出版发行');
UPDATE `loan_job` SET `created_at` = '2022-01-03 18:00:10.543725', `updated_at` = '2022-01-03 21:14:13.990768', `company_id` = 88, `position` = '广告/会展项目经理' WHERE `loan_job`.`id` = 1907;
INSERT INTO `loan_job` (`id`, `created_at`, `updated_at`, `company_id`, `position`) VALUES (1907, '2022-01-03 18:00:10.543725', '2022-01-03 21:14:13.990768', 88, '广告/会展项目经理');
UPDATE `loan_job` SET `created_at` = '2022-01-03 23:22:31.909835', `updated_at` = '2022-01-03 23:22:31.909835', `company_id` = 88, `position` = '会务会展' WHERE `loan_job`.`id` = 1908;
INSERT INTO `loan_job` (`id`, `created_at`, `updated_at`, `company_id`, `position`) VALUES (1908, '2022-01-03 23:22:31.909835', '2022-01-03 23:22:31.909835', 88, '会务会展');
UPDATE `loan_job` SET `created_at` = '2022-01-03 18:00:10.543725', `updated_at` = '2022-01-03 18:00:10.543725', `company_id` = 88, `position` = '撰稿人' WHERE `loan_job`.`id` = 1909;
INSERT INTO `loan_job` (`id`, `created_at`, `updated_at`, `company_id`, `position`) VALUES (1909, '2022-01-03 18:00:10.543725', '2022-01-03 18:00:10.543725', 88, '撰稿人');
UPDATE `loan_job` SET `created_at` = '2022-01-03 18:00:10.543725', `updated_at` = '2022-01-03 18:00:10.543725', `company_id` = 88, `position` = '摄影/摄像' WHERE `loan_job`.`id` = 1910;
INSERT INTO `loan_job` (`id`, `created_at`, `updated_at`, `company_id`, `position`) VALUES (1910, '2022-01-03 18:00:10.543725', '2022-01-03 18:00:10.543725', 88, '摄影/摄像');
UPDATE `loan_job` SET `created_at` = '2022-01-03 18:00:10.543725', `updated_at` = '2022-01-03 23:32:36.443194', `company_id` = 88, `position` = '媒介专员' WHERE `loan_job`.`id` = 1911;
INSERT INTO `loan_job` (`id`, `created_at`, `updated_at`, `company_id`, `position`) VALUES (1911, '2022-01-03 18:00:10.543725', '2022-01-03 23:32:36.443194', 88, '媒介专员');
UPDATE `loan_job` SET `created_at` = '2022-01-03 18:00:10.543725', `updated_at` = '2022-01-03 18:00:10.543725', `company_id` = 88, `position` = '品牌公关' WHERE `loan_job`.`id` = 1912;
INSERT INTO `loan_job` (`id`, `created_at`, `updated_at`, `company_id`, `position`) VALUES (1912, '2022-01-03 18:00:10.543725', '2022-01-03 18:00:10.543725', 88, '品牌公关');
UPDATE `loan_job` SET `created_at` = '2022-01-03 18:00:10.543725', `updated_at` = '2022-01-03 18:00:10.543725', `company_id` = 88, `position` = '主播助理' WHERE `loan_job`.`id` = 1913;
INSERT INTO `loan_job` (`id`, `created_at`, `updated_at`, `company_id`, `position`) VALUES (1913, '2022-01-03 18:00:10.543725', '2022-01-03 18:00:10.543725', 88, '主播助理');
UPDATE `loan_job` SET `created_at` = '2022-01-03 19:15:46.579944', `updated_at` = '2022-01-03 19:15:46.579944', `company_id` = 88, `position` = '主持人/DJ' WHERE `loan_job`.`id` = 1914;
INSERT INTO `loan_job` (`id`, `created_at`, `updated_at`, `company_id`, `position`) VALUES (1914, '2022-01-03 19:15:46.579944', '2022-01-03 19:15:46.579944', 88, '主持人/DJ');
UPDATE `loan_job` SET `created_at` = '2022-01-03 18:00:10.543725', `updated_at` = '2022-01-03 18:00:10.543725', `company_id` = 88, `position` = '自媒体' WHERE `loan_job`.`id` = 1915;
INSERT INTO `loan_job` (`id`, `created_at`, `updated_at`, `company_id`, `position`) VALUES (1915, '2022-01-03 18:00:10.543725', '2022-01-03 18:00:10.543725', 88, '自媒体');
UPDATE `loan_job` SET `created_at` = '2022-01-03 19:02:20.837054', `updated_at` = '2022-01-03 19:02:20.837054', `company_id` = 88, `position` = '媒介投放' WHERE `loan_job`.`id` = 1916;
INSERT INTO `loan_job` (`id`, `created_at`, `updated_at`, `company_id`, `position`) VALUES (1916, '2022-01-03 19:02:20.837054', '2022-01-03 19:02:20.837054', 88, '媒介投放');
UPDATE `loan_job` SET `created_at` = '2022-01-03 18:00:10.543725', `updated_at` = '2022-01-03 18:00:10.543725', `company_id` = 88, `position` = '执行制片人' WHERE `loan_job`.`id` = 1917;
INSERT INTO `loan_job` (`id`, `created_at`, `updated_at`, `company_id`, `position`) VALUES (1917, '2022-01-03 18:00:10.543725', '2022-01-03 18:00:10.543725', 88, '执行制片人');
UPDATE `loan_job` SET `created_at` = '2022-01-03 18:00:10.543725', `updated_at` = '2022-01-03 18:38:32.873104', `company_id` = 88, `position` = '录音/音效' WHERE `loan_job`.`id` = 1918;
INSERT INTO `loan_job` (`id`, `created_at`, `updated_at`, `company_id`, `position`) VALUES (1918, '2022-01-03 18:00:10.543725', '2022-01-03 18:38:32.873104', 88, '录音/音效');
UPDATE `loan_job` SET `created_at` = '2022-01-03 18:00:10.543725', `updated_at` = '2022-01-03 19:14:24.437314', `company_id` = 88, `position` = '导演/编导' WHERE `loan_job`.`id` = 1919;
INSERT INTO `loan_job` (`id`, `created_at`, `updated_at`, `company_id`, `position`) VALUES (1919, '2022-01-03 18:00:10.543725', '2022-01-03 19:14:24.437314', 88, '导演/编导');
UPDATE `loan_job` SET `created_at` = '2022-01-03 18:00:10.543725', `updated_at` = '2022-01-03 20:30:24.988070', `company_id` = 88, `position` = '美术指导' WHERE `loan_job`.`id` = 1920;
INSERT INTO `loan_job` (`id`, `created_at`, `updated_at`, `company_id`, `position`) VALUES (1920, '2022-01-03 18:00:10.543725', '2022-01-03 20:30:24.988070', 88, '美术指导');
UPDATE `loan_job` SET `created_at` = '2022-01-03 18:00:10.543725', `updated_at` = '2022-01-03 18:00:10.543725', `company_id` = 88, `position` = '会议活动策划' WHERE `loan_job`.`id` = 1921;
INSERT INTO `loan_job` (`id`, `created_at`, `updated_at`, `company_id`, `position`) VALUES (1921, '2022-01-03 18:00:10.543725', '2022-01-03 18:00:10.543725', 88, '会议活动策划');
UPDATE `loan_job` SET `created_at` = '2022-01-03 18:00:10.543725', `updated_at` = '2022-01-03 23:11:59.020505', `company_id` = 88, `position` = '广告审核' WHERE `loan_job`.`id` = 1922;
INSERT INTO `loan_job` (`id`, `created_at`, `updated_at`, `company_id`, `position`) VALUES (1922, '2022-01-03 18:00:10.543725', '2022-01-03 23:11:59.020505', 88, '广告审核');
UPDATE `loan_job` SET `created_at` = '2022-01-03 18:00:10.543725', `updated_at` = '2022-01-03 18:00:10.543725', `company_id` = 88, `position` = '活动策划执行' WHERE `loan_job`.`id` = 1923;
INSERT INTO `loan_job` (`id`, `created_at`, `updated_at`, `company_id`, `position`) VALUES (1923, '2022-01-03 18:00:10.543725', '2022-01-03 18:00:10.543725', 88, '活动策划执行');
UPDATE `loan_job` SET `created_at` = '2022-01-03 18:00:10.543725', `updated_at` = '2022-01-03 18:00:10.543725', `company_id` = 88, `position` = '制片人' WHERE `loan_job`.`id` = 1924;
INSERT INTO `loan_job` (`id`, `created_at`, `updated_at`, `company_id`, `position`) VALUES (1924, '2022-01-03 18:00:10.543725', '2022-01-03 18:00:10.543725', 88, '制片人');
UPDATE `loan_job` SET `created_at` = '2022-01-03 18:00:10.543725', `updated_at` = '2022-01-03 18:00:10.543725', `company_id` = 88, `position` = '影视策划' WHERE `loan_job`.`id` = 1925;
INSERT INTO `loan_job` (`id`, `created_at`, `updated_at`, `company_id`, `position`) VALUES (1925, '2022-01-03 18:00:10.543725', '2022-01-03 18:00:10.543725', 88, '影视策划');
UPDATE `loan_job` SET `created_at` = '2022-01-03 18:00:10.543725', `updated_at` = '2022-01-03 19:50:42.688342', `company_id` = 88, `position` = '广告设计师' WHERE `loan_job`.`id` = 1926;
INSERT INTO `loan_job` (`id`, `created_at`, `updated_at`, `company_id`, `position`) VALUES (1926, '2022-01-03 18:00:10.543725', '2022-01-03 19:50:42.688342', 88, '广告设计师');
UPDATE `loan_job` SET `created_at` = '2022-01-03 21:54:28.583801', `updated_at` = '2022-01-03 21:54:28.583801', `company_id` = 88, `position` = '化妆/造型/服装' WHERE `loan_job`.`id` = 1927;
INSERT INTO `loan_job` (`id`, `created_at`, `updated_at`, `company_id`, `position`) VALUES (1927, '2022-01-03 21:54:28.583801', '2022-01-03 21:54:28.583801', 88, '化妆/造型/服装');
UPDATE `loan_job` SET `created_at` = '2022-01-03 18:00:10.543725', `updated_at` = '2022-01-03 18:00:10.543725', `company_id` = 88, `position` = '影视媒体' WHERE `loan_job`.`id` = 1928;
INSERT INTO `loan_job` (`id`, `created_at`, `updated_at`, `company_id`, `position`) VALUES (1928, '2022-01-03 18:00:10.543725', '2022-01-03 18:00:10.543725', 88, '影视媒体');
UPDATE `loan_job` SET `created_at` = '2022-01-03 18:00:10.543725', `updated_at` = '2022-01-03 23:22:38.785460', `company_id` = 88, `position` = '演员/配音/模特' WHERE `loan_job`.`id` = 1929;
INSERT INTO `loan_job` (`id`, `created_at`, `updated_at`, `company_id`, `position`) VALUES (1929, '2022-01-03 18:00:10.543725', '2022-01-03 23:22:38.785460', 88, '演员/配音/模特');
UPDATE `loan_job` SET `created_at` = '2022-01-03 21:15:48.691458', `updated_at` = '2022-01-03 21:15:48.691458', `company_id` = 88, `position` = '音频编辑' WHERE `loan_job`.`id` = 1930;
INSERT INTO `loan_job` (`id`, `created_at`, `updated_at`, `company_id`, `position`) VALUES (1930, '2022-01-03 21:15:48.691458', '2022-01-03 21:15:48.691458', 88, '音频编辑');
UPDATE `loan_job` SET `created_at` = '2022-01-03 18:00:10.543725', `updated_at` = '2022-01-03 18:02:01.188008', `company_id` = 88, `position` = '影视制作' WHERE `loan_job`.`id` = 1931;
INSERT INTO `loan_job` (`id`, `created_at`, `updated_at`, `company_id`, `position`) VALUES (1931, '2022-01-03 18:00:10.543725', '2022-01-03 18:02:01.188008', 88, '影视制作');
UPDATE `loan_job` SET `created_at` = '2022-01-03 18:00:10.543725', `updated_at` = '2022-01-03 18:00:10.543725', `company_id` = 88, `position` = '后期制作' WHERE `loan_job`.`id` = 1932;
INSERT INTO `loan_job` (`id`, `created_at`, `updated_at`, `company_id`, `position`) VALUES (1932, '2022-01-03 18:00:10.543725', '2022-01-03 18:00:10.543725', 88, '后期制作');
UPDATE `loan_job` SET `created_at` = '2022-01-03 18:00:10.543725', `updated_at` = '2022-01-03 18:00:10.543725', `company_id` = 88, `position` = '媒介经理' WHERE `loan_job`.`id` = 1933;
INSERT INTO `loan_job` (`id`, `created_at`, `updated_at`, `company_id`, `position`) VALUES (1933, '2022-01-03 18:00:10.543725', '2022-01-03 18:00:10.543725', 88, '媒介经理');
UPDATE `loan_job` SET `created_at` = '2022-01-03 18:00:10.543725', `updated_at` = '2022-01-03 18:48:25.495755', `company_id` = 88, `position` = '排版设计' WHERE `loan_job`.`id` = 1934;
INSERT INTO `loan_job` (`id`, `created_at`, `updated_at`, `company_id`, `position`) VALUES (1934, '2022-01-03 18:00:10.543725', '2022-01-03 18:48:25.495755', 88, '排版设计');
UPDATE `loan_job` SET `created_at` = '2022-01-03 21:45:15.694729', `updated_at` = '2022-01-03 21:45:15.694729', `company_id` = 88, `position` = '影视发行' WHERE `loan_job`.`id` = 1935;
INSERT INTO `loan_job` (`id`, `created_at`, `updated_at`, `company_id`, `position`) VALUES (1935, '2022-01-03 21:45:15.694729', '2022-01-03 21:45:15.694729', 88, '影视发行');
UPDATE `loan_job` SET `created_at` = '2022-01-03 19:18:18.137405', `updated_at` = '2022-01-03 19:33:31.601851', `company_id` = 88, `position` = '记者' WHERE `loan_job`.`id` = 1936;
INSERT INTO `loan_job` (`id`, `created_at`, `updated_at`, `company_id`, `position`) VALUES (1936, '2022-01-03 19:18:18.137405', '2022-01-03 19:33:31.601851', 88, '记者');
UPDATE `loan_address` SET `created_at` = '2022-01-03 06:10:33.384525', `updated_at` = '2022-01-03 06:10:33.384525', `province` = '黑龙江省', `city` = '哈尔滨市', `county` = '阿城区', `town` = '舍利街道办事处', `detail` = '白渡桥菊园五街坊71号' WHERE `loan_address`.`id` = 9205;
INSERT INTO `loan_address` (`id`, `created_at`, `updated_at`, `province`, `city`, `county`, `town`, `detail`) VALUES (9205, '2022-01-03 06:10:33.384525', '2022-01-03 06:10:33.384525', '黑龙江省', '哈尔滨市', '阿城区', '舍利街道办事处', '白渡桥菊园五街坊71号');
UPDATE `loan_customer` SET `created_at` = '2022-01-03 06:10:33.384525', `updated_at` = '2022-01-03 08:10:58.831647', `name` = '江基', `id_number` = '231137686620731616', `gender` = 'm', `birthday` = '2002-05-07', `address_id` = 9205, `job_id` = 1895, `salary` = 18000 WHERE `loan_customer`.`id` = 5719;
INSERT INTO `loan_customer` (`id`, `created_at`, `updated_at`, `name`, `id_number`, `gender`, `birthday`, `address_id`, `job_id`, `salary`) VALUES (5719, '2022-01-03 06:10:33.384525', '2022-01-03 08:10:58.831647', '江基', '231137686620731616', 'm', '2002-05-07', 9205, 1895, 18000);
UPDATE `loan_car` SET `created_at` = '2022-01-03 06:25:47.682489', `updated_at` = '2022-01-03 06:25:47.682489', `customer_id` = 5719, `model_id` = 58, `vin_number` = '890130440890534281', `date_produced` = '2021-04-19', `value_estimated` = 440000 WHERE `loan_car`.`id` = 4601;
INSERT INTO `loan_car` (`id`, `created_at`, `updated_at`, `customer_id`, `model_id`, `vin_number`, `date_produced`, `value_estimated`) VALUES (4601, '2022-01-03 06:25:47.682489', '2022-01-03 06:25:47.682489', 5719, 58, '890130440890534281', '2021-04-19', 440000);
UPDATE `loan_car` SET `created_at` = '2022-01-03 08:22:37.451196', `updated_at` = '2022-01-03 08:22:37.451196', `customer_id` = 5719, `model_id` = 5, `vin_number` = '849335565403910864', `date_produced` = '2013-05-08', `value_estimated` = 280000 WHERE `loan_car`.`id` = 4602;
INSERT INTO `loan_car` (`id`, `created_at`, `updated_at`, `customer_id`, `model_id`, `vin_number`, `date_produced`, `value_estimated`) VALUES (4602, '2022-01-03 08:22:37.451196', '2022-01-03 08:22:37.451196', 5719, 5, '849335565403910864', '2013-05-08', 280000);
UPDATE `loan_account` SET `created_at` = '2022-01-03 08:59:57.313541', `updated_at` = '2022-01-03 08:59:57.313541', `customer_id` = 5719, `number` = '322464538496647147', `balance` = 62717 WHERE `loan_account`.`id` = 5232;
INSERT INTO `loan_account` (`id`, `created_at`, `updated_at`, `customer_id`, `number`, `balance`) VALUES (5232, '2022-01-03 08:59:57.313541', '2022-01-03 08:59:57.313541', 5719, '322464538496647147', 62717);
UPDATE `loan_address` SET `created_at` = '2022-01-03 12:19:01.951727', `updated_at` = '2022-01-03 12:19:01.951727', `province` = '北京市', `city` = '市辖区', `county` = '房山区', `town` = '东风街道办事处', `detail` = '爱国路186号' WHERE `loan_address`.`id` = 9206;
INSERT INTO `loan_address` (`id`, `created_at`, `updated_at`, `province`, `city`, `county`, `town`, `detail`) VALUES (9206, '2022-01-03 12:19:01.951727', '2022-01-03 12:19:01.951727', '北京市', '市辖区', '房山区', '东风街道办事处', '爱国路186号');
UPDATE `loan_customer` SET `created_at` = '2022-01-03 12:19:01.951727', `updated_at` = '2022-01-03 23:45:32.527077', `name` = '马瑾琳', `id_number` = '851308795516466771', `gender` = 'm', `birthday` = '1997-06-18', `address_id` = 9206, `job_id` = 1895, `salary` = 8000 WHERE `loan_customer`.`id` = 5720;
INSERT INTO `loan_customer` (`id`, `created_at`, `updated_at`, `name`, `id_number`, `gender`, `birthday`, `address_id`, `job_id`, `salary`) VALUES (5720, '2022-01-03 12:19:01.951727', '2022-01-03 23:45:32.527077', '马瑾琳', '851308795516466771', 'm', '1997-06-18', 9206, 1895, 8000);
UPDATE `loan_address` SET `created_at` = '2022-01-03 00:13:19.125728', `updated_at` = '2022-01-03 00:13:19.125728', `province` = '山西省', `city` = '太原市', `county` = '尖草坪区', `town` = '西焉乡', `detail` = '保德路住友嘉馨名园143号' WHERE `loan_address`.`id` = 9207;
INSERT INTO `loan_address` (`id`, `created_at`, `updated_at`, `province`, `city`, `county`, `town`, `detail`) VALUES (9207, '2022-01-03 00:13:19.125728', '2022-01-03 00:13:19.125728', '山西省', '太原市', '尖草坪区', '西焉乡', '保德路住友嘉馨名园143号');
UPDATE `loan_customer` SET `created_at` = '2022-01-03 00:13:19.125728', `updated_at` = '2022-01-03 00:13:19.125728', `name` = '武敏叡', `id_number` = '584573410138649626', `gender` = 'm', `birthday` = '1995-08-25', `address_id` = 9207, `job_id` = 1895, `salary` = 75000 WHERE `loan_customer`.`id` = 5721;
INSERT INTO `loan_customer` (`id`, `created_at`, `updated_at`, `name`, `id_number`, `gender`, `birthday`, `address_id`, `job_id`, `salary`) VALUES (5721, '2022-01-03 00:13:19.125728', '2022-01-03 00:13:19.125728', '武敏叡', '584573410138649626', 'm', '1995-08-25', 9207, 1895, 75000);
UPDATE `loan_address` SET `created_at` = '2022-01-03 23:51:11.722082', `updated_at` = '2022-01-03 23:51:11.722082', `province` = '河南省', `city` = '商丘市', `county` = '永城市', `town` = '条河乡', `detail` = '百花街爱里舍花园58号' WHERE `loan_address`.`id` = 9208;
INSERT INTO `loan_address` (`id`, `created_at`, `updated_at`, `province`, `city`, `county`, `town`, `detail`) VALUES (9208, '2022-01-03 23:51:11.722082', '2022-01-03 23:51:11.722082', '河南省', '商丘市', '永城市', '条河乡', '百花街爱里舍花园58号');
UPDATE `loan_estate` SET `created_at` = '2022-01-03 23:51:11.722082', `updated_at` = '2022-01-03 23:51:11.722082', `customer_id` = 5721, `address_id` = 9208 WHERE `loan_estate`.`id` = 3399;
INSERT INTO `loan_estate` (`id`, `created_at`, `updated_at`, `customer_id`, `address_id`) VALUES (3399, '2022-01-03 23:51:11.722082', '2022-01-03 23:51:11.722082', 5721, 9208);
UPDATE `loan_car` SET `created_at` = '2022-01-03 06:02:58.582474', `updated_at` = '2022-01-03 06:04:00.700778', `customer_id` = 5721, `model_id` = 275, `vin_number` = '402910309682622973', `date_produced` = '2017-10-13', `value_estimated` = 480000 WHERE `loan_car`.`id` = 4603;
INSERT INTO `loan_car` (`id`, `created_at`, `updated_at`, `customer_id`, `model_id`, `vin_number`, `date_produced`, `value_estimated`) VALUES (4603, '2022-01-03 06:02:58.582474', '2022-01-03 06:04:00.700778', 5721, 275, '402910309682622973', '2017-10-13', 480000);
UPDATE `loan_account` SET `created_at` = '2022-01-03 07:42:07.614977', `updated_at` = '2022-01-03 08:39:55.852601', `customer_id` = 5721, `number` = '122395266429557476', `balance` = 50146 WHERE `loan_account`.`id` = 5233;
INSERT INTO `loan_account` (`id`, `created_at`, `updated_at`, `customer_id`, `number`, `balance`) VALUES (5233, '2022-01-03 07:42:07.614977', '2022-01-03 08:39:55.852601', 5721, '122395266429557476', 50146);
UPDATE `loan_address` SET `created_at` = '2022-01-03 03:04:38.754466', `updated_at` = '2022-01-03 03:04:38.754466', `province` = '西藏自治区', `city` = '阿里地区', `county` = '措勤县', `town` = '曲洛乡', `detail` = '白玉路耀江花园126号' WHERE `loan_address`.`id` = 9209;
INSERT INTO `loan_address` (`id`, `created_at`, `updated_at`, `province`, `city`, `county`, `town`, `detail`) VALUES (9209, '2022-01-03 03:04:38.754466', '2022-01-03 03:04:38.754466', '西藏自治区', '阿里地区', '措勤县', '曲洛乡', '白玉路耀江花园126号');
UPDATE `loan_customer` SET `created_at` = '2022-01-03 03:04:38.754466', `updated_at` = '2022-01-03 06:35:33.353216', `name` = '钱依丝', `id_number` = '911384570763614037', `gender` = 'f', `birthday` = '1995-11-07', `address_id` = 9209, `job_id` = 1895, `salary` = 11000 WHERE `loan_customer`.`id` = 5722;
INSERT INTO `loan_customer` (`id`, `created_at`, `updated_at`, `name`, `id_number`, `gender`, `birthday`, `address_id`, `job_id`, `salary`) VALUES (5722, '2022-01-03 03:04:38.754466', '2022-01-03 06:35:33.353216', '钱依丝', '911384570763614037', 'f', '1995-11-07', 9209, 1895, 11000);
UPDATE `loan_chattel` SET `created_at` = '2022-01-03 21:59:20.937543', `updated_at` = '2022-01-03 21:59:20.937543', `customer_id` = 5722, `type` = 'bond', `description` = '一些信息', `value_amount` = 210000, `expired_at` = '2031-12-15' WHERE `loan_chattel`.`id` = 1681;
INSERT INTO `loan_chattel` (`id`, `created_at`, `updated_at`, `customer_id`, `type`, `description`, `value_amount`, `expired_at`) VALUES (1681, '2022-01-03 21:59:20.937543', '2022-01-03 21:59:20.937543', 5722, 'bond', '一些信息', 210000, '2031-12-15');
UPDATE `loan_account` SET `created_at` = '2022-01-03 17:14:02.085972', `updated_at` = '2022-01-03 21:30:15.946929', `customer_id` = 5722, `number` = '004438367620251237', `balance` = 44266 WHERE `loan_account`.`id` = 5234;
INSERT INTO `loan_account` (`id`, `created_at`, `updated_at`, `customer_id`, `number`, `balance`) VALUES (5234, '2022-01-03 17:14:02.085972', '2022-01-03 21:30:15.946929', 5722, '004438367620251237', 44266);
UPDATE `loan_address` SET `created_at` = '2022-01-03 08:12:43.133101', `updated_at` = '2022-01-03 08:12:43.133101', `province` = '上海市', `city` = '市辖区', `county` = '松江区', `town` = '永丰街道', `detail` = '安业路25号' WHERE `loan_address`.`id` = 9210;
INSERT INTO `loan_address` (`id`, `created_at`, `updated_at`, `province`, `city`, `county`, `town`, `detail`) VALUES (9210, '2022-01-03 08:12:43.133101', '2022-01-03 08:12:43.133101', '上海市', '市辖区', '松江区', '永丰街道', '安业路25号');
UPDATE `loan_customer` SET `created_at` = '2022-01-03 08:12:43.133101', `updated_at` = '2022-01-03 09:30:17.220763', `name` = '贺隽洁', `id_number` = '498741730328337866', `gender` = 'm', `birthday` = '1987-12-19', `address_id` = 9210, `job_id` = 1896, `salary` = 10000 WHERE `loan_customer`.`id` = 5723;
INSERT INTO `loan_customer` (`id`, `created_at`, `updated_at`, `name`, `id_number`, `gender`, `birthday`, `address_id`, `job_id`, `salary`) VALUES (5723, '2022-01-03 08:12:43.133101', '2022-01-03 09:30:17.220763', '贺隽洁', '498741730328337866', 'm', '1987-12-19', 9210, 1896, 10000);
UPDATE `loan_address` SET `created_at` = '2022-01-03 08:26:49.674178', `updated_at` = '2022-01-03 08:26:49.674178', `province` = '西藏自治区', `city` = '阿里地区', `county` = '措勤县', `town` = '曲洛乡', `detail` = '百花街协通公寓141号' WHERE `loan_address`.`id` = 9211;
INSERT INTO `loan_address` (`id`, `created_at`, `updated_at`, `province`, `city`, `county`, `town`, `detail`) VALUES (9211, '2022-01-03 08:26:49.674178', '2022-01-03 08:26:49.674178', '西藏自治区', '阿里地区', '措勤县', '曲洛乡', '百花街协通公寓141号');
UPDATE `loan_estate` SET `created_at` = '2022-01-03 08:26:49.674178', `updated_at` = '2022-01-03 08:26:49.674178', `customer_id` = 5723, `address_id` = 9211 WHERE `loan_estate`.`id` = 3400;
INSERT INTO `loan_estate` (`id`, `created_at`, `updated_at`, `customer_id`, `address_id`) VALUES (3400, '2022-01-03 08:26:49.674178', '2022-01-03 08:26:49.674178', 5723, 9211);
UPDATE `loan_car` SET `created_at` = '2022-01-03 13:27:45.250340', `updated_at` = '2022-01-03 23:04:24.241375', `customer_id` = 5723, `model_id` = 38, `vin_number` = '977267278756387509', `date_produced` = '2018-02-18', `value_estimated` = 640000 WHERE `loan_car`.`id` = 4604;
INSERT INTO `loan_car` (`id`, `created_at`, `updated_at`, `customer_id`, `model_id`, `vin_number`, `date_produced`, `value_estimated`) VALUES (4604, '2022-01-03 13:27:45.250340', '2022-01-03 23:04:24.241375', 5723, 38, '977267278756387509', '2018-02-18', 640000);
UPDATE `loan_account` SET `created_at` = '2022-01-03 08:42:45.627159', `updated_at` = '2022-01-03 16:22:09.016497', `customer_id` = 5723, `number` = '471180780389219382', `balance` = 36022 WHERE `loan_account`.`id` = 5235;
INSERT INTO `loan_account` (`id`, `created_at`, `updated_at`, `customer_id`, `number`, `balance`) VALUES (5235, '2022-01-03 08:42:45.627159', '2022-01-03 16:22:09.016497', 5723, '471180780389219382', 36022);
UPDATE `loan_address` SET `created_at` = '2022-01-03 18:23:58.307012', `updated_at` = '2022-01-03 18:23:58.307012', `province` = '甘肃省', `city` = '武威市', `county` = '天祝藏族自治县', `town` = '松山镇', `detail` = '安龙路175号' WHERE `loan_address`.`id` = 9212;
INSERT INTO `loan_address` (`id`, `created_at`, `updated_at`, `province`, `city`, `county`, `town`, `detail`) VALUES (9212, '2022-01-03 18:23:58.307012', '2022-01-03 18:23:58.307012', '甘肃省', '武威市', '天祝藏族自治县', '松山镇', '安龙路175号');
UPDATE `loan_customer` SET `created_at` = '2022-01-03 18:23:58.307012', `updated_at` = '2022-01-03 22:24:55.052239', `name` = '崔娉', `id_number` = '910610834476532449', `gender` = 'm', `birthday` = '1997-01-09', `address_id` = 9212, `job_id` = 1896, `salary` = 18000 WHERE `loan_customer`.`id` = 5724;
INSERT INTO `loan_customer` (`id`, `created_at`, `updated_at`, `name`, `id_number`, `gender`, `birthday`, `address_id`, `job_id`, `salary`) VALUES (5724, '2022-01-03 18:23:58.307012', '2022-01-03 22:24:55.052239', '崔娉', '910610834476532449', 'm', '1997-01-09', 9212, 1896, 18000);
UPDATE `loan_car` SET `created_at` = '2022-01-03 23:49:40.968628', `updated_at` = '2022-01-03 23:49:40.968628', `customer_id` = 5724, `model_id` = 287, `vin_number` = '736888060999719989', `date_produced` = '2015-02-18', `value_estimated` = 500000 WHERE `loan_car`.`id` = 4605;
INSERT INTO `loan_car` (`id`, `created_at`, `updated_at`, `customer_id`, `model_id`, `vin_number`, `date_produced`, `value_estimated`) VALUES (4605, '2022-01-03 23:49:40.968628', '2022-01-03 23:49:40.968628', 5724, 287, '736888060999719989', '2015-02-18', 500000);
UPDATE `loan_account` SET `created_at` = '2022-01-03 23:50:30.137031', `updated_at` = '2022-01-03 23:50:51.771074', `customer_id` = 5724, `number` = '540072778421260816', `balance` = 142239 WHERE `loan_account`.`id` = 5236;
INSERT INTO `loan_account` (`id`, `created_at`, `updated_at`, `customer_id`, `number`, `balance`) VALUES (5236, '2022-01-03 23:50:30.137031', '2022-01-03 23:50:51.771074', 5724, '540072778421260816', 142239);
UPDATE `loan_address` SET `created_at` = '2022-01-03 20:24:17.915416', `updated_at` = '2022-01-03 20:24:17.915416', `province` = '西藏自治区', `city` = '阿里地区', `county` = '措勤县', `town` = '曲洛乡', `detail` = '百官街104号' WHERE `loan_address`.`id` = 9213;
INSERT INTO `loan_address` (`id`, `created_at`, `updated_at`, `province`, `city`, `county`, `town`, `detail`) VALUES (9213, '2022-01-03 20:24:17.915416', '2022-01-03 20:24:17.915416', '西藏自治区', '阿里地区', '措勤县', '曲洛乡', '百官街104号');
UPDATE `loan_customer` SET `created_at` = '2022-01-03 20:24:17.915416', `updated_at` = '2022-01-03 20:24:17.915416', `name` = '朱雄', `id_number` = '709284746444865821', `gender` = 'm', `birthday` = '2007-11-10', `address_id` = 9213, `job_id` = 1896, `salary` = 56000 WHERE `loan_customer`.`id` = 5725;
INSERT INTO `loan_customer` (`id`, `created_at`, `updated_at`, `name`, `id_number`, `gender`, `birthday`, `address_id`, `job_id`, `salary`) VALUES (5725, '2022-01-03 20:24:17.915416', '2022-01-03 20:24:17.915416', '朱雄', '709284746444865821', 'm', '2007-11-10', 9213, 1896, 56000);
UPDATE `loan_chattel` SET `created_at` = '2022-01-03 23:27:21.987990', `updated_at` = '2022-01-03 23:27:21.987990', `customer_id` = 5725, `type` = 'receivable', `description` = '一些信息', `value_amount` = 100000, `expired_at` = '2031-09-20' WHERE `loan_chattel`.`id` = 1682;
INSERT INTO `loan_chattel` (`id`, `created_at`, `updated_at`, `customer_id`, `type`, `description`, `value_amount`, `expired_at`) VALUES (1682, '2022-01-03 23:27:21.987990', '2022-01-03 23:27:21.987990', 5725, 'receivable', '一些信息', 100000, '2031-09-20');
UPDATE `loan_chattel` SET `created_at` = '2022-01-03 22:08:25.667919', `updated_at` = '2022-01-03 22:49:21.613705', `customer_id` = 5725, `type` = 'trademark', `description` = '一些信息', `value_amount` = 310000, `expired_at` = '2020-05-18' WHERE `loan_chattel`.`id` = 1683;
INSERT INTO `loan_chattel` (`id`, `created_at`, `updated_at`, `customer_id`, `type`, `description`, `value_amount`, `expired_at`) VALUES (1683, '2022-01-03 22:08:25.667919', '2022-01-03 22:49:21.613705', 5725, 'trademark', '一些信息', 310000, '2020-05-18');
UPDATE `loan_address` SET `created_at` = '2022-01-03 23:28:24.377922', `updated_at` = '2022-01-03 23:28:24.377922', `province` = '甘肃省', `city` = '平凉市', `county` = '庄浪县', `town` = '南湖镇', `detail` = '爱国路耀江花园49号' WHERE `loan_address`.`id` = 9214;
INSERT INTO `loan_address` (`id`, `created_at`, `updated_at`, `province`, `city`, `county`, `town`, `detail`) VALUES (9214, '2022-01-03 23:28:24.377922', '2022-01-03 23:28:24.377922', '甘肃省', '平凉市', '庄浪县', '南湖镇', '爱国路耀江花园49号');
UPDATE `loan_estate` SET `created_at` = '2022-01-03 23:28:24.377922', `updated_at` = '2022-01-03 23:28:24.377922', `customer_id` = 5725, `address_id` = 9214 WHERE `loan_estate`.`id` = 3401;
INSERT INTO `loan_estate` (`id`, `created_at`, `updated_at`, `customer_id`, `address_id`) VALUES (3401, '2022-01-03 23:28:24.377922', '2022-01-03 23:28:24.377922', 5725, 9214);
UPDATE `loan_car` SET `created_at` = '2022-01-03 20:33:40.191234', `updated_at` = '2022-01-03 21:01:52.631909', `customer_id` = 5725, `model_id` = 65, `vin_number` = '696562804023547707', `date_produced` = '2010-09-21', `value_estimated` = 800000 WHERE `loan_car`.`id` = 4606;
INSERT INTO `loan_car` (`id`, `created_at`, `updated_at`, `customer_id`, `model_id`, `vin_number`, `date_produced`, `value_estimated`) VALUES (4606, '2022-01-03 20:33:40.191234', '2022-01-03 21:01:52.631909', 5725, 65, '696562804023547707', '2010-09-21', 800000);
UPDATE `loan_address` SET `created_at` = '2022-01-03 23:35:33.384165', `updated_at` = '2022-01-03 23:35:33.384165', `province` = '河北省', `city` = '秦皇岛市', `county` = '海港区', `town` = '东环路街道办事处', `detail` = '白玉路真新六街坊129号' WHERE `loan_address`.`id` = 9215;
INSERT INTO `loan_address` (`id`, `created_at`, `updated_at`, `province`, `city`, `county`, `town`, `detail`) VALUES (9215, '2022-01-03 23:35:33.384165', '2022-01-03 23:35:33.384165', '河北省', '秦皇岛市', '海港区', '东环路街道办事处', '白玉路真新六街坊129号');
UPDATE `loan_customer` SET `created_at` = '2022-01-03 23:35:33.384165', `updated_at` = '2022-01-03 23:42:14.948923', `name` = '万代亦', `id_number` = '579620905477596149', `gender` = 'f', `birthday` = '1994-03-19', `address_id` = 9215, `job_id` = 1896, `salary` = 82000 WHERE `loan_customer`.`id` = 5726;
INSERT INTO `loan_customer` (`id`, `created_at`, `updated_at`, `name`, `id_number`, `gender`, `birthday`, `address_id`, `job_id`, `salary`) VALUES (5726, '2022-01-03 23:35:33.384165', '2022-01-03 23:42:14.948923', '万代亦', '579620905477596149', 'f', '1994-03-19', 9215, 1896, 82000);
UPDATE `loan_chattel` SET `created_at` = '2022-01-03 23:36:29.266336', `updated_at` = '2022-01-03 23:47:11.276858', `customer_id` = 5726, `type` = 'fund', `description` = '一些信息', `value_amount` = 20000, `expired_at` = '2034-06-21' WHERE `loan_chattel`.`id` = 1684;
INSERT INTO `loan_chattel` (`id`, `created_at`, `updated_at`, `customer_id`, `type`, `description`, `value_amount`, `expired_at`) VALUES (1684, '2022-01-03 23:36:29.266336', '2022-01-03 23:47:11.276858', 5726, 'fund', '一些信息', 20000, '2034-06-21');
UPDATE `loan_chattel` SET `created_at` = '2022-01-03 23:43:21.941072', `updated_at` = '2022-01-03 23:43:21.941072', `customer_id` = 5726, `type` = 'receivable', `description` = '一些信息', `value_amount` = 20000, `expired_at` = '2020-08-31' WHERE `loan_chattel`.`id` = 1685;
INSERT INTO `loan_chattel` (`id`, `created_at`, `updated_at`, `customer_id`, `type`, `description`, `value_amount`, `expired_at`) VALUES (1685, '2022-01-03 23:43:21.941072', '2022-01-03 23:43:21.941072', 5726, 'receivable', '一些信息', 20000, '2020-08-31');
UPDATE `loan_address` SET `created_at` = '2022-01-03 23:59:54.133198', `updated_at` = '2022-01-03 23:59:54.133198', `province` = '辽宁省', `city` = '大连市', `county` = '旅顺口区', `town` = '光荣街道', `detail` = '安亭路复华城市花园160号' WHERE `loan_address`.`id` = 9216;
INSERT INTO `loan_address` (`id`, `created_at`, `updated_at`, `province`, `city`, `county`, `town`, `detail`) VALUES (9216, '2022-01-03 23:59:54.133198', '2022-01-03 23:59:54.133198', '辽宁省', '大连市', '旅顺口区', '光荣街道', '安亭路复华城市花园160号');
UPDATE `loan_estate` SET `created_at` = '2022-01-03 23:59:54.133198', `updated_at` = '2022-01-03 23:59:54.133198', `customer_id` = 5726, `address_id` = 9216 WHERE `loan_estate`.`id` = 3402;
INSERT INTO `loan_estate` (`id`, `created_at`, `updated_at`, `customer_id`, `address_id`) VALUES (3402, '2022-01-03 23:59:54.133198', '2022-01-03 23:59:54.133198', 5726, 9216);
UPDATE `loan_car` SET `created_at` = '2022-01-03 23:55:21.621200', `updated_at` = '2022-01-03 23:55:21.621200', `customer_id` = 5726, `model_id` = 280, `vin_number` = '347543580726675832', `date_produced` = '2011-06-28', `value_estimated` = 280000 WHERE `loan_car`.`id` = 4607;
INSERT INTO `loan_car` (`id`, `created_at`, `updated_at`, `customer_id`, `model_id`, `vin_number`, `date_produced`, `value_estimated`) VALUES (4607, '2022-01-03 23:55:21.621200', '2022-01-03 23:55:21.621200', 5726, 280, '347543580726675832', '2011-06-28', 280000);
UPDATE `loan_account` SET `created_at` = '2022-01-03 23:47:30.187649', `updated_at` = '2022-01-03 23:47:30.187649', `customer_id` = 5726, `number` = '699461248747483073', `balance` = 0 WHERE `loan_account`.`id` = 5237;
INSERT INTO `loan_account` (`id`, `created_at`, `updated_at`, `customer_id`, `number`, `balance`) VALUES (5237, '2022-01-03 23:47:30.187649', '2022-01-03 23:47:30.187649', 5726, '699461248747483073', 0);
UPDATE `loan_address` SET `created_at` = '2022-01-03 20:50:30.404873', `updated_at` = '2022-01-03 20:50:30.404873', `province` = '西藏自治区', `city` = '昌都市', `county` = '左贡县', `town` = '中林卡乡', `detail` = '安亭路金色家园34号' WHERE `loan_address`.`id` = 9217;
INSERT INTO `loan_address` (`id`, `created_at`, `updated_at`, `province`, `city`, `county`, `town`, `detail`) VALUES (9217, '2022-01-03 20:50:30.404873', '2022-01-03 20:50:30.404873', '西藏自治区', '昌都市', '左贡县', '中林卡乡', '安亭路金色家园34号');
UPDATE `loan_customer` SET `created_at` = '2022-01-03 20:50:30.404873', `updated_at` = '2022-01-03 21:19:49.472437', `name` = '侯佳', `id_number` = '273966289861699418', `gender` = 'm', `birthday` = '2008-01-18', `address_id` = 9217, `job_id` = 1897, `salary` = 35000 WHERE `loan_customer`.`id` = 5727;
INSERT INTO `loan_customer` (`id`, `created_at`, `updated_at`, `name`, `id_number`, `gender`, `birthday`, `address_id`, `job_id`, `salary`) VALUES (5727, '2022-01-03 20:50:30.404873', '2022-01-03 21:19:49.472437', '侯佳', '273966289861699418', 'm', '2008-01-18', 9217, 1897, 35000);
UPDATE `loan_account` SET `created_at` = '2022-01-03 23:46:02.344798', `updated_at` = '2022-01-03 23:46:02.344798', `customer_id` = 5727, `number` = '594804905406469810', `balance` = 62427 WHERE `loan_account`.`id` = 5238;
INSERT INTO `loan_account` (`id`, `created_at`, `updated_at`, `customer_id`, `number`, `balance`) VALUES (5238, '2022-01-03 23:46:02.344798', '2022-01-03 23:46:02.344798', 5727, '594804905406469810', 62427);
UPDATE `loan_address` SET `created_at` = '2022-01-03 11:54:14.602013', `updated_at` = '2022-01-03 11:54:14.602013', `province` = '贵州省', `city` = '黔东南苗族侗族自治州', `county` = '岑巩县', `town` = '水尾镇', `detail` = '安德路耀江花园2号' WHERE `loan_address`.`id` = 9218;
INSERT INTO `loan_address` (`id`, `created_at`, `updated_at`, `province`, `city`, `county`, `town`, `detail`) VALUES (9218, '2022-01-03 11:54:14.602013', '2022-01-03 11:54:14.602013', '贵州省', '黔东南苗族侗族自治州', '岑巩县', '水尾镇', '安德路耀江花园2号');
UPDATE `loan_customer` SET `created_at` = '2022-01-03 11:54:14.602013', `updated_at` = '2022-01-03 20:44:16.128019', `name` = '曹碫', `id_number` = '692778355163911566', `gender` = 'f', `birthday` = '1997-11-09', `address_id` = 9218, `job_id` = 1898, `salary` = 35000 WHERE `loan_customer`.`id` = 5728;
INSERT INTO `loan_customer` (`id`, `created_at`, `updated_at`, `name`, `id_number`, `gender`, `birthday`, `address_id`, `job_id`, `salary`) VALUES (5728, '2022-01-03 11:54:14.602013', '2022-01-03 20:44:16.128019', '曹碫', '692778355163911566', 'f', '1997-11-09', 9218, 1898, 35000);
UPDATE `loan_address` SET `created_at` = '2022-01-03 20:58:04.686857', `updated_at` = '2022-01-03 20:58:04.686857', `province` = '浙江省', `city` = '湖州市', `county` = '安吉县', `town` = '上墅乡', `detail` = '保屯路4号' WHERE `loan_address`.`id` = 9219;
INSERT INTO `loan_address` (`id`, `created_at`, `updated_at`, `province`, `city`, `county`, `town`, `detail`) VALUES (9219, '2022-01-03 20:58:04.686857', '2022-01-03 20:58:04.686857', '浙江省', '湖州市', '安吉县', '上墅乡', '保屯路4号');
UPDATE `loan_estate` SET `created_at` = '2022-01-03 20:58:04.686857', `updated_at` = '2022-01-03 20:58:04.686857', `customer_id` = 5728, `address_id` = 9219 WHERE `loan_estate`.`id` = 3403;
INSERT INTO `loan_estate` (`id`, `created_at`, `updated_at`, `customer_id`, `address_id`) VALUES (3403, '2022-01-03 20:58:04.686857', '2022-01-03 20:58:04.686857', 5728, 9219);
UPDATE `loan_account` SET `created_at` = '2022-01-03 20:41:48.399417', `updated_at` = '2022-01-03 21:44:41.123884', `customer_id` = 5728, `number` = '069008702315787275', `balance` = 6581 WHERE `loan_account`.`id` = 5239;
INSERT INTO `loan_account` (`id`, `created_at`, `updated_at`, `customer_id`, `number`, `balance`) VALUES (5239, '2022-01-03 20:41:48.399417', '2022-01-03 21:44:41.123884', 5728, '069008702315787275', 6581);
UPDATE `loan_address` SET `created_at` = '2022-01-03 16:55:13.813149', `updated_at` = '2022-01-03 16:55:13.813149', `province` = '西藏自治区', `city` = '昌都市', `county` = '左贡县', `town` = '中林卡乡', `detail` = '安边路197号' WHERE `loan_address`.`id` = 9220;
INSERT INTO `loan_address` (`id`, `created_at`, `updated_at`, `province`, `city`, `county`, `town`, `detail`) VALUES (9220, '2022-01-03 16:55:13.813149', '2022-01-03 16:55:13.813149', '西藏自治区', '昌都市', '左贡县', '中林卡乡', '安边路197号');
UPDATE `loan_customer` SET `created_at` = '2022-01-03 16:55:13.813149', `updated_at` = '2022-01-03 23:40:20.805605', `name` = '阎菁菁', `id_number` = '402936304749257438', `gender` = 'm', `birthday` = '1983-06-20', `address_id` = 9220, `job_id` = 1898, `salary` = 5000 WHERE `loan_customer`.`id` = 5729;
INSERT INTO `loan_customer` (`id`, `created_at`, `updated_at`, `name`, `id_number`, `gender`, `birthday`, `address_id`, `job_id`, `salary`) VALUES (5729, '2022-01-03 16:55:13.813149', '2022-01-03 23:40:20.805605', '阎菁菁', '402936304749257438', 'm', '1983-06-20', 9220, 1898, 5000);
UPDATE `loan_car` SET `created_at` = '2022-01-03 18:02:37.073493', `updated_at` = '2022-01-03 18:40:58.688040', `customer_id` = 5729, `model_id` = 101, `vin_number` = '200730256787714413', `date_produced` = '2010-03-14', `value_estimated` = 500000 WHERE `loan_car`.`id` = 4608;
INSERT INTO `loan_car` (`id`, `created_at`, `updated_at`, `customer_id`, `model_id`, `vin_number`, `date_produced`, `value_estimated`) VALUES (4608, '2022-01-03 18:02:37.073493', '2022-01-03 18:40:58.688040', 5729, 101, '200730256787714413', '2010-03-14', 500000);
UPDATE `loan_account` SET `created_at` = '2022-01-03 21:36:22.729495', `updated_at` = '2022-01-03 21:36:22.729495', `customer_id` = 5729, `number` = '476450879691421213', `balance` = 110461 WHERE `loan_account`.`id` = 5240;
INSERT INTO `loan_account` (`id`, `created_at`, `updated_at`, `customer_id`, `number`, `balance`) VALUES (5240, '2022-01-03 21:36:22.729495', '2022-01-03 21:36:22.729495', 5729, '476450879691421213', 110461);
UPDATE `loan_address` SET `created_at` = '2022-01-03 13:25:58.965963', `updated_at` = '2022-01-03 13:25:58.965963', `province` = '内蒙古自治区', `city` = '呼和浩特市', `county` = '呼和浩特经济技术开发区', `town` = '呼和浩特出口加工区', `detail` = '安业路溢盈河畔别墅180号' WHERE `loan_address`.`id` = 9221;
INSERT INTO `loan_address` (`id`, `created_at`, `updated_at`, `province`, `city`, `county`, `town`, `detail`) VALUES (9221, '2022-01-03 13:25:58.965963', '2022-01-03 13:25:58.965963', '内蒙古自治区', '呼和浩特市', '呼和浩特经济技术开发区', '呼和浩特出口加工区', '安业路溢盈河畔别墅180号');
UPDATE `loan_customer` SET `created_at` = '2022-01-03 13:25:58.965963', `updated_at` = '2022-01-03 20:55:38.079895', `name` = '何珹', `id_number` = '223064842929525043', `gender` = 'f', `birthday` = '2001-07-15', `address_id` = 9221, `job_id` = 1898, `salary` = 5000 WHERE `loan_customer`.`id` = 5730;
INSERT INTO `loan_customer` (`id`, `created_at`, `updated_at`, `name`, `id_number`, `gender`, `birthday`, `address_id`, `job_id`, `salary`) VALUES (5730, '2022-01-03 13:25:58.965963', '2022-01-03 20:55:38.079895', '何珹', '223064842929525043', 'f', '2001-07-15', 9221, 1898, 5000);
UPDATE `loan_chattel` SET `created_at` = '2022-01-03 23:45:46.379041', `updated_at` = '2022-01-03 23:45:46.379041', `customer_id` = 5730, `type` = 'draft', `description` = '一些信息', `value_amount` = 20000, `expired_at` = '2022-02-17' WHERE `loan_chattel`.`id` = 1686;
INSERT INTO `loan_chattel` (`id`, `created_at`, `updated_at`, `customer_id`, `type`, `description`, `value_amount`, `expired_at`) VALUES (1686, '2022-01-03 23:45:46.379041', '2022-01-03 23:45:46.379041', 5730, 'draft', '一些信息', 20000, '2022-02-17');
UPDATE `loan_chattel` SET `created_at` = '2022-01-03 21:34:30.907469', `updated_at` = '2022-01-03 21:34:30.907469', `customer_id` = 5730, `type` = 'trademark', `description` = '一些信息', `value_amount` = 260000, `expired_at` = '2034-11-01' WHERE `loan_chattel`.`id` = 1687;
INSERT INTO `loan_chattel` (`id`, `created_at`, `updated_at`, `customer_id`, `type`, `description`, `value_amount`, `expired_at`) VALUES (1687, '2022-01-03 21:34:30.907469', '2022-01-03 21:34:30.907469', 5730, 'trademark', '一些信息', 260000, '2034-11-01');
UPDATE `loan_address` SET `created_at` = '2022-01-03 21:10:06.358685', `updated_at` = '2022-01-03 21:10:06.358685', `province` = '辽宁省', `city` = '大连市', `county` = '旅顺口区', `town` = '光荣街道', `detail` = '保屯路189号' WHERE `loan_address`.`id` = 9222;
INSERT INTO `loan_address` (`id`, `created_at`, `updated_at`, `province`, `city`, `county`, `town`, `detail`) VALUES (9222, '2022-01-03 21:10:06.358685', '2022-01-03 21:10:06.358685', '辽宁省', '大连市', '旅顺口区', '光荣街道', '保屯路189号');
UPDATE `loan_estate` SET `created_at` = '2022-01-03 21:10:06.358685', `updated_at` = '2022-01-03 21:10:06.358685', `customer_id` = 5730, `address_id` = 9222 WHERE `loan_estate`.`id` = 3404;
INSERT INTO `loan_estate` (`id`, `created_at`, `updated_at`, `customer_id`, `address_id`) VALUES (3404, '2022-01-03 21:10:06.358685', '2022-01-03 21:10:06.358685', 5730, 9222);
UPDATE `loan_address` SET `created_at` = '2022-01-03 18:28:35.264370', `updated_at` = '2022-01-03 18:28:35.264370', `province` = '广东省', `city` = '广州市', `county` = '白云区', `town` = '京溪街道', `detail` = '保德路金色家园147号' WHERE `loan_address`.`id` = 9223;
INSERT INTO `loan_address` (`id`, `created_at`, `updated_at`, `province`, `city`, `county`, `town`, `detail`) VALUES (9223, '2022-01-03 18:28:35.264370', '2022-01-03 18:28:35.264370', '广东省', '广州市', '白云区', '京溪街道', '保德路金色家园147号');
UPDATE `loan_estate` SET `created_at` = '2022-01-03 18:28:35.264370', `updated_at` = '2022-01-03 18:28:35.264370', `customer_id` = 5730, `address_id` = 9223 WHERE `loan_estate`.`id` = 3405;
INSERT INTO `loan_estate` (`id`, `created_at`, `updated_at`, `customer_id`, `address_id`) VALUES (3405, '2022-01-03 18:28:35.264370', '2022-01-03 18:28:35.264370', 5730, 9223);
UPDATE `loan_address` SET `created_at` = '2022-01-03 04:33:26.898986', `updated_at` = '2022-01-03 04:33:26.898986', `province` = '河北省', `city` = '衡水市', `county` = '河北衡水高新技术产业开发区', `town` = '衡水高新技术产业开发区', `detail` = '保德路99号' WHERE `loan_address`.`id` = 9224;
INSERT INTO `loan_address` (`id`, `created_at`, `updated_at`, `province`, `city`, `county`, `town`, `detail`) VALUES (9224, '2022-01-03 04:33:26.898986', '2022-01-03 04:33:26.898986', '河北省', '衡水市', '河北衡水高新技术产业开发区', '衡水高新技术产业开发区', '保德路99号');
UPDATE `loan_customer` SET `created_at` = '2022-01-03 04:33:26.898986', `updated_at` = '2022-01-03 05:09:57.490663', `name` = '江咏', `id_number` = '177561544324924754', `gender` = 'm', `birthday` = '2000-01-05', `address_id` = 9224, `job_id` = 1898, `salary` = 28000 WHERE `loan_customer`.`id` = 5731;
INSERT INTO `loan_customer` (`id`, `created_at`, `updated_at`, `name`, `id_number`, `gender`, `birthday`, `address_id`, `job_id`, `salary`) VALUES (5731, '2022-01-03 04:33:26.898986', '2022-01-03 05:09:57.490663', '江咏', '177561544324924754', 'm', '2000-01-05', 9224, 1898, 28000);
UPDATE `loan_address` SET `created_at` = '2022-01-03 15:55:16.913903', `updated_at` = '2022-01-03 15:55:16.913903', `province` = '河北省', `city` = '石家庄市', `county` = '新华区', `town` = '合作路街道办事处', `detail` = '安边路真新六街坊142号' WHERE `loan_address`.`id` = 9225;
INSERT INTO `loan_address` (`id`, `created_at`, `updated_at`, `province`, `city`, `county`, `town`, `detail`) VALUES (9225, '2022-01-03 15:55:16.913903', '2022-01-03 15:55:16.913903', '河北省', '石家庄市', '新华区', '合作路街道办事处', '安边路真新六街坊142号');
UPDATE `loan_estate` SET `created_at` = '2022-01-03 15:55:16.913903', `updated_at` = '2022-01-03 15:55:16.913903', `customer_id` = 5731, `address_id` = 9225 WHERE `loan_estate`.`id` = 3406;
INSERT INTO `loan_estate` (`id`, `created_at`, `updated_at`, `customer_id`, `address_id`) VALUES (3406, '2022-01-03 15:55:16.913903', '2022-01-03 15:55:16.913903', 5731, 9225);
UPDATE `loan_address` SET `created_at` = '2022-01-03 05:28:06.071955', `updated_at` = '2022-01-03 05:28:06.071955', `province` = '四川省', `city` = '凉山彝族自治州', `county` = '布拖县', `town` = '包谷坪乡', `detail` = '宝山路125号' WHERE `loan_address`.`id` = 9226;
INSERT INTO `loan_address` (`id`, `created_at`, `updated_at`, `province`, `city`, `county`, `town`, `detail`) VALUES (9226, '2022-01-03 05:28:06.071955', '2022-01-03 05:28:06.071955', '四川省', '凉山彝族自治州', '布拖县', '包谷坪乡', '宝山路125号');
UPDATE `loan_customer` SET `created_at` = '2022-01-03 05:28:06.071955', `updated_at` = '2022-01-03 10:22:52.622187', `name` = '赵雁', `id_number` = '546842891666594400', `gender` = 'f', `birthday` = '1994-04-12', `address_id` = 9226, `job_id` = 1899, `salary` = 27000 WHERE `loan_customer`.`id` = 5732;
INSERT INTO `loan_customer` (`id`, `created_at`, `updated_at`, `name`, `id_number`, `gender`, `birthday`, `address_id`, `job_id`, `salary`) VALUES (5732, '2022-01-03 05:28:06.071955', '2022-01-03 10:22:52.622187', '赵雁', '546842891666594400', 'f', '1994-04-12', 9226, 1899, 27000);
UPDATE `loan_address` SET `created_at` = '2022-01-03 06:11:04.814891', `updated_at` = '2022-01-03 06:11:04.814891', `province` = '四川省', `city` = '内江市', `county` = '市中区', `town` = '全安镇', `detail` = '澳门路阳光翠竹苑18号' WHERE `loan_address`.`id` = 9227;
INSERT INTO `loan_address` (`id`, `created_at`, `updated_at`, `province`, `city`, `county`, `town`, `detail`) VALUES (9227, '2022-01-03 06:11:04.814891', '2022-01-03 06:11:04.814891', '四川省', '内江市', '市中区', '全安镇', '澳门路阳光翠竹苑18号');
UPDATE `loan_estate` SET `created_at` = '2022-01-03 06:11:04.814891', `updated_at` = '2022-01-03 06:11:04.814891', `customer_id` = 5732, `address_id` = 9227 WHERE `loan_estate`.`id` = 3407;
INSERT INTO `loan_estate` (`id`, `created_at`, `updated_at`, `customer_id`, `address_id`) VALUES (3407, '2022-01-03 06:11:04.814891', '2022-01-03 06:11:04.814891', 5732, 9227);
UPDATE `loan_car` SET `created_at` = '2022-01-03 20:45:21.421291', `updated_at` = '2022-01-03 23:10:45.451705', `customer_id` = 5732, `model_id` = 118, `vin_number` = '413774504772373277', `date_produced` = '2011-07-27', `value_estimated` = 270000 WHERE `loan_car`.`id` = 4609;
INSERT INTO `loan_car` (`id`, `created_at`, `updated_at`, `customer_id`, `model_id`, `vin_number`, `date_produced`, `value_estimated`) VALUES (4609, '2022-01-03 20:45:21.421291', '2022-01-03 23:10:45.451705', 5732, 118, '413774504772373277', '2011-07-27', 270000);
UPDATE `loan_account` SET `created_at` = '2022-01-03 16:14:39.843199', `updated_at` = '2022-01-03 16:14:39.843199', `customer_id` = 5732, `number` = '638676487675261943', `balance` = 48335 WHERE `loan_account`.`id` = 5241;
INSERT INTO `loan_account` (`id`, `created_at`, `updated_at`, `customer_id`, `number`, `balance`) VALUES (5241, '2022-01-03 16:14:39.843199', '2022-01-03 16:14:39.843199', 5732, '638676487675261943', 48335);
UPDATE `loan_address` SET `created_at` = '2022-01-03 18:12:00.849544', `updated_at` = '2022-01-03 18:12:00.849544', `province` = '福建省', `city` = '厦门市', `county` = '同安区', `town` = '祥平街道', `detail` = '澳门路96号' WHERE `loan_address`.`id` = 9228;
INSERT INTO `loan_address` (`id`, `created_at`, `updated_at`, `province`, `city`, `county`, `town`, `detail`) VALUES (9228, '2022-01-03 18:12:00.849544', '2022-01-03 18:12:00.849544', '福建省', '厦门市', '同安区', '祥平街道', '澳门路96号');
UPDATE `loan_customer` SET `created_at` = '2022-01-03 18:12:00.849544', `updated_at` = '2022-01-03 18:12:00.849544', `name` = '于文斌', `id_number` = '877218989432916827', `gender` = 'm', `birthday` = '2009-04-27', `address_id` = 9228, `job_id` = 1899, `salary` = 16000 WHERE `loan_customer`.`id` = 5733;
INSERT INTO `loan_customer` (`id`, `created_at`, `updated_at`, `name`, `id_number`, `gender`, `birthday`, `address_id`, `job_id`, `salary`) VALUES (5733, '2022-01-03 18:12:00.849544', '2022-01-03 18:12:00.849544', '于文斌', '877218989432916827', 'm', '2009-04-27', 9228, 1899, 16000);
UPDATE `loan_chattel` SET `created_at` = '2022-01-03 18:44:35.035152', `updated_at` = '2022-01-03 18:44:35.035152', `customer_id` = 5733, `type` = 'receivable', `description` = '一些信息', `value_amount` = 80000, `expired_at` = '2022-08-16' WHERE `loan_chattel`.`id` = 1688;
INSERT INTO `loan_chattel` (`id`, `created_at`, `updated_at`, `customer_id`, `type`, `description`, `value_amount`, `expired_at`) VALUES (1688, '2022-01-03 18:44:35.035152', '2022-01-03 18:44:35.035152', 5733, 'receivable', '一些信息', 80000, '2022-08-16');
UPDATE `loan_address` SET `created_at` = '2022-01-03 18:41:43.784166', `updated_at` = '2022-01-03 18:41:43.784166', `province` = '天津市', `city` = '市辖区', `county` = '西青区', `town` = '中北镇', `detail` = '保屯路阳光翠竹苑91号' WHERE `loan_address`.`id` = 9229;
INSERT INTO `loan_address` (`id`, `created_at`, `updated_at`, `province`, `city`, `county`, `town`, `detail`) VALUES (9229, '2022-01-03 18:41:43.784166', '2022-01-03 18:41:43.784166', '天津市', '市辖区', '西青区', '中北镇', '保屯路阳光翠竹苑91号');
UPDATE `loan_estate` SET `created_at` = '2022-01-03 18:41:43.784166', `updated_at` = '2022-01-03 18:41:43.784166', `customer_id` = 5733, `address_id` = 9229 WHERE `loan_estate`.`id` = 3408;
INSERT INTO `loan_estate` (`id`, `created_at`, `updated_at`, `customer_id`, `address_id`) VALUES (3408, '2022-01-03 18:41:43.784166', '2022-01-03 18:41:43.784166', 5733, 9229);
UPDATE `loan_car` SET `created_at` = '2022-01-03 20:46:28.443304', `updated_at` = '2022-01-03 21:53:58.483858', `customer_id` = 5733, `model_id` = 260, `vin_number` = '404238943963053959', `date_produced` = '2019-10-10', `value_estimated` = 60000 WHERE `loan_car`.`id` = 4610;
INSERT INTO `loan_car` (`id`, `created_at`, `updated_at`, `customer_id`, `model_id`, `vin_number`, `date_produced`, `value_estimated`) VALUES (4610, '2022-01-03 20:46:28.443304', '2022-01-03 21:53:58.483858', 5733, 260, '404238943963053959', '2019-10-10', 60000);
UPDATE `loan_car` SET `created_at` = '2022-01-03 20:41:36.025329', `updated_at` = '2022-01-03 20:41:36.025329', `customer_id` = 5733, `model_id` = 155, `vin_number` = '716854887354415200', `date_produced` = '2017-04-07', `value_estimated` = 90000 WHERE `loan_car`.`id` = 4611;
INSERT INTO `loan_car` (`id`, `created_at`, `updated_at`, `customer_id`, `model_id`, `vin_number`, `date_produced`, `value_estimated`) VALUES (4611, '2022-01-03 20:41:36.025329', '2022-01-03 20:41:36.025329', 5733, 155, '716854887354415200', '2017-04-07', 90000);
UPDATE `loan_account` SET `created_at` = '2022-01-03 23:48:44.402493', `updated_at` = '2022-01-03 23:52:15.882684', `customer_id` = 5733, `number` = '624899567420230676', `balance` = 26811 WHERE `loan_account`.`id` = 5242;
INSERT INTO `loan_account` (`id`, `created_at`, `updated_at`, `customer_id`, `number`, `balance`) VALUES (5242, '2022-01-03 23:48:44.402493', '2022-01-03 23:52:15.882684', 5733, '624899567420230676', 26811);
UPDATE `loan_address` SET `created_at` = '2022-01-03 02:57:56.716177', `updated_at` = '2022-01-03 02:57:56.716177', `province` = '广东省', `city` = '茂名市', `county` = '电白区', `town` = '新华农场', `detail` = '北艾路18号' WHERE `loan_address`.`id` = 9230;
INSERT INTO `loan_address` (`id`, `created_at`, `updated_at`, `province`, `city`, `county`, `town`, `detail`) VALUES (9230, '2022-01-03 02:57:56.716177', '2022-01-03 02:57:56.716177', '广东省', '茂名市', '电白区', '新华农场', '北艾路18号');
UPDATE `loan_customer` SET `created_at` = '2022-01-03 02:57:56.716177', `updated_at` = '2022-01-03 04:35:56.044534', `name` = '阎彭勃', `id_number` = '289369005725997934', `gender` = 'f', `birthday` = '1986-10-13', `address_id` = 9230, `job_id` = 1900, `salary` = 13000 WHERE `loan_customer`.`id` = 5734;
INSERT INTO `loan_customer` (`id`, `created_at`, `updated_at`, `name`, `id_number`, `gender`, `birthday`, `address_id`, `job_id`, `salary`) VALUES (5734, '2022-01-03 02:57:56.716177', '2022-01-03 04:35:56.044534', '阎彭勃', '289369005725997934', 'f', '1986-10-13', 9230, 1900, 13000);
UPDATE `loan_chattel` SET `created_at` = '2022-01-03 04:48:06.465114', `updated_at` = '2022-01-03 09:31:51.502143', `customer_id` = 5734, `type` = 'draft', `description` = '一些信息', `value_amount` = 70000, `expired_at` = '2034-11-28' WHERE `loan_chattel`.`id` = 1689;
INSERT INTO `loan_chattel` (`id`, `created_at`, `updated_at`, `customer_id`, `type`, `description`, `value_amount`, `expired_at`) VALUES (1689, '2022-01-03 04:48:06.465114', '2022-01-03 09:31:51.502143', 5734, 'draft', '一些信息', 70000, '2034-11-28');
UPDATE `loan_chattel` SET `created_at` = '2022-01-03 17:34:41.696606', `updated_at` = '2022-01-03 17:34:41.696606', `customer_id` = 5734, `type` = 'trademark', `description` = '一些信息', `value_amount` = 20000, `expired_at` = '2034-04-04' WHERE `loan_chattel`.`id` = 1690;
INSERT INTO `loan_chattel` (`id`, `created_at`, `updated_at`, `customer_id`, `type`, `description`, `value_amount`, `expired_at`) VALUES (1690, '2022-01-03 17:34:41.696606', '2022-01-03 17:34:41.696606', 5734, 'trademark', '一些信息', 20000, '2034-04-04');
UPDATE `loan_address` SET `created_at` = '2022-01-03 09:05:31.578248', `updated_at` = '2022-01-03 09:05:31.578248', `province` = '湖北省', `city` = '荆门市', `county` = '沙洋县', `town` = '十里铺镇', `detail` = '安顺路99号' WHERE `loan_address`.`id` = 9231;
INSERT INTO `loan_address` (`id`, `created_at`, `updated_at`, `province`, `city`, `county`, `town`, `detail`) VALUES (9231, '2022-01-03 09:05:31.578248', '2022-01-03 09:05:31.578248', '湖北省', '荆门市', '沙洋县', '十里铺镇', '安顺路99号');
UPDATE `loan_customer` SET `created_at` = '2022-01-03 09:05:31.578248', `updated_at` = '2022-01-03 22:41:18.872247', `name` = '武敏叡', `id_number` = '412302243830538198', `gender` = 'm', `birthday` = '2000-09-24', `address_id` = 9231, `job_id` = 1900, `salary` = 10000 WHERE `loan_customer`.`id` = 5735;
INSERT INTO `loan_customer` (`id`, `created_at`, `updated_at`, `name`, `id_number`, `gender`, `birthday`, `address_id`, `job_id`, `salary`) VALUES (5735, '2022-01-03 09:05:31.578248', '2022-01-03 22:41:18.872247', '武敏叡', '412302243830538198', 'm', '2000-09-24', 9231, 1900, 10000);
UPDATE `loan_car` SET `created_at` = '2022-01-03 21:52:27.987896', `updated_at` = '2022-01-03 22:43:32.956628', `customer_id` = 5735, `model_id` = 292, `vin_number` = '961102265626040780', `date_produced` = '2019-05-23', `value_estimated` = 190000 WHERE `loan_car`.`id` = 4612;
INSERT INTO `loan_car` (`id`, `created_at`, `updated_at`, `customer_id`, `model_id`, `vin_number`, `date_produced`, `value_estimated`) VALUES (4612, '2022-01-03 21:52:27.987896', '2022-01-03 22:43:32.956628', 5735, 292, '961102265626040780', '2019-05-23', 190000);
UPDATE `loan_account` SET `created_at` = '2022-01-03 13:44:39.553705', `updated_at` = '2022-01-03 13:44:39.553705', `customer_id` = 5735, `number` = '009638535709360685', `balance` = 67143 WHERE `loan_account`.`id` = 5243;
INSERT INTO `loan_account` (`id`, `created_at`, `updated_at`, `customer_id`, `number`, `balance`) VALUES (5243, '2022-01-03 13:44:39.553705', '2022-01-03 13:44:39.553705', 5735, '009638535709360685', 67143);
UPDATE `loan_address` SET `created_at` = '2022-01-03 20:18:05.680967', `updated_at` = '2022-01-03 20:18:05.680967', `province` = '河北省', `city` = '张家口市', `county` = '蔚县', `town` = '阳眷镇', `detail` = '白城南路真新六街坊94号' WHERE `loan_address`.`id` = 9232;
INSERT INTO `loan_address` (`id`, `created_at`, `updated_at`, `province`, `city`, `county`, `town`, `detail`) VALUES (9232, '2022-01-03 20:18:05.680967', '2022-01-03 20:18:05.680967', '河北省', '张家口市', '蔚县', '阳眷镇', '白城南路真新六街坊94号');
UPDATE `loan_customer` SET `created_at` = '2022-01-03 20:18:05.680967', `updated_at` = '2022-01-03 20:47:44.374689', `name` = '赖娆苒', `id_number` = '950320077053567466', `gender` = 'f', `birthday` = '2001-01-03', `address_id` = 9232, `job_id` = 1900, `salary` = 47000 WHERE `loan_customer`.`id` = 5736;
INSERT INTO `loan_customer` (`id`, `created_at`, `updated_at`, `name`, `id_number`, `gender`, `birthday`, `address_id`, `job_id`, `salary`) VALUES (5736, '2022-01-03 20:18:05.680967', '2022-01-03 20:47:44.374689', '赖娆苒', '950320077053567466', 'f', '2001-01-03', 9232, 1900, 47000);
UPDATE `loan_chattel` SET `created_at` = '2022-01-03 22:37:29.334426', `updated_at` = '2022-01-03 22:37:29.334426', `customer_id` = 5736, `type` = 'copyright', `description` = '一些信息', `value_amount` = 20000, `expired_at` = '2028-10-25' WHERE `loan_chattel`.`id` = 1691;
INSERT INTO `loan_chattel` (`id`, `created_at`, `updated_at`, `customer_id`, `type`, `description`, `value_amount`, `expired_at`) VALUES (1691, '2022-01-03 22:37:29.334426', '2022-01-03 22:37:29.334426', 5736, 'copyright', '一些信息', 20000, '2028-10-25');
UPDATE `loan_chattel` SET `created_at` = '2022-01-03 21:48:06.128682', `updated_at` = '2022-01-03 21:48:06.128682', `customer_id` = 5736, `type` = 'bond', `description` = '一些信息', `value_amount` = 20000, `expired_at` = '2020-03-24' WHERE `loan_chattel`.`id` = 1692;
INSERT INTO `loan_chattel` (`id`, `created_at`, `updated_at`, `customer_id`, `type`, `description`, `value_amount`, `expired_at`) VALUES (1692, '2022-01-03 21:48:06.128682', '2022-01-03 21:48:06.128682', 5736, 'bond', '一些信息', 20000, '2020-03-24');
UPDATE `loan_chattel` SET `created_at` = '2022-01-03 22:58:11.076287', `updated_at` = '2022-01-03 22:58:11.076287', `customer_id` = 5736, `type` = 'bond', `description` = '一些信息', `value_amount` = 330000, `expired_at` = '2022-06-04' WHERE `loan_chattel`.`id` = 1693;
INSERT INTO `loan_chattel` (`id`, `created_at`, `updated_at`, `customer_id`, `type`, `description`, `value_amount`, `expired_at`) VALUES (1693, '2022-01-03 22:58:11.076287', '2022-01-03 22:58:11.076287', 5736, 'bond', '一些信息', 330000, '2022-06-04');
UPDATE `loan_address` SET `created_at` = '2022-01-03 21:45:47.395836', `updated_at` = '2022-01-03 21:45:47.395836', `province` = '甘肃省', `city` = '平凉市', `county` = '庄浪县', `town` = '南湖镇', `detail` = '安业路64号' WHERE `loan_address`.`id` = 9233;
INSERT INTO `loan_address` (`id`, `created_at`, `updated_at`, `province`, `city`, `county`, `town`, `detail`) VALUES (9233, '2022-01-03 21:45:47.395836', '2022-01-03 21:45:47.395836', '甘肃省', '平凉市', '庄浪县', '南湖镇', '安业路64号');
UPDATE `loan_estate` SET `created_at` = '2022-01-03 21:45:47.395836', `updated_at` = '2022-01-03 21:45:47.395836', `customer_id` = 5736, `address_id` = 9233 WHERE `loan_estate`.`id` = 3409;
INSERT INTO `loan_estate` (`id`, `created_at`, `updated_at`, `customer_id`, `address_id`) VALUES (3409, '2022-01-03 21:45:47.395836', '2022-01-03 21:45:47.395836', 5736, 9233);
UPDATE `loan_address` SET `created_at` = '2022-01-03 22:27:45.660698', `updated_at` = '2022-01-03 22:27:45.660698', `province` = '湖南省', `city` = '张家界市', `county` = '慈利县', `town` = '零阳镇', `detail` = '宝林路196号' WHERE `loan_address`.`id` = 9234;
INSERT INTO `loan_address` (`id`, `created_at`, `updated_at`, `province`, `city`, `county`, `town`, `detail`) VALUES (9234, '2022-01-03 22:27:45.660698', '2022-01-03 22:27:45.660698', '湖南省', '张家界市', '慈利县', '零阳镇', '宝林路196号');
UPDATE `loan_estate` SET `created_at` = '2022-01-03 22:27:45.660698', `updated_at` = '2022-01-03 22:27:45.660698', `customer_id` = 5736, `address_id` = 9234 WHERE `loan_estate`.`id` = 3410;
INSERT INTO `loan_estate` (`id`, `created_at`, `updated_at`, `customer_id`, `address_id`) VALUES (3410, '2022-01-03 22:27:45.660698', '2022-01-03 22:27:45.660698', 5736, 9234);
UPDATE `loan_account` SET `created_at` = '2022-01-03 21:58:51.068365', `updated_at` = '2022-01-03 21:58:51.068365', `customer_id` = 5736, `number` = '989860154904206864', `balance` = 71218 WHERE `loan_account`.`id` = 5244;
INSERT INTO `loan_account` (`id`, `created_at`, `updated_at`, `customer_id`, `number`, `balance`) VALUES (5244, '2022-01-03 21:58:51.068365', '2022-01-03 21:58:51.068365', 5736, '989860154904206864', 71218);
UPDATE `loan_address` SET `created_at` = '2022-01-03 20:34:08.055861', `updated_at` = '2022-01-03 20:34:08.055861', `province` = '新疆维吾尔自治区', `city` = '塔城地区', `county` = '沙湾县', `town` = '博尔通古牧场', `detail` = '安德路88号' WHERE `loan_address`.`id` = 9235;
INSERT INTO `loan_address` (`id`, `created_at`, `updated_at`, `province`, `city`, `county`, `town`, `detail`) VALUES (9235, '2022-01-03 20:34:08.055861', '2022-01-03 20:34:08.055861', '新疆维吾尔自治区', '塔城地区', '沙湾县', '博尔通古牧场', '安德路88号');
UPDATE `loan_customer` SET `created_at` = '2022-01-03 20:34:08.055861', `updated_at` = '2022-01-03 21:34:05.955003', `name` = '周欣瑶', `id_number` = '500280865018568201', `gender` = 'm', `birthday` = '1989-06-14', `address_id` = 9235, `job_id` = 1900, `salary` = 55000 WHERE `loan_customer`.`id` = 5737;
INSERT INTO `loan_customer` (`id`, `created_at`, `updated_at`, `name`, `id_number`, `gender`, `birthday`, `address_id`, `job_id`, `salary`) VALUES (5737, '2022-01-03 20:34:08.055861', '2022-01-03 21:34:05.955003', '周欣瑶', '500280865018568201', 'm', '1989-06-14', 9235, 1900, 55000);
UPDATE `loan_chattel` SET `created_at` = '2022-01-03 23:00:10.308668', `updated_at` = '2022-01-03 23:00:10.308668', `customer_id` = 5737, `type` = 'receivable', `description` = '一些信息', `value_amount` = 20000, `expired_at` = '2030-07-17' WHERE `loan_chattel`.`id` = 1694;
INSERT INTO `loan_chattel` (`id`, `created_at`, `updated_at`, `customer_id`, `type`, `description`, `value_amount`, `expired_at`) VALUES (1694, '2022-01-03 23:00:10.308668', '2022-01-03 23:00:10.308668', 5737, 'receivable', '一些信息', 20000, '2030-07-17');
UPDATE `loan_car` SET `created_at` = '2022-01-03 22:16:58.885201', `updated_at` = '2022-01-03 23:03:51.904590', `customer_id` = 5737, `model_id` = 194, `vin_number` = '927522643279408029', `date_produced` = '2018-11-20', `value_estimated` = 60000 WHERE `loan_car`.`id` = 4613;
INSERT INTO `loan_car` (`id`, `created_at`, `updated_at`, `customer_id`, `model_id`, `vin_number`, `date_produced`, `value_estimated`) VALUES (4613, '2022-01-03 22:16:58.885201', '2022-01-03 23:03:51.904590', 5737, 194, '927522643279408029', '2018-11-20', 60000);
UPDATE `loan_account` SET `created_at` = '2022-01-03 23:22:01.368451', `updated_at` = '2022-01-03 23:56:24.372640', `customer_id` = 5737, `number` = '679148426698021237', `balance` = 71964 WHERE `loan_account`.`id` = 5245;
INSERT INTO `loan_account` (`id`, `created_at`, `updated_at`, `customer_id`, `number`, `balance`) VALUES (5245, '2022-01-03 23:22:01.368451', '2022-01-03 23:56:24.372640', 5737, '679148426698021237', 71964);
UPDATE `loan_address` SET `created_at` = '2022-01-03 20:18:40.702583', `updated_at` = '2022-01-03 20:18:40.702583', `province` = '四川省', `city` = '绵阳市', `county` = '北川羌族自治县', `town` = '陈家坝镇', `detail` = '白渡桥124号' WHERE `loan_address`.`id` = 9236;
INSERT INTO `loan_address` (`id`, `created_at`, `updated_at`, `province`, `city`, `county`, `town`, `detail`) VALUES (9236, '2022-01-03 20:18:40.702583', '2022-01-03 20:18:40.702583', '四川省', '绵阳市', '北川羌族自治县', '陈家坝镇', '白渡桥124号');
UPDATE `loan_customer` SET `created_at` = '2022-01-03 20:18:40.702583', `updated_at` = '2022-01-03 22:06:53.829248', `name` = '吕玲', `id_number` = '945580170752609733', `gender` = 'm', `birthday` = '1981-11-10', `address_id` = 9236, `job_id` = 1900, `salary` = 16000 WHERE `loan_customer`.`id` = 5738;
INSERT INTO `loan_customer` (`id`, `created_at`, `updated_at`, `name`, `id_number`, `gender`, `birthday`, `address_id`, `job_id`, `salary`) VALUES (5738, '2022-01-03 20:18:40.702583', '2022-01-03 22:06:53.829248', '吕玲', '945580170752609733', 'm', '1981-11-10', 9236, 1900, 16000);
UPDATE `loan_chattel` SET `created_at` = '2022-01-03 21:42:01.376222', `updated_at` = '2022-01-03 23:33:08.967872', `customer_id` = 5738, `type` = 'draft', `description` = '一些信息', `value_amount` = 20000, `expired_at` = '2034-01-29' WHERE `loan_chattel`.`id` = 1695;
INSERT INTO `loan_chattel` (`id`, `created_at`, `updated_at`, `customer_id`, `type`, `description`, `value_amount`, `expired_at`) VALUES (1695, '2022-01-03 21:42:01.376222', '2022-01-03 23:33:08.967872', 5738, 'draft', '一些信息', 20000, '2034-01-29');
UPDATE `loan_address` SET `created_at` = '2022-01-03 21:00:17.556492', `updated_at` = '2022-01-03 21:00:17.556492', `province` = '四川省', `city` = '广元市', `county` = '剑阁县', `town` = '禾丰乡', `detail` = '保屯路131号' WHERE `loan_address`.`id` = 9237;
INSERT INTO `loan_address` (`id`, `created_at`, `updated_at`, `province`, `city`, `county`, `town`, `detail`) VALUES (9237, '2022-01-03 21:00:17.556492', '2022-01-03 21:00:17.556492', '四川省', '广元市', '剑阁县', '禾丰乡', '保屯路131号');
UPDATE `loan_estate` SET `created_at` = '2022-01-03 21:00:17.556492', `updated_at` = '2022-01-03 21:00:17.556492', `customer_id` = 5738, `address_id` = 9237 WHERE `loan_estate`.`id` = 3411;
INSERT INTO `loan_estate` (`id`, `created_at`, `updated_at`, `customer_id`, `address_id`) VALUES (3411, '2022-01-03 21:00:17.556492', '2022-01-03 21:00:17.556492', 5738, 9237);
UPDATE `loan_address` SET `created_at` = '2022-01-03 23:04:40.321649', `updated_at` = '2022-01-03 23:04:40.321649', `province` = '江西省', `city` = '宜春市', `county` = '丰城市', `town` = '曲江镇', `detail` = '百花街金色家园169号' WHERE `loan_address`.`id` = 9238;
INSERT INTO `loan_address` (`id`, `created_at`, `updated_at`, `province`, `city`, `county`, `town`, `detail`) VALUES (9238, '2022-01-03 23:04:40.321649', '2022-01-03 23:04:40.321649', '江西省', '宜春市', '丰城市', '曲江镇', '百花街金色家园169号');
UPDATE `loan_estate` SET `created_at` = '2022-01-03 23:04:40.321649', `updated_at` = '2022-01-03 23:04:40.321649', `customer_id` = 5738, `address_id` = 9238 WHERE `loan_estate`.`id` = 3412;
INSERT INTO `loan_estate` (`id`, `created_at`, `updated_at`, `customer_id`, `address_id`) VALUES (3412, '2022-01-03 23:04:40.321649', '2022-01-03 23:04:40.321649', 5738, 9238);
UPDATE `loan_account` SET `created_at` = '2022-01-03 21:52:24.108059', `updated_at` = '2022-01-03 23:49:21.267593', `customer_id` = 5738, `number` = '389568555667717520', `balance` = 41357 WHERE `loan_account`.`id` = 5246;
INSERT INTO `loan_account` (`id`, `created_at`, `updated_at`, `customer_id`, `number`, `balance`) VALUES (5246, '2022-01-03 21:52:24.108059', '2022-01-03 23:49:21.267593', 5738, '389568555667717520', 41357);
UPDATE `loan_address` SET `created_at` = '2022-01-03 20:06:59.984426', `updated_at` = '2022-01-03 20:06:59.984426', `province` = '四川省', `city` = '广元市', `county` = '剑阁县', `town` = '禾丰乡', `detail` = '保屯路11号' WHERE `loan_address`.`id` = 9239;
INSERT INTO `loan_address` (`id`, `created_at`, `updated_at`, `province`, `city`, `county`, `town`, `detail`) VALUES (9239, '2022-01-03 20:06:59.984426', '2022-01-03 20:06:59.984426', '四川省', '广元市', '剑阁县', '禾丰乡', '保屯路11号');
UPDATE `loan_customer` SET `created_at` = '2022-01-03 20:06:59.984426', `updated_at` = '2022-01-03 21:03:05.395400', `name` = '段鸿信', `id_number` = '504960920350851283', `gender` = 'm', `birthday` = '1994-08-25', `address_id` = 9239, `job_id` = 1901, `salary` = 54000 WHERE `loan_customer`.`id` = 5739;
INSERT INTO `loan_customer` (`id`, `created_at`, `updated_at`, `name`, `id_number`, `gender`, `birthday`, `address_id`, `job_id`, `salary`) VALUES (5739, '2022-01-03 20:06:59.984426', '2022-01-03 21:03:05.395400', '段鸿信', '504960920350851283', 'm', '1994-08-25', 9239, 1901, 54000);
UPDATE `loan_address` SET `created_at` = '2022-01-03 21:05:12.223176', `updated_at` = '2022-01-03 21:05:12.223176', `province` = '贵州省', `city` = '毕节市', `county` = '纳雍县', `town` = '昆寨苗族彝族白族乡', `detail` = '安义路197号' WHERE `loan_address`.`id` = 9240;
INSERT INTO `loan_address` (`id`, `created_at`, `updated_at`, `province`, `city`, `county`, `town`, `detail`) VALUES (9240, '2022-01-03 21:05:12.223176', '2022-01-03 21:05:12.223176', '贵州省', '毕节市', '纳雍县', '昆寨苗族彝族白族乡', '安义路197号');
UPDATE `loan_estate` SET `created_at` = '2022-01-03 21:05:12.223176', `updated_at` = '2022-01-03 21:05:12.223176', `customer_id` = 5739, `address_id` = 9240 WHERE `loan_estate`.`id` = 3413;
INSERT INTO `loan_estate` (`id`, `created_at`, `updated_at`, `customer_id`, `address_id`) VALUES (3413, '2022-01-03 21:05:12.223176', '2022-01-03 21:05:12.223176', 5739, 9240);
UPDATE `loan_address` SET `created_at` = '2022-01-03 22:41:50.090998', `updated_at` = '2022-01-03 22:41:50.090998', `province` = '广东省', `city` = '湛江市', `county` = '遂溪县', `town` = '草潭镇', `detail` = '安国路163号' WHERE `loan_address`.`id` = 9241;
INSERT INTO `loan_address` (`id`, `created_at`, `updated_at`, `province`, `city`, `county`, `town`, `detail`) VALUES (9241, '2022-01-03 22:41:50.090998', '2022-01-03 22:41:50.090998', '广东省', '湛江市', '遂溪县', '草潭镇', '安国路163号');
UPDATE `loan_estate` SET `created_at` = '2022-01-03 22:41:50.090998', `updated_at` = '2022-01-03 23:35:57.623977', `customer_id` = 5739, `address_id` = 9241 WHERE `loan_estate`.`id` = 3414;
INSERT INTO `loan_estate` (`id`, `created_at`, `updated_at`, `customer_id`, `address_id`) VALUES (3414, '2022-01-03 22:41:50.090998', '2022-01-03 23:35:57.623977', 5739, 9241);
UPDATE `loan_account` SET `created_at` = '2022-01-03 23:45:41.356276', `updated_at` = '2022-01-03 23:45:41.356276', `customer_id` = 5739, `number` = '189770600568095652', `balance` = 73833 WHERE `loan_account`.`id` = 5247;
INSERT INTO `loan_account` (`id`, `created_at`, `updated_at`, `customer_id`, `number`, `balance`) VALUES (5247, '2022-01-03 23:45:41.356276', '2022-01-03 23:45:41.356276', 5739, '189770600568095652', 73833);
UPDATE `loan_address` SET `created_at` = '2022-01-03 05:42:01.016298', `updated_at` = '2022-01-03 05:42:01.016298', `province` = '河北省', `city` = '邯郸市', `county` = '鸡泽县', `town` = '小寨镇', `detail` = '宝源路82号' WHERE `loan_address`.`id` = 9242;
INSERT INTO `loan_address` (`id`, `created_at`, `updated_at`, `province`, `city`, `county`, `town`, `detail`) VALUES (9242, '2022-01-03 05:42:01.016298', '2022-01-03 05:42:01.016298', '河北省', '邯郸市', '鸡泽县', '小寨镇', '宝源路82号');
UPDATE `loan_customer` SET `created_at` = '2022-01-03 05:42:01.016298', `updated_at` = '2022-01-03 13:40:08.341407', `name` = '叶逸雅', `id_number` = '191221874134572628', `gender` = 'f', `birthday` = '1989-02-06', `address_id` = 9242, `job_id` = 1901, `salary` = 40000 WHERE `loan_customer`.`id` = 5740;
INSERT INTO `loan_customer` (`id`, `created_at`, `updated_at`, `name`, `id_number`, `gender`, `birthday`, `address_id`, `job_id`, `salary`) VALUES (5740, '2022-01-03 05:42:01.016298', '2022-01-03 13:40:08.341407', '叶逸雅', '191221874134572628', 'f', '1989-02-06', 9242, 1901, 40000);
UPDATE `loan_address` SET `created_at` = '2022-01-03 16:19:25.989717', `updated_at` = '2022-01-03 16:19:25.989717', `province` = '贵州省', `city` = '黔东南苗族侗族自治州', `county` = '岑巩县', `town` = '水尾镇', `detail` = '百花街阳光翠竹苑197号' WHERE `loan_address`.`id` = 9243;
INSERT INTO `loan_address` (`id`, `created_at`, `updated_at`, `province`, `city`, `county`, `town`, `detail`) VALUES (9243, '2022-01-03 16:19:25.989717', '2022-01-03 16:19:25.989717', '贵州省', '黔东南苗族侗族自治州', '岑巩县', '水尾镇', '百花街阳光翠竹苑197号');
UPDATE `loan_estate` SET `created_at` = '2022-01-03 16:19:25.989717', `updated_at` = '2022-01-03 16:19:25.989717', `customer_id` = 5740, `address_id` = 9243 WHERE `loan_estate`.`id` = 3415;
INSERT INTO `loan_estate` (`id`, `created_at`, `updated_at`, `customer_id`, `address_id`) VALUES (3415, '2022-01-03 16:19:25.989717', '2022-01-03 16:19:25.989717', 5740, 9243);
UPDATE `loan_account` SET `created_at` = '2022-01-03 11:23:41.952916', `updated_at` = '2022-01-03 14:35:31.250879', `customer_id` = 5740, `number` = '166389063242624117', `balance` = 145275 WHERE `loan_account`.`id` = 5248;
INSERT INTO `loan_account` (`id`, `created_at`, `updated_at`, `customer_id`, `number`, `balance`) VALUES (5248, '2022-01-03 11:23:41.952916', '2022-01-03 14:35:31.250879', 5740, '166389063242624117', 145275);
UPDATE `loan_address` SET `created_at` = '2022-01-03 22:24:59.668909', `updated_at` = '2022-01-03 22:24:59.668909', `province` = '河北省', `city` = '张家口市', `county` = '蔚县', `town` = '阳眷镇', `detail` = '半淞园路118号' WHERE `loan_address`.`id` = 9244;
INSERT INTO `loan_address` (`id`, `created_at`, `updated_at`, `province`, `city`, `county`, `town`, `detail`) VALUES (9244, '2022-01-03 22:24:59.668909', '2022-01-03 22:24:59.668909', '河北省', '张家口市', '蔚县', '阳眷镇', '半淞园路118号');
UPDATE `loan_customer` SET `created_at` = '2022-01-03 22:24:59.668909', `updated_at` = '2022-01-03 22:24:59.668909', `name` = '梁宣', `id_number` = '275457888251227368', `gender` = 'f', `birthday` = '1981-11-30', `address_id` = 9244, `job_id` = 1901, `salary` = 10000 WHERE `loan_customer`.`id` = 5741;
INSERT INTO `loan_customer` (`id`, `created_at`, `updated_at`, `name`, `id_number`, `gender`, `birthday`, `address_id`, `job_id`, `salary`) VALUES (5741, '2022-01-03 22:24:59.668909', '2022-01-03 22:24:59.668909', '梁宣', '275457888251227368', 'f', '1981-11-30', 9244, 1901, 10000);
UPDATE `loan_chattel` SET `created_at` = '2022-01-03 23:46:27.993430', `updated_at` = '2022-01-03 23:46:27.993430', `customer_id` = 5741, `type` = 'fund', `description` = '一些信息', `value_amount` = 270000, `expired_at` = '2019-02-07' WHERE `loan_chattel`.`id` = 1696;
INSERT INTO `loan_chattel` (`id`, `created_at`, `updated_at`, `customer_id`, `type`, `description`, `value_amount`, `expired_at`) VALUES (1696, '2022-01-03 23:46:27.993430', '2022-01-03 23:46:27.993430', 5741, 'fund', '一些信息', 270000, '2019-02-07');
UPDATE `loan_account` SET `created_at` = '2022-01-03 23:38:22.546326', `updated_at` = '2022-01-03 23:42:38.443387', `customer_id` = 5741, `number` = '563886425964190918', `balance` = 0 WHERE `loan_account`.`id` = 5249;
INSERT INTO `loan_account` (`id`, `created_at`, `updated_at`, `customer_id`, `number`, `balance`) VALUES (5249, '2022-01-03 23:38:22.546326', '2022-01-03 23:42:38.443387', 5741, '563886425964190918', 0);
UPDATE `loan_address` SET `created_at` = '2022-01-03 23:08:26.238548', `updated_at` = '2022-01-03 23:08:26.238548', `province` = '安徽省', `city` = '阜阳市', `county` = '太和县', `town` = '五星镇', `detail` = '安福路和亭佳苑197号' WHERE `loan_address`.`id` = 9245;
INSERT INTO `loan_address` (`id`, `created_at`, `updated_at`, `province`, `city`, `county`, `town`, `detail`) VALUES (9245, '2022-01-03 23:08:26.238548', '2022-01-03 23:08:26.238548', '安徽省', '阜阳市', '太和县', '五星镇', '安福路和亭佳苑197号');
UPDATE `loan_customer` SET `created_at` = '2022-01-03 23:08:26.238548', `updated_at` = '2022-01-03 23:08:26.238548', `name` = '蒋裕', `id_number` = '519891184614640525', `gender` = 'm', `birthday` = '1990-08-14', `address_id` = 9245, `job_id` = 1901, `salary` = 15000 WHERE `loan_customer`.`id` = 5742;
INSERT INTO `loan_customer` (`id`, `created_at`, `updated_at`, `name`, `id_number`, `gender`, `birthday`, `address_id`, `job_id`, `salary`) VALUES (5742, '2022-01-03 23:08:26.238548', '2022-01-03 23:08:26.238548', '蒋裕', '519891184614640525', 'm', '1990-08-14', 9245, 1901, 15000);
UPDATE `loan_address` SET `created_at` = '2022-01-03 23:50:30.974910', `updated_at` = '2022-01-03 23:50:30.974910', `province` = '西藏自治区', `city` = '阿里地区', `county` = '措勤县', `town` = '曲洛乡', `detail` = '半淞园路190号' WHERE `loan_address`.`id` = 9246;
INSERT INTO `loan_address` (`id`, `created_at`, `updated_at`, `province`, `city`, `county`, `town`, `detail`) VALUES (9246, '2022-01-03 23:50:30.974910', '2022-01-03 23:50:30.974910', '西藏自治区', '阿里地区', '措勤县', '曲洛乡', '半淞园路190号');
UPDATE `loan_estate` SET `created_at` = '2022-01-03 23:50:30.974910', `updated_at` = '2022-01-03 23:50:30.974910', `customer_id` = 5742, `address_id` = 9246 WHERE `loan_estate`.`id` = 3416;
INSERT INTO `loan_estate` (`id`, `created_at`, `updated_at`, `customer_id`, `address_id`) VALUES (3416, '2022-01-03 23:50:30.974910', '2022-01-03 23:50:30.974910', 5742, 9246);
UPDATE `loan_address` SET `created_at` = '2022-01-03 23:49:09.235171', `updated_at` = '2022-01-03 23:49:09.235171', `province` = '甘肃省', `city` = '庆阳市', `county` = '宁县', `town` = '中村镇', `detail` = '保屯路真新六街坊112号' WHERE `loan_address`.`id` = 9247;
INSERT INTO `loan_address` (`id`, `created_at`, `updated_at`, `province`, `city`, `county`, `town`, `detail`) VALUES (9247, '2022-01-03 23:49:09.235171', '2022-01-03 23:49:09.235171', '甘肃省', '庆阳市', '宁县', '中村镇', '保屯路真新六街坊112号');
UPDATE `loan_estate` SET `created_at` = '2022-01-03 23:49:09.235171', `updated_at` = '2022-01-03 23:49:09.235171', `customer_id` = 5742, `address_id` = 9247 WHERE `loan_estate`.`id` = 3417;
INSERT INTO `loan_estate` (`id`, `created_at`, `updated_at`, `customer_id`, `address_id`) VALUES (3417, '2022-01-03 23:49:09.235171', '2022-01-03 23:49:09.235171', 5742, 9247);
UPDATE `loan_car` SET `created_at` = '2022-01-03 23:37:58.290383', `updated_at` = '2022-01-03 23:39:24.265819', `customer_id` = 5742, `model_id` = 65, `vin_number` = '087903229848365935', `date_produced` = '2019-09-08', `value_estimated` = 420000 WHERE `loan_car`.`id` = 4614;
INSERT INTO `loan_car` (`id`, `created_at`, `updated_at`, `customer_id`, `model_id`, `vin_number`, `date_produced`, `value_estimated`) VALUES (4614, '2022-01-03 23:37:58.290383', '2022-01-03 23:39:24.265819', 5742, 65, '087903229848365935', '2019-09-08', 420000);
UPDATE `loan_car` SET `created_at` = '2022-01-03 23:42:36.349732', `updated_at` = '2022-01-03 23:42:36.349732', `customer_id` = 5742, `model_id` = 43, `vin_number` = '422149567282311738', `date_produced` = '2016-07-04', `value_estimated` = 30000 WHERE `loan_car`.`id` = 4615;
INSERT INTO `loan_car` (`id`, `created_at`, `updated_at`, `customer_id`, `model_id`, `vin_number`, `date_produced`, `value_estimated`) VALUES (4615, '2022-01-03 23:42:36.349732', '2022-01-03 23:42:36.349732', 5742, 43, '422149567282311738', '2016-07-04', 30000);
UPDATE `loan_account` SET `created_at` = '2022-01-03 23:53:32.081223', `updated_at` = '2022-01-03 23:58:31.399953', `customer_id` = 5742, `number` = '181330944504035593', `balance` = 30600 WHERE `loan_account`.`id` = 5250;
INSERT INTO `loan_account` (`id`, `created_at`, `updated_at`, `customer_id`, `number`, `balance`) VALUES (5250, '2022-01-03 23:53:32.081223', '2022-01-03 23:58:31.399953', 5742, '181330944504035593', 30600);
UPDATE `loan_address` SET `created_at` = '2022-01-03 18:45:32.139690', `updated_at` = '2022-01-03 18:45:32.139690', `province` = '湖北省', `city` = '荆门市', `county` = '沙洋县', `town` = '十里铺镇', `detail` = '包头路复华城市花园148号' WHERE `loan_address`.`id` = 9248;
INSERT INTO `loan_address` (`id`, `created_at`, `updated_at`, `province`, `city`, `county`, `town`, `detail`) VALUES (9248, '2022-01-03 18:45:32.139690', '2022-01-03 18:45:32.139690', '湖北省', '荆门市', '沙洋县', '十里铺镇', '包头路复华城市花园148号');
UPDATE `loan_customer` SET `created_at` = '2022-01-03 18:45:32.139690', `updated_at` = '2022-01-03 22:54:34.012940', `name` = '徐钢', `id_number` = '526147377465183596', `gender` = 'm', `birthday` = '1983-12-12', `address_id` = 9248, `job_id` = 1902, `salary` = 14000 WHERE `loan_customer`.`id` = 5743;
INSERT INTO `loan_customer` (`id`, `created_at`, `updated_at`, `name`, `id_number`, `gender`, `birthday`, `address_id`, `job_id`, `salary`) VALUES (5743, '2022-01-03 18:45:32.139690', '2022-01-03 22:54:34.012940', '徐钢', '526147377465183596', 'm', '1983-12-12', 9248, 1902, 14000);
UPDATE `loan_chattel` SET `created_at` = '2022-01-03 19:20:50.292952', `updated_at` = '2022-01-03 19:20:50.292952', `customer_id` = 5743, `type` = 'deposit', `description` = '一些信息', `value_amount` = 380000, `expired_at` = '2023-05-24' WHERE `loan_chattel`.`id` = 1697;
INSERT INTO `loan_chattel` (`id`, `created_at`, `updated_at`, `customer_id`, `type`, `description`, `value_amount`, `expired_at`) VALUES (1697, '2022-01-03 19:20:50.292952', '2022-01-03 19:20:50.292952', 5743, 'deposit', '一些信息', 380000, '2023-05-24');
UPDATE `loan_address` SET `created_at` = '2022-01-03 07:09:12.000085', `updated_at` = '2022-01-03 07:09:12.000085', `province` = '陕西省', `city` = '西安市', `county` = '周至县', `town` = '竹峪镇', `detail` = '宝山路和亭佳苑85号' WHERE `loan_address`.`id` = 9249;
INSERT INTO `loan_address` (`id`, `created_at`, `updated_at`, `province`, `city`, `county`, `town`, `detail`) VALUES (9249, '2022-01-03 07:09:12.000085', '2022-01-03 07:09:12.000085', '陕西省', '西安市', '周至县', '竹峪镇', '宝山路和亭佳苑85号');
UPDATE `loan_customer` SET `created_at` = '2022-01-03 07:09:12.000085', `updated_at` = '2022-01-03 15:15:51.631067', `name` = '吕优悠', `id_number` = '569225026871293239', `gender` = 'm', `birthday` = '1989-05-18', `address_id` = 9249, `job_id` = 1902, `salary` = 50000 WHERE `loan_customer`.`id` = 5744;
INSERT INTO `loan_customer` (`id`, `created_at`, `updated_at`, `name`, `id_number`, `gender`, `birthday`, `address_id`, `job_id`, `salary`) VALUES (5744, '2022-01-03 07:09:12.000085', '2022-01-03 15:15:51.631067', '吕优悠', '569225026871293239', 'm', '1989-05-18', 9249, 1902, 50000);
UPDATE `loan_car` SET `created_at` = '2022-01-03 17:45:40.659444', `updated_at` = '2022-01-03 20:36:56.549255', `customer_id` = 5744, `model_id` = 96, `vin_number` = '042447606614559108', `date_produced` = '2014-03-28', `value_estimated` = 400000 WHERE `loan_car`.`id` = 4616;
INSERT INTO `loan_car` (`id`, `created_at`, `updated_at`, `customer_id`, `model_id`, `vin_number`, `date_produced`, `value_estimated`) VALUES (4616, '2022-01-03 17:45:40.659444', '2022-01-03 20:36:56.549255', 5744, 96, '042447606614559108', '2014-03-28', 400000);
UPDATE `loan_car` SET `created_at` = '2022-01-03 17:34:38.449772', `updated_at` = '2022-01-03 19:54:31.554579', `customer_id` = 5744, `model_id` = 228, `vin_number` = '051179257451765437', `date_produced` = '2021-07-24', `value_estimated` = 390000 WHERE `loan_car`.`id` = 4617;
INSERT INTO `loan_car` (`id`, `created_at`, `updated_at`, `customer_id`, `model_id`, `vin_number`, `date_produced`, `value_estimated`) VALUES (4617, '2022-01-03 17:34:38.449772', '2022-01-03 19:54:31.554579', 5744, 228, '051179257451765437', '2021-07-24', 390000);
UPDATE `loan_address` SET `created_at` = '2022-01-03 10:35:09.346798', `updated_at` = '2022-01-03 10:35:09.346798', `province` = '广东省', `city` = '湛江市', `county` = '遂溪县', `town` = '草潭镇', `detail` = '宝祁路86号' WHERE `loan_address`.`id` = 9250;
INSERT INTO `loan_address` (`id`, `created_at`, `updated_at`, `province`, `city`, `county`, `town`, `detail`) VALUES (9250, '2022-01-03 10:35:09.346798', '2022-01-03 10:35:09.346798', '广东省', '湛江市', '遂溪县', '草潭镇', '宝祁路86号');
UPDATE `loan_customer` SET `created_at` = '2022-01-03 10:35:09.346798', `updated_at` = '2022-01-03 10:35:09.346798', `name` = '范如仪', `id_number` = '878906404958116160', `gender` = 'f', `birthday` = '2003-07-01', `address_id` = 9250, `job_id` = 1902, `salary` = 2000 WHERE `loan_customer`.`id` = 5745;
INSERT INTO `loan_customer` (`id`, `created_at`, `updated_at`, `name`, `id_number`, `gender`, `birthday`, `address_id`, `job_id`, `salary`) VALUES (5745, '2022-01-03 10:35:09.346798', '2022-01-03 10:35:09.346798', '范如仪', '878906404958116160', 'f', '2003-07-01', 9250, 1902, 2000);
UPDATE `loan_account` SET `created_at` = '2022-01-03 21:06:46.296223', `updated_at` = '2022-01-03 21:06:46.296223', `customer_id` = 5745, `number` = '189274615751234958', `balance` = 78174 WHERE `loan_account`.`id` = 5251;
INSERT INTO `loan_account` (`id`, `created_at`, `updated_at`, `customer_id`, `number`, `balance`) VALUES (5251, '2022-01-03 21:06:46.296223', '2022-01-03 21:06:46.296223', 5745, '189274615751234958', 78174);
UPDATE `loan_address` SET `created_at` = '2022-01-03 15:00:03.103342', `updated_at` = '2022-01-03 15:00:03.103342', `province` = '重庆市', `city` = '县', `county` = '垫江县', `town` = '裴兴镇', `detail` = '宝祁路48号' WHERE `loan_address`.`id` = 9251;
INSERT INTO `loan_address` (`id`, `created_at`, `updated_at`, `province`, `city`, `county`, `town`, `detail`) VALUES (9251, '2022-01-03 15:00:03.103342', '2022-01-03 15:00:03.103342', '重庆市', '县', '垫江县', '裴兴镇', '宝祁路48号');
UPDATE `loan_customer` SET `created_at` = '2022-01-03 15:00:03.103342', `updated_at` = '2022-01-03 21:56:23.608279', `name` = '孙绮梅', `id_number` = '647827586017855012', `gender` = 'f', `birthday` = '1986-05-25', `address_id` = 9251, `job_id` = 1902, `salary` = 29000 WHERE `loan_customer`.`id` = 5746;
INSERT INTO `loan_customer` (`id`, `created_at`, `updated_at`, `name`, `id_number`, `gender`, `birthday`, `address_id`, `job_id`, `salary`) VALUES (5746, '2022-01-03 15:00:03.103342', '2022-01-03 21:56:23.608279', '孙绮梅', '647827586017855012', 'f', '1986-05-25', 9251, 1902, 29000);
UPDATE `loan_car` SET `created_at` = '2022-01-03 19:09:35.335033', `updated_at` = '2022-01-03 20:11:20.771667', `customer_id` = 5746, `model_id` = 56, `vin_number` = '241294104821727869', `date_produced` = '2011-04-28', `value_estimated` = 380000 WHERE `loan_car`.`id` = 4618;
INSERT INTO `loan_car` (`id`, `created_at`, `updated_at`, `customer_id`, `model_id`, `vin_number`, `date_produced`, `value_estimated`) VALUES (4618, '2022-01-03 19:09:35.335033', '2022-01-03 20:11:20.771667', 5746, 56, '241294104821727869', '2011-04-28', 380000);
UPDATE `loan_account` SET `created_at` = '2022-01-03 19:12:22.511793', `updated_at` = '2022-01-03 20:48:04.816909', `customer_id` = 5746, `number` = '421687784227625184', `balance` = 53345 WHERE `loan_account`.`id` = 5252;
INSERT INTO `loan_account` (`id`, `created_at`, `updated_at`, `customer_id`, `number`, `balance`) VALUES (5252, '2022-01-03 19:12:22.511793', '2022-01-03 20:48:04.816909', 5746, '421687784227625184', 53345);
UPDATE `loan_address` SET `created_at` = '2022-01-03 15:30:36.259287', `updated_at` = '2022-01-03 15:30:36.259287', `province` = '内蒙古自治区', `city` = '包头市', `county` = '昆都仑区', `town` = '昆北街道办事处', `detail` = '安远路109号' WHERE `loan_address`.`id` = 9252;
INSERT INTO `loan_address` (`id`, `created_at`, `updated_at`, `province`, `city`, `county`, `town`, `detail`) VALUES (9252, '2022-01-03 15:30:36.259287', '2022-01-03 15:30:36.259287', '内蒙古自治区', '包头市', '昆都仑区', '昆北街道办事处', '安远路109号');
UPDATE `loan_customer` SET `created_at` = '2022-01-03 15:30:36.259287', `updated_at` = '2022-01-03 20:20:57.632581', `name` = '姚凝远', `id_number` = '952688808443800471', `gender` = 'm', `birthday` = '1997-02-24', `address_id` = 9252, `job_id` = 1903, `salary` = 3000 WHERE `loan_customer`.`id` = 5747;
INSERT INTO `loan_customer` (`id`, `created_at`, `updated_at`, `name`, `id_number`, `gender`, `birthday`, `address_id`, `job_id`, `salary`) VALUES (5747, '2022-01-03 15:30:36.259287', '2022-01-03 20:20:57.632581', '姚凝远', '952688808443800471', 'm', '1997-02-24', 9252, 1903, 3000);
UPDATE `loan_car` SET `created_at` = '2022-01-03 16:27:39.865094', `updated_at` = '2022-01-03 16:27:39.865094', `customer_id` = 5747, `model_id` = 170, `vin_number` = '865440021888439620', `date_produced` = '2020-07-29', `value_estimated` = 490000 WHERE `loan_car`.`id` = 4619;
INSERT INTO `loan_car` (`id`, `created_at`, `updated_at`, `customer_id`, `model_id`, `vin_number`, `date_produced`, `value_estimated`) VALUES (4619, '2022-01-03 16:27:39.865094', '2022-01-03 16:27:39.865094', 5747, 170, '865440021888439620', '2020-07-29', 490000);
UPDATE `loan_account` SET `created_at` = '2022-01-03 18:26:19.579066', `updated_at` = '2022-01-03 21:58:33.310281', `customer_id` = 5747, `number` = '006774164671588656', `balance` = 55941 WHERE `loan_account`.`id` = 5253;
INSERT INTO `loan_account` (`id`, `created_at`, `updated_at`, `customer_id`, `number`, `balance`) VALUES (5253, '2022-01-03 18:26:19.579066', '2022-01-03 21:58:33.310281', 5747, '006774164671588656', 55941);
UPDATE `loan_address` SET `created_at` = '2022-01-03 11:14:32.078251', `updated_at` = '2022-01-03 11:14:32.078251', `province` = '山东省', `city` = '威海市', `county` = '乳山市', `town` = '城区街道办事处', `detail` = '白玉路51号' WHERE `loan_address`.`id` = 9253;
INSERT INTO `loan_address` (`id`, `created_at`, `updated_at`, `province`, `city`, `county`, `town`, `detail`) VALUES (9253, '2022-01-03 11:14:32.078251', '2022-01-03 11:14:32.078251', '山东省', '威海市', '乳山市', '城区街道办事处', '白玉路51号');
UPDATE `loan_customer` SET `created_at` = '2022-01-03 11:14:32.078251', `updated_at` = '2022-01-03 15:13:50.862952', `name` = '高鸾', `id_number` = '019943262399892048', `gender` = 'f', `birthday` = '1992-06-11', `address_id` = 9253, `job_id` = 1904, `salary` = 8000 WHERE `loan_customer`.`id` = 5748;
INSERT INTO `loan_customer` (`id`, `created_at`, `updated_at`, `name`, `id_number`, `gender`, `birthday`, `address_id`, `job_id`, `salary`) VALUES (5748, '2022-01-03 11:14:32.078251', '2022-01-03 15:13:50.862952', '高鸾', '019943262399892048', 'f', '1992-06-11', 9253, 1904, 8000);
UPDATE `loan_address` SET `created_at` = '2022-01-03 12:22:11.725622', `updated_at` = '2022-01-03 12:22:11.725622', `province` = '河南省', `city` = '周口市', `county` = '沈丘县', `town` = '石槽集乡', `detail` = '宝安路爱里舍花园121号' WHERE `loan_address`.`id` = 9254;
INSERT INTO `loan_address` (`id`, `created_at`, `updated_at`, `province`, `city`, `county`, `town`, `detail`) VALUES (9254, '2022-01-03 12:22:11.725622', '2022-01-03 12:22:11.725622', '河南省', '周口市', '沈丘县', '石槽集乡', '宝安路爱里舍花园121号');
UPDATE `loan_estate` SET `created_at` = '2022-01-03 12:22:11.725622', `updated_at` = '2022-01-03 12:22:11.725622', `customer_id` = 5748, `address_id` = 9254 WHERE `loan_estate`.`id` = 3418;
INSERT INTO `loan_estate` (`id`, `created_at`, `updated_at`, `customer_id`, `address_id`) VALUES (3418, '2022-01-03 12:22:11.725622', '2022-01-03 12:22:11.725622', 5748, 9254);
UPDATE `loan_account` SET `created_at` = '2022-01-03 16:16:39.198033', `updated_at` = '2022-01-03 16:16:39.198033', `customer_id` = 5748, `number` = '664144736028312827', `balance` = 105007 WHERE `loan_account`.`id` = 5254;
INSERT INTO `loan_account` (`id`, `created_at`, `updated_at`, `customer_id`, `number`, `balance`) VALUES (5254, '2022-01-03 16:16:39.198033', '2022-01-03 16:16:39.198033', 5748, '664144736028312827', 105007);
UPDATE `loan_address` SET `created_at` = '2022-01-03 15:29:19.770589', `updated_at` = '2022-01-03 15:29:19.770589', `province` = '湖北省', `city` = '咸宁市', `county` = '赤壁市', `town` = '沧湖开发区', `detail` = '鞍山支路耀江花园75号' WHERE `loan_address`.`id` = 9255;
INSERT INTO `loan_address` (`id`, `created_at`, `updated_at`, `province`, `city`, `county`, `town`, `detail`) VALUES (9255, '2022-01-03 15:29:19.770589', '2022-01-03 15:29:19.770589', '湖北省', '咸宁市', '赤壁市', '沧湖开发区', '鞍山支路耀江花园75号');
UPDATE `loan_customer` SET `created_at` = '2022-01-03 15:29:19.770589', `updated_at` = '2022-01-03 19:01:08.493989', `name` = '谭绮丽', `id_number` = '622297511300120078', `gender` = 'f', `birthday` = '1981-03-05', `address_id` = 9255, `job_id` = 1905, `salary` = 22000 WHERE `loan_customer`.`id` = 5749;
INSERT INTO `loan_customer` (`id`, `created_at`, `updated_at`, `name`, `id_number`, `gender`, `birthday`, `address_id`, `job_id`, `salary`) VALUES (5749, '2022-01-03 15:29:19.770589', '2022-01-03 19:01:08.493989', '谭绮丽', '622297511300120078', 'f', '1981-03-05', 9255, 1905, 22000);
UPDATE `loan_address` SET `created_at` = '2022-01-03 15:33:41.206403', `updated_at` = '2022-01-03 15:33:41.206403', `province` = '新疆维吾尔自治区', `city` = '喀什地区', `county` = '泽普县', `town` = '农场场部', `detail` = '安福路186号' WHERE `loan_address`.`id` = 9256;
INSERT INTO `loan_address` (`id`, `created_at`, `updated_at`, `province`, `city`, `county`, `town`, `detail`) VALUES (9256, '2022-01-03 15:33:41.206403', '2022-01-03 15:33:41.206403', '新疆维吾尔自治区', '喀什地区', '泽普县', '农场场部', '安福路186号');
UPDATE `loan_estate` SET `created_at` = '2022-01-03 15:33:41.206403', `updated_at` = '2022-01-03 22:49:56.947612', `customer_id` = 5749, `address_id` = 9256 WHERE `loan_estate`.`id` = 3419;
INSERT INTO `loan_estate` (`id`, `created_at`, `updated_at`, `customer_id`, `address_id`) VALUES (3419, '2022-01-03 15:33:41.206403', '2022-01-03 22:49:56.947612', 5749, 9256);
UPDATE `loan_car` SET `created_at` = '2022-01-03 15:56:12.620465', `updated_at` = '2022-01-03 15:56:12.620465', `customer_id` = 5749, `model_id` = 232, `vin_number` = '045215432944716587', `date_produced` = '2012-03-03', `value_estimated` = 70000 WHERE `loan_car`.`id` = 4620;
INSERT INTO `loan_car` (`id`, `created_at`, `updated_at`, `customer_id`, `model_id`, `vin_number`, `date_produced`, `value_estimated`) VALUES (4620, '2022-01-03 15:56:12.620465', '2022-01-03 15:56:12.620465', 5749, 232, '045215432944716587', '2012-03-03', 70000);
UPDATE `loan_account` SET `created_at` = '2022-01-03 19:43:54.194463', `updated_at` = '2022-01-03 19:43:54.194463', `customer_id` = 5749, `number` = '246760688456693782', `balance` = 69623 WHERE `loan_account`.`id` = 5255;
INSERT INTO `loan_account` (`id`, `created_at`, `updated_at`, `customer_id`, `number`, `balance`) VALUES (5255, '2022-01-03 19:43:54.194463', '2022-01-03 19:43:54.194463', 5749, '246760688456693782', 69623);
UPDATE `loan_address` SET `created_at` = '2022-01-03 04:48:55.060753', `updated_at` = '2022-01-03 04:48:55.060753', `province` = '湖南省', `city` = '郴州市', `county` = '宜章县', `town` = '天塘镇', `detail` = '爱国路真新六街坊167号' WHERE `loan_address`.`id` = 9257;
INSERT INTO `loan_address` (`id`, `created_at`, `updated_at`, `province`, `city`, `county`, `town`, `detail`) VALUES (9257, '2022-01-03 04:48:55.060753', '2022-01-03 04:48:55.060753', '湖南省', '郴州市', '宜章县', '天塘镇', '爱国路真新六街坊167号');
UPDATE `loan_customer` SET `created_at` = '2022-01-03 04:48:55.060753', `updated_at` = '2022-01-03 14:21:42.675986', `name` = '蒋飞章', `id_number` = '814415131895726369', `gender` = 'm', `birthday` = '2003-02-10', `address_id` = 9257, `job_id` = 1906, `salary` = 56000 WHERE `loan_customer`.`id` = 5750;
INSERT INTO `loan_customer` (`id`, `created_at`, `updated_at`, `name`, `id_number`, `gender`, `birthday`, `address_id`, `job_id`, `salary`) VALUES (5750, '2022-01-03 04:48:55.060753', '2022-01-03 14:21:42.675986', '蒋飞章', '814415131895726369', 'm', '2003-02-10', 9257, 1906, 56000);
UPDATE `loan_car` SET `created_at` = '2022-01-03 09:45:39.117367', `updated_at` = '2022-01-03 09:45:39.117367', `customer_id` = 5750, `model_id` = 18, `vin_number` = '563853677035728297', `date_produced` = '2014-12-23', `value_estimated` = 260000 WHERE `loan_car`.`id` = 4621;
INSERT INTO `loan_car` (`id`, `created_at`, `updated_at`, `customer_id`, `model_id`, `vin_number`, `date_produced`, `value_estimated`) VALUES (4621, '2022-01-03 09:45:39.117367', '2022-01-03 09:45:39.117367', 5750, 18, '563853677035728297', '2014-12-23', 260000);
UPDATE `loan_account` SET `created_at` = '2022-01-03 05:53:31.514667', `updated_at` = '2022-01-03 18:27:19.427384', `customer_id` = 5750, `number` = '634695528239041252', `balance` = 33825 WHERE `loan_account`.`id` = 5256;
INSERT INTO `loan_account` (`id`, `created_at`, `updated_at`, `customer_id`, `number`, `balance`) VALUES (5256, '2022-01-03 05:53:31.514667', '2022-01-03 18:27:19.427384', 5750, '634695528239041252', 33825);
UPDATE `loan_address` SET `created_at` = '2022-01-03 22:29:02.887290', `updated_at` = '2022-01-03 22:29:02.887290', `province` = '湖北省', `city` = '咸宁市', `county` = '赤壁市', `town` = '沧湖开发区', `detail` = '白玉路博泰新苑18号' WHERE `loan_address`.`id` = 9258;
INSERT INTO `loan_address` (`id`, `created_at`, `updated_at`, `province`, `city`, `county`, `town`, `detail`) VALUES (9258, '2022-01-03 22:29:02.887290', '2022-01-03 22:29:02.887290', '湖北省', '咸宁市', '赤壁市', '沧湖开发区', '白玉路博泰新苑18号');
UPDATE `loan_customer` SET `created_at` = '2022-01-03 22:29:02.887290', `updated_at` = '2022-01-03 22:31:52.342173', `name` = '郭明', `id_number` = '039301076145022612', `gender` = 'f', `birthday` = '2000-12-05', `address_id` = 9258, `job_id` = 1906, `salary` = 6000 WHERE `loan_customer`.`id` = 5751;
INSERT INTO `loan_customer` (`id`, `created_at`, `updated_at`, `name`, `id_number`, `gender`, `birthday`, `address_id`, `job_id`, `salary`) VALUES (5751, '2022-01-03 22:29:02.887290', '2022-01-03 22:31:52.342173', '郭明', '039301076145022612', 'f', '2000-12-05', 9258, 1906, 6000);
UPDATE `loan_address` SET `created_at` = '2022-01-03 23:10:16.148756', `updated_at` = '2022-01-03 23:10:16.148756', `province` = '江西省', `city` = '抚州市', `county` = '崇仁县', `town` = '礼陂镇', `detail` = '百花街19号' WHERE `loan_address`.`id` = 9259;
INSERT INTO `loan_address` (`id`, `created_at`, `updated_at`, `province`, `city`, `county`, `town`, `detail`) VALUES (9259, '2022-01-03 23:10:16.148756', '2022-01-03 23:10:16.148756', '江西省', '抚州市', '崇仁县', '礼陂镇', '百花街19号');
UPDATE `loan_estate` SET `created_at` = '2022-01-03 23:10:16.148756', `updated_at` = '2022-01-03 23:10:16.148756', `customer_id` = 5751, `address_id` = 9259 WHERE `loan_estate`.`id` = 3420;
INSERT INTO `loan_estate` (`id`, `created_at`, `updated_at`, `customer_id`, `address_id`) VALUES (3420, '2022-01-03 23:10:16.148756', '2022-01-03 23:10:16.148756', 5751, 9259);
UPDATE `loan_address` SET `created_at` = '2022-01-03 23:32:51.615267', `updated_at` = '2022-01-03 23:32:51.615267', `province` = '河北省', `city` = '张家口市', `county` = '蔚县', `town` = '阳眷镇', `detail` = '白水路溢盈河畔别墅82号' WHERE `loan_address`.`id` = 9260;
INSERT INTO `loan_address` (`id`, `created_at`, `updated_at`, `province`, `city`, `county`, `town`, `detail`) VALUES (9260, '2022-01-03 23:32:51.615267', '2022-01-03 23:32:51.615267', '河北省', '张家口市', '蔚县', '阳眷镇', '白水路溢盈河畔别墅82号');
UPDATE `loan_estate` SET `created_at` = '2022-01-03 23:32:51.615267', `updated_at` = '2022-01-03 23:52:36.215238', `customer_id` = 5751, `address_id` = 9260 WHERE `loan_estate`.`id` = 3421;
INSERT INTO `loan_estate` (`id`, `created_at`, `updated_at`, `customer_id`, `address_id`) VALUES (3421, '2022-01-03 23:32:51.615267', '2022-01-03 23:52:36.215238', 5751, 9260);
UPDATE `loan_car` SET `created_at` = '2022-01-03 23:48:13.147613', `updated_at` = '2022-01-03 23:48:13.147613', `customer_id` = 5751, `model_id` = 102, `vin_number` = '584580565731297329', `date_produced` = '2012-06-08', `value_estimated` = 20000 WHERE `loan_car`.`id` = 4622;
INSERT INTO `loan_car` (`id`, `created_at`, `updated_at`, `customer_id`, `model_id`, `vin_number`, `date_produced`, `value_estimated`) VALUES (4622, '2022-01-03 23:48:13.147613', '2022-01-03 23:48:13.147613', 5751, 102, '584580565731297329', '2012-06-08', 20000);
UPDATE `loan_car` SET `created_at` = '2022-01-03 23:46:44.681446', `updated_at` = '2022-01-03 23:46:44.681446', `customer_id` = 5751, `model_id` = 219, `vin_number` = '130618919042291784', `date_produced` = '2021-12-11', `value_estimated` = 250000 WHERE `loan_car`.`id` = 4623;
INSERT INTO `loan_car` (`id`, `created_at`, `updated_at`, `customer_id`, `model_id`, `vin_number`, `date_produced`, `value_estimated`) VALUES (4623, '2022-01-03 23:46:44.681446', '2022-01-03 23:46:44.681446', 5751, 219, '130618919042291784', '2021-12-11', 250000);
UPDATE `loan_account` SET `created_at` = '2022-01-03 23:53:32.921932', `updated_at` = '2022-01-03 23:53:32.921932', `customer_id` = 5751, `number` = '129488864303135118', `balance` = 126386 WHERE `loan_account`.`id` = 5257;
INSERT INTO `loan_account` (`id`, `created_at`, `updated_at`, `customer_id`, `number`, `balance`) VALUES (5257, '2022-01-03 23:53:32.921932', '2022-01-03 23:53:32.921932', 5751, '129488864303135118', 126386);
UPDATE `loan_address` SET `created_at` = '2022-01-03 16:59:19.588643', `updated_at` = '2022-01-03 16:59:19.588643', `province` = '四川省', `city` = '达州市', `county` = '大竹县', `town` = '白塔街道办事处', `detail` = '白渡路29号' WHERE `loan_address`.`id` = 9261;
INSERT INTO `loan_address` (`id`, `created_at`, `updated_at`, `province`, `city`, `county`, `town`, `detail`) VALUES (9261, '2022-01-03 16:59:19.588643', '2022-01-03 16:59:19.588643', '四川省', '达州市', '大竹县', '白塔街道办事处', '白渡路29号');
UPDATE `loan_customer` SET `created_at` = '2022-01-03 16:59:19.588643', `updated_at` = '2022-01-03 18:16:30.475897', `name` = '张苹', `id_number` = '755432867316012081', `gender` = 'm', `birthday` = '1991-06-29', `address_id` = 9261, `job_id` = 1906, `salary` = 19000 WHERE `loan_customer`.`id` = 5752;
INSERT INTO `loan_customer` (`id`, `created_at`, `updated_at`, `name`, `id_number`, `gender`, `birthday`, `address_id`, `job_id`, `salary`) VALUES (5752, '2022-01-03 16:59:19.588643', '2022-01-03 18:16:30.475897', '张苹', '755432867316012081', 'm', '1991-06-29', 9261, 1906, 19000);
UPDATE `loan_address` SET `created_at` = '2022-01-03 21:10:03.839064', `updated_at` = '2022-01-03 21:10:03.839064', `province` = '北京市', `city` = '市辖区', `county` = '房山区', `town` = '东风街道办事处', `detail` = '百安路（方泰镇）博泰新苑68号' WHERE `loan_address`.`id` = 9262;
INSERT INTO `loan_address` (`id`, `created_at`, `updated_at`, `province`, `city`, `county`, `town`, `detail`) VALUES (9262, '2022-01-03 21:10:03.839064', '2022-01-03 21:10:03.839064', '北京市', '市辖区', '房山区', '东风街道办事处', '百安路（方泰镇）博泰新苑68号');
UPDATE `loan_estate` SET `created_at` = '2022-01-03 21:10:03.839064', `updated_at` = '2022-01-03 21:10:03.839064', `customer_id` = 5752, `address_id` = 9262 WHERE `loan_estate`.`id` = 3422;
INSERT INTO `loan_estate` (`id`, `created_at`, `updated_at`, `customer_id`, `address_id`) VALUES (3422, '2022-01-03 21:10:03.839064', '2022-01-03 21:10:03.839064', 5752, 9262);
UPDATE `loan_account` SET `created_at` = '2022-01-03 21:50:54.018695', `updated_at` = '2022-01-03 21:50:54.018695', `customer_id` = 5752, `number` = '442614141466344470', `balance` = 0 WHERE `loan_account`.`id` = 5258;
INSERT INTO `loan_account` (`id`, `created_at`, `updated_at`, `customer_id`, `number`, `balance`) VALUES (5258, '2022-01-03 21:50:54.018695', '2022-01-03 21:50:54.018695', 5752, '442614141466344470', 0);
UPDATE `loan_address` SET `created_at` = '2022-01-03 04:16:43.424889', `updated_at` = '2022-01-03 04:16:43.424889', `province` = '山东省', `city` = '临沂市', `county` = '沂水县', `town` = '许家湖镇', `detail` = '包头路178号' WHERE `loan_address`.`id` = 9263;
INSERT INTO `loan_address` (`id`, `created_at`, `updated_at`, `province`, `city`, `county`, `town`, `detail`) VALUES (9263, '2022-01-03 04:16:43.424889', '2022-01-03 04:16:43.424889', '山东省', '临沂市', '沂水县', '许家湖镇', '包头路178号');
UPDATE `loan_customer` SET `created_at` = '2022-01-03 04:16:43.424889', `updated_at` = '2022-01-03 07:09:11.565443', `name` = '常旁', `id_number` = '227091985818628949', `gender` = 'm', `birthday` = '1984-09-08', `address_id` = 9263, `job_id` = 1907, `salary` = 41000 WHERE `loan_customer`.`id` = 5753;
INSERT INTO `loan_customer` (`id`, `created_at`, `updated_at`, `name`, `id_number`, `gender`, `birthday`, `address_id`, `job_id`, `salary`) VALUES (5753, '2022-01-03 04:16:43.424889', '2022-01-03 07:09:11.565443', '常旁', '227091985818628949', 'm', '1984-09-08', 9263, 1907, 41000);
UPDATE `loan_car` SET `created_at` = '2022-01-03 04:20:24.190055', `updated_at` = '2022-01-03 21:00:24.163192', `customer_id` = 5753, `model_id` = 9, `vin_number` = '520230781353072301', `date_produced` = '2010-10-05', `value_estimated` = 500000 WHERE `loan_car`.`id` = 4624;
INSERT INTO `loan_car` (`id`, `created_at`, `updated_at`, `customer_id`, `model_id`, `vin_number`, `date_produced`, `value_estimated`) VALUES (4624, '2022-01-03 04:20:24.190055', '2022-01-03 21:00:24.163192', 5753, 9, '520230781353072301', '2010-10-05', 500000);
UPDATE `loan_account` SET `created_at` = '2022-01-03 12:36:46.292979', `updated_at` = '2022-01-03 17:12:27.942506', `customer_id` = 5753, `number` = '088735423913719110', `balance` = 0 WHERE `loan_account`.`id` = 5259;
INSERT INTO `loan_account` (`id`, `created_at`, `updated_at`, `customer_id`, `number`, `balance`) VALUES (5259, '2022-01-03 12:36:46.292979', '2022-01-03 17:12:27.942506', 5753, '088735423913719110', 0);
UPDATE `loan_address` SET `created_at` = '2022-01-03 00:01:18.506557', `updated_at` = '2022-01-03 00:01:18.506557', `province` = '河北省', `city` = '邯郸市', `county` = '涉县', `town` = '偏店乡', `detail` = '宝山路菊园五街坊186号' WHERE `loan_address`.`id` = 9264;
INSERT INTO `loan_address` (`id`, `created_at`, `updated_at`, `province`, `city`, `county`, `town`, `detail`) VALUES (9264, '2022-01-03 00:01:18.506557', '2022-01-03 00:01:18.506557', '河北省', '邯郸市', '涉县', '偏店乡', '宝山路菊园五街坊186号');
UPDATE `loan_customer` SET `created_at` = '2022-01-03 00:01:18.506557', `updated_at` = '2022-01-03 04:13:27.120133', `name` = '萧飞兰', `id_number` = '945518629754500559', `gender` = 'f', `birthday` = '1995-01-21', `address_id` = 9264, `job_id` = 1907, `salary` = 22000 WHERE `loan_customer`.`id` = 5754;
INSERT INTO `loan_customer` (`id`, `created_at`, `updated_at`, `name`, `id_number`, `gender`, `birthday`, `address_id`, `job_id`, `salary`) VALUES (5754, '2022-01-03 00:01:18.506557', '2022-01-03 04:13:27.120133', '萧飞兰', '945518629754500559', 'f', '1995-01-21', 9264, 1907, 22000);
UPDATE `loan_car` SET `created_at` = '2022-01-03 18:02:49.603340', `updated_at` = '2022-01-03 18:02:49.603340', `customer_id` = 5754, `model_id` = 124, `vin_number` = '215797602112030862', `date_produced` = '2011-04-24', `value_estimated` = 610000 WHERE `loan_car`.`id` = 4625;
INSERT INTO `loan_car` (`id`, `created_at`, `updated_at`, `customer_id`, `model_id`, `vin_number`, `date_produced`, `value_estimated`) VALUES (4625, '2022-01-03 18:02:49.603340', '2022-01-03 18:02:49.603340', 5754, 124, '215797602112030862', '2011-04-24', 610000);
UPDATE `loan_account` SET `created_at` = '2022-01-03 09:50:32.049102', `updated_at` = '2022-01-03 09:50:32.049102', `customer_id` = 5754, `number` = '912156309024965740', `balance` = 88710 WHERE `loan_account`.`id` = 5260;
INSERT INTO `loan_account` (`id`, `created_at`, `updated_at`, `customer_id`, `number`, `balance`) VALUES (5260, '2022-01-03 09:50:32.049102', '2022-01-03 09:50:32.049102', 5754, '912156309024965740', 88710);
UPDATE `loan_address` SET `created_at` = '2022-01-03 14:32:52.134245', `updated_at` = '2022-01-03 14:32:52.134245', `province` = '湖北省', `city` = '咸宁市', `county` = '赤壁市', `town` = '沧湖开发区', `detail` = '鞍山路爱里舍花园107号' WHERE `loan_address`.`id` = 9265;
INSERT INTO `loan_address` (`id`, `created_at`, `updated_at`, `province`, `city`, `county`, `town`, `detail`) VALUES (9265, '2022-01-03 14:32:52.134245', '2022-01-03 14:32:52.134245', '湖北省', '咸宁市', '赤壁市', '沧湖开发区', '鞍山路爱里舍花园107号');
UPDATE `loan_customer` SET `created_at` = '2022-01-03 14:32:52.134245', `updated_at` = '2022-01-03 19:18:41.479242', `name` = '武姳', `id_number` = '777136070554994604', `gender` = 'f', `birthday` = '2000-09-28', `address_id` = 9265, `job_id` = 1907, `salary` = 52000 WHERE `loan_customer`.`id` = 5755;
INSERT INTO `loan_customer` (`id`, `created_at`, `updated_at`, `name`, `id_number`, `gender`, `birthday`, `address_id`, `job_id`, `salary`) VALUES (5755, '2022-01-03 14:32:52.134245', '2022-01-03 19:18:41.479242', '武姳', '777136070554994604', 'f', '2000-09-28', 9265, 1907, 52000);
UPDATE `loan_car` SET `created_at` = '2022-01-03 16:11:58.531590', `updated_at` = '2022-01-03 16:11:58.531590', `customer_id` = 5755, `model_id` = 286, `vin_number` = '392219490288937388', `date_produced` = '2010-02-26', `value_estimated` = 140000 WHERE `loan_car`.`id` = 4626;
INSERT INTO `loan_car` (`id`, `created_at`, `updated_at`, `customer_id`, `model_id`, `vin_number`, `date_produced`, `value_estimated`) VALUES (4626, '2022-01-03 16:11:58.531590', '2022-01-03 16:11:58.531590', 5755, 286, '392219490288937388', '2010-02-26', 140000);
UPDATE `loan_account` SET `created_at` = '2022-01-03 23:04:28.552490', `updated_at` = '2022-01-03 23:25:33.035401', `customer_id` = 5755, `number` = '868266462810311103', `balance` = 0 WHERE `loan_account`.`id` = 5261;
INSERT INTO `loan_account` (`id`, `created_at`, `updated_at`, `customer_id`, `number`, `balance`) VALUES (5261, '2022-01-03 23:04:28.552490', '2022-01-03 23:25:33.035401', 5755, '868266462810311103', 0);
UPDATE `loan_address` SET `created_at` = '2022-01-03 21:32:43.490130', `updated_at` = '2022-01-03 21:32:43.490130', `province` = '湖北省', `city` = '黄石市', `county` = '阳新县', `town` = '黄颡口镇', `detail` = '安汾路爱里舍花园86号' WHERE `loan_address`.`id` = 9266;
INSERT INTO `loan_address` (`id`, `created_at`, `updated_at`, `province`, `city`, `county`, `town`, `detail`) VALUES (9266, '2022-01-03 21:32:43.490130', '2022-01-03 21:32:43.490130', '湖北省', '黄石市', '阳新县', '黄颡口镇', '安汾路爱里舍花园86号');
UPDATE `loan_customer` SET `created_at` = '2022-01-03 21:32:43.490130', `updated_at` = '2022-01-03 22:27:46.360050', `name` = '徐阳晖', `id_number` = '841091990009743479', `gender` = 'm', `birthday` = '1990-01-01', `address_id` = 9266, `job_id` = 1908, `salary` = 48000 WHERE `loan_customer`.`id` = 5756;
INSERT INTO `loan_customer` (`id`, `created_at`, `updated_at`, `name`, `id_number`, `gender`, `birthday`, `address_id`, `job_id`, `salary`) VALUES (5756, '2022-01-03 21:32:43.490130', '2022-01-03 22:27:46.360050', '徐阳晖', '841091990009743479', 'm', '1990-01-01', 9266, 1908, 48000);
UPDATE `loan_car` SET `created_at` = '2022-01-03 22:36:56.579483', `updated_at` = '2022-01-03 22:36:56.579483', `customer_id` = 5756, `model_id` = 18, `vin_number` = '951493852265535884', `date_produced` = '2010-11-10', `value_estimated` = 120000 WHERE `loan_car`.`id` = 4627;
INSERT INTO `loan_car` (`id`, `created_at`, `updated_at`, `customer_id`, `model_id`, `vin_number`, `date_produced`, `value_estimated`) VALUES (4627, '2022-01-03 22:36:56.579483', '2022-01-03 22:36:56.579483', 5756, 18, '951493852265535884', '2010-11-10', 120000);
UPDATE `loan_account` SET `created_at` = '2022-01-03 23:25:28.968029', `updated_at` = '2022-01-03 23:25:28.968029', `customer_id` = 5756, `number` = '450735266922247128', `balance` = 172695 WHERE `loan_account`.`id` = 5262;
INSERT INTO `loan_account` (`id`, `created_at`, `updated_at`, `customer_id`, `number`, `balance`) VALUES (5262, '2022-01-03 23:25:28.968029', '2022-01-03 23:25:28.968029', 5756, '450735266922247128', 172695);
UPDATE `loan_address` SET `created_at` = '2022-01-03 04:14:40.677089', `updated_at` = '2022-01-03 04:14:40.677089', `province` = '湖北省', `city` = '恩施土家族苗族自治州', `county` = '咸丰县', `town` = '黄金洞乡', `detail` = '白城南路54号' WHERE `loan_address`.`id` = 9267;
INSERT INTO `loan_address` (`id`, `created_at`, `updated_at`, `province`, `city`, `county`, `town`, `detail`) VALUES (9267, '2022-01-03 04:14:40.677089', '2022-01-03 04:14:40.677089', '湖北省', '恩施土家族苗族自治州', '咸丰县', '黄金洞乡', '白城南路54号');
UPDATE `loan_customer` SET `created_at` = '2022-01-03 04:14:40.677089', `updated_at` = '2022-01-03 23:33:33.980678', `name` = '唐修明', `id_number` = '934408973513144752', `gender` = 'm', `birthday` = '1989-10-13', `address_id` = 9267, `job_id` = 1908, `salary` = 3000 WHERE `loan_customer`.`id` = 5757;
INSERT INTO `loan_customer` (`id`, `created_at`, `updated_at`, `name`, `id_number`, `gender`, `birthday`, `address_id`, `job_id`, `salary`) VALUES (5757, '2022-01-03 04:14:40.677089', '2022-01-03 23:33:33.980678', '唐修明', '934408973513144752', 'm', '1989-10-13', 9267, 1908, 3000);
UPDATE `loan_account` SET `created_at` = '2022-01-03 05:20:00.878011', `updated_at` = '2022-01-03 15:59:57.006153', `customer_id` = 5757, `number` = '055146014984791280', `balance` = 108706 WHERE `loan_account`.`id` = 5263;
INSERT INTO `loan_account` (`id`, `created_at`, `updated_at`, `customer_id`, `number`, `balance`) VALUES (5263, '2022-01-03 05:20:00.878011', '2022-01-03 15:59:57.006153', 5757, '055146014984791280', 108706);
UPDATE `loan_address` SET `created_at` = '2022-01-03 21:55:05.807302', `updated_at` = '2022-01-03 21:55:05.807302', `province` = '黑龙江省', `city` = '哈尔滨市', `county` = '阿城区', `town` = '舍利街道办事处', `detail` = '白玉路溢盈河畔别墅59号' WHERE `loan_address`.`id` = 9268;
INSERT INTO `loan_address` (`id`, `created_at`, `updated_at`, `province`, `city`, `county`, `town`, `detail`) VALUES (9268, '2022-01-03 21:55:05.807302', '2022-01-03 21:55:05.807302', '黑龙江省', '哈尔滨市', '阿城区', '舍利街道办事处', '白玉路溢盈河畔别墅59号');
UPDATE `loan_customer` SET `created_at` = '2022-01-03 21:55:05.807302', `updated_at` = '2022-01-03 22:26:48.065368', `name` = '袁喆', `id_number` = '782467514112424507', `gender` = 'm', `birthday` = '2003-03-10', `address_id` = 9268, `job_id` = 1909, `salary` = 60000 WHERE `loan_customer`.`id` = 5758;
INSERT INTO `loan_customer` (`id`, `created_at`, `updated_at`, `name`, `id_number`, `gender`, `birthday`, `address_id`, `job_id`, `salary`) VALUES (5758, '2022-01-03 21:55:05.807302', '2022-01-03 22:26:48.065368', '袁喆', '782467514112424507', 'm', '2003-03-10', 9268, 1909, 60000);
UPDATE `loan_address` SET `created_at` = '2022-01-03 23:26:18.135367', `updated_at` = '2022-01-03 23:26:18.135367', `province` = '新疆维吾尔自治区', `city` = '喀什地区', `county` = '泽普县', `town` = '农场场部', `detail` = '安化路爱里舍花园161号' WHERE `loan_address`.`id` = 9269;
INSERT INTO `loan_address` (`id`, `created_at`, `updated_at`, `province`, `city`, `county`, `town`, `detail`) VALUES (9269, '2022-01-03 23:26:18.135367', '2022-01-03 23:26:18.135367', '新疆维吾尔自治区', '喀什地区', '泽普县', '农场场部', '安化路爱里舍花园161号');
UPDATE `loan_estate` SET `created_at` = '2022-01-03 23:26:18.135367', `updated_at` = '2022-01-03 23:26:18.135367', `customer_id` = 5758, `address_id` = 9269 WHERE `loan_estate`.`id` = 3423;
INSERT INTO `loan_estate` (`id`, `created_at`, `updated_at`, `customer_id`, `address_id`) VALUES (3423, '2022-01-03 23:26:18.135367', '2022-01-03 23:26:18.135367', 5758, 9269);
UPDATE `loan_car` SET `created_at` = '2022-01-03 23:29:35.824243', `updated_at` = '2022-01-03 23:29:35.824243', `customer_id` = 5758, `model_id` = 104, `vin_number` = '395107083761909195', `date_produced` = '2013-01-22', `value_estimated` = 590000 WHERE `loan_car`.`id` = 4628;
INSERT INTO `loan_car` (`id`, `created_at`, `updated_at`, `customer_id`, `model_id`, `vin_number`, `date_produced`, `value_estimated`) VALUES (4628, '2022-01-03 23:29:35.824243', '2022-01-03 23:29:35.824243', 5758, 104, '395107083761909195', '2013-01-22', 590000);
UPDATE `loan_account` SET `created_at` = '2022-01-03 22:32:20.561530', `updated_at` = '2022-01-03 23:34:23.019667', `customer_id` = 5758, `number` = '304569877328237897', `balance` = 78163 WHERE `loan_account`.`id` = 5264;
INSERT INTO `loan_account` (`id`, `created_at`, `updated_at`, `customer_id`, `number`, `balance`) VALUES (5264, '2022-01-03 22:32:20.561530', '2022-01-03 23:34:23.019667', 5758, '304569877328237897', 78163);
UPDATE `loan_address` SET `created_at` = '2022-01-03 18:19:43.075947', `updated_at` = '2022-01-03 18:19:43.075947', `province` = '青海省', `city` = '海西蒙古族藏族自治州', `county` = '天峻县', `town` = '新源镇', `detail` = '白玉路86号' WHERE `loan_address`.`id` = 9270;
INSERT INTO `loan_address` (`id`, `created_at`, `updated_at`, `province`, `city`, `county`, `town`, `detail`) VALUES (9270, '2022-01-03 18:19:43.075947', '2022-01-03 18:19:43.075947', '青海省', '海西蒙古族藏族自治州', '天峻县', '新源镇', '白玉路86号');
UPDATE `loan_customer` SET `created_at` = '2022-01-03 18:19:43.075947', `updated_at` = '2022-01-03 19:13:34.087247', `name` = '薛泉', `id_number` = '778996339204290616', `gender` = 'f', `birthday` = '1989-04-13', `address_id` = 9270, `job_id` = 1909, `salary` = 10000 WHERE `loan_customer`.`id` = 5759;
INSERT INTO `loan_customer` (`id`, `created_at`, `updated_at`, `name`, `id_number`, `gender`, `birthday`, `address_id`, `job_id`, `salary`) VALUES (5759, '2022-01-03 18:19:43.075947', '2022-01-03 19:13:34.087247', '薛泉', '778996339204290616', 'f', '1989-04-13', 9270, 1909, 10000);
UPDATE `loan_address` SET `created_at` = '2022-01-03 23:40:04.304548', `updated_at` = '2022-01-03 23:40:04.304548', `province` = '江西省', `city` = '宜春市', `county` = '丰城市', `town` = '曲江镇', `detail` = '北艾路13号' WHERE `loan_address`.`id` = 9271;
INSERT INTO `loan_address` (`id`, `created_at`, `updated_at`, `province`, `city`, `county`, `town`, `detail`) VALUES (9271, '2022-01-03 23:40:04.304548', '2022-01-03 23:40:04.304548', '江西省', '宜春市', '丰城市', '曲江镇', '北艾路13号');
UPDATE `loan_estate` SET `created_at` = '2022-01-03 23:40:04.304548', `updated_at` = '2022-01-03 23:40:04.304548', `customer_id` = 5759, `address_id` = 9271 WHERE `loan_estate`.`id` = 3424;
INSERT INTO `loan_estate` (`id`, `created_at`, `updated_at`, `customer_id`, `address_id`) VALUES (3424, '2022-01-03 23:40:04.304548', '2022-01-03 23:40:04.304548', 5759, 9271);
UPDATE `loan_car` SET `created_at` = '2022-01-03 20:12:05.518249', `updated_at` = '2022-01-03 20:12:05.518249', `customer_id` = 5759, `model_id` = 277, `vin_number` = '170828544267982423', `date_produced` = '2012-09-13', `value_estimated` = 380000 WHERE `loan_car`.`id` = 4629;
INSERT INTO `loan_car` (`id`, `created_at`, `updated_at`, `customer_id`, `model_id`, `vin_number`, `date_produced`, `value_estimated`) VALUES (4629, '2022-01-03 20:12:05.518249', '2022-01-03 20:12:05.518249', 5759, 277, '170828544267982423', '2012-09-13', 380000);
UPDATE `loan_car` SET `created_at` = '2022-01-03 19:18:48.307653', `updated_at` = '2022-01-03 19:18:48.307653', `customer_id` = 5759, `model_id` = 101, `vin_number` = '198010708998428182', `date_produced` = '2011-02-02', `value_estimated` = 820000 WHERE `loan_car`.`id` = 4630;
INSERT INTO `loan_car` (`id`, `created_at`, `updated_at`, `customer_id`, `model_id`, `vin_number`, `date_produced`, `value_estimated`) VALUES (4630, '2022-01-03 19:18:48.307653', '2022-01-03 19:18:48.307653', 5759, 101, '198010708998428182', '2011-02-02', 820000);
UPDATE `loan_account` SET `created_at` = '2022-01-03 20:36:52.552833', `updated_at` = '2022-01-03 22:43:12.887703', `customer_id` = 5759, `number` = '642181644731375804', `balance` = 18038 WHERE `loan_account`.`id` = 5265;
INSERT INTO `loan_account` (`id`, `created_at`, `updated_at`, `customer_id`, `number`, `balance`) VALUES (5265, '2022-01-03 20:36:52.552833', '2022-01-03 22:43:12.887703', 5759, '642181644731375804', 18038);
UPDATE `loan_address` SET `created_at` = '2022-01-03 10:14:15.164704', `updated_at` = '2022-01-03 10:14:15.164704', `province` = '四川省', `city` = '达州市', `county` = '大竹县', `town` = '白塔街道办事处', `detail` = '宝山路爱里舍花园8号' WHERE `loan_address`.`id` = 9272;
INSERT INTO `loan_address` (`id`, `created_at`, `updated_at`, `province`, `city`, `county`, `town`, `detail`) VALUES (9272, '2022-01-03 10:14:15.164704', '2022-01-03 10:14:15.164704', '四川省', '达州市', '大竹县', '白塔街道办事处', '宝山路爱里舍花园8号');
UPDATE `loan_customer` SET `created_at` = '2022-01-03 10:14:15.164704', `updated_at` = '2022-01-03 22:42:37.439703', `name` = '叶芮欢', `id_number` = '518136813168923543', `gender` = 'f', `birthday` = '1991-05-20', `address_id` = 9272, `job_id` = 1909, `salary` = 50000 WHERE `loan_customer`.`id` = 5760;
INSERT INTO `loan_customer` (`id`, `created_at`, `updated_at`, `name`, `id_number`, `gender`, `birthday`, `address_id`, `job_id`, `salary`) VALUES (5760, '2022-01-03 10:14:15.164704', '2022-01-03 22:42:37.439703', '叶芮欢', '518136813168923543', 'f', '1991-05-20', 9272, 1909, 50000);
UPDATE `loan_address` SET `created_at` = '2022-01-03 12:03:00.995964', `updated_at` = '2022-01-03 12:03:00.995964', `province` = '陕西省', `city` = '西安市', `county` = '周至县', `town` = '竹峪镇', `detail` = '安国路195号' WHERE `loan_address`.`id` = 9273;
INSERT INTO `loan_address` (`id`, `created_at`, `updated_at`, `province`, `city`, `county`, `town`, `detail`) VALUES (9273, '2022-01-03 12:03:00.995964', '2022-01-03 12:03:00.995964', '陕西省', '西安市', '周至县', '竹峪镇', '安国路195号');
UPDATE `loan_estate` SET `created_at` = '2022-01-03 12:03:00.995964', `updated_at` = '2022-01-03 12:03:00.995964', `customer_id` = 5760, `address_id` = 9273 WHERE `loan_estate`.`id` = 3425;
INSERT INTO `loan_estate` (`id`, `created_at`, `updated_at`, `customer_id`, `address_id`) VALUES (3425, '2022-01-03 12:03:00.995964', '2022-01-03 12:03:00.995964', 5760, 9273);
UPDATE `loan_car` SET `created_at` = '2022-01-03 21:37:04.433650', `updated_at` = '2022-01-03 21:37:04.433650', `customer_id` = 5760, `model_id` = 277, `vin_number` = '097403219455220252', `date_produced` = '2020-03-16', `value_estimated` = 230000 WHERE `loan_car`.`id` = 4631;
INSERT INTO `loan_car` (`id`, `created_at`, `updated_at`, `customer_id`, `model_id`, `vin_number`, `date_produced`, `value_estimated`) VALUES (4631, '2022-01-03 21:37:04.433650', '2022-01-03 21:37:04.433650', 5760, 277, '097403219455220252', '2020-03-16', 230000);
UPDATE `loan_account` SET `created_at` = '2022-01-03 12:28:30.253124', `updated_at` = '2022-01-03 14:32:33.033597', `customer_id` = 5760, `number` = '951904429106881454', `balance` = 128932 WHERE `loan_account`.`id` = 5266;
INSERT INTO `loan_account` (`id`, `created_at`, `updated_at`, `customer_id`, `number`, `balance`) VALUES (5266, '2022-01-03 12:28:30.253124', '2022-01-03 14:32:33.033597', 5760, '951904429106881454', 128932);
UPDATE `loan_address` SET `created_at` = '2022-01-03 13:55:21.502551', `updated_at` = '2022-01-03 13:55:21.502551', `province` = '黑龙江省', `city` = '哈尔滨市', `county` = '巴彦县', `town` = '巴彦港镇', `detail` = '安福路东新大厦185号' WHERE `loan_address`.`id` = 9274;
INSERT INTO `loan_address` (`id`, `created_at`, `updated_at`, `province`, `city`, `county`, `town`, `detail`) VALUES (9274, '2022-01-03 13:55:21.502551', '2022-01-03 13:55:21.502551', '黑龙江省', '哈尔滨市', '巴彦县', '巴彦港镇', '安福路东新大厦185号');
UPDATE `loan_customer` SET `created_at` = '2022-01-03 13:55:21.502551', `updated_at` = '2022-01-03 20:21:59.426511', `name` = '邵寻云', `id_number` = '767853612677790162', `gender` = 'f', `birthday` = '1992-02-10', `address_id` = 9274, `job_id` = 1909, `salary` = 34000 WHERE `loan_customer`.`id` = 5761;
INSERT INTO `loan_customer` (`id`, `created_at`, `updated_at`, `name`, `id_number`, `gender`, `birthday`, `address_id`, `job_id`, `salary`) VALUES (5761, '2022-01-03 13:55:21.502551', '2022-01-03 20:21:59.426511', '邵寻云', '767853612677790162', 'f', '1992-02-10', 9274, 1909, 34000);
UPDATE `loan_address` SET `created_at` = '2022-01-03 23:56:31.667290', `updated_at` = '2022-01-03 23:56:31.667290', `province` = '甘肃省', `city` = '临夏回族自治州', `county` = '积石山保安族东乡族撒拉族自治县', `town` = '安集乡', `detail` = '板泉路金色家园25号' WHERE `loan_address`.`id` = 9275;
INSERT INTO `loan_address` (`id`, `created_at`, `updated_at`, `province`, `city`, `county`, `town`, `detail`) VALUES (9275, '2022-01-03 23:56:31.667290', '2022-01-03 23:56:31.667290', '甘肃省', '临夏回族自治州', '积石山保安族东乡族撒拉族自治县', '安集乡', '板泉路金色家园25号');
UPDATE `loan_estate` SET `created_at` = '2022-01-03 23:56:31.667290', `updated_at` = '2022-01-03 23:56:31.667290', `customer_id` = 5761, `address_id` = 9275 WHERE `loan_estate`.`id` = 3426;
INSERT INTO `loan_estate` (`id`, `created_at`, `updated_at`, `customer_id`, `address_id`) VALUES (3426, '2022-01-03 23:56:31.667290', '2022-01-03 23:56:31.667290', 5761, 9275);
UPDATE `loan_account` SET `created_at` = '2022-01-03 15:19:12.462530', `updated_at` = '2022-01-03 17:15:10.998588', `customer_id` = 5761, `number` = '794160940632103587', `balance` = 163181 WHERE `loan_account`.`id` = 5267;
INSERT INTO `loan_account` (`id`, `created_at`, `updated_at`, `customer_id`, `number`, `balance`) VALUES (5267, '2022-01-03 15:19:12.462530', '2022-01-03 17:15:10.998588', 5761, '794160940632103587', 163181);
UPDATE `loan_address` SET `created_at` = '2022-01-03 07:55:24.948175', `updated_at` = '2022-01-03 07:55:24.948175', `province` = '贵州省', `city` = '黔东南苗族侗族自治州', `county` = '岑巩县', `town` = '水尾镇', `detail` = '百花街178号' WHERE `loan_address`.`id` = 9276;
INSERT INTO `loan_address` (`id`, `created_at`, `updated_at`, `province`, `city`, `county`, `town`, `detail`) VALUES (9276, '2022-01-03 07:55:24.948175', '2022-01-03 07:55:24.948175', '贵州省', '黔东南苗族侗族自治州', '岑巩县', '水尾镇', '百花街178号');
UPDATE `loan_customer` SET `created_at` = '2022-01-03 07:55:24.948175', `updated_at` = '2022-01-03 15:43:27.848645', `name` = '阎玟', `id_number` = '300815790939171089', `gender` = 'f', `birthday` = '1982-08-05', `address_id` = 9276, `job_id` = 1910, `salary` = 33000 WHERE `loan_customer`.`id` = 5762;
INSERT INTO `loan_customer` (`id`, `created_at`, `updated_at`, `name`, `id_number`, `gender`, `birthday`, `address_id`, `job_id`, `salary`) VALUES (5762, '2022-01-03 07:55:24.948175', '2022-01-03 15:43:27.848645', '阎玟', '300815790939171089', 'f', '1982-08-05', 9276, 1910, 33000);
UPDATE `loan_car` SET `created_at` = '2022-01-03 16:23:24.356908', `updated_at` = '2022-01-03 16:23:24.356908', `customer_id` = 5762, `model_id` = 35, `vin_number` = '854097161032126963', `date_produced` = '2016-05-30', `value_estimated` = 250000 WHERE `loan_car`.`id` = 4632;
INSERT INTO `loan_car` (`id`, `created_at`, `updated_at`, `customer_id`, `model_id`, `vin_number`, `date_produced`, `value_estimated`) VALUES (4632, '2022-01-03 16:23:24.356908', '2022-01-03 16:23:24.356908', 5762, 35, '854097161032126963', '2016-05-30', 250000);
UPDATE `loan_car` SET `created_at` = '2022-01-03 14:06:13.055699', `updated_at` = '2022-01-03 14:06:13.055699', `customer_id` = 5762, `model_id` = 73, `vin_number` = '212773985708418134', `date_produced` = '2011-06-26', `value_estimated` = 160000 WHERE `loan_car`.`id` = 4633;
INSERT INTO `loan_car` (`id`, `created_at`, `updated_at`, `customer_id`, `model_id`, `vin_number`, `date_produced`, `value_estimated`) VALUES (4633, '2022-01-03 14:06:13.055699', '2022-01-03 14:06:13.055699', 5762, 73, '212773985708418134', '2011-06-26', 160000);
UPDATE `loan_account` SET `created_at` = '2022-01-03 09:20:39.710821', `updated_at` = '2022-01-03 13:44:31.013296', `customer_id` = 5762, `number` = '460402720284062158', `balance` = 98066 WHERE `loan_account`.`id` = 5268;
INSERT INTO `loan_account` (`id`, `created_at`, `updated_at`, `customer_id`, `number`, `balance`) VALUES (5268, '2022-01-03 09:20:39.710821', '2022-01-03 13:44:31.013296', 5762, '460402720284062158', 98066);
UPDATE `loan_address` SET `created_at` = '2022-01-03 05:23:10.922943', `updated_at` = '2022-01-03 05:23:10.922943', `province` = '河南省', `city` = '新乡市', `county` = '长垣县', `town` = '樊相镇', `detail` = '巴林路协通公寓58号' WHERE `loan_address`.`id` = 9277;
INSERT INTO `loan_address` (`id`, `created_at`, `updated_at`, `province`, `city`, `county`, `town`, `detail`) VALUES (9277, '2022-01-03 05:23:10.922943', '2022-01-03 05:23:10.922943', '河南省', '新乡市', '长垣县', '樊相镇', '巴林路协通公寓58号');
UPDATE `loan_customer` SET `created_at` = '2022-01-03 05:23:10.922943', `updated_at` = '2022-01-03 22:09:40.706992', `name` = '陆柳', `id_number` = '475955091740263629', `gender` = 'm', `birthday` = '1995-07-26', `address_id` = 9277, `job_id` = 1911, `salary` = 23000 WHERE `loan_customer`.`id` = 5763;
INSERT INTO `loan_customer` (`id`, `created_at`, `updated_at`, `name`, `id_number`, `gender`, `birthday`, `address_id`, `job_id`, `salary`) VALUES (5763, '2022-01-03 05:23:10.922943', '2022-01-03 22:09:40.706992', '陆柳', '475955091740263629', 'm', '1995-07-26', 9277, 1911, 23000);
UPDATE `loan_address` SET `created_at` = '2022-01-03 15:16:11.150406', `updated_at` = '2022-01-03 15:16:11.150406', `province` = '内蒙古自治区', `city` = '呼和浩特市', `county` = '呼和浩特经济技术开发区', `town` = '呼和浩特出口加工区', `detail` = '白兰路复华城市花园70号' WHERE `loan_address`.`id` = 9278;
INSERT INTO `loan_address` (`id`, `created_at`, `updated_at`, `province`, `city`, `county`, `town`, `detail`) VALUES (9278, '2022-01-03 15:16:11.150406', '2022-01-03 15:16:11.150406', '内蒙古自治区', '呼和浩特市', '呼和浩特经济技术开发区', '呼和浩特出口加工区', '白兰路复华城市花园70号');
UPDATE `loan_estate` SET `created_at` = '2022-01-03 15:16:11.150406', `updated_at` = '2022-01-03 15:16:11.150406', `customer_id` = 5763, `address_id` = 9278 WHERE `loan_estate`.`id` = 3427;
INSERT INTO `loan_estate` (`id`, `created_at`, `updated_at`, `customer_id`, `address_id`) VALUES (3427, '2022-01-03 15:16:11.150406', '2022-01-03 15:16:11.150406', 5763, 9278);
UPDATE `loan_car` SET `created_at` = '2022-01-03 09:24:01.992402', `updated_at` = '2022-01-03 17:55:39.328682', `customer_id` = 5763, `model_id` = 257, `vin_number` = '441370090756309152', `date_produced` = '2011-08-02', `value_estimated` = 480000 WHERE `loan_car`.`id` = 4634;
INSERT INTO `loan_car` (`id`, `created_at`, `updated_at`, `customer_id`, `model_id`, `vin_number`, `date_produced`, `value_estimated`) VALUES (4634, '2022-01-03 09:24:01.992402', '2022-01-03 17:55:39.328682', 5763, 257, '441370090756309152', '2011-08-02', 480000);
UPDATE `loan_account` SET `created_at` = '2022-01-03 18:03:34.956167', `updated_at` = '2022-01-03 18:03:34.956167', `customer_id` = 5763, `number` = '853754752475880743', `balance` = 0 WHERE `loan_account`.`id` = 5269;
INSERT INTO `loan_account` (`id`, `created_at`, `updated_at`, `customer_id`, `number`, `balance`) VALUES (5269, '2022-01-03 18:03:34.956167', '2022-01-03 18:03:34.956167', 5763, '853754752475880743', 0);
UPDATE `loan_address` SET `created_at` = '2022-01-03 03:43:27.997914', `updated_at` = '2022-01-03 03:43:27.997914', `province` = '辽宁省', `city` = '鞍山市', `county` = '岫岩满族自治县', `town` = '哨子河乡', `detail` = '安汾路博泰新苑40号' WHERE `loan_address`.`id` = 9279;
INSERT INTO `loan_address` (`id`, `created_at`, `updated_at`, `province`, `city`, `county`, `town`, `detail`) VALUES (9279, '2022-01-03 03:43:27.997914', '2022-01-03 03:43:27.997914', '辽宁省', '鞍山市', '岫岩满族自治县', '哨子河乡', '安汾路博泰新苑40号');
UPDATE `loan_customer` SET `created_at` = '2022-01-03 03:43:27.997914', `updated_at` = '2022-01-03 20:25:13.962784', `name` = '邱高丽', `id_number` = '691184667944011399', `gender` = 'f', `birthday` = '2008-05-09', `address_id` = 9279, `job_id` = 1911, `salary` = 22000 WHERE `loan_customer`.`id` = 5764;
INSERT INTO `loan_customer` (`id`, `created_at`, `updated_at`, `name`, `id_number`, `gender`, `birthday`, `address_id`, `job_id`, `salary`) VALUES (5764, '2022-01-03 03:43:27.997914', '2022-01-03 20:25:13.962784', '邱高丽', '691184667944011399', 'f', '2008-05-09', 9279, 1911, 22000);
UPDATE `loan_account` SET `created_at` = '2022-01-03 21:50:00.149261', `updated_at` = '2022-01-03 23:14:40.230804', `customer_id` = 5764, `number` = '000814291663168671', `balance` = 40345 WHERE `loan_account`.`id` = 5270;
INSERT INTO `loan_account` (`id`, `created_at`, `updated_at`, `customer_id`, `number`, `balance`) VALUES (5270, '2022-01-03 21:50:00.149261', '2022-01-03 23:14:40.230804', 5764, '000814291663168671', 40345);
UPDATE `loan_address` SET `created_at` = '2022-01-03 08:56:37.257092', `updated_at` = '2022-01-03 08:56:37.257092', `province` = '江苏省', `city` = '南通市', `county` = '崇川区', `town` = '文峰街道', `detail` = '安义路耀江花园192号' WHERE `loan_address`.`id` = 9280;
INSERT INTO `loan_address` (`id`, `created_at`, `updated_at`, `province`, `city`, `county`, `town`, `detail`) VALUES (9280, '2022-01-03 08:56:37.257092', '2022-01-03 08:56:37.257092', '江苏省', '南通市', '崇川区', '文峰街道', '安义路耀江花园192号');
UPDATE `loan_customer` SET `created_at` = '2022-01-03 08:56:37.257092', `updated_at` = '2022-01-03 15:20:14.241956', `name` = '钱烨伟', `id_number` = '243900318082218797', `gender` = 'f', `birthday` = '1989-10-22', `address_id` = 9280, `job_id` = 1911, `salary` = 13000 WHERE `loan_customer`.`id` = 5765;
INSERT INTO `loan_customer` (`id`, `created_at`, `updated_at`, `name`, `id_number`, `gender`, `birthday`, `address_id`, `job_id`, `salary`) VALUES (5765, '2022-01-03 08:56:37.257092', '2022-01-03 15:20:14.241956', '钱烨伟', '243900318082218797', 'f', '1989-10-22', 9280, 1911, 13000);
UPDATE `loan_chattel` SET `created_at` = '2022-01-03 18:45:00.805679', `updated_at` = '2022-01-03 18:45:00.805679', `customer_id` = 5765, `type` = 'copyright', `description` = '一些信息', `value_amount` = 240000, `expired_at` = '2019-09-21' WHERE `loan_chattel`.`id` = 1698;
INSERT INTO `loan_chattel` (`id`, `created_at`, `updated_at`, `customer_id`, `type`, `description`, `value_amount`, `expired_at`) VALUES (1698, '2022-01-03 18:45:00.805679', '2022-01-03 18:45:00.805679', 5765, 'copyright', '一些信息', 240000, '2019-09-21');
UPDATE `loan_car` SET `created_at` = '2022-01-03 10:57:37.209251', `updated_at` = '2022-01-03 20:13:11.105306', `customer_id` = 5765, `model_id` = 263, `vin_number` = '316828699300959960', `date_produced` = '2010-12-29', `value_estimated` = 620000 WHERE `loan_car`.`id` = 4635;
INSERT INTO `loan_car` (`id`, `created_at`, `updated_at`, `customer_id`, `model_id`, `vin_number`, `date_produced`, `value_estimated`) VALUES (4635, '2022-01-03 10:57:37.209251', '2022-01-03 20:13:11.105306', 5765, 263, '316828699300959960', '2010-12-29', 620000);
UPDATE `loan_account` SET `created_at` = '2022-01-03 21:49:15.720286', `updated_at` = '2022-01-03 21:49:15.720286', `customer_id` = 5765, `number` = '678896960205134691', `balance` = 21796 WHERE `loan_account`.`id` = 5271;
INSERT INTO `loan_account` (`id`, `created_at`, `updated_at`, `customer_id`, `number`, `balance`) VALUES (5271, '2022-01-03 21:49:15.720286', '2022-01-03 21:49:15.720286', 5765, '678896960205134691', 21796);
UPDATE `loan_address` SET `created_at` = '2022-01-03 09:09:41.515434', `updated_at` = '2022-01-03 09:09:41.515434', `province` = '山东省', `city` = '烟台市', `county` = '莱山区', `town` = '莱山街道办事处', `detail` = '安仁路62号' WHERE `loan_address`.`id` = 9281;
INSERT INTO `loan_address` (`id`, `created_at`, `updated_at`, `province`, `city`, `county`, `town`, `detail`) VALUES (9281, '2022-01-03 09:09:41.515434', '2022-01-03 09:09:41.515434', '山东省', '烟台市', '莱山区', '莱山街道办事处', '安仁路62号');
UPDATE `loan_customer` SET `created_at` = '2022-01-03 09:09:41.515434', `updated_at` = '2022-01-03 19:17:15.058551', `name` = '赖黛', `id_number` = '768189466474584465', `gender` = 'f', `birthday` = '1990-08-19', `address_id` = 9281, `job_id` = 1911, `salary` = 30000 WHERE `loan_customer`.`id` = 5766;
INSERT INTO `loan_customer` (`id`, `created_at`, `updated_at`, `name`, `id_number`, `gender`, `birthday`, `address_id`, `job_id`, `salary`) VALUES (5766, '2022-01-03 09:09:41.515434', '2022-01-03 19:17:15.058551', '赖黛', '768189466474584465', 'f', '1990-08-19', 9281, 1911, 30000);
UPDATE `loan_chattel` SET `created_at` = '2022-01-03 22:30:48.904541', `updated_at` = '2022-01-03 23:07:31.936054', `customer_id` = 5766, `type` = 'check', `description` = '一些信息', `value_amount` = 280000, `expired_at` = '2034-06-05' WHERE `loan_chattel`.`id` = 1699;
INSERT INTO `loan_chattel` (`id`, `created_at`, `updated_at`, `customer_id`, `type`, `description`, `value_amount`, `expired_at`) VALUES (1699, '2022-01-03 22:30:48.904541', '2022-01-03 23:07:31.936054', 5766, 'check', '一些信息', 280000, '2034-06-05');
UPDATE `loan_account` SET `created_at` = '2022-01-03 21:17:33.385832', `updated_at` = '2022-01-03 21:17:33.385832', `customer_id` = 5766, `number` = '149252777854710310', `balance` = 52410 WHERE `loan_account`.`id` = 5272;
INSERT INTO `loan_account` (`id`, `created_at`, `updated_at`, `customer_id`, `number`, `balance`) VALUES (5272, '2022-01-03 21:17:33.385832', '2022-01-03 21:17:33.385832', 5766, '149252777854710310', 52410);
UPDATE `loan_address` SET `created_at` = '2022-01-03 07:41:55.864110', `updated_at` = '2022-01-03 07:41:55.864110', `province` = '贵州省', `city` = '黔东南苗族侗族自治州', `county` = '岑巩县', `town` = '水尾镇', `detail` = '爱国路53号' WHERE `loan_address`.`id` = 9282;
INSERT INTO `loan_address` (`id`, `created_at`, `updated_at`, `province`, `city`, `county`, `town`, `detail`) VALUES (9282, '2022-01-03 07:41:55.864110', '2022-01-03 07:41:55.864110', '贵州省', '黔东南苗族侗族自治州', '岑巩县', '水尾镇', '爱国路53号');
UPDATE `loan_customer` SET `created_at` = '2022-01-03 07:41:55.864110', `updated_at` = '2022-01-03 08:37:53.621722', `name` = '龙龙', `id_number` = '656918667799237250', `gender` = 'f', `birthday` = '1983-05-03', `address_id` = 9282, `job_id` = 1911, `salary` = 7000 WHERE `loan_customer`.`id` = 5767;
INSERT INTO `loan_customer` (`id`, `created_at`, `updated_at`, `name`, `id_number`, `gender`, `birthday`, `address_id`, `job_id`, `salary`) VALUES (5767, '2022-01-03 07:41:55.864110', '2022-01-03 08:37:53.621722', '龙龙', '656918667799237250', 'f', '1983-05-03', 9282, 1911, 7000);
UPDATE `loan_address` SET `created_at` = '2022-01-03 23:50:13.204396', `updated_at` = '2022-01-03 23:50:13.204396', `province` = '湖南省', `city` = '常德市', `county` = '临澧县', `town` = '安福街道', `detail` = '宝祁路64号' WHERE `loan_address`.`id` = 9283;
INSERT INTO `loan_address` (`id`, `created_at`, `updated_at`, `province`, `city`, `county`, `town`, `detail`) VALUES (9283, '2022-01-03 23:50:13.204396', '2022-01-03 23:50:13.204396', '湖南省', '常德市', '临澧县', '安福街道', '宝祁路64号');
UPDATE `loan_estate` SET `created_at` = '2022-01-03 23:50:13.204396', `updated_at` = '2022-01-03 23:50:13.204396', `customer_id` = 5767, `address_id` = 9283 WHERE `loan_estate`.`id` = 3428;
INSERT INTO `loan_estate` (`id`, `created_at`, `updated_at`, `customer_id`, `address_id`) VALUES (3428, '2022-01-03 23:50:13.204396', '2022-01-03 23:50:13.204396', 5767, 9283);
UPDATE `loan_car` SET `created_at` = '2022-01-03 23:24:57.991877', `updated_at` = '2022-01-03 23:24:57.991877', `customer_id` = 5767, `model_id` = 4, `vin_number` = '702574351528458887', `date_produced` = '2017-04-21', `value_estimated` = 490000 WHERE `loan_car`.`id` = 4636;
INSERT INTO `loan_car` (`id`, `created_at`, `updated_at`, `customer_id`, `model_id`, `vin_number`, `date_produced`, `value_estimated`) VALUES (4636, '2022-01-03 23:24:57.991877', '2022-01-03 23:24:57.991877', 5767, 4, '702574351528458887', '2017-04-21', 490000);
UPDATE `loan_account` SET `created_at` = '2022-01-03 21:44:38.099886', `updated_at` = '2022-01-03 23:46:46.595815', `customer_id` = 5767, `number` = '836487724004373634', `balance` = 18353 WHERE `loan_account`.`id` = 5273;
INSERT INTO `loan_account` (`id`, `created_at`, `updated_at`, `customer_id`, `number`, `balance`) VALUES (5273, '2022-01-03 21:44:38.099886', '2022-01-03 23:46:46.595815', 5767, '836487724004373634', 18353);
UPDATE `loan_address` SET `created_at` = '2022-01-03 09:05:42.897573', `updated_at` = '2022-01-03 09:05:42.897573', `province` = '江西省', `city` = '鹰潭市', `county` = '贵溪市', `town` = '贵溪市工业园区', `detail` = '宝林路126号' WHERE `loan_address`.`id` = 9284;
INSERT INTO `loan_address` (`id`, `created_at`, `updated_at`, `province`, `city`, `county`, `town`, `detail`) VALUES (9284, '2022-01-03 09:05:42.897573', '2022-01-03 09:05:42.897573', '江西省', '鹰潭市', '贵溪市', '贵溪市工业园区', '宝林路126号');
UPDATE `loan_customer` SET `created_at` = '2022-01-03 09:05:42.897573', `updated_at` = '2022-01-03 15:51:48.643939', `name` = '崔平彤', `id_number` = '840679877344293751', `gender` = 'f', `birthday` = '2003-06-02', `address_id` = 9284, `job_id` = 1912, `salary` = 14000 WHERE `loan_customer`.`id` = 5768;
INSERT INTO `loan_customer` (`id`, `created_at`, `updated_at`, `name`, `id_number`, `gender`, `birthday`, `address_id`, `job_id`, `salary`) VALUES (5768, '2022-01-03 09:05:42.897573', '2022-01-03 15:51:48.643939', '崔平彤', '840679877344293751', 'f', '2003-06-02', 9284, 1912, 14000);
UPDATE `loan_address` SET `created_at` = '2022-01-03 22:49:38.833575', `updated_at` = '2022-01-03 22:49:38.833575', `province` = '陕西省', `city` = '汉中市', `county` = '洋县', `town` = '槐树关镇', `detail` = '鞍山路146号' WHERE `loan_address`.`id` = 9285;
INSERT INTO `loan_address` (`id`, `created_at`, `updated_at`, `province`, `city`, `county`, `town`, `detail`) VALUES (9285, '2022-01-03 22:49:38.833575', '2022-01-03 22:49:38.833575', '陕西省', '汉中市', '洋县', '槐树关镇', '鞍山路146号');
UPDATE `loan_estate` SET `created_at` = '2022-01-03 22:49:38.833575', `updated_at` = '2022-01-03 22:49:38.833575', `customer_id` = 5768, `address_id` = 9285 WHERE `loan_estate`.`id` = 3429;
INSERT INTO `loan_estate` (`id`, `created_at`, `updated_at`, `customer_id`, `address_id`) VALUES (3429, '2022-01-03 22:49:38.833575', '2022-01-03 22:49:38.833575', 5768, 9285);
UPDATE `loan_account` SET `created_at` = '2022-01-03 09:39:53.138720', `updated_at` = '2022-01-03 11:01:43.540182', `customer_id` = 5768, `number` = '807386261900861135', `balance` = 116503 WHERE `loan_account`.`id` = 5274;
INSERT INTO `loan_account` (`id`, `created_at`, `updated_at`, `customer_id`, `number`, `balance`) VALUES (5274, '2022-01-03 09:39:53.138720', '2022-01-03 11:01:43.540182', 5768, '807386261900861135', 116503);
UPDATE `loan_address` SET `created_at` = '2022-01-03 10:01:47.741487', `updated_at` = '2022-01-03 10:01:47.741487', `province` = '广西壮族自治区', `city` = '贵港市', `county` = '桂平市', `town` = '麻垌镇', `detail` = '白渡路36号' WHERE `loan_address`.`id` = 9286;
INSERT INTO `loan_address` (`id`, `created_at`, `updated_at`, `province`, `city`, `county`, `town`, `detail`) VALUES (9286, '2022-01-03 10:01:47.741487', '2022-01-03 10:01:47.741487', '广西壮族自治区', '贵港市', '桂平市', '麻垌镇', '白渡路36号');
UPDATE `loan_customer` SET `created_at` = '2022-01-03 10:01:47.741487', `updated_at` = '2022-01-03 15:05:01.604065', `name` = '傅眉', `id_number` = '452450650601974389', `gender` = 'm', `birthday` = '2002-10-04', `address_id` = 9286, `job_id` = 1912, `salary` = 11000 WHERE `loan_customer`.`id` = 5769;
INSERT INTO `loan_customer` (`id`, `created_at`, `updated_at`, `name`, `id_number`, `gender`, `birthday`, `address_id`, `job_id`, `salary`) VALUES (5769, '2022-01-03 10:01:47.741487', '2022-01-03 15:05:01.604065', '傅眉', '452450650601974389', 'm', '2002-10-04', 9286, 1912, 11000);
UPDATE `loan_address` SET `created_at` = '2022-01-03 08:03:47.891893', `updated_at` = '2022-01-03 08:03:47.891893', `province` = '辽宁省', `city` = '锦州市', `county` = '北镇市', `town` = '沟帮子街道办事处', `detail` = '安仁路101号' WHERE `loan_address`.`id` = 9287;
INSERT INTO `loan_address` (`id`, `created_at`, `updated_at`, `province`, `city`, `county`, `town`, `detail`) VALUES (9287, '2022-01-03 08:03:47.891893', '2022-01-03 08:03:47.891893', '辽宁省', '锦州市', '北镇市', '沟帮子街道办事处', '安仁路101号');
UPDATE `loan_customer` SET `created_at` = '2022-01-03 08:03:47.891893', `updated_at` = '2022-01-03 19:42:03.780007', `name` = '江修德', `id_number` = '747245525498682712', `gender` = 'f', `birthday` = '1984-01-02', `address_id` = 9287, `job_id` = 1912, `salary` = 20000 WHERE `loan_customer`.`id` = 5770;
INSERT INTO `loan_customer` (`id`, `created_at`, `updated_at`, `name`, `id_number`, `gender`, `birthday`, `address_id`, `job_id`, `salary`) VALUES (5770, '2022-01-03 08:03:47.891893', '2022-01-03 19:42:03.780007', '江修德', '747245525498682712', 'f', '1984-01-02', 9287, 1912, 20000);
UPDATE `loan_car` SET `created_at` = '2022-01-03 12:44:34.879444', `updated_at` = '2022-01-03 12:44:34.879444', `customer_id` = 5770, `model_id` = 120, `vin_number` = '918859726280978206', `date_produced` = '2016-01-22', `value_estimated` = 40000 WHERE `loan_car`.`id` = 4637;
INSERT INTO `loan_car` (`id`, `created_at`, `updated_at`, `customer_id`, `model_id`, `vin_number`, `date_produced`, `value_estimated`) VALUES (4637, '2022-01-03 12:44:34.879444', '2022-01-03 12:44:34.879444', 5770, 120, '918859726280978206', '2016-01-22', 40000);
UPDATE `loan_car` SET `created_at` = '2022-01-03 13:56:03.330584', `updated_at` = '2022-01-03 13:56:03.330584', `customer_id` = 5770, `model_id` = 94, `vin_number` = '254137479557332727', `date_produced` = '2010-04-04', `value_estimated` = 390000 WHERE `loan_car`.`id` = 4638;
INSERT INTO `loan_car` (`id`, `created_at`, `updated_at`, `customer_id`, `model_id`, `vin_number`, `date_produced`, `value_estimated`) VALUES (4638, '2022-01-03 13:56:03.330584', '2022-01-03 13:56:03.330584', 5770, 94, '254137479557332727', '2010-04-04', 390000);
UPDATE `loan_account` SET `created_at` = '2022-01-03 14:09:52.138979', `updated_at` = '2022-01-03 14:09:52.138979', `customer_id` = 5770, `number` = '515016046230923160', `balance` = 56719 WHERE `loan_account`.`id` = 5275;
INSERT INTO `loan_account` (`id`, `created_at`, `updated_at`, `customer_id`, `number`, `balance`) VALUES (5275, '2022-01-03 14:09:52.138979', '2022-01-03 14:09:52.138979', 5770, '515016046230923160', 56719);
UPDATE `loan_address` SET `created_at` = '2022-01-03 10:12:21.828358', `updated_at` = '2022-01-03 10:12:21.828358', `province` = '四川省', `city` = '凉山彝族自治州', `county` = '布拖县', `town` = '包谷坪乡', `detail` = '保屯路87号' WHERE `loan_address`.`id` = 9288;
INSERT INTO `loan_address` (`id`, `created_at`, `updated_at`, `province`, `city`, `county`, `town`, `detail`) VALUES (9288, '2022-01-03 10:12:21.828358', '2022-01-03 10:12:21.828358', '四川省', '凉山彝族自治州', '布拖县', '包谷坪乡', '保屯路87号');
UPDATE `loan_customer` SET `created_at` = '2022-01-03 10:12:21.828358', `updated_at` = '2022-01-03 10:12:21.828358', `name` = '胡苹', `id_number` = '121702262139504475', `gender` = 'm', `birthday` = '1984-02-13', `address_id` = 9288, `job_id` = 1913, `salary` = 28000 WHERE `loan_customer`.`id` = 5771;
INSERT INTO `loan_customer` (`id`, `created_at`, `updated_at`, `name`, `id_number`, `gender`, `birthday`, `address_id`, `job_id`, `salary`) VALUES (5771, '2022-01-03 10:12:21.828358', '2022-01-03 10:12:21.828358', '胡苹', '121702262139504475', 'm', '1984-02-13', 9288, 1913, 28000);
UPDATE `loan_address` SET `created_at` = '2022-01-03 22:13:23.079137', `updated_at` = '2022-01-03 22:13:23.079137', `province` = '江西省', `city` = '抚州市', `county` = '崇仁县', `town` = '礼陂镇', `detail` = '巴林路真新六街坊14号' WHERE `loan_address`.`id` = 9289;
INSERT INTO `loan_address` (`id`, `created_at`, `updated_at`, `province`, `city`, `county`, `town`, `detail`) VALUES (9289, '2022-01-03 22:13:23.079137', '2022-01-03 22:13:23.079137', '江西省', '抚州市', '崇仁县', '礼陂镇', '巴林路真新六街坊14号');
UPDATE `loan_estate` SET `created_at` = '2022-01-03 22:13:23.079137', `updated_at` = '2022-01-03 22:13:23.079137', `customer_id` = 5771, `address_id` = 9289 WHERE `loan_estate`.`id` = 3430;
INSERT INTO `loan_estate` (`id`, `created_at`, `updated_at`, `customer_id`, `address_id`) VALUES (3430, '2022-01-03 22:13:23.079137', '2022-01-03 22:13:23.079137', 5771, 9289);
UPDATE `loan_address` SET `created_at` = '2022-01-03 19:37:00.060858', `updated_at` = '2022-01-03 19:37:00.060858', `province` = '四川省', `city` = '遂宁市', `county` = '安居区', `town` = '常理镇', `detail` = '安亭路协通公寓157号' WHERE `loan_address`.`id` = 9290;
INSERT INTO `loan_address` (`id`, `created_at`, `updated_at`, `province`, `city`, `county`, `town`, `detail`) VALUES (9290, '2022-01-03 19:37:00.060858', '2022-01-03 19:37:00.060858', '四川省', '遂宁市', '安居区', '常理镇', '安亭路协通公寓157号');
UPDATE `loan_estate` SET `created_at` = '2022-01-03 19:37:00.060858', `updated_at` = '2022-01-03 19:37:00.060858', `customer_id` = 5771, `address_id` = 9290 WHERE `loan_estate`.`id` = 3431;
INSERT INTO `loan_estate` (`id`, `created_at`, `updated_at`, `customer_id`, `address_id`) VALUES (3431, '2022-01-03 19:37:00.060858', '2022-01-03 19:37:00.060858', 5771, 9290);
UPDATE `loan_address` SET `created_at` = '2022-01-03 15:48:19.686713', `updated_at` = '2022-01-03 15:48:19.686713', `province` = '四川省', `city` = '攀枝花市', `county` = '仁和区', `town` = '中坝乡', `detail` = '安国路26号' WHERE `loan_address`.`id` = 9291;
INSERT INTO `loan_address` (`id`, `created_at`, `updated_at`, `province`, `city`, `county`, `town`, `detail`) VALUES (9291, '2022-01-03 15:48:19.686713', '2022-01-03 15:48:19.686713', '四川省', '攀枝花市', '仁和区', '中坝乡', '安国路26号');
UPDATE `loan_estate` SET `created_at` = '2022-01-03 15:48:19.686713', `updated_at` = '2022-01-03 15:48:19.686713', `customer_id` = 5771, `address_id` = 9291 WHERE `loan_estate`.`id` = 3432;
INSERT INTO `loan_estate` (`id`, `created_at`, `updated_at`, `customer_id`, `address_id`) VALUES (3432, '2022-01-03 15:48:19.686713', '2022-01-03 15:48:19.686713', 5771, 9291);
UPDATE `loan_car` SET `created_at` = '2022-01-03 18:14:37.987295', `updated_at` = '2022-01-03 18:14:37.987295', `customer_id` = 5771, `model_id` = 264, `vin_number` = '171051345329330639', `date_produced` = '2016-05-07', `value_estimated` = 370000 WHERE `loan_car`.`id` = 4639;
INSERT INTO `loan_car` (`id`, `created_at`, `updated_at`, `customer_id`, `model_id`, `vin_number`, `date_produced`, `value_estimated`) VALUES (4639, '2022-01-03 18:14:37.987295', '2022-01-03 18:14:37.987295', 5771, 264, '171051345329330639', '2016-05-07', 370000);
UPDATE `loan_account` SET `created_at` = '2022-01-03 22:12:07.910033', `updated_at` = '2022-01-03 22:12:07.910033', `customer_id` = 5771, `number` = '865228935165733501', `balance` = 22488 WHERE `loan_account`.`id` = 5276;
INSERT INTO `loan_account` (`id`, `created_at`, `updated_at`, `customer_id`, `number`, `balance`) VALUES (5276, '2022-01-03 22:12:07.910033', '2022-01-03 22:12:07.910033', 5771, '865228935165733501', 22488);
UPDATE `loan_address` SET `created_at` = '2022-01-03 05:39:34.533347', `updated_at` = '2022-01-03 05:39:34.533347', `province` = '河南省', `city` = '新乡市', `county` = '长垣县', `town` = '樊相镇', `detail` = '保屯路和亭佳苑6号' WHERE `loan_address`.`id` = 9292;
INSERT INTO `loan_address` (`id`, `created_at`, `updated_at`, `province`, `city`, `county`, `town`, `detail`) VALUES (9292, '2022-01-03 05:39:34.533347', '2022-01-03 05:39:34.533347', '河南省', '新乡市', '长垣县', '樊相镇', '保屯路和亭佳苑6号');
UPDATE `loan_customer` SET `created_at` = '2022-01-03 05:39:34.533347', `updated_at` = '2022-01-03 11:23:46.854627', `name` = '姜盼香', `id_number` = '241701462211200892', `gender` = 'f', `birthday` = '1982-05-20', `address_id` = 9292, `job_id` = 1913, `salary` = 50000 WHERE `loan_customer`.`id` = 5772;
INSERT INTO `loan_customer` (`id`, `created_at`, `updated_at`, `name`, `id_number`, `gender`, `birthday`, `address_id`, `job_id`, `salary`) VALUES (5772, '2022-01-03 05:39:34.533347', '2022-01-03 11:23:46.854627', '姜盼香', '241701462211200892', 'f', '1982-05-20', 9292, 1913, 50000);
UPDATE `loan_chattel` SET `created_at` = '2022-01-03 11:50:24.057210', `updated_at` = '2022-01-03 21:26:12.142717', `customer_id` = 5772, `type` = 'draft', `description` = '一些信息', `value_amount` = 60000, `expired_at` = '2028-08-10' WHERE `loan_chattel`.`id` = 1700;
INSERT INTO `loan_chattel` (`id`, `created_at`, `updated_at`, `customer_id`, `type`, `description`, `value_amount`, `expired_at`) VALUES (1700, '2022-01-03 11:50:24.057210', '2022-01-03 21:26:12.142717', 5772, 'draft', '一些信息', 60000, '2028-08-10');
UPDATE `loan_chattel` SET `created_at` = '2022-01-03 12:24:43.485478', `updated_at` = '2022-01-03 12:24:43.485478', `customer_id` = 5772, `type` = 'promissory_note', `description` = '一些信息', `value_amount` = 450000, `expired_at` = '2022-10-29' WHERE `loan_chattel`.`id` = 1701;
INSERT INTO `loan_chattel` (`id`, `created_at`, `updated_at`, `customer_id`, `type`, `description`, `value_amount`, `expired_at`) VALUES (1701, '2022-01-03 12:24:43.485478', '2022-01-03 12:24:43.485478', 5772, 'promissory_note', '一些信息', 450000, '2022-10-29');
UPDATE `loan_address` SET `created_at` = '2022-01-03 12:25:25.161965', `updated_at` = '2022-01-03 12:25:25.161965', `province` = '辽宁省', `city` = '鞍山市', `county` = '岫岩满族自治县', `town` = '哨子河乡', `detail` = '包头南路56号' WHERE `loan_address`.`id` = 9293;
INSERT INTO `loan_address` (`id`, `created_at`, `updated_at`, `province`, `city`, `county`, `town`, `detail`) VALUES (9293, '2022-01-03 12:25:25.161965', '2022-01-03 12:25:25.161965', '辽宁省', '鞍山市', '岫岩满族自治县', '哨子河乡', '包头南路56号');
UPDATE `loan_estate` SET `created_at` = '2022-01-03 12:25:25.161965', `updated_at` = '2022-01-03 12:25:25.161965', `customer_id` = 5772, `address_id` = 9293 WHERE `loan_estate`.`id` = 3433;
INSERT INTO `loan_estate` (`id`, `created_at`, `updated_at`, `customer_id`, `address_id`) VALUES (3433, '2022-01-03 12:25:25.161965', '2022-01-03 12:25:25.161965', 5772, 9293);
UPDATE `loan_address` SET `created_at` = '2022-01-03 22:35:08.882009', `updated_at` = '2022-01-03 22:35:08.882009', `province` = '江西省', `city` = '宜春市', `county` = '丰城市', `town` = '曲江镇', `detail` = '宝山路95号' WHERE `loan_address`.`id` = 9294;
INSERT INTO `loan_address` (`id`, `created_at`, `updated_at`, `province`, `city`, `county`, `town`, `detail`) VALUES (9294, '2022-01-03 22:35:08.882009', '2022-01-03 22:35:08.882009', '江西省', '宜春市', '丰城市', '曲江镇', '宝山路95号');
UPDATE `loan_estate` SET `created_at` = '2022-01-03 22:35:08.882009', `updated_at` = '2022-01-03 22:35:08.882009', `customer_id` = 5772, `address_id` = 9294 WHERE `loan_estate`.`id` = 3434;
INSERT INTO `loan_estate` (`id`, `created_at`, `updated_at`, `customer_id`, `address_id`) VALUES (3434, '2022-01-03 22:35:08.882009', '2022-01-03 22:35:08.882009', 5772, 9294);
UPDATE `loan_car` SET `created_at` = '2022-01-03 15:44:36.706665', `updated_at` = '2022-01-03 17:47:56.980731', `customer_id` = 5772, `model_id` = 107, `vin_number` = '050901837111055911', `date_produced` = '2012-02-10', `value_estimated` = 960000 WHERE `loan_car`.`id` = 4640;
INSERT INTO `loan_car` (`id`, `created_at`, `updated_at`, `customer_id`, `model_id`, `vin_number`, `date_produced`, `value_estimated`) VALUES (4640, '2022-01-03 15:44:36.706665', '2022-01-03 17:47:56.980731', 5772, 107, '050901837111055911', '2012-02-10', 960000);
UPDATE `loan_account` SET `created_at` = '2022-01-03 10:20:39.777587', `updated_at` = '2022-01-03 10:20:39.777587', `customer_id` = 5772, `number` = '504688229194877804', `balance` = 62886 WHERE `loan_account`.`id` = 5277;
INSERT INTO `loan_account` (`id`, `created_at`, `updated_at`, `customer_id`, `number`, `balance`) VALUES (5277, '2022-01-03 10:20:39.777587', '2022-01-03 10:20:39.777587', 5772, '504688229194877804', 62886);
UPDATE `loan_address` SET `created_at` = '2022-01-03 01:07:02.076267', `updated_at` = '2022-01-03 01:07:02.076267', `province` = '甘肃省', `city` = '武威市', `county` = '天祝藏族自治县', `town` = '松山镇', `detail` = '安顺路162号' WHERE `loan_address`.`id` = 9295;
INSERT INTO `loan_address` (`id`, `created_at`, `updated_at`, `province`, `city`, `county`, `town`, `detail`) VALUES (9295, '2022-01-03 01:07:02.076267', '2022-01-03 01:07:02.076267', '甘肃省', '武威市', '天祝藏族自治县', '松山镇', '安顺路162号');
UPDATE `loan_customer` SET `created_at` = '2022-01-03 01:07:02.076267', `updated_at` = '2022-01-03 12:32:20.617114', `name` = '苏智', `id_number` = '631283393113743755', `gender` = 'm', `birthday` = '1986-06-01', `address_id` = 9295, `job_id` = 1913, `salary` = 56000 WHERE `loan_customer`.`id` = 5773;
INSERT INTO `loan_customer` (`id`, `created_at`, `updated_at`, `name`, `id_number`, `gender`, `birthday`, `address_id`, `job_id`, `salary`) VALUES (5773, '2022-01-03 01:07:02.076267', '2022-01-03 12:32:20.617114', '苏智', '631283393113743755', 'm', '1986-06-01', 9295, 1913, 56000);
UPDATE `loan_account` SET `created_at` = '2022-01-03 01:57:45.952475', `updated_at` = '2022-01-03 01:57:45.952475', `customer_id` = 5773, `number` = '072780397509771391', `balance` = 11907 WHERE `loan_account`.`id` = 5278;
INSERT INTO `loan_account` (`id`, `created_at`, `updated_at`, `customer_id`, `number`, `balance`) VALUES (5278, '2022-01-03 01:57:45.952475', '2022-01-03 01:57:45.952475', 5773, '072780397509771391', 11907);
UPDATE `loan_address` SET `created_at` = '2022-01-03 12:34:55.412103', `updated_at` = '2022-01-03 12:34:55.412103', `province` = '福建省', `city` = '南平市', `county` = '顺昌县', `town` = '高阳乡', `detail` = '白城南路耀江花园79号' WHERE `loan_address`.`id` = 9296;
INSERT INTO `loan_address` (`id`, `created_at`, `updated_at`, `province`, `city`, `county`, `town`, `detail`) VALUES (9296, '2022-01-03 12:34:55.412103', '2022-01-03 12:34:55.412103', '福建省', '南平市', '顺昌县', '高阳乡', '白城南路耀江花园79号');
UPDATE `loan_customer` SET `created_at` = '2022-01-03 12:34:55.412103', `updated_at` = '2022-01-03 21:18:03.470769', `name` = '文承望', `id_number` = '575576465491207329', `gender` = 'f', `birthday` = '2005-09-27', `address_id` = 9296, `job_id` = 1913, `salary` = 15000 WHERE `loan_customer`.`id` = 5774;
INSERT INTO `loan_customer` (`id`, `created_at`, `updated_at`, `name`, `id_number`, `gender`, `birthday`, `address_id`, `job_id`, `salary`) VALUES (5774, '2022-01-03 12:34:55.412103', '2022-01-03 21:18:03.470769', '文承望', '575576465491207329', 'f', '2005-09-27', 9296, 1913, 15000);
UPDATE `loan_address` SET `created_at` = '2022-01-03 16:06:16.468287', `updated_at` = '2022-01-03 16:06:16.468287', `province` = '北京市', `city` = '市辖区', `county` = '房山区', `town` = '东风街道办事处', `detail` = '八一路132号' WHERE `loan_address`.`id` = 9297;
INSERT INTO `loan_address` (`id`, `created_at`, `updated_at`, `province`, `city`, `county`, `town`, `detail`) VALUES (9297, '2022-01-03 16:06:16.468287', '2022-01-03 16:06:16.468287', '北京市', '市辖区', '房山区', '东风街道办事处', '八一路132号');
UPDATE `loan_estate` SET `created_at` = '2022-01-03 16:06:16.468287', `updated_at` = '2022-01-03 16:06:16.468287', `customer_id` = 5774, `address_id` = 9297 WHERE `loan_estate`.`id` = 3435;
INSERT INTO `loan_estate` (`id`, `created_at`, `updated_at`, `customer_id`, `address_id`) VALUES (3435, '2022-01-03 16:06:16.468287', '2022-01-03 16:06:16.468287', 5774, 9297);
UPDATE `loan_car` SET `created_at` = '2022-01-03 18:36:55.761217', `updated_at` = '2022-01-03 19:19:55.178637', `customer_id` = 5774, `model_id` = 138, `vin_number` = '424318897084456972', `date_produced` = '2015-02-10', `value_estimated` = 410000 WHERE `loan_car`.`id` = 4641;
INSERT INTO `loan_car` (`id`, `created_at`, `updated_at`, `customer_id`, `model_id`, `vin_number`, `date_produced`, `value_estimated`) VALUES (4641, '2022-01-03 18:36:55.761217', '2022-01-03 19:19:55.178637', 5774, 138, '424318897084456972', '2015-02-10', 410000);
UPDATE `loan_account` SET `created_at` = '2022-01-03 22:59:56.868455', `updated_at` = '2022-01-03 23:58:53.083099', `customer_id` = 5774, `number` = '558604590921655319', `balance` = 0 WHERE `loan_account`.`id` = 5279;
INSERT INTO `loan_account` (`id`, `created_at`, `updated_at`, `customer_id`, `number`, `balance`) VALUES (5279, '2022-01-03 22:59:56.868455', '2022-01-03 23:58:53.083099', 5774, '558604590921655319', 0);
UPDATE `loan_address` SET `created_at` = '2022-01-03 08:57:43.199670', `updated_at` = '2022-01-03 08:57:43.199670', `province` = '河南省', `city` = '商丘市', `county` = '永城市', `town` = '条河乡', `detail` = '宝联路爱里舍花园37号' WHERE `loan_address`.`id` = 9298;
INSERT INTO `loan_address` (`id`, `created_at`, `updated_at`, `province`, `city`, `county`, `town`, `detail`) VALUES (9298, '2022-01-03 08:57:43.199670', '2022-01-03 08:57:43.199670', '河南省', '商丘市', '永城市', '条河乡', '宝联路爱里舍花园37号');
UPDATE `loan_customer` SET `created_at` = '2022-01-03 08:57:43.199670', `updated_at` = '2022-01-03 16:41:20.426584', `name` = '康子安', `id_number` = '230960853319313978', `gender` = 'm', `birthday` = '2001-09-21', `address_id` = 9298, `job_id` = 1914, `salary` = 14000 WHERE `loan_customer`.`id` = 5775;
INSERT INTO `loan_customer` (`id`, `created_at`, `updated_at`, `name`, `id_number`, `gender`, `birthday`, `address_id`, `job_id`, `salary`) VALUES (5775, '2022-01-03 08:57:43.199670', '2022-01-03 16:41:20.426584', '康子安', '230960853319313978', 'm', '2001-09-21', 9298, 1914, 14000);
UPDATE `loan_address` SET `created_at` = '2022-01-03 10:30:39.553115', `updated_at` = '2022-01-03 10:30:39.553115', `province` = '湖南省', `city` = '常德市', `county` = '临澧县', `town` = '安福街道', `detail` = '安化路阳光翠竹苑37号' WHERE `loan_address`.`id` = 9299;
INSERT INTO `loan_address` (`id`, `created_at`, `updated_at`, `province`, `city`, `county`, `town`, `detail`) VALUES (9299, '2022-01-03 10:30:39.553115', '2022-01-03 10:30:39.553115', '湖南省', '常德市', '临澧县', '安福街道', '安化路阳光翠竹苑37号');
UPDATE `loan_estate` SET `created_at` = '2022-01-03 10:30:39.553115', `updated_at` = '2022-01-03 15:34:31.884673', `customer_id` = 5775, `address_id` = 9299 WHERE `loan_estate`.`id` = 3436;
INSERT INTO `loan_estate` (`id`, `created_at`, `updated_at`, `customer_id`, `address_id`) VALUES (3436, '2022-01-03 10:30:39.553115', '2022-01-03 15:34:31.884673', 5775, 9299);
UPDATE `loan_car` SET `created_at` = '2022-01-03 15:57:36.383816', `updated_at` = '2022-01-03 22:49:54.024396', `customer_id` = 5775, `model_id` = 121, `vin_number` = '641266633434222545', `date_produced` = '2015-05-28', `value_estimated` = 170000 WHERE `loan_car`.`id` = 4642;
INSERT INTO `loan_car` (`id`, `created_at`, `updated_at`, `customer_id`, `model_id`, `vin_number`, `date_produced`, `value_estimated`) VALUES (4642, '2022-01-03 15:57:36.383816', '2022-01-03 22:49:54.024396', 5775, 121, '641266633434222545', '2015-05-28', 170000);
UPDATE `loan_account` SET `created_at` = '2022-01-03 12:05:14.882071', `updated_at` = '2022-01-03 12:05:14.882071', `customer_id` = 5775, `number` = '464400756791013081', `balance` = 0 WHERE `loan_account`.`id` = 5280;
INSERT INTO `loan_account` (`id`, `created_at`, `updated_at`, `customer_id`, `number`, `balance`) VALUES (5280, '2022-01-03 12:05:14.882071', '2022-01-03 12:05:14.882071', 5775, '464400756791013081', 0);
UPDATE `loan_address` SET `created_at` = '2022-01-03 06:27:31.908084', `updated_at` = '2022-01-03 06:27:31.908084', `province` = '广东省', `city` = '湛江市', `county` = '遂溪县', `town` = '草潭镇', `detail` = '安义路真新六街坊28号' WHERE `loan_address`.`id` = 9300;
INSERT INTO `loan_address` (`id`, `created_at`, `updated_at`, `province`, `city`, `county`, `town`, `detail`) VALUES (9300, '2022-01-03 06:27:31.908084', '2022-01-03 06:27:31.908084', '广东省', '湛江市', '遂溪县', '草潭镇', '安义路真新六街坊28号');
UPDATE `loan_customer` SET `created_at` = '2022-01-03 06:27:31.908084', `updated_at` = '2022-01-03 06:27:31.908084', `name` = '唐煜', `id_number` = '989050601117554575', `gender` = 'f', `birthday` = '1988-12-14', `address_id` = 9300, `job_id` = 1914, `salary` = 44000 WHERE `loan_customer`.`id` = 5776;
INSERT INTO `loan_customer` (`id`, `created_at`, `updated_at`, `name`, `id_number`, `gender`, `birthday`, `address_id`, `job_id`, `salary`) VALUES (5776, '2022-01-03 06:27:31.908084', '2022-01-03 06:27:31.908084', '唐煜', '989050601117554575', 'f', '1988-12-14', 9300, 1914, 44000);
UPDATE `loan_address` SET `created_at` = '2022-01-03 18:49:58.568255', `updated_at` = '2022-01-03 18:49:58.568255', `province` = '江西省', `city` = '抚州市', `county` = '崇仁县', `town` = '礼陂镇', `detail` = '白玉路阳光翠竹苑175号' WHERE `loan_address`.`id` = 9301;
INSERT INTO `loan_address` (`id`, `created_at`, `updated_at`, `province`, `city`, `county`, `town`, `detail`) VALUES (9301, '2022-01-03 18:49:58.568255', '2022-01-03 18:49:58.568255', '江西省', '抚州市', '崇仁县', '礼陂镇', '白玉路阳光翠竹苑175号');
UPDATE `loan_estate` SET `created_at` = '2022-01-03 18:49:58.568255', `updated_at` = '2022-01-03 18:49:58.568255', `customer_id` = 5776, `address_id` = 9301 WHERE `loan_estate`.`id` = 3437;
INSERT INTO `loan_estate` (`id`, `created_at`, `updated_at`, `customer_id`, `address_id`) VALUES (3437, '2022-01-03 18:49:58.568255', '2022-01-03 18:49:58.568255', 5776, 9301);
UPDATE `loan_car` SET `created_at` = '2022-01-03 09:56:15.007981', `updated_at` = '2022-01-03 09:56:15.007981', `customer_id` = 5776, `model_id` = 248, `vin_number` = '214524817141221555', `date_produced` = '2015-11-02', `value_estimated` = 320000 WHERE `loan_car`.`id` = 4643;
INSERT INTO `loan_car` (`id`, `created_at`, `updated_at`, `customer_id`, `model_id`, `vin_number`, `date_produced`, `value_estimated`) VALUES (4643, '2022-01-03 09:56:15.007981', '2022-01-03 09:56:15.007981', 5776, 248, '214524817141221555', '2015-11-02', 320000);
UPDATE `loan_car` SET `created_at` = '2022-01-03 08:46:41.699951', `updated_at` = '2022-01-03 12:14:06.940771', `customer_id` = 5776, `model_id` = 67, `vin_number` = '263505939995262882', `date_produced` = '2020-08-06', `value_estimated` = 20000 WHERE `loan_car`.`id` = 4644;
INSERT INTO `loan_car` (`id`, `created_at`, `updated_at`, `customer_id`, `model_id`, `vin_number`, `date_produced`, `value_estimated`) VALUES (4644, '2022-01-03 08:46:41.699951', '2022-01-03 12:14:06.940771', 5776, 67, '263505939995262882', '2020-08-06', 20000);
UPDATE `loan_account` SET `created_at` = '2022-01-03 18:36:26.315801', `updated_at` = '2022-01-03 18:36:26.315801', `customer_id` = 5776, `number` = '495246864309101089', `balance` = 84181 WHERE `loan_account`.`id` = 5281;
INSERT INTO `loan_account` (`id`, `created_at`, `updated_at`, `customer_id`, `number`, `balance`) VALUES (5281, '2022-01-03 18:36:26.315801', '2022-01-03 18:36:26.315801', 5776, '495246864309101089', 84181);
UPDATE `loan_address` SET `created_at` = '2022-01-03 15:52:17.839839', `updated_at` = '2022-01-03 15:52:17.839839', `province` = '甘肃省', `city` = '临夏回族自治州', `county` = '永靖县', `town` = '西河镇', `detail` = '安业路博泰新苑81号' WHERE `loan_address`.`id` = 9302;
INSERT INTO `loan_address` (`id`, `created_at`, `updated_at`, `province`, `city`, `county`, `town`, `detail`) VALUES (9302, '2022-01-03 15:52:17.839839', '2022-01-03 15:52:17.839839', '甘肃省', '临夏回族自治州', '永靖县', '西河镇', '安业路博泰新苑81号');
UPDATE `loan_customer` SET `created_at` = '2022-01-03 15:52:17.839839', `updated_at` = '2022-01-03 15:52:17.839839', `name` = '石梅青', `id_number` = '603694236727776888', `gender` = 'm', `birthday` = '1983-07-16', `address_id` = 9302, `job_id` = 1914, `salary` = 63000 WHERE `loan_customer`.`id` = 5777;
INSERT INTO `loan_customer` (`id`, `created_at`, `updated_at`, `name`, `id_number`, `gender`, `birthday`, `address_id`, `job_id`, `salary`) VALUES (5777, '2022-01-03 15:52:17.839839', '2022-01-03 15:52:17.839839', '石梅青', '603694236727776888', 'm', '1983-07-16', 9302, 1914, 63000);
UPDATE `loan_account` SET `created_at` = '2022-01-03 21:18:06.039459', `updated_at` = '2022-01-03 22:52:50.238155', `customer_id` = 5777, `number` = '446281893599061247', `balance` = 125750 WHERE `loan_account`.`id` = 5282;
INSERT INTO `loan_account` (`id`, `created_at`, `updated_at`, `customer_id`, `number`, `balance`) VALUES (5282, '2022-01-03 21:18:06.039459', '2022-01-03 22:52:50.238155', 5777, '446281893599061247', 125750);
UPDATE `loan_address` SET `created_at` = '2022-01-03 05:33:49.886518', `updated_at` = '2022-01-03 05:33:49.886518', `province` = '安徽省', `city` = '六安市', `county` = '霍山县', `town` = '高桥湾现代产业园', `detail` = '安义路耀江花园120号' WHERE `loan_address`.`id` = 9303;
INSERT INTO `loan_address` (`id`, `created_at`, `updated_at`, `province`, `city`, `county`, `town`, `detail`) VALUES (9303, '2022-01-03 05:33:49.886518', '2022-01-03 05:33:49.886518', '安徽省', '六安市', '霍山县', '高桥湾现代产业园', '安义路耀江花园120号');
UPDATE `loan_customer` SET `created_at` = '2022-01-03 05:33:49.886518', `updated_at` = '2022-01-03 08:19:04.662590', `name` = '余波', `id_number` = '464295302052915504', `gender` = 'f', `birthday` = '2003-06-18', `address_id` = 9303, `job_id` = 1915, `salary` = 41000 WHERE `loan_customer`.`id` = 5778;
INSERT INTO `loan_customer` (`id`, `created_at`, `updated_at`, `name`, `id_number`, `gender`, `birthday`, `address_id`, `job_id`, `salary`) VALUES (5778, '2022-01-03 05:33:49.886518', '2022-01-03 08:19:04.662590', '余波', '464295302052915504', 'f', '2003-06-18', 9303, 1915, 41000);
UPDATE `loan_account` SET `created_at` = '2022-01-03 17:11:50.839523', `updated_at` = '2022-01-03 17:11:50.839523', `customer_id` = 5778, `number` = '565193774017758483', `balance` = 58222 WHERE `loan_account`.`id` = 5283;
INSERT INTO `loan_account` (`id`, `created_at`, `updated_at`, `customer_id`, `number`, `balance`) VALUES (5283, '2022-01-03 17:11:50.839523', '2022-01-03 17:11:50.839523', 5778, '565193774017758483', 58222);
UPDATE `loan_address` SET `created_at` = '2022-01-03 20:53:04.477462', `updated_at` = '2022-01-03 20:53:04.477462', `province` = '安徽省', `city` = '阜阳市', `county` = '太和县', `town` = '五星镇', `detail` = '安远路协通公寓173号' WHERE `loan_address`.`id` = 9304;
INSERT INTO `loan_address` (`id`, `created_at`, `updated_at`, `province`, `city`, `county`, `town`, `detail`) VALUES (9304, '2022-01-03 20:53:04.477462', '2022-01-03 20:53:04.477462', '安徽省', '阜阳市', '太和县', '五星镇', '安远路协通公寓173号');
UPDATE `loan_customer` SET `created_at` = '2022-01-03 20:53:04.477462', `updated_at` = '2022-01-03 20:53:04.477462', `name` = '吕蕴秀', `id_number` = '641364177866390442', `gender` = 'm', `birthday` = '1998-11-13', `address_id` = 9304, `job_id` = 1916, `salary` = 21000 WHERE `loan_customer`.`id` = 5779;
INSERT INTO `loan_customer` (`id`, `created_at`, `updated_at`, `name`, `id_number`, `gender`, `birthday`, `address_id`, `job_id`, `salary`) VALUES (5779, '2022-01-03 20:53:04.477462', '2022-01-03 20:53:04.477462', '吕蕴秀', '641364177866390442', 'm', '1998-11-13', 9304, 1916, 21000);
UPDATE `loan_address` SET `created_at` = '2022-01-03 21:01:38.055299', `updated_at` = '2022-01-03 21:01:38.055299', `province` = '江苏省', `city` = '淮安市', `county` = '盱眙县', `town` = '黄花塘镇', `detail` = '安汾路89号' WHERE `loan_address`.`id` = 9305;
INSERT INTO `loan_address` (`id`, `created_at`, `updated_at`, `province`, `city`, `county`, `town`, `detail`) VALUES (9305, '2022-01-03 21:01:38.055299', '2022-01-03 21:01:38.055299', '江苏省', '淮安市', '盱眙县', '黄花塘镇', '安汾路89号');
UPDATE `loan_estate` SET `created_at` = '2022-01-03 21:01:38.055299', `updated_at` = '2022-01-03 21:01:38.055299', `customer_id` = 5779, `address_id` = 9305 WHERE `loan_estate`.`id` = 3438;
INSERT INTO `loan_estate` (`id`, `created_at`, `updated_at`, `customer_id`, `address_id`) VALUES (3438, '2022-01-03 21:01:38.055299', '2022-01-03 21:01:38.055299', 5779, 9305);
UPDATE `loan_account` SET `created_at` = '2022-01-03 22:26:34.875556', `updated_at` = '2022-01-03 22:26:34.875556', `customer_id` = 5779, `number` = '991608710600028830', `balance` = 46570 WHERE `loan_account`.`id` = 5284;
INSERT INTO `loan_account` (`id`, `created_at`, `updated_at`, `customer_id`, `number`, `balance`) VALUES (5284, '2022-01-03 22:26:34.875556', '2022-01-03 22:26:34.875556', 5779, '991608710600028830', 46570);
UPDATE `loan_address` SET `created_at` = '2022-01-03 08:24:39.609447', `updated_at` = '2022-01-03 08:24:39.609447', `province` = '江苏省', `city` = '淮安市', `county` = '盱眙县', `town` = '黄花塘镇', `detail` = '安亭路3号' WHERE `loan_address`.`id` = 9306;
INSERT INTO `loan_address` (`id`, `created_at`, `updated_at`, `province`, `city`, `county`, `town`, `detail`) VALUES (9306, '2022-01-03 08:24:39.609447', '2022-01-03 08:24:39.609447', '江苏省', '淮安市', '盱眙县', '黄花塘镇', '安亭路3号');
UPDATE `loan_customer` SET `created_at` = '2022-01-03 08:24:39.609447', `updated_at` = '2022-01-03 08:24:39.609447', `name` = '姜鸿羲', `id_number` = '081521989533258428', `gender` = 'm', `birthday` = '1994-02-05', `address_id` = 9306, `job_id` = 1916, `salary` = 8000 WHERE `loan_customer`.`id` = 5780;
INSERT INTO `loan_customer` (`id`, `created_at`, `updated_at`, `name`, `id_number`, `gender`, `birthday`, `address_id`, `job_id`, `salary`) VALUES (5780, '2022-01-03 08:24:39.609447', '2022-01-03 08:24:39.609447', '姜鸿羲', '081521989533258428', 'm', '1994-02-05', 9306, 1916, 8000);
UPDATE `loan_address` SET `created_at` = '2022-01-03 21:35:50.399250', `updated_at` = '2022-01-03 21:35:50.399250', `province` = '陕西省', `city` = '西安市', `county` = '周至县', `town` = '竹峪镇', `detail` = '保德路52号' WHERE `loan_address`.`id` = 9307;
INSERT INTO `loan_address` (`id`, `created_at`, `updated_at`, `province`, `city`, `county`, `town`, `detail`) VALUES (9307, '2022-01-03 21:35:50.399250', '2022-01-03 21:35:50.399250', '陕西省', '西安市', '周至县', '竹峪镇', '保德路52号');
UPDATE `loan_estate` SET `created_at` = '2022-01-03 21:35:50.399250', `updated_at` = '2022-01-03 22:33:06.072387', `customer_id` = 5780, `address_id` = 9307 WHERE `loan_estate`.`id` = 3439;
INSERT INTO `loan_estate` (`id`, `created_at`, `updated_at`, `customer_id`, `address_id`) VALUES (3439, '2022-01-03 21:35:50.399250', '2022-01-03 22:33:06.072387', 5780, 9307);
UPDATE `loan_account` SET `created_at` = '2022-01-03 14:45:31.904250', `updated_at` = '2022-01-03 23:30:54.668256', `customer_id` = 5780, `number` = '427535822005265773', `balance` = 0 WHERE `loan_account`.`id` = 5285;
INSERT INTO `loan_account` (`id`, `created_at`, `updated_at`, `customer_id`, `number`, `balance`) VALUES (5285, '2022-01-03 14:45:31.904250', '2022-01-03 23:30:54.668256', 5780, '427535822005265773', 0);
UPDATE `loan_address` SET `created_at` = '2022-01-03 07:19:51.720802', `updated_at` = '2022-01-03 07:19:51.720802', `province` = '天津市', `city` = '市辖区', `county` = '西青区', `town` = '中北镇', `detail` = '百安路（方泰镇）89号' WHERE `loan_address`.`id` = 9308;
INSERT INTO `loan_address` (`id`, `created_at`, `updated_at`, `province`, `city`, `county`, `town`, `detail`) VALUES (9308, '2022-01-03 07:19:51.720802', '2022-01-03 07:19:51.720802', '天津市', '市辖区', '西青区', '中北镇', '百安路（方泰镇）89号');
UPDATE `loan_customer` SET `created_at` = '2022-01-03 07:19:51.720802', `updated_at` = '2022-01-03 11:43:23.206718', `name` = '金荔', `id_number` = '889422223406526306', `gender` = 'f', `birthday` = '1996-03-27', `address_id` = 9308, `job_id` = 1916, `salary` = 34000 WHERE `loan_customer`.`id` = 5781;
INSERT INTO `loan_customer` (`id`, `created_at`, `updated_at`, `name`, `id_number`, `gender`, `birthday`, `address_id`, `job_id`, `salary`) VALUES (5781, '2022-01-03 07:19:51.720802', '2022-01-03 11:43:23.206718', '金荔', '889422223406526306', 'f', '1996-03-27', 9308, 1916, 34000);
UPDATE `loan_chattel` SET `created_at` = '2022-01-03 15:46:44.840429', `updated_at` = '2022-01-03 15:46:44.840429', `customer_id` = 5781, `type` = 'deposit', `description` = '一些信息', `value_amount` = 20000, `expired_at` = '2029-10-03' WHERE `loan_chattel`.`id` = 1702;
INSERT INTO `loan_chattel` (`id`, `created_at`, `updated_at`, `customer_id`, `type`, `description`, `value_amount`, `expired_at`) VALUES (1702, '2022-01-03 15:46:44.840429', '2022-01-03 15:46:44.840429', 5781, 'deposit', '一些信息', 20000, '2029-10-03');
UPDATE `loan_account` SET `created_at` = '2022-01-03 14:44:29.993070', `updated_at` = '2022-01-03 22:14:11.317416', `customer_id` = 5781, `number` = '754258958949245641', `balance` = 6633 WHERE `loan_account`.`id` = 5286;
INSERT INTO `loan_account` (`id`, `created_at`, `updated_at`, `customer_id`, `number`, `balance`) VALUES (5286, '2022-01-03 14:44:29.993070', '2022-01-03 22:14:11.317416', 5781, '754258958949245641', 6633);
UPDATE `loan_address` SET `created_at` = '2022-01-03 08:58:48.811082', `updated_at` = '2022-01-03 08:58:48.811082', `province` = '湖北省', `city` = '恩施土家族苗族自治州', `county` = '咸丰县', `town` = '黄金洞乡', `detail` = '包头南路123号' WHERE `loan_address`.`id` = 9309;
INSERT INTO `loan_address` (`id`, `created_at`, `updated_at`, `province`, `city`, `county`, `town`, `detail`) VALUES (9309, '2022-01-03 08:58:48.811082', '2022-01-03 08:58:48.811082', '湖北省', '恩施土家族苗族自治州', '咸丰县', '黄金洞乡', '包头南路123号');
UPDATE `loan_customer` SET `created_at` = '2022-01-03 08:58:48.811082', `updated_at` = '2022-01-03 10:50:34.290197', `name` = '黎鸣', `id_number` = '552488258180155125', `gender` = 'f', `birthday` = '1982-09-29', `address_id` = 9309, `job_id` = 1916, `salary` = 17000 WHERE `loan_customer`.`id` = 5782;
INSERT INTO `loan_customer` (`id`, `created_at`, `updated_at`, `name`, `id_number`, `gender`, `birthday`, `address_id`, `job_id`, `salary`) VALUES (5782, '2022-01-03 08:58:48.811082', '2022-01-03 10:50:34.290197', '黎鸣', '552488258180155125', 'f', '1982-09-29', 9309, 1916, 17000);
UPDATE `loan_car` SET `created_at` = '2022-01-03 21:15:40.505086', `updated_at` = '2022-01-03 21:15:40.505086', `customer_id` = 5782, `model_id` = 251, `vin_number` = '105573994500335309', `date_produced` = '2015-10-20', `value_estimated` = 70000 WHERE `loan_car`.`id` = 4645;
INSERT INTO `loan_car` (`id`, `created_at`, `updated_at`, `customer_id`, `model_id`, `vin_number`, `date_produced`, `value_estimated`) VALUES (4645, '2022-01-03 21:15:40.505086', '2022-01-03 21:15:40.505086', 5782, 251, '105573994500335309', '2015-10-20', 70000);
UPDATE `loan_account` SET `created_at` = '2022-01-03 17:48:54.274418', `updated_at` = '2022-01-03 18:07:49.621404', `customer_id` = 5782, `number` = '294684550717553936', `balance` = 101075 WHERE `loan_account`.`id` = 5287;
INSERT INTO `loan_account` (`id`, `created_at`, `updated_at`, `customer_id`, `number`, `balance`) VALUES (5287, '2022-01-03 17:48:54.274418', '2022-01-03 18:07:49.621404', 5782, '294684550717553936', 101075);
UPDATE `loan_address` SET `created_at` = '2022-01-03 21:14:09.751812', `updated_at` = '2022-01-03 21:14:09.751812', `province` = '福建省', `city` = '南平市', `county` = '顺昌县', `town` = '高阳乡', `detail` = '宝昌路64号' WHERE `loan_address`.`id` = 9310;
INSERT INTO `loan_address` (`id`, `created_at`, `updated_at`, `province`, `city`, `county`, `town`, `detail`) VALUES (9310, '2022-01-03 21:14:09.751812', '2022-01-03 21:14:09.751812', '福建省', '南平市', '顺昌县', '高阳乡', '宝昌路64号');
UPDATE `loan_customer` SET `created_at` = '2022-01-03 21:14:09.751812', `updated_at` = '2022-01-03 21:14:09.751812', `name` = '贾环', `id_number` = '473450388205282480', `gender` = 'm', `birthday` = '1993-02-01', `address_id` = 9310, `job_id` = 1916, `salary` = 8000 WHERE `loan_customer`.`id` = 5783;
INSERT INTO `loan_customer` (`id`, `created_at`, `updated_at`, `name`, `id_number`, `gender`, `birthday`, `address_id`, `job_id`, `salary`) VALUES (5783, '2022-01-03 21:14:09.751812', '2022-01-03 21:14:09.751812', '贾环', '473450388205282480', 'm', '1993-02-01', 9310, 1916, 8000);
UPDATE `loan_chattel` SET `created_at` = '2022-01-03 22:08:02.727219', `updated_at` = '2022-01-03 22:08:02.727219', `customer_id` = 5783, `type` = 'trademark', `description` = '一些信息', `value_amount` = 570000, `expired_at` = '2030-02-05' WHERE `loan_chattel`.`id` = 1703;
INSERT INTO `loan_chattel` (`id`, `created_at`, `updated_at`, `customer_id`, `type`, `description`, `value_amount`, `expired_at`) VALUES (1703, '2022-01-03 22:08:02.727219', '2022-01-03 22:08:02.727219', 5783, 'trademark', '一些信息', 570000, '2030-02-05');
UPDATE `loan_car` SET `created_at` = '2022-01-03 23:41:22.591501', `updated_at` = '2022-01-03 23:56:49.251358', `customer_id` = 5783, `model_id` = 196, `vin_number` = '036936301412300501', `date_produced` = '2021-03-14', `value_estimated` = 890000 WHERE `loan_car`.`id` = 4646;
INSERT INTO `loan_car` (`id`, `created_at`, `updated_at`, `customer_id`, `model_id`, `vin_number`, `date_produced`, `value_estimated`) VALUES (4646, '2022-01-03 23:41:22.591501', '2022-01-03 23:56:49.251358', 5783, 196, '036936301412300501', '2021-03-14', 890000);
UPDATE `loan_account` SET `created_at` = '2022-01-03 23:00:06.620959', `updated_at` = '2022-01-03 23:24:43.864932', `customer_id` = 5783, `number` = '598563430050949056', `balance` = 98950 WHERE `loan_account`.`id` = 5288;
INSERT INTO `loan_account` (`id`, `created_at`, `updated_at`, `customer_id`, `number`, `balance`) VALUES (5288, '2022-01-03 23:00:06.620959', '2022-01-03 23:24:43.864932', 5783, '598563430050949056', 98950);
UPDATE `loan_address` SET `created_at` = '2022-01-03 22:49:04.071092', `updated_at` = '2022-01-03 22:49:04.071092', `province` = '江西省', `city` = '赣州市', `county` = '安远县', `town` = '新龙乡', `detail` = '板泉路20号' WHERE `loan_address`.`id` = 9311;
INSERT INTO `loan_address` (`id`, `created_at`, `updated_at`, `province`, `city`, `county`, `town`, `detail`) VALUES (9311, '2022-01-03 22:49:04.071092', '2022-01-03 22:49:04.071092', '江西省', '赣州市', '安远县', '新龙乡', '板泉路20号');
UPDATE `loan_customer` SET `created_at` = '2022-01-03 22:49:04.071092', `updated_at` = '2022-01-03 23:13:00.449202', `name` = '贺文宣', `id_number` = '974980047792746147', `gender` = 'f', `birthday` = '2005-03-26', `address_id` = 9311, `job_id` = 1917, `salary` = 59000 WHERE `loan_customer`.`id` = 5784;
INSERT INTO `loan_customer` (`id`, `created_at`, `updated_at`, `name`, `id_number`, `gender`, `birthday`, `address_id`, `job_id`, `salary`) VALUES (5784, '2022-01-03 22:49:04.071092', '2022-01-03 23:13:00.449202', '贺文宣', '974980047792746147', 'f', '2005-03-26', 9311, 1917, 59000);
UPDATE `loan_chattel` SET `created_at` = '2022-01-03 23:53:59.376643', `updated_at` = '2022-01-03 23:53:59.376643', `customer_id` = 5784, `type` = 'draft', `description` = '一些信息', `value_amount` = 40000, `expired_at` = '2026-12-22' WHERE `loan_chattel`.`id` = 1704;
INSERT INTO `loan_chattel` (`id`, `created_at`, `updated_at`, `customer_id`, `type`, `description`, `value_amount`, `expired_at`) VALUES (1704, '2022-01-03 23:53:59.376643', '2022-01-03 23:53:59.376643', 5784, 'draft', '一些信息', 40000, '2026-12-22');
UPDATE `loan_car` SET `created_at` = '2022-01-03 23:44:19.176203', `updated_at` = '2022-01-03 23:44:19.176203', `customer_id` = 5784, `model_id` = 283, `vin_number` = '581486581300358705', `date_produced` = '2011-08-27', `value_estimated` = 1100000 WHERE `loan_car`.`id` = 4647;
INSERT INTO `loan_car` (`id`, `created_at`, `updated_at`, `customer_id`, `model_id`, `vin_number`, `date_produced`, `value_estimated`) VALUES (4647, '2022-01-03 23:44:19.176203', '2022-01-03 23:44:19.176203', 5784, 283, '581486581300358705', '2011-08-27', 1100000);
UPDATE `loan_account` SET `created_at` = '2022-01-03 23:32:06.631901', `updated_at` = '2022-01-03 23:43:35.415145', `customer_id` = 5784, `number` = '595926195213056701', `balance` = 89622 WHERE `loan_account`.`id` = 5289;
INSERT INTO `loan_account` (`id`, `created_at`, `updated_at`, `customer_id`, `number`, `balance`) VALUES (5289, '2022-01-03 23:32:06.631901', '2022-01-03 23:43:35.415145', 5784, '595926195213056701', 89622);
UPDATE `loan_address` SET `created_at` = '2022-01-03 23:18:46.156451', `updated_at` = '2022-01-03 23:18:46.156451', `province` = '天津市', `city` = '市辖区', `county` = '西青区', `town` = '中北镇', `detail` = '安龙路102号' WHERE `loan_address`.`id` = 9312;
INSERT INTO `loan_address` (`id`, `created_at`, `updated_at`, `province`, `city`, `county`, `town`, `detail`) VALUES (9312, '2022-01-03 23:18:46.156451', '2022-01-03 23:18:46.156451', '天津市', '市辖区', '西青区', '中北镇', '安龙路102号');
UPDATE `loan_customer` SET `created_at` = '2022-01-03 23:18:46.156451', `updated_at` = '2022-01-03 23:18:46.156451', `name` = '何武', `id_number` = '318476161460118689', `gender` = 'f', `birthday` = '2004-02-08', `address_id` = 9312, `job_id` = 1918, `salary` = 19000 WHERE `loan_customer`.`id` = 5785;
INSERT INTO `loan_customer` (`id`, `created_at`, `updated_at`, `name`, `id_number`, `gender`, `birthday`, `address_id`, `job_id`, `salary`) VALUES (5785, '2022-01-03 23:18:46.156451', '2022-01-03 23:18:46.156451', '何武', '318476161460118689', 'f', '2004-02-08', 9312, 1918, 19000);
UPDATE `loan_address` SET `created_at` = '2022-01-03 23:28:50.885024', `updated_at` = '2022-01-03 23:28:50.885024', `province` = '甘肃省', `city` = '平凉市', `county` = '庄浪县', `town` = '南湖镇', `detail` = '百花街耀江花园36号' WHERE `loan_address`.`id` = 9313;
INSERT INTO `loan_address` (`id`, `created_at`, `updated_at`, `province`, `city`, `county`, `town`, `detail`) VALUES (9313, '2022-01-03 23:28:50.885024', '2022-01-03 23:28:50.885024', '甘肃省', '平凉市', '庄浪县', '南湖镇', '百花街耀江花园36号');
UPDATE `loan_estate` SET `created_at` = '2022-01-03 23:28:50.885024', `updated_at` = '2022-01-03 23:28:50.885024', `customer_id` = 5785, `address_id` = 9313 WHERE `loan_estate`.`id` = 3440;
INSERT INTO `loan_estate` (`id`, `created_at`, `updated_at`, `customer_id`, `address_id`) VALUES (3440, '2022-01-03 23:28:50.885024', '2022-01-03 23:28:50.885024', 5785, 9313);
UPDATE `loan_address` SET `created_at` = '2022-01-03 19:19:11.774720', `updated_at` = '2022-01-03 19:19:11.774720', `province` = '江西省', `city` = '抚州市', `county` = '崇仁县', `town` = '礼陂镇', `detail` = '包头南路171号' WHERE `loan_address`.`id` = 9314;
INSERT INTO `loan_address` (`id`, `created_at`, `updated_at`, `province`, `city`, `county`, `town`, `detail`) VALUES (9314, '2022-01-03 19:19:11.774720', '2022-01-03 19:19:11.774720', '江西省', '抚州市', '崇仁县', '礼陂镇', '包头南路171号');
UPDATE `loan_customer` SET `created_at` = '2022-01-03 19:19:11.774720', `updated_at` = '2022-01-03 23:20:43.132525', `name` = '吴文光', `id_number` = '825990951889553966', `gender` = 'm', `birthday` = '1986-04-03', `address_id` = 9314, `job_id` = 1918, `salary` = 40000 WHERE `loan_customer`.`id` = 5786;
INSERT INTO `loan_customer` (`id`, `created_at`, `updated_at`, `name`, `id_number`, `gender`, `birthday`, `address_id`, `job_id`, `salary`) VALUES (5786, '2022-01-03 19:19:11.774720', '2022-01-03 23:20:43.132525', '吴文光', '825990951889553966', 'm', '1986-04-03', 9314, 1918, 40000);
UPDATE `loan_address` SET `created_at` = '2022-01-03 23:03:33.623415', `updated_at` = '2022-01-03 23:03:33.623415', `province` = '河北省', `city` = '秦皇岛市', `county` = '海港区', `town` = '东环路街道办事处', `detail` = '安国路82号' WHERE `loan_address`.`id` = 9315;
INSERT INTO `loan_address` (`id`, `created_at`, `updated_at`, `province`, `city`, `county`, `town`, `detail`) VALUES (9315, '2022-01-03 23:03:33.623415', '2022-01-03 23:03:33.623415', '河北省', '秦皇岛市', '海港区', '东环路街道办事处', '安国路82号');
UPDATE `loan_estate` SET `created_at` = '2022-01-03 23:03:33.623415', `updated_at` = '2022-01-03 23:03:33.623415', `customer_id` = 5786, `address_id` = 9315 WHERE `loan_estate`.`id` = 3441;
INSERT INTO `loan_estate` (`id`, `created_at`, `updated_at`, `customer_id`, `address_id`) VALUES (3441, '2022-01-03 23:03:33.623415', '2022-01-03 23:03:33.623415', 5786, 9315);
UPDATE `loan_car` SET `created_at` = '2022-01-03 21:12:23.308958', `updated_at` = '2022-01-03 21:12:23.308958', `customer_id` = 5786, `model_id` = 289, `vin_number` = '728380658550370207', `date_produced` = '2018-09-19', `value_estimated` = 380000 WHERE `loan_car`.`id` = 4648;
INSERT INTO `loan_car` (`id`, `created_at`, `updated_at`, `customer_id`, `model_id`, `vin_number`, `date_produced`, `value_estimated`) VALUES (4648, '2022-01-03 21:12:23.308958', '2022-01-03 21:12:23.308958', 5786, 289, '728380658550370207', '2018-09-19', 380000);
UPDATE `loan_account` SET `created_at` = '2022-01-03 21:58:30.157275', `updated_at` = '2022-01-03 21:58:30.157275', `customer_id` = 5786, `number` = '765289089725549905', `balance` = 53641 WHERE `loan_account`.`id` = 5290;
INSERT INTO `loan_account` (`id`, `created_at`, `updated_at`, `customer_id`, `number`, `balance`) VALUES (5290, '2022-01-03 21:58:30.157275', '2022-01-03 21:58:30.157275', 5786, '765289089725549905', 53641);
UPDATE `loan_address` SET `created_at` = '2022-01-03 13:07:19.126333', `updated_at` = '2022-01-03 13:07:19.126333', `province` = '内蒙古自治区', `city` = '包头市', `county` = '昆都仑区', `town` = '昆北街道办事处', `detail` = '北艾路14号' WHERE `loan_address`.`id` = 9316;
INSERT INTO `loan_address` (`id`, `created_at`, `updated_at`, `province`, `city`, `county`, `town`, `detail`) VALUES (9316, '2022-01-03 13:07:19.126333', '2022-01-03 13:07:19.126333', '内蒙古自治区', '包头市', '昆都仑区', '昆北街道办事处', '北艾路14号');
UPDATE `loan_customer` SET `created_at` = '2022-01-03 13:07:19.126333', `updated_at` = '2022-01-03 18:25:32.148949', `name` = '阎晶婧', `id_number` = '602461413006003432', `gender` = 'f', `birthday` = '1991-01-07', `address_id` = 9316, `job_id` = 1919, `salary` = 9000 WHERE `loan_customer`.`id` = 5787;
INSERT INTO `loan_customer` (`id`, `created_at`, `updated_at`, `name`, `id_number`, `gender`, `birthday`, `address_id`, `job_id`, `salary`) VALUES (5787, '2022-01-03 13:07:19.126333', '2022-01-03 18:25:32.148949', '阎晶婧', '602461413006003432', 'f', '1991-01-07', 9316, 1919, 9000);
UPDATE `loan_car` SET `created_at` = '2022-01-03 16:56:41.138192', `updated_at` = '2022-01-03 21:05:27.186332', `customer_id` = 5787, `model_id` = 78, `vin_number` = '443134920324416231', `date_produced` = '2021-09-12', `value_estimated` = 550000 WHERE `loan_car`.`id` = 4649;
INSERT INTO `loan_car` (`id`, `created_at`, `updated_at`, `customer_id`, `model_id`, `vin_number`, `date_produced`, `value_estimated`) VALUES (4649, '2022-01-03 16:56:41.138192', '2022-01-03 21:05:27.186332', 5787, 78, '443134920324416231', '2021-09-12', 550000);
UPDATE `loan_address` SET `created_at` = '2022-01-03 14:09:26.552507', `updated_at` = '2022-01-03 14:09:26.552507', `province` = '湖南省', `city` = '益阳市', `county` = '安化县', `town` = '羊角塘镇', `detail` = '安澜路69号' WHERE `loan_address`.`id` = 9317;
INSERT INTO `loan_address` (`id`, `created_at`, `updated_at`, `province`, `city`, `county`, `town`, `detail`) VALUES (9317, '2022-01-03 14:09:26.552507', '2022-01-03 14:09:26.552507', '湖南省', '益阳市', '安化县', '羊角塘镇', '安澜路69号');
UPDATE `loan_customer` SET `created_at` = '2022-01-03 14:09:26.552507', `updated_at` = '2022-01-03 21:23:17.155870', `name` = '宋妃妍', `id_number` = '758387700936115154', `gender` = 'm', `birthday` = '1999-06-20', `address_id` = 9317, `job_id` = 1919, `salary` = 14000 WHERE `loan_customer`.`id` = 5788;
INSERT INTO `loan_customer` (`id`, `created_at`, `updated_at`, `name`, `id_number`, `gender`, `birthday`, `address_id`, `job_id`, `salary`) VALUES (5788, '2022-01-03 14:09:26.552507', '2022-01-03 21:23:17.155870', '宋妃妍', '758387700936115154', 'm', '1999-06-20', 9317, 1919, 14000);
UPDATE `loan_address` SET `created_at` = '2022-01-03 19:15:06.663703', `updated_at` = '2022-01-03 19:15:06.663703', `province` = '江苏省', `city` = '淮安市', `county` = '盱眙县', `town` = '黄花塘镇', `detail` = '保屯路复华城市花园117号' WHERE `loan_address`.`id` = 9318;
INSERT INTO `loan_address` (`id`, `created_at`, `updated_at`, `province`, `city`, `county`, `town`, `detail`) VALUES (9318, '2022-01-03 19:15:06.663703', '2022-01-03 19:15:06.663703', '江苏省', '淮安市', '盱眙县', '黄花塘镇', '保屯路复华城市花园117号');
UPDATE `loan_estate` SET `created_at` = '2022-01-03 19:15:06.663703', `updated_at` = '2022-01-03 19:15:06.663703', `customer_id` = 5788, `address_id` = 9318 WHERE `loan_estate`.`id` = 3442;
INSERT INTO `loan_estate` (`id`, `created_at`, `updated_at`, `customer_id`, `address_id`) VALUES (3442, '2022-01-03 19:15:06.663703', '2022-01-03 19:15:06.663703', 5788, 9318);
UPDATE `loan_car` SET `created_at` = '2022-01-03 22:59:19.842047', `updated_at` = '2022-01-03 22:59:19.842047', `customer_id` = 5788, `model_id` = 50, `vin_number` = '119950616876923708', `date_produced` = '2013-05-12', `value_estimated` = 250000 WHERE `loan_car`.`id` = 4650;
INSERT INTO `loan_car` (`id`, `created_at`, `updated_at`, `customer_id`, `model_id`, `vin_number`, `date_produced`, `value_estimated`) VALUES (4650, '2022-01-03 22:59:19.842047', '2022-01-03 22:59:19.842047', 5788, 50, '119950616876923708', '2013-05-12', 250000);
UPDATE `loan_address` SET `created_at` = '2022-01-03 08:43:01.008144', `updated_at` = '2022-01-03 08:43:01.008144', `province` = '辽宁省', `city` = '鞍山市', `county` = '岫岩满族自治县', `town` = '哨子河乡', `detail` = '澳门路和亭佳苑112号' WHERE `loan_address`.`id` = 9319;
INSERT INTO `loan_address` (`id`, `created_at`, `updated_at`, `province`, `city`, `county`, `town`, `detail`) VALUES (9319, '2022-01-03 08:43:01.008144', '2022-01-03 08:43:01.008144', '辽宁省', '鞍山市', '岫岩满族自治县', '哨子河乡', '澳门路和亭佳苑112号');
UPDATE `loan_customer` SET `created_at` = '2022-01-03 08:43:01.008144', `updated_at` = '2022-01-03 21:27:02.414927', `name` = '崔力言', `id_number` = '284157890028858007', `gender` = 'm', `birthday` = '2003-11-25', `address_id` = 9319, `job_id` = 1919, `salary` = 11000 WHERE `loan_customer`.`id` = 5789;
INSERT INTO `loan_customer` (`id`, `created_at`, `updated_at`, `name`, `id_number`, `gender`, `birthday`, `address_id`, `job_id`, `salary`) VALUES (5789, '2022-01-03 08:43:01.008144', '2022-01-03 21:27:02.414927', '崔力言', '284157890028858007', 'm', '2003-11-25', 9319, 1919, 11000);
UPDATE `loan_chattel` SET `created_at` = '2022-01-03 10:23:22.224856', `updated_at` = '2022-01-03 20:42:49.999057', `customer_id` = 5789, `type` = 'fund', `description` = '一些信息', `value_amount` = 20000, `expired_at` = '2022-08-19' WHERE `loan_chattel`.`id` = 1705;
INSERT INTO `loan_chattel` (`id`, `created_at`, `updated_at`, `customer_id`, `type`, `description`, `value_amount`, `expired_at`) VALUES (1705, '2022-01-03 10:23:22.224856', '2022-01-03 20:42:49.999057', 5789, 'fund', '一些信息', 20000, '2022-08-19');
UPDATE `loan_car` SET `created_at` = '2022-01-03 13:09:32.621595', `updated_at` = '2022-01-03 18:58:22.377854', `customer_id` = 5789, `model_id` = 287, `vin_number` = '418107120818200999', `date_produced` = '2012-04-02', `value_estimated` = 270000 WHERE `loan_car`.`id` = 4651;
INSERT INTO `loan_car` (`id`, `created_at`, `updated_at`, `customer_id`, `model_id`, `vin_number`, `date_produced`, `value_estimated`) VALUES (4651, '2022-01-03 13:09:32.621595', '2022-01-03 18:58:22.377854', 5789, 287, '418107120818200999', '2012-04-02', 270000);
UPDATE `loan_address` SET `created_at` = '2022-01-03 22:36:20.061179', `updated_at` = '2022-01-03 22:36:20.061179', `province` = '湖北省', `city` = '武汉市', `county` = '江夏区', `town` = '安山街道办事处', `detail` = '安国路87号' WHERE `loan_address`.`id` = 9320;
INSERT INTO `loan_address` (`id`, `created_at`, `updated_at`, `province`, `city`, `county`, `town`, `detail`) VALUES (9320, '2022-01-03 22:36:20.061179', '2022-01-03 22:36:20.061179', '湖北省', '武汉市', '江夏区', '安山街道办事处', '安国路87号');
UPDATE `loan_customer` SET `created_at` = '2022-01-03 22:36:20.061179', `updated_at` = '2022-01-03 23:58:18.309886', `name` = '常宇', `id_number` = '225660929409931452', `gender` = 'm', `birthday` = '2006-09-11', `address_id` = 9320, `job_id` = 1919, `salary` = 43000 WHERE `loan_customer`.`id` = 5790;
INSERT INTO `loan_customer` (`id`, `created_at`, `updated_at`, `name`, `id_number`, `gender`, `birthday`, `address_id`, `job_id`, `salary`) VALUES (5790, '2022-01-03 22:36:20.061179', '2022-01-03 23:58:18.309886', '常宇', '225660929409931452', 'm', '2006-09-11', 9320, 1919, 43000);
UPDATE `loan_car` SET `created_at` = '2022-01-03 23:31:29.654603', `updated_at` = '2022-01-03 23:58:52.175805', `customer_id` = 5790, `model_id` = 54, `vin_number` = '388636433813401018', `date_produced` = '2011-02-03', `value_estimated` = 510000 WHERE `loan_car`.`id` = 4652;
INSERT INTO `loan_car` (`id`, `created_at`, `updated_at`, `customer_id`, `model_id`, `vin_number`, `date_produced`, `value_estimated`) VALUES (4652, '2022-01-03 23:31:29.654603', '2022-01-03 23:58:52.175805', 5790, 54, '388636433813401018', '2011-02-03', 510000);
UPDATE `loan_account` SET `created_at` = '2022-01-03 22:52:12.099147', `updated_at` = '2022-01-03 23:27:37.820009', `customer_id` = 5790, `number` = '331088189241351408', `balance` = 54609 WHERE `loan_account`.`id` = 5291;
INSERT INTO `loan_account` (`id`, `created_at`, `updated_at`, `customer_id`, `number`, `balance`) VALUES (5291, '2022-01-03 22:52:12.099147', '2022-01-03 23:27:37.820009', 5790, '331088189241351408', 54609);
UPDATE `loan_address` SET `created_at` = '2022-01-03 05:39:23.490915', `updated_at` = '2022-01-03 05:39:23.490915', `province` = '湖南省', `city` = '张家界市', `county` = '慈利县', `town` = '零阳镇', `detail` = '安亭路15号' WHERE `loan_address`.`id` = 9321;
INSERT INTO `loan_address` (`id`, `created_at`, `updated_at`, `province`, `city`, `county`, `town`, `detail`) VALUES (9321, '2022-01-03 05:39:23.490915', '2022-01-03 05:39:23.490915', '湖南省', '张家界市', '慈利县', '零阳镇', '安亭路15号');
UPDATE `loan_customer` SET `created_at` = '2022-01-03 05:39:23.490915', `updated_at` = '2022-01-03 18:24:01.078280', `name` = '崔姝', `id_number` = '303832754979053078', `gender` = 'f', `birthday` = '1981-03-28', `address_id` = 9321, `job_id` = 1920, `salary` = 26000 WHERE `loan_customer`.`id` = 5791;
INSERT INTO `loan_customer` (`id`, `created_at`, `updated_at`, `name`, `id_number`, `gender`, `birthday`, `address_id`, `job_id`, `salary`) VALUES (5791, '2022-01-03 05:39:23.490915', '2022-01-03 18:24:01.078280', '崔姝', '303832754979053078', 'f', '1981-03-28', 9321, 1920, 26000);
UPDATE `loan_chattel` SET `created_at` = '2022-01-03 16:46:15.850992', `updated_at` = '2022-01-03 23:10:03.062483', `customer_id` = 5791, `type` = 'deposit', `description` = '一些信息', `value_amount` = 20000, `expired_at` = '2026-04-03' WHERE `loan_chattel`.`id` = 1706;
INSERT INTO `loan_chattel` (`id`, `created_at`, `updated_at`, `customer_id`, `type`, `description`, `value_amount`, `expired_at`) VALUES (1706, '2022-01-03 16:46:15.850992', '2022-01-03 23:10:03.062483', 5791, 'deposit', '一些信息', 20000, '2026-04-03');
UPDATE `loan_car` SET `created_at` = '2022-01-03 14:57:58.088218', `updated_at` = '2022-01-03 14:57:58.088218', `customer_id` = 5791, `model_id` = 198, `vin_number` = '832982480110097431', `date_produced` = '2014-10-15', `value_estimated` = 490000 WHERE `loan_car`.`id` = 4653;
INSERT INTO `loan_car` (`id`, `created_at`, `updated_at`, `customer_id`, `model_id`, `vin_number`, `date_produced`, `value_estimated`) VALUES (4653, '2022-01-03 14:57:58.088218', '2022-01-03 14:57:58.088218', 5791, 198, '832982480110097431', '2014-10-15', 490000);
UPDATE `loan_account` SET `created_at` = '2022-01-03 14:41:47.551581', `updated_at` = '2022-01-03 14:41:47.551581', `customer_id` = 5791, `number` = '421134987671407474', `balance` = 0 WHERE `loan_account`.`id` = 5292;
INSERT INTO `loan_account` (`id`, `created_at`, `updated_at`, `customer_id`, `number`, `balance`) VALUES (5292, '2022-01-03 14:41:47.551581', '2022-01-03 14:41:47.551581', 5791, '421134987671407474', 0);
UPDATE `loan_address` SET `created_at` = '2022-01-03 15:32:31.689900', `updated_at` = '2022-01-03 15:32:31.689900', `province` = '广东省', `city` = '茂名市', `county` = '电白区', `town` = '新华农场', `detail` = '保屯路76号' WHERE `loan_address`.`id` = 9322;
INSERT INTO `loan_address` (`id`, `created_at`, `updated_at`, `province`, `city`, `county`, `town`, `detail`) VALUES (9322, '2022-01-03 15:32:31.689900', '2022-01-03 15:32:31.689900', '广东省', '茂名市', '电白区', '新华农场', '保屯路76号');
UPDATE `loan_customer` SET `created_at` = '2022-01-03 15:32:31.689900', `updated_at` = '2022-01-03 23:42:55.599926', `name` = '李竹', `id_number` = '672361449694268971', `gender` = 'f', `birthday` = '1996-05-27', `address_id` = 9322, `job_id` = 1920, `salary` = 5000 WHERE `loan_customer`.`id` = 5792;
INSERT INTO `loan_customer` (`id`, `created_at`, `updated_at`, `name`, `id_number`, `gender`, `birthday`, `address_id`, `job_id`, `salary`) VALUES (5792, '2022-01-03 15:32:31.689900', '2022-01-03 23:42:55.599926', '李竹', '672361449694268971', 'f', '1996-05-27', 9322, 1920, 5000);
UPDATE `loan_address` SET `created_at` = '2022-01-03 20:51:09.223701', `updated_at` = '2022-01-03 20:51:09.223701', `province` = '河南省', `city` = '南阳市', `county` = '唐河县', `town` = '滨河街道办事处', `detail` = '八一路金色家园199号' WHERE `loan_address`.`id` = 9323;
INSERT INTO `loan_address` (`id`, `created_at`, `updated_at`, `province`, `city`, `county`, `town`, `detail`) VALUES (9323, '2022-01-03 20:51:09.223701', '2022-01-03 20:51:09.223701', '河南省', '南阳市', '唐河县', '滨河街道办事处', '八一路金色家园199号');
UPDATE `loan_estate` SET `created_at` = '2022-01-03 20:51:09.223701', `updated_at` = '2022-01-03 20:51:09.223701', `customer_id` = 5792, `address_id` = 9323 WHERE `loan_estate`.`id` = 3443;
INSERT INTO `loan_estate` (`id`, `created_at`, `updated_at`, `customer_id`, `address_id`) VALUES (3443, '2022-01-03 20:51:09.223701', '2022-01-03 20:51:09.223701', 5792, 9323);
UPDATE `loan_car` SET `created_at` = '2022-01-03 15:35:54.384619', `updated_at` = '2022-01-03 15:35:54.384619', `customer_id` = 5792, `model_id` = 23, `vin_number` = '926096361961913569', `date_produced` = '2015-10-21', `value_estimated` = 710000 WHERE `loan_car`.`id` = 4654;
INSERT INTO `loan_car` (`id`, `created_at`, `updated_at`, `customer_id`, `model_id`, `vin_number`, `date_produced`, `value_estimated`) VALUES (4654, '2022-01-03 15:35:54.384619', '2022-01-03 15:35:54.384619', 5792, 23, '926096361961913569', '2015-10-21', 710000);
UPDATE `loan_address` SET `created_at` = '2022-01-03 22:12:28.969452', `updated_at` = '2022-01-03 22:12:28.969452', `province` = '江西省', `city` = '鹰潭市', `county` = '贵溪市', `town` = '贵溪市工业园区', `detail` = '安澜路东新大厦169号' WHERE `loan_address`.`id` = 9324;
INSERT INTO `loan_address` (`id`, `created_at`, `updated_at`, `province`, `city`, `county`, `town`, `detail`) VALUES (9324, '2022-01-03 22:12:28.969452', '2022-01-03 22:12:28.969452', '江西省', '鹰潭市', '贵溪市', '贵溪市工业园区', '安澜路东新大厦169号');
UPDATE `loan_customer` SET `created_at` = '2022-01-03 22:12:28.969452', `updated_at` = '2022-01-03 23:16:49.036239', `name` = '金永元', `id_number` = '721146530302574164', `gender` = 'f', `birthday` = '1981-08-09', `address_id` = 9324, `job_id` = 1920, `salary` = 16000 WHERE `loan_customer`.`id` = 5793;
INSERT INTO `loan_customer` (`id`, `created_at`, `updated_at`, `name`, `id_number`, `gender`, `birthday`, `address_id`, `job_id`, `salary`) VALUES (5793, '2022-01-03 22:12:28.969452', '2022-01-03 23:16:49.036239', '金永元', '721146530302574164', 'f', '1981-08-09', 9324, 1920, 16000);
UPDATE `loan_car` SET `created_at` = '2022-01-03 23:16:13.921739', `updated_at` = '2022-01-03 23:39:48.595289', `customer_id` = 5793, `model_id` = 77, `vin_number` = '565783680691937180', `date_produced` = '2010-02-22', `value_estimated` = 330000 WHERE `loan_car`.`id` = 4655;
INSERT INTO `loan_car` (`id`, `created_at`, `updated_at`, `customer_id`, `model_id`, `vin_number`, `date_produced`, `value_estimated`) VALUES (4655, '2022-01-03 23:16:13.921739', '2022-01-03 23:39:48.595289', 5793, 77, '565783680691937180', '2010-02-22', 330000);
UPDATE `loan_account` SET `created_at` = '2022-01-03 23:26:11.855349', `updated_at` = '2022-01-03 23:48:57.990619', `customer_id` = 5793, `number` = '648139017856758792', `balance` = 0 WHERE `loan_account`.`id` = 5293;
INSERT INTO `loan_account` (`id`, `created_at`, `updated_at`, `customer_id`, `number`, `balance`) VALUES (5293, '2022-01-03 23:26:11.855349', '2022-01-03 23:48:57.990619', 5793, '648139017856758792', 0);
UPDATE `loan_address` SET `created_at` = '2022-01-03 10:20:02.837734', `updated_at` = '2022-01-03 10:20:02.837734', `province` = '四川省', `city` = '内江市', `county` = '市中区', `town` = '全安镇', `detail` = '宝安路爱里舍花园186号' WHERE `loan_address`.`id` = 9325;
INSERT INTO `loan_address` (`id`, `created_at`, `updated_at`, `province`, `city`, `county`, `town`, `detail`) VALUES (9325, '2022-01-03 10:20:02.837734', '2022-01-03 10:20:02.837734', '四川省', '内江市', '市中区', '全安镇', '宝安路爱里舍花园186号');
UPDATE `loan_customer` SET `created_at` = '2022-01-03 10:20:02.837734', `updated_at` = '2022-01-03 10:20:02.837734', `name` = '胡盼香', `id_number` = '475437124241278776', `gender` = 'f', `birthday` = '1998-05-03', `address_id` = 9325, `job_id` = 1920, `salary` = 43000 WHERE `loan_customer`.`id` = 5794;
INSERT INTO `loan_customer` (`id`, `created_at`, `updated_at`, `name`, `id_number`, `gender`, `birthday`, `address_id`, `job_id`, `salary`) VALUES (5794, '2022-01-03 10:20:02.837734', '2022-01-03 10:20:02.837734', '胡盼香', '475437124241278776', 'f', '1998-05-03', 9325, 1920, 43000);
UPDATE `loan_car` SET `created_at` = '2022-01-03 16:15:02.689831', `updated_at` = '2022-01-03 20:14:49.067737', `customer_id` = 5794, `model_id` = 198, `vin_number` = '448324372344795736', `date_produced` = '2019-10-21', `value_estimated` = 890000 WHERE `loan_car`.`id` = 4656;
INSERT INTO `loan_car` (`id`, `created_at`, `updated_at`, `customer_id`, `model_id`, `vin_number`, `date_produced`, `value_estimated`) VALUES (4656, '2022-01-03 16:15:02.689831', '2022-01-03 20:14:49.067737', 5794, 198, '448324372344795736', '2019-10-21', 890000);
UPDATE `loan_account` SET `created_at` = '2022-01-03 23:09:45.119476', `updated_at` = '2022-01-03 23:09:45.119476', `customer_id` = 5794, `number` = '615689479294103706', `balance` = 2443 WHERE `loan_account`.`id` = 5294;
INSERT INTO `loan_account` (`id`, `created_at`, `updated_at`, `customer_id`, `number`, `balance`) VALUES (5294, '2022-01-03 23:09:45.119476', '2022-01-03 23:09:45.119476', 5794, '615689479294103706', 2443);
UPDATE `loan_address` SET `created_at` = '2022-01-03 20:52:59.320258', `updated_at` = '2022-01-03 20:52:59.320258', `province` = '新疆维吾尔自治区', `city` = '喀什地区', `county` = '泽普县', `town` = '农场场部', `detail` = '安德路24号' WHERE `loan_address`.`id` = 9326;
INSERT INTO `loan_address` (`id`, `created_at`, `updated_at`, `province`, `city`, `county`, `town`, `detail`) VALUES (9326, '2022-01-03 20:52:59.320258', '2022-01-03 20:52:59.320258', '新疆维吾尔自治区', '喀什地区', '泽普县', '农场场部', '安德路24号');
UPDATE `loan_customer` SET `created_at` = '2022-01-03 20:52:59.320258', `updated_at` = '2022-01-03 23:37:35.882333', `name` = '赵乐成', `id_number` = '314638155747659980', `gender` = 'f', `birthday` = '1991-03-02', `address_id` = 9326, `job_id` = 1921, `salary` = 90000 WHERE `loan_customer`.`id` = 5795;
INSERT INTO `loan_customer` (`id`, `created_at`, `updated_at`, `name`, `id_number`, `gender`, `birthday`, `address_id`, `job_id`, `salary`) VALUES (5795, '2022-01-03 20:52:59.320258', '2022-01-03 23:37:35.882333', '赵乐成', '314638155747659980', 'f', '1991-03-02', 9326, 1921, 90000);
UPDATE `loan_account` SET `created_at` = '2022-01-03 21:03:45.782029', `updated_at` = '2022-01-03 21:03:45.782029', `customer_id` = 5795, `number` = '868944876990020041', `balance` = 2432 WHERE `loan_account`.`id` = 5295;
INSERT INTO `loan_account` (`id`, `created_at`, `updated_at`, `customer_id`, `number`, `balance`) VALUES (5295, '2022-01-03 21:03:45.782029', '2022-01-03 21:03:45.782029', 5795, '868944876990020041', 2432);
UPDATE `loan_address` SET `created_at` = '2022-01-03 08:36:11.720324', `updated_at` = '2022-01-03 08:36:11.720324', `province` = '福建省', `city` = '南平市', `county` = '顺昌县', `town` = '高阳乡', `detail` = '半淞园路165号' WHERE `loan_address`.`id` = 9327;
INSERT INTO `loan_address` (`id`, `created_at`, `updated_at`, `province`, `city`, `county`, `town`, `detail`) VALUES (9327, '2022-01-03 08:36:11.720324', '2022-01-03 08:36:11.720324', '福建省', '南平市', '顺昌县', '高阳乡', '半淞园路165号');
UPDATE `loan_customer` SET `created_at` = '2022-01-03 08:36:11.720324', `updated_at` = '2022-01-03 09:07:28.604351', `name` = '薛晗晗', `id_number` = '771249706506906621', `gender` = 'f', `birthday` = '1995-06-29', `address_id` = 9327, `job_id` = 1921, `salary` = 36000 WHERE `loan_customer`.`id` = 5796;
INSERT INTO `loan_customer` (`id`, `created_at`, `updated_at`, `name`, `id_number`, `gender`, `birthday`, `address_id`, `job_id`, `salary`) VALUES (5796, '2022-01-03 08:36:11.720324', '2022-01-03 09:07:28.604351', '薛晗晗', '771249706506906621', 'f', '1995-06-29', 9327, 1921, 36000);
UPDATE `loan_car` SET `created_at` = '2022-01-03 23:52:08.641808', `updated_at` = '2022-01-03 23:52:08.641808', `customer_id` = 5796, `model_id` = 149, `vin_number` = '444730205158846507', `date_produced` = '2021-04-14', `value_estimated` = 350000 WHERE `loan_car`.`id` = 4657;
INSERT INTO `loan_car` (`id`, `created_at`, `updated_at`, `customer_id`, `model_id`, `vin_number`, `date_produced`, `value_estimated`) VALUES (4657, '2022-01-03 23:52:08.641808', '2022-01-03 23:52:08.641808', 5796, 149, '444730205158846507', '2021-04-14', 350000);
UPDATE `loan_car` SET `created_at` = '2022-01-03 10:30:54.746810', `updated_at` = '2022-01-03 22:59:47.821193', `customer_id` = 5796, `model_id` = 108, `vin_number` = '355498706561938024', `date_produced` = '2021-08-11', `value_estimated` = 380000 WHERE `loan_car`.`id` = 4658;
INSERT INTO `loan_car` (`id`, `created_at`, `updated_at`, `customer_id`, `model_id`, `vin_number`, `date_produced`, `value_estimated`) VALUES (4658, '2022-01-03 10:30:54.746810', '2022-01-03 22:59:47.821193', 5796, 108, '355498706561938024', '2021-08-11', 380000);
UPDATE `loan_account` SET `created_at` = '2022-01-03 12:04:45.285103', `updated_at` = '2022-01-03 12:04:45.285103', `customer_id` = 5796, `number` = '787364878006306473', `balance` = 62528 WHERE `loan_account`.`id` = 5296;
INSERT INTO `loan_account` (`id`, `created_at`, `updated_at`, `customer_id`, `number`, `balance`) VALUES (5296, '2022-01-03 12:04:45.285103', '2022-01-03 12:04:45.285103', 5796, '787364878006306473', 62528);
UPDATE `loan_address` SET `created_at` = '2022-01-03 01:56:09.994477', `updated_at` = '2022-01-03 01:56:09.994477', `province` = '新疆维吾尔自治区', `city` = '喀什地区', `county` = '泽普县', `town` = '农场场部', `detail` = '百官街35号' WHERE `loan_address`.`id` = 9328;
INSERT INTO `loan_address` (`id`, `created_at`, `updated_at`, `province`, `city`, `county`, `town`, `detail`) VALUES (9328, '2022-01-03 01:56:09.994477', '2022-01-03 01:56:09.994477', '新疆维吾尔自治区', '喀什地区', '泽普县', '农场场部', '百官街35号');
UPDATE `loan_customer` SET `created_at` = '2022-01-03 01:56:09.994477', `updated_at` = '2022-01-03 05:51:21.213323', `name` = '任乐童', `id_number` = '056683142220706808', `gender` = 'f', `birthday` = '2000-07-27', `address_id` = 9328, `job_id` = 1921, `salary` = 34000 WHERE `loan_customer`.`id` = 5797;
INSERT INTO `loan_customer` (`id`, `created_at`, `updated_at`, `name`, `id_number`, `gender`, `birthday`, `address_id`, `job_id`, `salary`) VALUES (5797, '2022-01-03 01:56:09.994477', '2022-01-03 05:51:21.213323', '任乐童', '056683142220706808', 'f', '2000-07-27', 9328, 1921, 34000);
UPDATE `loan_car` SET `created_at` = '2022-01-03 16:08:00.938391', `updated_at` = '2022-01-03 16:08:00.938391', `customer_id` = 5797, `model_id` = 220, `vin_number` = '036284054429412652', `date_produced` = '2013-08-09', `value_estimated` = 350000 WHERE `loan_car`.`id` = 4659;
INSERT INTO `loan_car` (`id`, `created_at`, `updated_at`, `customer_id`, `model_id`, `vin_number`, `date_produced`, `value_estimated`) VALUES (4659, '2022-01-03 16:08:00.938391', '2022-01-03 16:08:00.938391', 5797, 220, '036284054429412652', '2013-08-09', 350000);
UPDATE `loan_account` SET `created_at` = '2022-01-03 08:34:39.772645', `updated_at` = '2022-01-03 09:26:12.570765', `customer_id` = 5797, `number` = '595256501394921687', `balance` = 14681 WHERE `loan_account`.`id` = 5297;
INSERT INTO `loan_account` (`id`, `created_at`, `updated_at`, `customer_id`, `number`, `balance`) VALUES (5297, '2022-01-03 08:34:39.772645', '2022-01-03 09:26:12.570765', 5797, '595256501394921687', 14681);
UPDATE `loan_address` SET `created_at` = '2022-01-03 04:59:23.451371', `updated_at` = '2022-01-03 04:59:23.451371', `province` = '河南省', `city` = '南阳市', `county` = '唐河县', `town` = '滨河街道办事处', `detail` = '白兰路21号' WHERE `loan_address`.`id` = 9329;
INSERT INTO `loan_address` (`id`, `created_at`, `updated_at`, `province`, `city`, `county`, `town`, `detail`) VALUES (9329, '2022-01-03 04:59:23.451371', '2022-01-03 04:59:23.451371', '河南省', '南阳市', '唐河县', '滨河街道办事处', '白兰路21号');
UPDATE `loan_customer` SET `created_at` = '2022-01-03 04:59:23.451371', `updated_at` = '2022-01-03 22:55:47.547897', `name` = '侯芮', `id_number` = '216271322431209244', `gender` = 'f', `birthday` = '1992-01-30', `address_id` = 9329, `job_id` = 1921, `salary` = 32000 WHERE `loan_customer`.`id` = 5798;
INSERT INTO `loan_customer` (`id`, `created_at`, `updated_at`, `name`, `id_number`, `gender`, `birthday`, `address_id`, `job_id`, `salary`) VALUES (5798, '2022-01-03 04:59:23.451371', '2022-01-03 22:55:47.547897', '侯芮', '216271322431209244', 'f', '1992-01-30', 9329, 1921, 32000);
UPDATE `loan_address` SET `created_at` = '2022-01-03 10:18:54.159283', `updated_at` = '2022-01-03 10:18:54.159283', `province` = '四川省', `city` = '遂宁市', `county` = '安居区', `town` = '常理镇', `detail` = '白玉路157号' WHERE `loan_address`.`id` = 9330;
INSERT INTO `loan_address` (`id`, `created_at`, `updated_at`, `province`, `city`, `county`, `town`, `detail`) VALUES (9330, '2022-01-03 10:18:54.159283', '2022-01-03 10:18:54.159283', '四川省', '遂宁市', '安居区', '常理镇', '白玉路157号');
UPDATE `loan_estate` SET `created_at` = '2022-01-03 10:18:54.159283', `updated_at` = '2022-01-03 10:18:54.159283', `customer_id` = 5798, `address_id` = 9330 WHERE `loan_estate`.`id` = 3444;
INSERT INTO `loan_estate` (`id`, `created_at`, `updated_at`, `customer_id`, `address_id`) VALUES (3444, '2022-01-03 10:18:54.159283', '2022-01-03 10:18:54.159283', 5798, 9330);
UPDATE `loan_car` SET `created_at` = '2022-01-03 15:58:12.363581', `updated_at` = '2022-01-03 15:58:12.363581', `customer_id` = 5798, `model_id` = 63, `vin_number` = '897612280347780663', `date_produced` = '2020-10-21', `value_estimated` = 320000 WHERE `loan_car`.`id` = 4660;
INSERT INTO `loan_car` (`id`, `created_at`, `updated_at`, `customer_id`, `model_id`, `vin_number`, `date_produced`, `value_estimated`) VALUES (4660, '2022-01-03 15:58:12.363581', '2022-01-03 15:58:12.363581', 5798, 63, '897612280347780663', '2020-10-21', 320000);
UPDATE `loan_account` SET `created_at` = '2022-01-03 15:44:42.917944', `updated_at` = '2022-01-03 15:44:42.917944', `customer_id` = 5798, `number` = '257781398710320497', `balance` = 27955 WHERE `loan_account`.`id` = 5298;
INSERT INTO `loan_account` (`id`, `created_at`, `updated_at`, `customer_id`, `number`, `balance`) VALUES (5298, '2022-01-03 15:44:42.917944', '2022-01-03 15:44:42.917944', 5798, '257781398710320497', 27955);
UPDATE `loan_address` SET `created_at` = '2022-01-03 11:12:28.937943', `updated_at` = '2022-01-03 11:12:28.937943', `province` = '四川省', `city` = '遂宁市', `county` = '安居区', `town` = '常理镇', `detail` = '鞍山支路137号' WHERE `loan_address`.`id` = 9331;
INSERT INTO `loan_address` (`id`, `created_at`, `updated_at`, `province`, `city`, `county`, `town`, `detail`) VALUES (9331, '2022-01-03 11:12:28.937943', '2022-01-03 11:12:28.937943', '四川省', '遂宁市', '安居区', '常理镇', '鞍山支路137号');
UPDATE `loan_customer` SET `created_at` = '2022-01-03 11:12:28.937943', `updated_at` = '2022-01-03 17:54:45.305365', `name` = '孔乐邦', `id_number` = '138332254802913490', `gender` = 'm', `birthday` = '1984-03-19', `address_id` = 9331, `job_id` = 1921, `salary` = 32000 WHERE `loan_customer`.`id` = 5799;
INSERT INTO `loan_customer` (`id`, `created_at`, `updated_at`, `name`, `id_number`, `gender`, `birthday`, `address_id`, `job_id`, `salary`) VALUES (5799, '2022-01-03 11:12:28.937943', '2022-01-03 17:54:45.305365', '孔乐邦', '138332254802913490', 'm', '1984-03-19', 9331, 1921, 32000);
UPDATE `loan_chattel` SET `created_at` = '2022-01-03 21:39:43.780780', `updated_at` = '2022-01-03 21:39:43.780780', `customer_id` = 5799, `type` = 'bond', `description` = '一些信息', `value_amount` = 580000, `expired_at` = '2025-03-20' WHERE `loan_chattel`.`id` = 1707;
INSERT INTO `loan_chattel` (`id`, `created_at`, `updated_at`, `customer_id`, `type`, `description`, `value_amount`, `expired_at`) VALUES (1707, '2022-01-03 21:39:43.780780', '2022-01-03 21:39:43.780780', 5799, 'bond', '一些信息', 580000, '2025-03-20');
UPDATE `loan_address` SET `created_at` = '2022-01-03 15:23:31.813425', `updated_at` = '2022-01-03 15:23:31.813425', `province` = '湖南省', `city` = '常德市', `county` = '临澧县', `town` = '安福街道', `detail` = '安远路住友嘉馨名园138号' WHERE `loan_address`.`id` = 9332;
INSERT INTO `loan_address` (`id`, `created_at`, `updated_at`, `province`, `city`, `county`, `town`, `detail`) VALUES (9332, '2022-01-03 15:23:31.813425', '2022-01-03 15:23:31.813425', '湖南省', '常德市', '临澧县', '安福街道', '安远路住友嘉馨名园138号');
UPDATE `loan_estate` SET `created_at` = '2022-01-03 15:23:31.813425', `updated_at` = '2022-01-03 15:23:31.813425', `customer_id` = 5799, `address_id` = 9332 WHERE `loan_estate`.`id` = 3445;
INSERT INTO `loan_estate` (`id`, `created_at`, `updated_at`, `customer_id`, `address_id`) VALUES (3445, '2022-01-03 15:23:31.813425', '2022-01-03 15:23:31.813425', 5799, 9332);
UPDATE `loan_address` SET `created_at` = '2022-01-03 20:46:01.799405', `updated_at` = '2022-01-03 20:46:01.799405', `province` = '上海市', `city` = '市辖区', `county` = '松江区', `town` = '永丰街道', `detail` = '安义路194号' WHERE `loan_address`.`id` = 9333;
INSERT INTO `loan_address` (`id`, `created_at`, `updated_at`, `province`, `city`, `county`, `town`, `detail`) VALUES (9333, '2022-01-03 20:46:01.799405', '2022-01-03 20:46:01.799405', '上海市', '市辖区', '松江区', '永丰街道', '安义路194号');
UPDATE `loan_estate` SET `created_at` = '2022-01-03 20:46:01.799405', `updated_at` = '2022-01-03 20:46:01.799405', `customer_id` = 5799, `address_id` = 9333 WHERE `loan_estate`.`id` = 3446;
INSERT INTO `loan_estate` (`id`, `created_at`, `updated_at`, `customer_id`, `address_id`) VALUES (3446, '2022-01-03 20:46:01.799405', '2022-01-03 20:46:01.799405', 5799, 9333);
UPDATE `loan_car` SET `created_at` = '2022-01-03 23:48:58.428933', `updated_at` = '2022-01-03 23:48:58.428933', `customer_id` = 5799, `model_id` = 123, `vin_number` = '643929832229214004', `date_produced` = '2011-03-21', `value_estimated` = 250000 WHERE `loan_car`.`id` = 4661;
INSERT INTO `loan_car` (`id`, `created_at`, `updated_at`, `customer_id`, `model_id`, `vin_number`, `date_produced`, `value_estimated`) VALUES (4661, '2022-01-03 23:48:58.428933', '2022-01-03 23:48:58.428933', 5799, 123, '643929832229214004', '2011-03-21', 250000);
UPDATE `loan_car` SET `created_at` = '2022-01-03 16:22:23.829832', `updated_at` = '2022-01-03 21:30:23.226054', `customer_id` = 5799, `model_id` = 278, `vin_number` = '724290522580722102', `date_produced` = '2013-04-12', `value_estimated` = 360000 WHERE `loan_car`.`id` = 4662;
INSERT INTO `loan_car` (`id`, `created_at`, `updated_at`, `customer_id`, `model_id`, `vin_number`, `date_produced`, `value_estimated`) VALUES (4662, '2022-01-03 16:22:23.829832', '2022-01-03 21:30:23.226054', 5799, 278, '724290522580722102', '2013-04-12', 360000);
UPDATE `loan_account` SET `created_at` = '2022-01-03 22:30:20.073804', `updated_at` = '2022-01-03 22:30:20.073804', `customer_id` = 5799, `number` = '954622802288871018', `balance` = 42764 WHERE `loan_account`.`id` = 5299;
INSERT INTO `loan_account` (`id`, `created_at`, `updated_at`, `customer_id`, `number`, `balance`) VALUES (5299, '2022-01-03 22:30:20.073804', '2022-01-03 22:30:20.073804', 5799, '954622802288871018', 42764);
UPDATE `loan_address` SET `created_at` = '2022-01-03 02:11:17.996641', `updated_at` = '2022-01-03 02:11:17.996641', `province` = '内蒙古自治区', `city` = '包头市', `county` = '昆都仑区', `town` = '昆北街道办事处', `detail` = '爱国路和亭佳苑45号' WHERE `loan_address`.`id` = 9334;
INSERT INTO `loan_address` (`id`, `created_at`, `updated_at`, `province`, `city`, `county`, `town`, `detail`) VALUES (9334, '2022-01-03 02:11:17.996641', '2022-01-03 02:11:17.996641', '内蒙古自治区', '包头市', '昆都仑区', '昆北街道办事处', '爱国路和亭佳苑45号');
UPDATE `loan_customer` SET `created_at` = '2022-01-03 02:11:17.996641', `updated_at` = '2022-01-03 16:30:44.420771', `name` = '潘悦心', `id_number` = '722968863942866217', `gender` = 'f', `birthday` = '1990-04-25', `address_id` = 9334, `job_id` = 1922, `salary` = 11000 WHERE `loan_customer`.`id` = 5800;
INSERT INTO `loan_customer` (`id`, `created_at`, `updated_at`, `name`, `id_number`, `gender`, `birthday`, `address_id`, `job_id`, `salary`) VALUES (5800, '2022-01-03 02:11:17.996641', '2022-01-03 16:30:44.420771', '潘悦心', '722968863942866217', 'f', '1990-04-25', 9334, 1922, 11000);
UPDATE `loan_account` SET `created_at` = '2022-01-03 05:14:33.172202', `updated_at` = '2022-01-03 05:14:33.172202', `customer_id` = 5800, `number` = '938877222756306860', `balance` = 71864 WHERE `loan_account`.`id` = 5300;
INSERT INTO `loan_account` (`id`, `created_at`, `updated_at`, `customer_id`, `number`, `balance`) VALUES (5300, '2022-01-03 05:14:33.172202', '2022-01-03 05:14:33.172202', 5800, '938877222756306860', 71864);
UPDATE `loan_address` SET `created_at` = '2022-01-03 22:40:02.329761', `updated_at` = '2022-01-03 22:40:02.329761', `province` = '上海市', `city` = '市辖区', `county` = '松江区', `town` = '永丰街道', `detail` = '安汾路菊园五街坊199号' WHERE `loan_address`.`id` = 9335;
INSERT INTO `loan_address` (`id`, `created_at`, `updated_at`, `province`, `city`, `county`, `town`, `detail`) VALUES (9335, '2022-01-03 22:40:02.329761', '2022-01-03 22:40:02.329761', '上海市', '市辖区', '松江区', '永丰街道', '安汾路菊园五街坊199号');
UPDATE `loan_customer` SET `created_at` = '2022-01-03 22:40:02.329761', `updated_at` = '2022-01-03 23:02:21.211059', `name` = '卢瑶', `id_number` = '613212502903614342', `gender` = 'm', `birthday` = '2007-06-22', `address_id` = 9335, `job_id` = 1923, `salary` = 34000 WHERE `loan_customer`.`id` = 5801;
INSERT INTO `loan_customer` (`id`, `created_at`, `updated_at`, `name`, `id_number`, `gender`, `birthday`, `address_id`, `job_id`, `salary`) VALUES (5801, '2022-01-03 22:40:02.329761', '2022-01-03 23:02:21.211059', '卢瑶', '613212502903614342', 'm', '2007-06-22', 9335, 1923, 34000);
UPDATE `loan_chattel` SET `created_at` = '2022-01-03 23:28:50.451868', `updated_at` = '2022-01-03 23:28:50.451868', `customer_id` = 5801, `type` = 'draft', `description` = '一些信息', `value_amount` = 20000, `expired_at` = '2028-08-27' WHERE `loan_chattel`.`id` = 1708;
INSERT INTO `loan_chattel` (`id`, `created_at`, `updated_at`, `customer_id`, `type`, `description`, `value_amount`, `expired_at`) VALUES (1708, '2022-01-03 23:28:50.451868', '2022-01-03 23:28:50.451868', 5801, 'draft', '一些信息', 20000, '2028-08-27');
UPDATE `loan_car` SET `created_at` = '2022-01-03 23:31:54.650804', `updated_at` = '2022-01-03 23:41:12.296082', `customer_id` = 5801, `model_id` = 227, `vin_number` = '372067460954747417', `date_produced` = '2013-01-29', `value_estimated` = 830000 WHERE `loan_car`.`id` = 4663;
INSERT INTO `loan_car` (`id`, `created_at`, `updated_at`, `customer_id`, `model_id`, `vin_number`, `date_produced`, `value_estimated`) VALUES (4663, '2022-01-03 23:31:54.650804', '2022-01-03 23:41:12.296082', 5801, 227, '372067460954747417', '2013-01-29', 830000);
UPDATE `loan_account` SET `created_at` = '2022-01-03 23:11:52.928778', `updated_at` = '2022-01-03 23:11:52.928778', `customer_id` = 5801, `number` = '428815163546625348', `balance` = 34293 WHERE `loan_account`.`id` = 5301;
INSERT INTO `loan_account` (`id`, `created_at`, `updated_at`, `customer_id`, `number`, `balance`) VALUES (5301, '2022-01-03 23:11:52.928778', '2022-01-03 23:11:52.928778', 5801, '428815163546625348', 34293);
UPDATE `loan_address` SET `created_at` = '2022-01-03 21:00:15.431802', `updated_at` = '2022-01-03 21:00:15.431802', `province` = '福建省', `city` = '厦门市', `county` = '同安区', `town` = '新民镇', `detail` = '宝山路溢盈河畔别墅4号' WHERE `loan_address`.`id` = 9336;
INSERT INTO `loan_address` (`id`, `created_at`, `updated_at`, `province`, `city`, `county`, `town`, `detail`) VALUES (9336, '2022-01-03 21:00:15.431802', '2022-01-03 21:00:15.431802', '福建省', '厦门市', '同安区', '新民镇', '宝山路溢盈河畔别墅4号');
UPDATE `loan_customer` SET `created_at` = '2022-01-03 21:00:15.431802', `updated_at` = '2022-01-03 23:42:55.362936', `name` = '沈浦泽', `id_number` = '932270763044521020', `gender` = 'f', `birthday` = '1997-08-06', `address_id` = 9336, `job_id` = 1923, `salary` = 52000 WHERE `loan_customer`.`id` = 5802;
INSERT INTO `loan_customer` (`id`, `created_at`, `updated_at`, `name`, `id_number`, `gender`, `birthday`, `address_id`, `job_id`, `salary`) VALUES (5802, '2022-01-03 21:00:15.431802', '2022-01-03 23:42:55.362936', '沈浦泽', '932270763044521020', 'f', '1997-08-06', 9336, 1923, 52000);
UPDATE `loan_chattel` SET `created_at` = '2022-01-03 23:56:29.665453', `updated_at` = '2022-01-03 23:56:29.665453', `customer_id` = 5802, `type` = 'receivable', `description` = '一些信息', `value_amount` = 130000, `expired_at` = '2026-03-19' WHERE `loan_chattel`.`id` = 1709;
INSERT INTO `loan_chattel` (`id`, `created_at`, `updated_at`, `customer_id`, `type`, `description`, `value_amount`, `expired_at`) VALUES (1709, '2022-01-03 23:56:29.665453', '2022-01-03 23:56:29.665453', 5802, 'receivable', '一些信息', 130000, '2026-03-19');
UPDATE `loan_chattel` SET `created_at` = '2022-01-03 22:03:33.453544', `updated_at` = '2022-01-03 22:03:33.453544', `customer_id` = 5802, `type` = 'trademark', `description` = '一些信息', `value_amount` = 360000, `expired_at` = '2034-04-16' WHERE `loan_chattel`.`id` = 1710;
INSERT INTO `loan_chattel` (`id`, `created_at`, `updated_at`, `customer_id`, `type`, `description`, `value_amount`, `expired_at`) VALUES (1710, '2022-01-03 22:03:33.453544', '2022-01-03 22:03:33.453544', 5802, 'trademark', '一些信息', 360000, '2034-04-16');
UPDATE `loan_address` SET `created_at` = '2022-01-03 23:59:39.797836', `updated_at` = '2022-01-03 23:59:39.797836', `province` = '四川省', `city` = '攀枝花市', `county` = '仁和区', `town` = '中坝乡', `detail` = '白渡桥和亭佳苑164号' WHERE `loan_address`.`id` = 9337;
INSERT INTO `loan_address` (`id`, `created_at`, `updated_at`, `province`, `city`, `county`, `town`, `detail`) VALUES (9337, '2022-01-03 23:59:39.797836', '2022-01-03 23:59:39.797836', '四川省', '攀枝花市', '仁和区', '中坝乡', '白渡桥和亭佳苑164号');
UPDATE `loan_estate` SET `created_at` = '2022-01-03 23:59:39.797836', `updated_at` = '2022-01-03 23:59:39.797836', `customer_id` = 5802, `address_id` = 9337 WHERE `loan_estate`.`id` = 3447;
INSERT INTO `loan_estate` (`id`, `created_at`, `updated_at`, `customer_id`, `address_id`) VALUES (3447, '2022-01-03 23:59:39.797836', '2022-01-03 23:59:39.797836', 5802, 9337);
UPDATE `loan_car` SET `created_at` = '2022-01-03 23:36:09.426365', `updated_at` = '2022-01-03 23:49:40.883300', `customer_id` = 5802, `model_id` = 85, `vin_number` = '592388595110967757', `date_produced` = '2016-04-08', `value_estimated` = 170000 WHERE `loan_car`.`id` = 4664;
INSERT INTO `loan_car` (`id`, `created_at`, `updated_at`, `customer_id`, `model_id`, `vin_number`, `date_produced`, `value_estimated`) VALUES (4664, '2022-01-03 23:36:09.426365', '2022-01-03 23:49:40.883300', 5802, 85, '592388595110967757', '2016-04-08', 170000);
UPDATE `loan_account` SET `created_at` = '2022-01-03 23:49:04.225555', `updated_at` = '2022-01-03 23:52:51.420556', `customer_id` = 5802, `number` = '511100461942242420', `balance` = 49939 WHERE `loan_account`.`id` = 5302;
INSERT INTO `loan_account` (`id`, `created_at`, `updated_at`, `customer_id`, `number`, `balance`) VALUES (5302, '2022-01-03 23:49:04.225555', '2022-01-03 23:52:51.420556', 5802, '511100461942242420', 49939);
UPDATE `loan_address` SET `created_at` = '2022-01-03 13:57:38.917536', `updated_at` = '2022-01-03 13:57:38.917536', `province` = '甘肃省', `city` = '武威市', `county` = '天祝藏族自治县', `town` = '松山镇', `detail` = '百安路（方泰镇）复华城市花园122号' WHERE `loan_address`.`id` = 9338;
INSERT INTO `loan_address` (`id`, `created_at`, `updated_at`, `province`, `city`, `county`, `town`, `detail`) VALUES (9338, '2022-01-03 13:57:38.917536', '2022-01-03 13:57:38.917536', '甘肃省', '武威市', '天祝藏族自治县', '松山镇', '百安路（方泰镇）复华城市花园122号');
UPDATE `loan_customer` SET `created_at` = '2022-01-03 13:57:38.917536', `updated_at` = '2022-01-03 18:12:40.963421', `name` = '史子石', `id_number` = '945082372024463712', `gender` = 'm', `birthday` = '2000-10-25', `address_id` = 9338, `job_id` = 1923, `salary` = 67000 WHERE `loan_customer`.`id` = 5803;
INSERT INTO `loan_customer` (`id`, `created_at`, `updated_at`, `name`, `id_number`, `gender`, `birthday`, `address_id`, `job_id`, `salary`) VALUES (5803, '2022-01-03 13:57:38.917536', '2022-01-03 18:12:40.963421', '史子石', '945082372024463712', 'm', '2000-10-25', 9338, 1923, 67000);
UPDATE `loan_address` SET `created_at` = '2022-01-03 15:04:13.478972', `updated_at` = '2022-01-03 15:04:13.478972', `province` = '湖南省', `city` = '张家界市', `county` = '慈利县', `town` = '零阳镇', `detail` = '鞍山支路菊园五街坊177号' WHERE `loan_address`.`id` = 9339;
INSERT INTO `loan_address` (`id`, `created_at`, `updated_at`, `province`, `city`, `county`, `town`, `detail`) VALUES (9339, '2022-01-03 15:04:13.478972', '2022-01-03 15:04:13.478972', '湖南省', '张家界市', '慈利县', '零阳镇', '鞍山支路菊园五街坊177号');
UPDATE `loan_estate` SET `created_at` = '2022-01-03 15:04:13.478972', `updated_at` = '2022-01-03 15:04:13.478972', `customer_id` = 5803, `address_id` = 9339 WHERE `loan_estate`.`id` = 3448;
INSERT INTO `loan_estate` (`id`, `created_at`, `updated_at`, `customer_id`, `address_id`) VALUES (3448, '2022-01-03 15:04:13.478972', '2022-01-03 15:04:13.478972', 5803, 9339);
UPDATE `loan_car` SET `created_at` = '2022-01-03 16:25:23.607350', `updated_at` = '2022-01-03 16:25:23.607350', `customer_id` = 5803, `model_id` = 295, `vin_number` = '870792604622660262', `date_produced` = '2018-06-23', `value_estimated` = 240000 WHERE `loan_car`.`id` = 4665;
INSERT INTO `loan_car` (`id`, `created_at`, `updated_at`, `customer_id`, `model_id`, `vin_number`, `date_produced`, `value_estimated`) VALUES (4665, '2022-01-03 16:25:23.607350', '2022-01-03 16:25:23.607350', 5803, 295, '870792604622660262', '2018-06-23', 240000);
UPDATE `loan_account` SET `created_at` = '2022-01-03 15:28:08.120539', `updated_at` = '2022-01-03 19:48:07.754343', `customer_id` = 5803, `number` = '618094398633124867', `balance` = 36746 WHERE `loan_account`.`id` = 5303;
INSERT INTO `loan_account` (`id`, `created_at`, `updated_at`, `customer_id`, `number`, `balance`) VALUES (5303, '2022-01-03 15:28:08.120539', '2022-01-03 19:48:07.754343', 5803, '618094398633124867', 36746);
UPDATE `loan_address` SET `created_at` = '2022-01-03 02:42:14.488113', `updated_at` = '2022-01-03 02:42:14.488113', `province` = '四川省', `city` = '乐山市', `county` = '夹江县', `town` = '木城镇', `detail` = '白渡桥溢盈河畔别墅123号' WHERE `loan_address`.`id` = 9340;
INSERT INTO `loan_address` (`id`, `created_at`, `updated_at`, `province`, `city`, `county`, `town`, `detail`) VALUES (9340, '2022-01-03 02:42:14.488113', '2022-01-03 02:42:14.488113', '四川省', '乐山市', '夹江县', '木城镇', '白渡桥溢盈河畔别墅123号');
UPDATE `loan_customer` SET `created_at` = '2022-01-03 02:42:14.488113', `updated_at` = '2022-01-03 19:37:24.611833', `name` = '侯尔雅', `id_number` = '544190597096280301', `gender` = 'm', `birthday` = '2005-05-30', `address_id` = 9340, `job_id` = 1924, `salary` = 11000 WHERE `loan_customer`.`id` = 5804;
INSERT INTO `loan_customer` (`id`, `created_at`, `updated_at`, `name`, `id_number`, `gender`, `birthday`, `address_id`, `job_id`, `salary`) VALUES (5804, '2022-01-03 02:42:14.488113', '2022-01-03 19:37:24.611833', '侯尔雅', '544190597096280301', 'm', '2005-05-30', 9340, 1924, 11000);
UPDATE `loan_car` SET `created_at` = '2022-01-03 13:34:59.937149', `updated_at` = '2022-01-03 15:39:55.564618', `customer_id` = 5804, `model_id` = 276, `vin_number` = '307286408226540139', `date_produced` = '2010-12-09', `value_estimated` = 260000 WHERE `loan_car`.`id` = 4666;
INSERT INTO `loan_car` (`id`, `created_at`, `updated_at`, `customer_id`, `model_id`, `vin_number`, `date_produced`, `value_estimated`) VALUES (4666, '2022-01-03 13:34:59.937149', '2022-01-03 15:39:55.564618', 5804, 276, '307286408226540139', '2010-12-09', 260000);
UPDATE `loan_address` SET `created_at` = '2022-01-03 00:20:25.132495', `updated_at` = '2022-01-03 00:20:25.132495', `province` = '广西壮族自治区', `city` = '贵港市', `county` = '桂平市', `town` = '麻垌镇', `detail` = '安远路爱里舍花园73号' WHERE `loan_address`.`id` = 9341;
INSERT INTO `loan_address` (`id`, `created_at`, `updated_at`, `province`, `city`, `county`, `town`, `detail`) VALUES (9341, '2022-01-03 00:20:25.132495', '2022-01-03 00:20:25.132495', '广西壮族自治区', '贵港市', '桂平市', '麻垌镇', '安远路爱里舍花园73号');
UPDATE `loan_customer` SET `created_at` = '2022-01-03 00:20:25.132495', `updated_at` = '2022-01-03 00:20:25.132495', `name` = '孙浩涆', `id_number` = '858592914824072108', `gender` = 'm', `birthday` = '1985-10-10', `address_id` = 9341, `job_id` = 1924, `salary` = 16000 WHERE `loan_customer`.`id` = 5805;
INSERT INTO `loan_customer` (`id`, `created_at`, `updated_at`, `name`, `id_number`, `gender`, `birthday`, `address_id`, `job_id`, `salary`) VALUES (5805, '2022-01-03 00:20:25.132495', '2022-01-03 00:20:25.132495', '孙浩涆', '858592914824072108', 'm', '1985-10-10', 9341, 1924, 16000);
UPDATE `loan_chattel` SET `created_at` = '2022-01-03 16:51:53.003526', `updated_at` = '2022-01-03 16:51:53.003526', `customer_id` = 5805, `type` = 'promissory_note', `description` = '一些信息', `value_amount` = 20000, `expired_at` = '2023-12-10' WHERE `loan_chattel`.`id` = 1711;
INSERT INTO `loan_chattel` (`id`, `created_at`, `updated_at`, `customer_id`, `type`, `description`, `value_amount`, `expired_at`) VALUES (1711, '2022-01-03 16:51:53.003526', '2022-01-03 16:51:53.003526', 5805, 'promissory_note', '一些信息', 20000, '2023-12-10');
UPDATE `loan_address` SET `created_at` = '2022-01-03 16:52:13.583712', `updated_at` = '2022-01-03 16:52:13.583712', `province` = '山东省', `city` = '临沂市', `county` = '临沭县', `town` = '玉山镇', `detail` = '白渡路132号' WHERE `loan_address`.`id` = 9342;
INSERT INTO `loan_address` (`id`, `created_at`, `updated_at`, `province`, `city`, `county`, `town`, `detail`) VALUES (9342, '2022-01-03 16:52:13.583712', '2022-01-03 16:52:13.583712', '山东省', '临沂市', '临沭县', '玉山镇', '白渡路132号');
UPDATE `loan_estate` SET `created_at` = '2022-01-03 16:52:13.583712', `updated_at` = '2022-01-03 16:52:13.583712', `customer_id` = 5805, `address_id` = 9342 WHERE `loan_estate`.`id` = 3449;
INSERT INTO `loan_estate` (`id`, `created_at`, `updated_at`, `customer_id`, `address_id`) VALUES (3449, '2022-01-03 16:52:13.583712', '2022-01-03 16:52:13.583712', 5805, 9342);
UPDATE `loan_address` SET `created_at` = '2022-01-03 03:05:21.527329', `updated_at` = '2022-01-03 03:05:21.527329', `province` = '青海省', `city` = '海西蒙古族藏族自治州', `county` = '天峻县', `town` = '新源镇', `detail` = '百色路东新大厦61号' WHERE `loan_address`.`id` = 9343;
INSERT INTO `loan_address` (`id`, `created_at`, `updated_at`, `province`, `city`, `county`, `town`, `detail`) VALUES (9343, '2022-01-03 03:05:21.527329', '2022-01-03 03:05:21.527329', '青海省', '海西蒙古族藏族自治州', '天峻县', '新源镇', '百色路东新大厦61号');
UPDATE `loan_estate` SET `created_at` = '2022-01-03 03:05:21.527329', `updated_at` = '2022-01-03 03:05:21.527329', `customer_id` = 5805, `address_id` = 9343 WHERE `loan_estate`.`id` = 3450;
INSERT INTO `loan_estate` (`id`, `created_at`, `updated_at`, `customer_id`, `address_id`) VALUES (3450, '2022-01-03 03:05:21.527329', '2022-01-03 03:05:21.527329', 5805, 9343);
UPDATE `loan_car` SET `created_at` = '2022-01-03 05:26:59.392264', `updated_at` = '2022-01-03 05:26:59.392264', `customer_id` = 5805, `model_id` = 199, `vin_number` = '883995401925164154', `date_produced` = '2020-07-05', `value_estimated` = 280000 WHERE `loan_car`.`id` = 4667;
INSERT INTO `loan_car` (`id`, `created_at`, `updated_at`, `customer_id`, `model_id`, `vin_number`, `date_produced`, `value_estimated`) VALUES (4667, '2022-01-03 05:26:59.392264', '2022-01-03 05:26:59.392264', 5805, 199, '883995401925164154', '2020-07-05', 280000);
UPDATE `loan_account` SET `created_at` = '2022-01-03 16:10:59.093933', `updated_at` = '2022-01-03 17:14:54.914079', `customer_id` = 5805, `number` = '828793094268731758', `balance` = 89339 WHERE `loan_account`.`id` = 5304;
INSERT INTO `loan_account` (`id`, `created_at`, `updated_at`, `customer_id`, `number`, `balance`) VALUES (5304, '2022-01-03 16:10:59.093933', '2022-01-03 17:14:54.914079', 5805, '828793094268731758', 89339);
UPDATE `loan_address` SET `created_at` = '2022-01-03 16:47:24.138544', `updated_at` = '2022-01-03 16:47:24.138544', `province` = '广西壮族自治区', `city` = '贵港市', `county` = '桂平市', `town` = '麻垌镇', `detail` = '安汾路35号' WHERE `loan_address`.`id` = 9344;
INSERT INTO `loan_address` (`id`, `created_at`, `updated_at`, `province`, `city`, `county`, `town`, `detail`) VALUES (9344, '2022-01-03 16:47:24.138544', '2022-01-03 16:47:24.138544', '广西壮族自治区', '贵港市', '桂平市', '麻垌镇', '安汾路35号');
UPDATE `loan_customer` SET `created_at` = '2022-01-03 16:47:24.138544', `updated_at` = '2022-01-03 19:46:07.262124', `name` = '高闲丽', `id_number` = '786254157494342795', `gender` = 'f', `birthday` = '1989-01-25', `address_id` = 9344, `job_id` = 1924, `salary` = 41000 WHERE `loan_customer`.`id` = 5806;
INSERT INTO `loan_customer` (`id`, `created_at`, `updated_at`, `name`, `id_number`, `gender`, `birthday`, `address_id`, `job_id`, `salary`) VALUES (5806, '2022-01-03 16:47:24.138544', '2022-01-03 19:46:07.262124', '高闲丽', '786254157494342795', 'f', '1989-01-25', 9344, 1924, 41000);
UPDATE `loan_car` SET `created_at` = '2022-01-03 20:00:00.172737', `updated_at` = '2022-01-03 20:00:00.172737', `customer_id` = 5806, `model_id` = 134, `vin_number` = '594772512855413761', `date_produced` = '2015-03-11', `value_estimated` = 90000 WHERE `loan_car`.`id` = 4668;
INSERT INTO `loan_car` (`id`, `created_at`, `updated_at`, `customer_id`, `model_id`, `vin_number`, `date_produced`, `value_estimated`) VALUES (4668, '2022-01-03 20:00:00.172737', '2022-01-03 20:00:00.172737', 5806, 134, '594772512855413761', '2015-03-11', 90000);
UPDATE `loan_account` SET `created_at` = '2022-01-03 19:53:21.956806', `updated_at` = '2022-01-03 19:53:21.956806', `customer_id` = 5806, `number` = '598078778426662579', `balance` = 73512 WHERE `loan_account`.`id` = 5305;
INSERT INTO `loan_account` (`id`, `created_at`, `updated_at`, `customer_id`, `number`, `balance`) VALUES (5305, '2022-01-03 19:53:21.956806', '2022-01-03 19:53:21.956806', 5806, '598078778426662579', 73512);
UPDATE `loan_address` SET `created_at` = '2022-01-03 09:23:40.952280', `updated_at` = '2022-01-03 09:23:40.952280', `province` = '上海市', `city` = '市辖区', `county` = '松江区', `town` = '永丰街道', `detail` = '宝安路7号' WHERE `loan_address`.`id` = 9345;
INSERT INTO `loan_address` (`id`, `created_at`, `updated_at`, `province`, `city`, `county`, `town`, `detail`) VALUES (9345, '2022-01-03 09:23:40.952280', '2022-01-03 09:23:40.952280', '上海市', '市辖区', '松江区', '永丰街道', '宝安路7号');
UPDATE `loan_customer` SET `created_at` = '2022-01-03 09:23:40.952280', `updated_at` = '2022-01-03 10:02:44.565557', `name` = '潘绍', `id_number` = '871235884619243239', `gender` = 'm', `birthday` = '1996-07-30', `address_id` = 9345, `job_id` = 1925, `salary` = 5000 WHERE `loan_customer`.`id` = 5807;
INSERT INTO `loan_customer` (`id`, `created_at`, `updated_at`, `name`, `id_number`, `gender`, `birthday`, `address_id`, `job_id`, `salary`) VALUES (5807, '2022-01-03 09:23:40.952280', '2022-01-03 10:02:44.565557', '潘绍', '871235884619243239', 'm', '1996-07-30', 9345, 1925, 5000);
UPDATE `loan_car` SET `created_at` = '2022-01-03 18:52:49.212607', `updated_at` = '2022-01-03 22:05:12.495960', `customer_id` = 5807, `model_id` = 97, `vin_number` = '771415785775593613', `date_produced` = '2010-12-06', `value_estimated` = 350000 WHERE `loan_car`.`id` = 4669;
INSERT INTO `loan_car` (`id`, `created_at`, `updated_at`, `customer_id`, `model_id`, `vin_number`, `date_produced`, `value_estimated`) VALUES (4669, '2022-01-03 18:52:49.212607', '2022-01-03 22:05:12.495960', 5807, 97, '771415785775593613', '2010-12-06', 350000);
UPDATE `loan_car` SET `created_at` = '2022-01-03 17:32:48.101611', `updated_at` = '2022-01-03 20:37:00.285303', `customer_id` = 5807, `model_id` = 283, `vin_number` = '103728072555699011', `date_produced` = '2018-06-07', `value_estimated` = 710000 WHERE `loan_car`.`id` = 4670;
INSERT INTO `loan_car` (`id`, `created_at`, `updated_at`, `customer_id`, `model_id`, `vin_number`, `date_produced`, `value_estimated`) VALUES (4670, '2022-01-03 17:32:48.101611', '2022-01-03 20:37:00.285303', 5807, 283, '103728072555699011', '2018-06-07', 710000);
UPDATE `loan_account` SET `created_at` = '2022-01-03 18:01:28.506105', `updated_at` = '2022-01-03 20:03:42.422571', `customer_id` = 5807, `number` = '822396685956808284', `balance` = 58168 WHERE `loan_account`.`id` = 5306;
INSERT INTO `loan_account` (`id`, `created_at`, `updated_at`, `customer_id`, `number`, `balance`) VALUES (5306, '2022-01-03 18:01:28.506105', '2022-01-03 20:03:42.422571', 5807, '822396685956808284', 58168);
UPDATE `loan_address` SET `created_at` = '2022-01-03 12:16:38.206549', `updated_at` = '2022-01-03 12:16:38.206549', `province` = '贵州省', `city` = '黔东南苗族侗族自治州', `county` = '施秉县', `town` = '双井镇', `detail` = '百安路（方泰镇）6号' WHERE `loan_address`.`id` = 9346;
INSERT INTO `loan_address` (`id`, `created_at`, `updated_at`, `province`, `city`, `county`, `town`, `detail`) VALUES (9346, '2022-01-03 12:16:38.206549', '2022-01-03 12:16:38.206549', '贵州省', '黔东南苗族侗族自治州', '施秉县', '双井镇', '百安路（方泰镇）6号');
UPDATE `loan_customer` SET `created_at` = '2022-01-03 12:16:38.206549', `updated_at` = '2022-01-03 22:52:19.795116', `name` = '余旁', `id_number` = '240278434366125787', `gender` = 'f', `birthday` = '1998-12-31', `address_id` = 9346, `job_id` = 1925, `salary` = 26000 WHERE `loan_customer`.`id` = 5808;
INSERT INTO `loan_customer` (`id`, `created_at`, `updated_at`, `name`, `id_number`, `gender`, `birthday`, `address_id`, `job_id`, `salary`) VALUES (5808, '2022-01-03 12:16:38.206549', '2022-01-03 22:52:19.795116', '余旁', '240278434366125787', 'f', '1998-12-31', 9346, 1925, 26000);
UPDATE `loan_address` SET `created_at` = '2022-01-03 21:38:38.723676', `updated_at` = '2022-01-03 21:38:38.723676', `province` = '四川省', `city` = '绵阳市', `county` = '北川羌族自治县', `town` = '陈家坝镇', `detail` = '保定路东新大厦165号' WHERE `loan_address`.`id` = 9347;
INSERT INTO `loan_address` (`id`, `created_at`, `updated_at`, `province`, `city`, `county`, `town`, `detail`) VALUES (9347, '2022-01-03 21:38:38.723676', '2022-01-03 21:38:38.723676', '四川省', '绵阳市', '北川羌族自治县', '陈家坝镇', '保定路东新大厦165号');
UPDATE `loan_estate` SET `created_at` = '2022-01-03 21:38:38.723676', `updated_at` = '2022-01-03 21:38:38.723676', `customer_id` = 5808, `address_id` = 9347 WHERE `loan_estate`.`id` = 3451;
INSERT INTO `loan_estate` (`id`, `created_at`, `updated_at`, `customer_id`, `address_id`) VALUES (3451, '2022-01-03 21:38:38.723676', '2022-01-03 21:38:38.723676', 5808, 9347);
UPDATE `loan_car` SET `created_at` = '2022-01-03 17:34:02.723771', `updated_at` = '2022-01-03 17:34:02.723771', `customer_id` = 5808, `model_id` = 278, `vin_number` = '128830059573992882', `date_produced` = '2021-05-28', `value_estimated` = 550000 WHERE `loan_car`.`id` = 4671;
INSERT INTO `loan_car` (`id`, `created_at`, `updated_at`, `customer_id`, `model_id`, `vin_number`, `date_produced`, `value_estimated`) VALUES (4671, '2022-01-03 17:34:02.723771', '2022-01-03 17:34:02.723771', 5808, 278, '128830059573992882', '2021-05-28', 550000);
UPDATE `loan_account` SET `created_at` = '2022-01-03 22:57:59.005974', `updated_at` = '2022-01-03 22:57:59.005974', `customer_id` = 5808, `number` = '747191204252984226', `balance` = 87484 WHERE `loan_account`.`id` = 5307;
INSERT INTO `loan_account` (`id`, `created_at`, `updated_at`, `customer_id`, `number`, `balance`) VALUES (5307, '2022-01-03 22:57:59.005974', '2022-01-03 22:57:59.005974', 5808, '747191204252984226', 87484);
UPDATE `loan_address` SET `created_at` = '2022-01-03 06:56:19.405959', `updated_at` = '2022-01-03 06:56:19.405959', `province` = '河北省', `city` = '张家口市', `county` = '蔚县', `town` = '阳眷镇', `detail` = '宝安路5号' WHERE `loan_address`.`id` = 9348;
INSERT INTO `loan_address` (`id`, `created_at`, `updated_at`, `province`, `city`, `county`, `town`, `detail`) VALUES (9348, '2022-01-03 06:56:19.405959', '2022-01-03 06:56:19.405959', '河北省', '张家口市', '蔚县', '阳眷镇', '宝安路5号');
UPDATE `loan_customer` SET `created_at` = '2022-01-03 06:56:19.405959', `updated_at` = '2022-01-03 16:57:30.616623', `name` = '阎友蕊', `id_number` = '000097974530454966', `gender` = 'f', `birthday` = '1981-05-26', `address_id` = 9348, `job_id` = 1925, `salary` = 34000 WHERE `loan_customer`.`id` = 5809;
INSERT INTO `loan_customer` (`id`, `created_at`, `updated_at`, `name`, `id_number`, `gender`, `birthday`, `address_id`, `job_id`, `salary`) VALUES (5809, '2022-01-03 06:56:19.405959', '2022-01-03 16:57:30.616623', '阎友蕊', '000097974530454966', 'f', '1981-05-26', 9348, 1925, 34000);
UPDATE `loan_chattel` SET `created_at` = '2022-01-03 17:43:17.930446', `updated_at` = '2022-01-03 21:16:28.395627', `customer_id` = 5809, `type` = 'bond', `description` = '一些信息', `value_amount` = 30000, `expired_at` = '2019-09-18' WHERE `loan_chattel`.`id` = 1712;
INSERT INTO `loan_chattel` (`id`, `created_at`, `updated_at`, `customer_id`, `type`, `description`, `value_amount`, `expired_at`) VALUES (1712, '2022-01-03 17:43:17.930446', '2022-01-03 21:16:28.395627', 5809, 'bond', '一些信息', 30000, '2019-09-18');
UPDATE `loan_chattel` SET `created_at` = '2022-01-03 09:14:00.717405', `updated_at` = '2022-01-03 09:14:00.717405', `customer_id` = 5809, `type` = 'bond', `description` = '一些信息', `value_amount` = 20000, `expired_at` = '2028-05-09' WHERE `loan_chattel`.`id` = 1713;
INSERT INTO `loan_chattel` (`id`, `created_at`, `updated_at`, `customer_id`, `type`, `description`, `value_amount`, `expired_at`) VALUES (1713, '2022-01-03 09:14:00.717405', '2022-01-03 09:14:00.717405', 5809, 'bond', '一些信息', 20000, '2028-05-09');
UPDATE `loan_account` SET `created_at` = '2022-01-03 16:34:55.818038', `updated_at` = '2022-01-03 16:34:55.818038', `customer_id` = 5809, `number` = '532003280833450651', `balance` = 32369 WHERE `loan_account`.`id` = 5308;
INSERT INTO `loan_account` (`id`, `created_at`, `updated_at`, `customer_id`, `number`, `balance`) VALUES (5308, '2022-01-03 16:34:55.818038', '2022-01-03 16:34:55.818038', 5809, '532003280833450651', 32369);
UPDATE `loan_address` SET `created_at` = '2022-01-03 04:03:08.162910', `updated_at` = '2022-01-03 04:03:08.162910', `province` = '江西省', `city` = '赣州市', `county` = '安远县', `town` = '新龙乡', `detail` = '安远路170号' WHERE `loan_address`.`id` = 9349;
INSERT INTO `loan_address` (`id`, `created_at`, `updated_at`, `province`, `city`, `county`, `town`, `detail`) VALUES (9349, '2022-01-03 04:03:08.162910', '2022-01-03 04:03:08.162910', '江西省', '赣州市', '安远县', '新龙乡', '安远路170号');
UPDATE `loan_customer` SET `created_at` = '2022-01-03 04:03:08.162910', `updated_at` = '2022-01-03 04:46:30.107722', `name` = '曹银', `id_number` = '394163440818975526', `gender` = 'm', `birthday` = '2003-05-10', `address_id` = 9349, `job_id` = 1926, `salary` = 35000 WHERE `loan_customer`.`id` = 5810;
INSERT INTO `loan_customer` (`id`, `created_at`, `updated_at`, `name`, `id_number`, `gender`, `birthday`, `address_id`, `job_id`, `salary`) VALUES (5810, '2022-01-03 04:03:08.162910', '2022-01-03 04:46:30.107722', '曹银', '394163440818975526', 'm', '2003-05-10', 9349, 1926, 35000);
UPDATE `loan_address` SET `created_at` = '2022-01-03 19:23:22.541965', `updated_at` = '2022-01-03 19:23:22.541965', `province` = '贵州省', `city` = '铜仁市', `county` = '碧江区', `town` = '坝黄镇', `detail` = '澳门路博泰新苑180号' WHERE `loan_address`.`id` = 9350;
INSERT INTO `loan_address` (`id`, `created_at`, `updated_at`, `province`, `city`, `county`, `town`, `detail`) VALUES (9350, '2022-01-03 19:23:22.541965', '2022-01-03 19:23:22.541965', '贵州省', '铜仁市', '碧江区', '坝黄镇', '澳门路博泰新苑180号');
UPDATE `loan_estate` SET `created_at` = '2022-01-03 19:23:22.541965', `updated_at` = '2022-01-03 19:23:22.541965', `customer_id` = 5810, `address_id` = 9350 WHERE `loan_estate`.`id` = 3452;
INSERT INTO `loan_estate` (`id`, `created_at`, `updated_at`, `customer_id`, `address_id`) VALUES (3452, '2022-01-03 19:23:22.541965', '2022-01-03 19:23:22.541965', 5810, 9350);
UPDATE `loan_car` SET `created_at` = '2022-01-03 22:54:39.713524', `updated_at` = '2022-01-03 23:03:46.680718', `customer_id` = 5810, `model_id` = 119, `vin_number` = '277932880026930969', `date_produced` = '2021-06-30', `value_estimated` = 310000 WHERE `loan_car`.`id` = 4672;
INSERT INTO `loan_car` (`id`, `created_at`, `updated_at`, `customer_id`, `model_id`, `vin_number`, `date_produced`, `value_estimated`) VALUES (4672, '2022-01-03 22:54:39.713524', '2022-01-03 23:03:46.680718', 5810, 119, '277932880026930969', '2021-06-30', 310000);
UPDATE `loan_account` SET `created_at` = '2022-01-03 21:40:02.193149', `updated_at` = '2022-01-03 21:40:02.193149', `customer_id` = 5810, `number` = '169739242724372474', `balance` = 90781 WHERE `loan_account`.`id` = 5309;
INSERT INTO `loan_account` (`id`, `created_at`, `updated_at`, `customer_id`, `number`, `balance`) VALUES (5309, '2022-01-03 21:40:02.193149', '2022-01-03 21:40:02.193149', 5810, '169739242724372474', 90781);
UPDATE `loan_address` SET `created_at` = '2022-01-03 16:28:47.424304', `updated_at` = '2022-01-03 16:28:47.424304', `province` = '天津市', `city` = '市辖区', `county` = '西青区', `town` = '中北镇', `detail` = '安图路溢盈河畔别墅180号' WHERE `loan_address`.`id` = 9351;
INSERT INTO `loan_address` (`id`, `created_at`, `updated_at`, `province`, `city`, `county`, `town`, `detail`) VALUES (9351, '2022-01-03 16:28:47.424304', '2022-01-03 16:28:47.424304', '天津市', '市辖区', '西青区', '中北镇', '安图路溢盈河畔别墅180号');
UPDATE `loan_customer` SET `created_at` = '2022-01-03 16:28:47.424304', `updated_at` = '2022-01-03 22:05:01.080681', `name` = '黎鸣', `id_number` = '870430960802947154', `gender` = 'm', `birthday` = '1982-12-19', `address_id` = 9351, `job_id` = 1926, `salary` = 28000 WHERE `loan_customer`.`id` = 5811;
INSERT INTO `loan_customer` (`id`, `created_at`, `updated_at`, `name`, `id_number`, `gender`, `birthday`, `address_id`, `job_id`, `salary`) VALUES (5811, '2022-01-03 16:28:47.424304', '2022-01-03 22:05:01.080681', '黎鸣', '870430960802947154', 'm', '1982-12-19', 9351, 1926, 28000);
UPDATE `loan_car` SET `created_at` = '2022-01-03 23:27:42.403539', `updated_at` = '2022-01-03 23:27:42.403539', `customer_id` = 5811, `model_id` = 135, `vin_number` = '232553977996208622', `date_produced` = '2011-01-21', `value_estimated` = 180000 WHERE `loan_car`.`id` = 4673;
INSERT INTO `loan_car` (`id`, `created_at`, `updated_at`, `customer_id`, `model_id`, `vin_number`, `date_produced`, `value_estimated`) VALUES (4673, '2022-01-03 23:27:42.403539', '2022-01-03 23:27:42.403539', 5811, 135, '232553977996208622', '2011-01-21', 180000);
UPDATE `loan_account` SET `created_at` = '2022-01-03 23:18:05.092100', `updated_at` = '2022-01-03 23:45:45.293772', `customer_id` = 5811, `number` = '933576244217905269', `balance` = 112484 WHERE `loan_account`.`id` = 5310;
INSERT INTO `loan_account` (`id`, `created_at`, `updated_at`, `customer_id`, `number`, `balance`) VALUES (5310, '2022-01-03 23:18:05.092100', '2022-01-03 23:45:45.293772', 5811, '933576244217905269', 112484);
UPDATE `loan_address` SET `created_at` = '2022-01-03 18:03:37.840167', `updated_at` = '2022-01-03 18:03:37.840167', `province` = '安徽省', `city` = '六安市', `county` = '霍山县', `town` = '高桥湾现代产业园', `detail` = '安龙路182号' WHERE `loan_address`.`id` = 9352;
INSERT INTO `loan_address` (`id`, `created_at`, `updated_at`, `province`, `city`, `county`, `town`, `detail`) VALUES (9352, '2022-01-03 18:03:37.840167', '2022-01-03 18:03:37.840167', '安徽省', '六安市', '霍山县', '高桥湾现代产业园', '安龙路182号');
UPDATE `loan_customer` SET `created_at` = '2022-01-03 18:03:37.840167', `updated_at` = '2022-01-03 18:03:37.840167', `name` = '钱乐巧', `id_number` = '577234013826335989', `gender` = 'f', `birthday` = '2009-06-28', `address_id` = 9352, `job_id` = 1927, `salary` = 16000 WHERE `loan_customer`.`id` = 5812;
INSERT INTO `loan_customer` (`id`, `created_at`, `updated_at`, `name`, `id_number`, `gender`, `birthday`, `address_id`, `job_id`, `salary`) VALUES (5812, '2022-01-03 18:03:37.840167', '2022-01-03 18:03:37.840167', '钱乐巧', '577234013826335989', 'f', '2009-06-28', 9352, 1927, 16000);
UPDATE `loan_address` SET `created_at` = '2022-01-03 18:57:36.272724', `updated_at` = '2022-01-03 18:57:36.272724', `province` = '贵州省', `city` = '铜仁市', `county` = '碧江区', `town` = '坝黄镇', `detail` = '宝山路98号' WHERE `loan_address`.`id` = 9353;
INSERT INTO `loan_address` (`id`, `created_at`, `updated_at`, `province`, `city`, `county`, `town`, `detail`) VALUES (9353, '2022-01-03 18:57:36.272724', '2022-01-03 18:57:36.272724', '贵州省', '铜仁市', '碧江区', '坝黄镇', '宝山路98号');
UPDATE `loan_estate` SET `created_at` = '2022-01-03 18:57:36.272724', `updated_at` = '2022-01-03 18:57:36.272724', `customer_id` = 5812, `address_id` = 9353 WHERE `loan_estate`.`id` = 3453;
INSERT INTO `loan_estate` (`id`, `created_at`, `updated_at`, `customer_id`, `address_id`) VALUES (3453, '2022-01-03 18:57:36.272724', '2022-01-03 18:57:36.272724', 5812, 9353);
UPDATE `loan_car` SET `created_at` = '2022-01-03 22:19:22.487972', `updated_at` = '2022-01-03 22:19:22.487972', `customer_id` = 5812, `model_id` = 148, `vin_number` = '040055878321281767', `date_produced` = '2014-10-07', `value_estimated` = 210000 WHERE `loan_car`.`id` = 4674;
INSERT INTO `loan_car` (`id`, `created_at`, `updated_at`, `customer_id`, `model_id`, `vin_number`, `date_produced`, `value_estimated`) VALUES (4674, '2022-01-03 22:19:22.487972', '2022-01-03 22:19:22.487972', 5812, 148, '040055878321281767', '2014-10-07', 210000);
UPDATE `loan_account` SET `created_at` = '2022-01-03 20:06:04.174257', `updated_at` = '2022-01-03 21:55:41.992742', `customer_id` = 5812, `number` = '795952121975007243', `balance` = 80832 WHERE `loan_account`.`id` = 5311;
INSERT INTO `loan_account` (`id`, `created_at`, `updated_at`, `customer_id`, `number`, `balance`) VALUES (5311, '2022-01-03 20:06:04.174257', '2022-01-03 21:55:41.992742', 5812, '795952121975007243', 80832);
UPDATE `loan_address` SET `created_at` = '2022-01-03 00:57:54.028255', `updated_at` = '2022-01-03 00:57:54.028255', `province` = '四川省', `city` = '绵阳市', `county` = '北川羌族自治县', `town` = '陈家坝镇', `detail` = '白城南路和亭佳苑10号' WHERE `loan_address`.`id` = 9354;
INSERT INTO `loan_address` (`id`, `created_at`, `updated_at`, `province`, `city`, `county`, `town`, `detail`) VALUES (9354, '2022-01-03 00:57:54.028255', '2022-01-03 00:57:54.028255', '四川省', '绵阳市', '北川羌族自治县', '陈家坝镇', '白城南路和亭佳苑10号');
UPDATE `loan_customer` SET `created_at` = '2022-01-03 00:57:54.028255', `updated_at` = '2022-01-03 22:28:48.274938', `name` = '吕沁', `id_number` = '094732038309549809', `gender` = 'm', `birthday` = '2007-11-01', `address_id` = 9354, `job_id` = 1927, `salary` = 61000 WHERE `loan_customer`.`id` = 5813;
INSERT INTO `loan_customer` (`id`, `created_at`, `updated_at`, `name`, `id_number`, `gender`, `birthday`, `address_id`, `job_id`, `salary`) VALUES (5813, '2022-01-03 00:57:54.028255', '2022-01-03 22:28:48.274938', '吕沁', '094732038309549809', 'm', '2007-11-01', 9354, 1927, 61000);
UPDATE `loan_chattel` SET `created_at` = '2022-01-03 09:06:27.492808', `updated_at` = '2022-01-03 09:06:27.492808', `customer_id` = 5813, `type` = 'deposit', `description` = '一些信息', `value_amount` = 540000, `expired_at` = '2029-10-07' WHERE `loan_chattel`.`id` = 1714;
INSERT INTO `loan_chattel` (`id`, `created_at`, `updated_at`, `customer_id`, `type`, `description`, `value_amount`, `expired_at`) VALUES (1714, '2022-01-03 09:06:27.492808', '2022-01-03 09:06:27.492808', 5813, 'deposit', '一些信息', 540000, '2029-10-07');
UPDATE `loan_address` SET `created_at` = '2022-01-03 09:10:32.675179', `updated_at` = '2022-01-03 09:10:32.675179', `province` = '北京市', `city` = '市辖区', `county` = '房山区', `town` = '东风街道办事处', `detail` = '安图路33号' WHERE `loan_address`.`id` = 9355;
INSERT INTO `loan_address` (`id`, `created_at`, `updated_at`, `province`, `city`, `county`, `town`, `detail`) VALUES (9355, '2022-01-03 09:10:32.675179', '2022-01-03 09:10:32.675179', '北京市', '市辖区', '房山区', '东风街道办事处', '安图路33号');
UPDATE `loan_estate` SET `created_at` = '2022-01-03 09:10:32.675179', `updated_at` = '2022-01-03 09:10:32.675179', `customer_id` = 5813, `address_id` = 9355 WHERE `loan_estate`.`id` = 3454;
INSERT INTO `loan_estate` (`id`, `created_at`, `updated_at`, `customer_id`, `address_id`) VALUES (3454, '2022-01-03 09:10:32.675179', '2022-01-03 09:10:32.675179', 5813, 9355);
UPDATE `loan_car` SET `created_at` = '2022-01-03 03:44:45.873891', `updated_at` = '2022-01-03 11:17:04.354959', `customer_id` = 5813, `model_id` = 89, `vin_number` = '248216009899963380', `date_produced` = '2018-08-07', `value_estimated` = 630000 WHERE `loan_car`.`id` = 4675;
INSERT INTO `loan_car` (`id`, `created_at`, `updated_at`, `customer_id`, `model_id`, `vin_number`, `date_produced`, `value_estimated`) VALUES (4675, '2022-01-03 03:44:45.873891', '2022-01-03 11:17:04.354959', 5813, 89, '248216009899963380', '2018-08-07', 630000);
UPDATE `loan_car` SET `created_at` = '2022-01-03 21:36:56.935773', `updated_at` = '2022-01-03 21:36:56.935773', `customer_id` = 5813, `model_id` = 158, `vin_number` = '852095084788878744', `date_produced` = '2015-03-16', `value_estimated` = 100000 WHERE `loan_car`.`id` = 4676;
INSERT INTO `loan_car` (`id`, `created_at`, `updated_at`, `customer_id`, `model_id`, `vin_number`, `date_produced`, `value_estimated`) VALUES (4676, '2022-01-03 21:36:56.935773', '2022-01-03 21:36:56.935773', 5813, 158, '852095084788878744', '2015-03-16', 100000);
UPDATE `loan_address` SET `created_at` = '2022-01-03 13:17:48.854138', `updated_at` = '2022-01-03 13:17:48.854138', `province` = '陕西省', `city` = '汉中市', `county` = '洋县', `town` = '槐树关镇', `detail` = '半淞园路真新六街坊147号' WHERE `loan_address`.`id` = 9356;
INSERT INTO `loan_address` (`id`, `created_at`, `updated_at`, `province`, `city`, `county`, `town`, `detail`) VALUES (9356, '2022-01-03 13:17:48.854138', '2022-01-03 13:17:48.854138', '陕西省', '汉中市', '洋县', '槐树关镇', '半淞园路真新六街坊147号');
UPDATE `loan_customer` SET `created_at` = '2022-01-03 13:17:48.854138', `updated_at` = '2022-01-03 13:17:48.854138', `name` = '邵寻云', `id_number` = '524933394780416442', `gender` = 'f', `birthday` = '1987-09-01', `address_id` = 9356, `job_id` = 1928, `salary` = 25000 WHERE `loan_customer`.`id` = 5814;
INSERT INTO `loan_customer` (`id`, `created_at`, `updated_at`, `name`, `id_number`, `gender`, `birthday`, `address_id`, `job_id`, `salary`) VALUES (5814, '2022-01-03 13:17:48.854138', '2022-01-03 13:17:48.854138', '邵寻云', '524933394780416442', 'f', '1987-09-01', 9356, 1928, 25000);
UPDATE `loan_address` SET `created_at` = '2022-01-03 19:31:09.597324', `updated_at` = '2022-01-03 19:31:09.597324', `province` = '湖北省', `city` = '黄石市', `county` = '阳新县', `town` = '黄颡口镇', `detail` = '安澜路54号' WHERE `loan_address`.`id` = 9357;
INSERT INTO `loan_address` (`id`, `created_at`, `updated_at`, `province`, `city`, `county`, `town`, `detail`) VALUES (9357, '2022-01-03 19:31:09.597324', '2022-01-03 19:31:09.597324', '湖北省', '黄石市', '阳新县', '黄颡口镇', '安澜路54号');
UPDATE `loan_estate` SET `created_at` = '2022-01-03 19:31:09.597324', `updated_at` = '2022-01-03 19:31:09.597324', `customer_id` = 5814, `address_id` = 9357 WHERE `loan_estate`.`id` = 3455;
INSERT INTO `loan_estate` (`id`, `created_at`, `updated_at`, `customer_id`, `address_id`) VALUES (3455, '2022-01-03 19:31:09.597324', '2022-01-03 19:31:09.597324', 5814, 9357);
UPDATE `loan_account` SET `created_at` = '2022-01-03 22:59:46.372166', `updated_at` = '2022-01-03 23:33:39.352728', `customer_id` = 5814, `number` = '425354885788672347', `balance` = 63968 WHERE `loan_account`.`id` = 5312;
INSERT INTO `loan_account` (`id`, `created_at`, `updated_at`, `customer_id`, `number`, `balance`) VALUES (5312, '2022-01-03 22:59:46.372166', '2022-01-03 23:33:39.352728', 5814, '425354885788672347', 63968);
UPDATE `loan_address` SET `created_at` = '2022-01-03 07:35:02.892005', `updated_at` = '2022-01-03 07:35:02.892005', `province` = '福建省', `city` = '厦门市', `county` = '同安区', `town` = '祥平街道', `detail` = '宝联路博泰新苑122号' WHERE `loan_address`.`id` = 9358;
INSERT INTO `loan_address` (`id`, `created_at`, `updated_at`, `province`, `city`, `county`, `town`, `detail`) VALUES (9358, '2022-01-03 07:35:02.892005', '2022-01-03 07:35:02.892005', '福建省', '厦门市', '同安区', '祥平街道', '宝联路博泰新苑122号');
UPDATE `loan_customer` SET `created_at` = '2022-01-03 07:35:02.892005', `updated_at` = '2022-01-03 07:35:02.892005', `name` = '高闲丽', `id_number` = '012685388095209839', `gender` = 'f', `birthday` = '1992-10-03', `address_id` = 9358, `job_id` = 1928, `salary` = 21000 WHERE `loan_customer`.`id` = 5815;
INSERT INTO `loan_customer` (`id`, `created_at`, `updated_at`, `name`, `id_number`, `gender`, `birthday`, `address_id`, `job_id`, `salary`) VALUES (5815, '2022-01-03 07:35:02.892005', '2022-01-03 07:35:02.892005', '高闲丽', '012685388095209839', 'f', '1992-10-03', 9358, 1928, 21000);
UPDATE `loan_car` SET `created_at` = '2022-01-03 09:28:55.633336', `updated_at` = '2022-01-03 09:28:55.633336', `customer_id` = 5815, `model_id` = 153, `vin_number` = '289051146694927106', `date_produced` = '2015-10-01', `value_estimated` = 80000 WHERE `loan_car`.`id` = 4677;
INSERT INTO `loan_car` (`id`, `created_at`, `updated_at`, `customer_id`, `model_id`, `vin_number`, `date_produced`, `value_estimated`) VALUES (4677, '2022-01-03 09:28:55.633336', '2022-01-03 09:28:55.633336', 5815, 153, '289051146694927106', '2015-10-01', 80000);
UPDATE `loan_account` SET `created_at` = '2022-01-03 22:13:37.435666', `updated_at` = '2022-01-03 23:46:48.664907', `customer_id` = 5815, `number` = '111416363336988429', `balance` = 29420 WHERE `loan_account`.`id` = 5313;
INSERT INTO `loan_account` (`id`, `created_at`, `updated_at`, `customer_id`, `number`, `balance`) VALUES (5313, '2022-01-03 22:13:37.435666', '2022-01-03 23:46:48.664907', 5815, '111416363336988429', 29420);
UPDATE `loan_address` SET `created_at` = '2022-01-03 17:36:04.125162', `updated_at` = '2022-01-03 17:36:04.125162', `province` = '湖北省', `city` = '黄石市', `county` = '阳新县', `town` = '黄颡口镇', `detail` = '保定路52号' WHERE `loan_address`.`id` = 9359;
INSERT INTO `loan_address` (`id`, `created_at`, `updated_at`, `province`, `city`, `county`, `town`, `detail`) VALUES (9359, '2022-01-03 17:36:04.125162', '2022-01-03 17:36:04.125162', '湖北省', '黄石市', '阳新县', '黄颡口镇', '保定路52号');
UPDATE `loan_customer` SET `created_at` = '2022-01-03 17:36:04.125162', `updated_at` = '2022-01-03 17:36:04.125162', `name` = '龚毓', `id_number` = '472869218886855667', `gender` = 'f', `birthday` = '1987-01-25', `address_id` = 9359, `job_id` = 1929, `salary` = 25000 WHERE `loan_customer`.`id` = 5816;
INSERT INTO `loan_customer` (`id`, `created_at`, `updated_at`, `name`, `id_number`, `gender`, `birthday`, `address_id`, `job_id`, `salary`) VALUES (5816, '2022-01-03 17:36:04.125162', '2022-01-03 17:36:04.125162', '龚毓', '472869218886855667', 'f', '1987-01-25', 9359, 1929, 25000);
UPDATE `loan_account` SET `created_at` = '2022-01-03 19:55:13.091154', `updated_at` = '2022-01-03 19:55:13.091154', `customer_id` = 5816, `number` = '379756198553251511', `balance` = 78946 WHERE `loan_account`.`id` = 5314;
INSERT INTO `loan_account` (`id`, `created_at`, `updated_at`, `customer_id`, `number`, `balance`) VALUES (5314, '2022-01-03 19:55:13.091154', '2022-01-03 19:55:13.091154', 5816, '379756198553251511', 78946);
UPDATE `loan_address` SET `created_at` = '2022-01-03 06:08:00.070374', `updated_at` = '2022-01-03 06:08:00.070374', `province` = '河南省', `city` = '濮阳市', `county` = '清丰县', `town` = '双庙乡', `detail` = '宝昌路77号' WHERE `loan_address`.`id` = 9360;
INSERT INTO `loan_address` (`id`, `created_at`, `updated_at`, `province`, `city`, `county`, `town`, `detail`) VALUES (9360, '2022-01-03 06:08:00.070374', '2022-01-03 06:08:00.070374', '河南省', '濮阳市', '清丰县', '双庙乡', '宝昌路77号');
UPDATE `loan_customer` SET `created_at` = '2022-01-03 06:08:00.070374', `updated_at` = '2022-01-03 18:37:59.097279', `name` = '段昱瑛', `id_number` = '348719863625693660', `gender` = 'f', `birthday` = '2009-12-01', `address_id` = 9360, `job_id` = 1929, `salary` = 31000 WHERE `loan_customer`.`id` = 5817;
INSERT INTO `loan_customer` (`id`, `created_at`, `updated_at`, `name`, `id_number`, `gender`, `birthday`, `address_id`, `job_id`, `salary`) VALUES (5817, '2022-01-03 06:08:00.070374', '2022-01-03 18:37:59.097279', '段昱瑛', '348719863625693660', 'f', '2009-12-01', 9360, 1929, 31000);
UPDATE `loan_car` SET `created_at` = '2022-01-03 14:24:43.032712', `updated_at` = '2022-01-03 17:38:20.690057', `customer_id` = 5817, `model_id` = 297, `vin_number` = '015859258532935083', `date_produced` = '2013-04-08', `value_estimated` = 120000 WHERE `loan_car`.`id` = 4678;
INSERT INTO `loan_car` (`id`, `created_at`, `updated_at`, `customer_id`, `model_id`, `vin_number`, `date_produced`, `value_estimated`) VALUES (4678, '2022-01-03 14:24:43.032712', '2022-01-03 17:38:20.690057', 5817, 297, '015859258532935083', '2013-04-08', 120000);
UPDATE `loan_car` SET `created_at` = '2022-01-03 14:22:10.301211', `updated_at` = '2022-01-03 14:22:10.301211', `customer_id` = 5817, `model_id` = 15, `vin_number` = '890517292101437902', `date_produced` = '2018-12-10', `value_estimated` = 110000 WHERE `loan_car`.`id` = 4679;
INSERT INTO `loan_car` (`id`, `created_at`, `updated_at`, `customer_id`, `model_id`, `vin_number`, `date_produced`, `value_estimated`) VALUES (4679, '2022-01-03 14:22:10.301211', '2022-01-03 14:22:10.301211', 5817, 15, '890517292101437902', '2018-12-10', 110000);
UPDATE `loan_account` SET `created_at` = '2022-01-03 10:45:59.261071', `updated_at` = '2022-01-03 10:45:59.261071', `customer_id` = 5817, `number` = '991901392094185324', `balance` = 79670 WHERE `loan_account`.`id` = 5315;
INSERT INTO `loan_account` (`id`, `created_at`, `updated_at`, `customer_id`, `number`, `balance`) VALUES (5315, '2022-01-03 10:45:59.261071', '2022-01-03 10:45:59.261071', 5817, '991901392094185324', 79670);
UPDATE `loan_address` SET `created_at` = '2022-01-03 15:50:23.669266', `updated_at` = '2022-01-03 15:50:23.669266', `province` = '贵州省', `city` = '铜仁市', `county` = '碧江区', `town` = '坝黄镇', `detail` = '安边路住友嘉馨名园83号' WHERE `loan_address`.`id` = 9361;
INSERT INTO `loan_address` (`id`, `created_at`, `updated_at`, `province`, `city`, `county`, `town`, `detail`) VALUES (9361, '2022-01-03 15:50:23.669266', '2022-01-03 15:50:23.669266', '贵州省', '铜仁市', '碧江区', '坝黄镇', '安边路住友嘉馨名园83号');
UPDATE `loan_customer` SET `created_at` = '2022-01-03 15:50:23.669266', `updated_at` = '2022-01-03 15:50:23.669266', `name` = '梁建茗', `id_number` = '578164349566173730', `gender` = 'm', `birthday` = '1993-10-17', `address_id` = 9361, `job_id` = 1929, `salary` = 8000 WHERE `loan_customer`.`id` = 5818;
INSERT INTO `loan_customer` (`id`, `created_at`, `updated_at`, `name`, `id_number`, `gender`, `birthday`, `address_id`, `job_id`, `salary`) VALUES (5818, '2022-01-03 15:50:23.669266', '2022-01-03 15:50:23.669266', '梁建茗', '578164349566173730', 'm', '1993-10-17', 9361, 1929, 8000);
UPDATE `loan_address` SET `created_at` = '2022-01-03 16:41:24.207700', `updated_at` = '2022-01-03 16:41:24.207700', `province` = '青海省', `city` = '海西蒙古族藏族自治州', `county` = '天峻县', `town` = '新源镇', `detail` = '保屯路92号' WHERE `loan_address`.`id` = 9362;
INSERT INTO `loan_address` (`id`, `created_at`, `updated_at`, `province`, `city`, `county`, `town`, `detail`) VALUES (9362, '2022-01-03 16:41:24.207700', '2022-01-03 16:41:24.207700', '青海省', '海西蒙古族藏族自治州', '天峻县', '新源镇', '保屯路92号');
UPDATE `loan_estate` SET `created_at` = '2022-01-03 16:41:24.207700', `updated_at` = '2022-01-03 16:41:24.207700', `customer_id` = 5818, `address_id` = 9362 WHERE `loan_estate`.`id` = 3456;
INSERT INTO `loan_estate` (`id`, `created_at`, `updated_at`, `customer_id`, `address_id`) VALUES (3456, '2022-01-03 16:41:24.207700', '2022-01-03 16:41:24.207700', 5818, 9362);
UPDATE `loan_account` SET `created_at` = '2022-01-03 19:09:19.698339', `updated_at` = '2022-01-03 21:44:15.328585', `customer_id` = 5818, `number` = '084463362712251790', `balance` = 42080 WHERE `loan_account`.`id` = 5316;
INSERT INTO `loan_account` (`id`, `created_at`, `updated_at`, `customer_id`, `number`, `balance`) VALUES (5316, '2022-01-03 19:09:19.698339', '2022-01-03 21:44:15.328585', 5818, '084463362712251790', 42080);
UPDATE `loan_address` SET `created_at` = '2022-01-03 17:55:27.819824', `updated_at` = '2022-01-03 17:55:27.819824', `province` = '河南省', `city` = '商丘市', `county` = '永城市', `town` = '条河乡', `detail` = '白城路177号' WHERE `loan_address`.`id` = 9363;
INSERT INTO `loan_address` (`id`, `created_at`, `updated_at`, `province`, `city`, `county`, `town`, `detail`) VALUES (9363, '2022-01-03 17:55:27.819824', '2022-01-03 17:55:27.819824', '河南省', '商丘市', '永城市', '条河乡', '白城路177号');
UPDATE `loan_customer` SET `created_at` = '2022-01-03 17:55:27.819824', `updated_at` = '2022-01-03 17:55:27.819824', `name` = '方卓', `id_number` = '207241640262590715', `gender` = 'f', `birthday` = '2005-10-31', `address_id` = 9363, `job_id` = 1929, `salary` = 61000 WHERE `loan_customer`.`id` = 5819;
INSERT INTO `loan_customer` (`id`, `created_at`, `updated_at`, `name`, `id_number`, `gender`, `birthday`, `address_id`, `job_id`, `salary`) VALUES (5819, '2022-01-03 17:55:27.819824', '2022-01-03 17:55:27.819824', '方卓', '207241640262590715', 'f', '2005-10-31', 9363, 1929, 61000);
UPDATE `loan_address` SET `created_at` = '2022-01-03 22:03:53.691294', `updated_at` = '2022-01-03 22:03:53.691294', `province` = '安徽省', `city` = '阜阳市', `county` = '太和县', `town` = '五星镇', `detail` = '白渡路溢盈河畔别墅182号' WHERE `loan_address`.`id` = 9364;
INSERT INTO `loan_address` (`id`, `created_at`, `updated_at`, `province`, `city`, `county`, `town`, `detail`) VALUES (9364, '2022-01-03 22:03:53.691294', '2022-01-03 22:03:53.691294', '安徽省', '阜阳市', '太和县', '五星镇', '白渡路溢盈河畔别墅182号');
UPDATE `loan_estate` SET `created_at` = '2022-01-03 22:03:53.691294', `updated_at` = '2022-01-03 22:03:53.691294', `customer_id` = 5819, `address_id` = 9364 WHERE `loan_estate`.`id` = 3457;
INSERT INTO `loan_estate` (`id`, `created_at`, `updated_at`, `customer_id`, `address_id`) VALUES (3457, '2022-01-03 22:03:53.691294', '2022-01-03 22:03:53.691294', 5819, 9364);
UPDATE `loan_car` SET `created_at` = '2022-01-03 19:04:17.469487', `updated_at` = '2022-01-03 19:04:17.469487', `customer_id` = 5819, `model_id` = 47, `vin_number` = '575598431945797145', `date_produced` = '2016-02-07', `value_estimated` = 230000 WHERE `loan_car`.`id` = 4680;
INSERT INTO `loan_car` (`id`, `created_at`, `updated_at`, `customer_id`, `model_id`, `vin_number`, `date_produced`, `value_estimated`) VALUES (4680, '2022-01-03 19:04:17.469487', '2022-01-03 19:04:17.469487', 5819, 47, '575598431945797145', '2016-02-07', 230000);
UPDATE `loan_account` SET `created_at` = '2022-01-03 20:30:37.283784', `updated_at` = '2022-01-03 23:49:43.274662', `customer_id` = 5819, `number` = '425878639113763221', `balance` = 77972 WHERE `loan_account`.`id` = 5317;
INSERT INTO `loan_account` (`id`, `created_at`, `updated_at`, `customer_id`, `number`, `balance`) VALUES (5317, '2022-01-03 20:30:37.283784', '2022-01-03 23:49:43.274662', 5819, '425878639113763221', 77972);
UPDATE `loan_address` SET `created_at` = '2022-01-03 15:07:04.496608', `updated_at` = '2022-01-03 15:07:04.496608', `province` = '河北省', `city` = '秦皇岛市', `county` = '海港区', `town` = '东环路街道办事处', `detail` = '安远路70号' WHERE `loan_address`.`id` = 9365;
INSERT INTO `loan_address` (`id`, `created_at`, `updated_at`, `province`, `city`, `county`, `town`, `detail`) VALUES (9365, '2022-01-03 15:07:04.496608', '2022-01-03 15:07:04.496608', '河北省', '秦皇岛市', '海港区', '东环路街道办事处', '安远路70号');
UPDATE `loan_customer` SET `created_at` = '2022-01-03 15:07:04.496608', `updated_at` = '2022-01-03 23:00:49.635594', `name` = '韩欣彤', `id_number` = '543355872295797372', `gender` = 'm', `birthday` = '1994-03-27', `address_id` = 9365, `job_id` = 1929, `salary` = 6000 WHERE `loan_customer`.`id` = 5820;
INSERT INTO `loan_customer` (`id`, `created_at`, `updated_at`, `name`, `id_number`, `gender`, `birthday`, `address_id`, `job_id`, `salary`) VALUES (5820, '2022-01-03 15:07:04.496608', '2022-01-03 23:00:49.635594', '韩欣彤', '543355872295797372', 'm', '1994-03-27', 9365, 1929, 6000);
UPDATE `loan_car` SET `created_at` = '2022-01-03 23:59:09.305780', `updated_at` = '2022-01-03 23:59:29.247362', `customer_id` = 5820, `model_id` = 65, `vin_number` = '377757200323448983', `date_produced` = '2014-09-01', `value_estimated` = 260000 WHERE `loan_car`.`id` = 4681;
INSERT INTO `loan_car` (`id`, `created_at`, `updated_at`, `customer_id`, `model_id`, `vin_number`, `date_produced`, `value_estimated`) VALUES (4681, '2022-01-03 23:59:09.305780', '2022-01-03 23:59:29.247362', 5820, 65, '377757200323448983', '2014-09-01', 260000);
UPDATE `loan_account` SET `created_at` = '2022-01-03 18:28:20.474818', `updated_at` = '2022-01-03 23:54:15.972551', `customer_id` = 5820, `number` = '766276401702982025', `balance` = 115585 WHERE `loan_account`.`id` = 5318;
INSERT INTO `loan_account` (`id`, `created_at`, `updated_at`, `customer_id`, `number`, `balance`) VALUES (5318, '2022-01-03 18:28:20.474818', '2022-01-03 23:54:15.972551', 5820, '766276401702982025', 115585);
UPDATE `loan_address` SET `created_at` = '2022-01-03 23:31:03.340858', `updated_at` = '2022-01-03 23:31:03.340858', `province` = '四川省', `city` = '攀枝花市', `county` = '仁和区', `town` = '中坝乡', `detail` = '白城路64号' WHERE `loan_address`.`id` = 9366;
INSERT INTO `loan_address` (`id`, `created_at`, `updated_at`, `province`, `city`, `county`, `town`, `detail`) VALUES (9366, '2022-01-03 23:31:03.340858', '2022-01-03 23:31:03.340858', '四川省', '攀枝花市', '仁和区', '中坝乡', '白城路64号');
UPDATE `loan_customer` SET `created_at` = '2022-01-03 23:31:03.340858', `updated_at` = '2022-01-03 23:45:20.575653', `name` = '文盈', `id_number` = '997052369647595479', `gender` = 'f', `birthday` = '2002-03-24', `address_id` = 9366, `job_id` = 1930, `salary` = 4000 WHERE `loan_customer`.`id` = 5821;
INSERT INTO `loan_customer` (`id`, `created_at`, `updated_at`, `name`, `id_number`, `gender`, `birthday`, `address_id`, `job_id`, `salary`) VALUES (5821, '2022-01-03 23:31:03.340858', '2022-01-03 23:45:20.575653', '文盈', '997052369647595479', 'f', '2002-03-24', 9366, 1930, 4000);
UPDATE `loan_account` SET `created_at` = '2022-01-03 23:37:40.898447', `updated_at` = '2022-01-03 23:41:36.409069', `customer_id` = 5821, `number` = '865240594200431188', `balance` = 21523 WHERE `loan_account`.`id` = 5319;
INSERT INTO `loan_account` (`id`, `created_at`, `updated_at`, `customer_id`, `number`, `balance`) VALUES (5319, '2022-01-03 23:37:40.898447', '2022-01-03 23:41:36.409069', 5821, '865240594200431188', 21523);
UPDATE `loan_address` SET `created_at` = '2022-01-03 01:40:11.374778', `updated_at` = '2022-01-03 01:40:11.374778', `province` = '河北省', `city` = '沧州市', `county` = '泊头市', `town` = '河东街道办事处', `detail` = '白渡桥51号' WHERE `loan_address`.`id` = 9367;
INSERT INTO `loan_address` (`id`, `created_at`, `updated_at`, `province`, `city`, `county`, `town`, `detail`) VALUES (9367, '2022-01-03 01:40:11.374778', '2022-01-03 01:40:11.374778', '河北省', '沧州市', '泊头市', '河东街道办事处', '白渡桥51号');
UPDATE `loan_customer` SET `created_at` = '2022-01-03 01:40:11.374778', `updated_at` = '2022-01-03 23:18:06.367662', `name` = '钱高芬', `id_number` = '174573008431814715', `gender` = 'm', `birthday` = '1999-12-04', `address_id` = 9367, `job_id` = 1931, `salary` = 28000 WHERE `loan_customer`.`id` = 5822;
INSERT INTO `loan_customer` (`id`, `created_at`, `updated_at`, `name`, `id_number`, `gender`, `birthday`, `address_id`, `job_id`, `salary`) VALUES (5822, '2022-01-03 01:40:11.374778', '2022-01-03 23:18:06.367662', '钱高芬', '174573008431814715', 'm', '1999-12-04', 9367, 1931, 28000);
UPDATE `loan_address` SET `created_at` = '2022-01-03 11:25:34.551221', `updated_at` = '2022-01-03 11:25:34.551221', `province` = '山西省', `city` = '太原市', `county` = '尖草坪区', `town` = '西焉乡', `detail` = '安德路东新大厦178号' WHERE `loan_address`.`id` = 9368;
INSERT INTO `loan_address` (`id`, `created_at`, `updated_at`, `province`, `city`, `county`, `town`, `detail`) VALUES (9368, '2022-01-03 11:25:34.551221', '2022-01-03 11:25:34.551221', '山西省', '太原市', '尖草坪区', '西焉乡', '安德路东新大厦178号');
UPDATE `loan_estate` SET `created_at` = '2022-01-03 11:25:34.551221', `updated_at` = '2022-01-03 11:25:34.551221', `customer_id` = 5822, `address_id` = 9368 WHERE `loan_estate`.`id` = 3458;
INSERT INTO `loan_estate` (`id`, `created_at`, `updated_at`, `customer_id`, `address_id`) VALUES (3458, '2022-01-03 11:25:34.551221', '2022-01-03 11:25:34.551221', 5822, 9368);
UPDATE `loan_car` SET `created_at` = '2022-01-03 18:12:23.668950', `updated_at` = '2022-01-03 22:53:22.855648', `customer_id` = 5822, `model_id` = 134, `vin_number` = '125412024472833426', `date_produced` = '2012-08-30', `value_estimated` = 150000 WHERE `loan_car`.`id` = 4682;
INSERT INTO `loan_car` (`id`, `created_at`, `updated_at`, `customer_id`, `model_id`, `vin_number`, `date_produced`, `value_estimated`) VALUES (4682, '2022-01-03 18:12:23.668950', '2022-01-03 22:53:22.855648', 5822, 134, '125412024472833426', '2012-08-30', 150000);
UPDATE `loan_account` SET `created_at` = '2022-01-03 11:36:07.805442', `updated_at` = '2022-01-03 11:36:07.805442', `customer_id` = 5822, `number` = '685142536781769457', `balance` = 0 WHERE `loan_account`.`id` = 5320;
INSERT INTO `loan_account` (`id`, `created_at`, `updated_at`, `customer_id`, `number`, `balance`) VALUES (5320, '2022-01-03 11:36:07.805442', '2022-01-03 11:36:07.805442', 5822, '685142536781769457', 0);
UPDATE `loan_address` SET `created_at` = '2022-01-03 01:33:54.788621', `updated_at` = '2022-01-03 01:33:54.788621', `province` = '上海市', `city` = '市辖区', `county` = '松江区', `town` = '永丰街道', `detail` = '安仁路住友嘉馨名园175号' WHERE `loan_address`.`id` = 9369;
INSERT INTO `loan_address` (`id`, `created_at`, `updated_at`, `province`, `city`, `county`, `town`, `detail`) VALUES (9369, '2022-01-03 01:33:54.788621', '2022-01-03 01:33:54.788621', '上海市', '市辖区', '松江区', '永丰街道', '安仁路住友嘉馨名园175号');
UPDATE `loan_customer` SET `created_at` = '2022-01-03 01:33:54.788621', `updated_at` = '2022-01-03 01:33:54.788621', `name` = '吕阳炎', `id_number` = '796658347105090736', `gender` = 'm', `birthday` = '1997-02-19', `address_id` = 9369, `job_id` = 1931, `salary` = 42000 WHERE `loan_customer`.`id` = 5823;
INSERT INTO `loan_customer` (`id`, `created_at`, `updated_at`, `name`, `id_number`, `gender`, `birthday`, `address_id`, `job_id`, `salary`) VALUES (5823, '2022-01-03 01:33:54.788621', '2022-01-03 01:33:54.788621', '吕阳炎', '796658347105090736', 'm', '1997-02-19', 9369, 1931, 42000);
UPDATE `loan_chattel` SET `created_at` = '2022-01-03 15:44:24.687290', `updated_at` = '2022-01-03 15:44:24.687290', `customer_id` = 5823, `type` = 'patent', `description` = '一些信息', `value_amount` = 270000, `expired_at` = '2024-01-16' WHERE `loan_chattel`.`id` = 1715;
INSERT INTO `loan_chattel` (`id`, `created_at`, `updated_at`, `customer_id`, `type`, `description`, `value_amount`, `expired_at`) VALUES (1715, '2022-01-03 15:44:24.687290', '2022-01-03 15:44:24.687290', 5823, 'patent', '一些信息', 270000, '2024-01-16');
UPDATE `loan_address` SET `created_at` = '2022-01-03 11:21:37.552386', `updated_at` = '2022-01-03 11:21:37.552386', `province` = '河北省', `city` = '张家口市', `county` = '蔚县', `town` = '阳眷镇', `detail` = '包头南路198号' WHERE `loan_address`.`id` = 9370;
INSERT INTO `loan_address` (`id`, `created_at`, `updated_at`, `province`, `city`, `county`, `town`, `detail`) VALUES (9370, '2022-01-03 11:21:37.552386', '2022-01-03 11:21:37.552386', '河北省', '张家口市', '蔚县', '阳眷镇', '包头南路198号');
UPDATE `loan_estate` SET `created_at` = '2022-01-03 11:21:37.552386', `updated_at` = '2022-01-03 11:21:37.552386', `customer_id` = 5823, `address_id` = 9370 WHERE `loan_estate`.`id` = 3459;
INSERT INTO `loan_estate` (`id`, `created_at`, `updated_at`, `customer_id`, `address_id`) VALUES (3459, '2022-01-03 11:21:37.552386', '2022-01-03 11:21:37.552386', 5823, 9370);
UPDATE `loan_address` SET `created_at` = '2022-01-03 08:06:34.805312', `updated_at` = '2022-01-03 08:06:34.805312', `province` = '天津市', `city` = '市辖区', `county` = '西青区', `town` = '中北镇', `detail` = '白城南路耀江花园5号' WHERE `loan_address`.`id` = 9371;
INSERT INTO `loan_address` (`id`, `created_at`, `updated_at`, `province`, `city`, `county`, `town`, `detail`) VALUES (9371, '2022-01-03 08:06:34.805312', '2022-01-03 08:06:34.805312', '天津市', '市辖区', '西青区', '中北镇', '白城南路耀江花园5号');
UPDATE `loan_estate` SET `created_at` = '2022-01-03 08:06:34.805312', `updated_at` = '2022-01-03 08:06:34.805312', `customer_id` = 5823, `address_id` = 9371 WHERE `loan_estate`.`id` = 3460;
INSERT INTO `loan_estate` (`id`, `created_at`, `updated_at`, `customer_id`, `address_id`) VALUES (3460, '2022-01-03 08:06:34.805312', '2022-01-03 08:06:34.805312', 5823, 9371);
UPDATE `loan_car` SET `created_at` = '2022-01-03 13:55:46.389084', `updated_at` = '2022-01-03 16:51:19.509265', `customer_id` = 5823, `model_id` = 95, `vin_number` = '241068219957506496', `date_produced` = '2019-06-13', `value_estimated` = 60000 WHERE `loan_car`.`id` = 4683;
INSERT INTO `loan_car` (`id`, `created_at`, `updated_at`, `customer_id`, `model_id`, `vin_number`, `date_produced`, `value_estimated`) VALUES (4683, '2022-01-03 13:55:46.389084', '2022-01-03 16:51:19.509265', 5823, 95, '241068219957506496', '2019-06-13', 60000);
UPDATE `loan_car` SET `created_at` = '2022-01-03 22:38:10.544384', `updated_at` = '2022-01-03 22:38:10.544384', `customer_id` = 5823, `model_id` = 299, `vin_number` = '871204851859625535', `date_produced` = '2019-03-28', `value_estimated` = 460000 WHERE `loan_car`.`id` = 4684;
INSERT INTO `loan_car` (`id`, `created_at`, `updated_at`, `customer_id`, `model_id`, `vin_number`, `date_produced`, `value_estimated`) VALUES (4684, '2022-01-03 22:38:10.544384', '2022-01-03 22:38:10.544384', 5823, 299, '871204851859625535', '2019-03-28', 460000);
UPDATE `loan_address` SET `created_at` = '2022-01-03 11:18:02.912100', `updated_at` = '2022-01-03 11:18:02.912100', `province` = '广东省', `city` = '广州市', `county` = '花都区', `town` = '梯面镇', `detail` = '安顺路52号' WHERE `loan_address`.`id` = 9372;
INSERT INTO `loan_address` (`id`, `created_at`, `updated_at`, `province`, `city`, `county`, `town`, `detail`) VALUES (9372, '2022-01-03 11:18:02.912100', '2022-01-03 11:18:02.912100', '广东省', '广州市', '花都区', '梯面镇', '安顺路52号');
UPDATE `loan_customer` SET `created_at` = '2022-01-03 11:18:02.912100', `updated_at` = '2022-01-03 22:49:20.102267', `name` = '郭雁玉', `id_number` = '918911415816659156', `gender` = 'f', `birthday` = '1997-01-17', `address_id` = 9372, `job_id` = 1932, `salary` = 32000 WHERE `loan_customer`.`id` = 5824;
INSERT INTO `loan_customer` (`id`, `created_at`, `updated_at`, `name`, `id_number`, `gender`, `birthday`, `address_id`, `job_id`, `salary`) VALUES (5824, '2022-01-03 11:18:02.912100', '2022-01-03 22:49:20.102267', '郭雁玉', '918911415816659156', 'f', '1997-01-17', 9372, 1932, 32000);
UPDATE `loan_account` SET `created_at` = '2022-01-03 12:51:26.791477', `updated_at` = '2022-01-03 13:48:41.535388', `customer_id` = 5824, `number` = '272211816717177001', `balance` = 3931 WHERE `loan_account`.`id` = 5321;
INSERT INTO `loan_account` (`id`, `created_at`, `updated_at`, `customer_id`, `number`, `balance`) VALUES (5321, '2022-01-03 12:51:26.791477', '2022-01-03 13:48:41.535388', 5824, '272211816717177001', 3931);
UPDATE `loan_address` SET `created_at` = '2022-01-03 13:24:20.439349', `updated_at` = '2022-01-03 13:24:20.439349', `province` = '福建省', `city` = '龙岩市', `county` = '漳平市', `town` = '菁城街道', `detail` = '白城路165号' WHERE `loan_address`.`id` = 9373;
INSERT INTO `loan_address` (`id`, `created_at`, `updated_at`, `province`, `city`, `county`, `town`, `detail`) VALUES (9373, '2022-01-03 13:24:20.439349', '2022-01-03 13:24:20.439349', '福建省', '龙岩市', '漳平市', '菁城街道', '白城路165号');
UPDATE `loan_customer` SET `created_at` = '2022-01-03 13:24:20.439349', `updated_at` = '2022-01-03 13:24:20.439349', `name` = '郭清逸', `id_number` = '870177937732346479', `gender` = 'f', `birthday` = '1992-05-24', `address_id` = 9373, `job_id` = 1932, `salary` = 20000 WHERE `loan_customer`.`id` = 5825;
INSERT INTO `loan_customer` (`id`, `created_at`, `updated_at`, `name`, `id_number`, `gender`, `birthday`, `address_id`, `job_id`, `salary`) VALUES (5825, '2022-01-03 13:24:20.439349', '2022-01-03 13:24:20.439349', '郭清逸', '870177937732346479', 'f', '1992-05-24', 9373, 1932, 20000);
UPDATE `loan_address` SET `created_at` = '2022-01-03 19:20:43.386487', `updated_at` = '2022-01-03 19:20:43.386487', `province` = '贵州省', `city` = '黔东南苗族侗族自治州', `county` = '施秉县', `town` = '双井镇', `detail` = '安边路161号' WHERE `loan_address`.`id` = 9374;
INSERT INTO `loan_address` (`id`, `created_at`, `updated_at`, `province`, `city`, `county`, `town`, `detail`) VALUES (9374, '2022-01-03 19:20:43.386487', '2022-01-03 19:20:43.386487', '贵州省', '黔东南苗族侗族自治州', '施秉县', '双井镇', '安边路161号');
UPDATE `loan_estate` SET `created_at` = '2022-01-03 19:20:43.386487', `updated_at` = '2022-01-03 19:20:43.386487', `customer_id` = 5825, `address_id` = 9374 WHERE `loan_estate`.`id` = 3461;
INSERT INTO `loan_estate` (`id`, `created_at`, `updated_at`, `customer_id`, `address_id`) VALUES (3461, '2022-01-03 19:20:43.386487', '2022-01-03 19:20:43.386487', 5825, 9374);
UPDATE `loan_car` SET `created_at` = '2022-01-03 15:37:23.773159', `updated_at` = '2022-01-03 22:26:10.313299', `customer_id` = 5825, `model_id` = 109, `vin_number` = '855904159588520396', `date_produced` = '2019-10-01', `value_estimated` = 840000 WHERE `loan_car`.`id` = 4685;
INSERT INTO `loan_car` (`id`, `created_at`, `updated_at`, `customer_id`, `model_id`, `vin_number`, `date_produced`, `value_estimated`) VALUES (4685, '2022-01-03 15:37:23.773159', '2022-01-03 22:26:10.313299', 5825, 109, '855904159588520396', '2019-10-01', 840000);
UPDATE `loan_account` SET `created_at` = '2022-01-03 14:22:52.967287', `updated_at` = '2022-01-03 14:22:52.967287', `customer_id` = 5825, `number` = '792924016703754750', `balance` = 152544 WHERE `loan_account`.`id` = 5322;
INSERT INTO `loan_account` (`id`, `created_at`, `updated_at`, `customer_id`, `number`, `balance`) VALUES (5322, '2022-01-03 14:22:52.967287', '2022-01-03 14:22:52.967287', 5825, '792924016703754750', 152544);
UPDATE `loan_address` SET `created_at` = '2022-01-03 08:47:45.832763', `updated_at` = '2022-01-03 08:47:45.832763', `province` = '河南省', `city` = '濮阳市', `county` = '清丰县', `town` = '双庙乡', `detail` = '保定路真新六街坊128号' WHERE `loan_address`.`id` = 9375;
INSERT INTO `loan_address` (`id`, `created_at`, `updated_at`, `province`, `city`, `county`, `town`, `detail`) VALUES (9375, '2022-01-03 08:47:45.832763', '2022-01-03 08:47:45.832763', '河南省', '濮阳市', '清丰县', '双庙乡', '保定路真新六街坊128号');
UPDATE `loan_customer` SET `created_at` = '2022-01-03 08:47:45.832763', `updated_at` = '2022-01-03 08:47:45.832763', `name` = '任乐童', `id_number` = '321100972003519155', `gender` = 'm', `birthday` = '2001-10-12', `address_id` = 9375, `job_id` = 1932, `salary` = 61000 WHERE `loan_customer`.`id` = 5826;
INSERT INTO `loan_customer` (`id`, `created_at`, `updated_at`, `name`, `id_number`, `gender`, `birthday`, `address_id`, `job_id`, `salary`) VALUES (5826, '2022-01-03 08:47:45.832763', '2022-01-03 08:47:45.832763', '任乐童', '321100972003519155', 'm', '2001-10-12', 9375, 1932, 61000);
UPDATE `loan_address` SET `created_at` = '2022-01-03 13:42:47.012567', `updated_at` = '2022-01-03 13:42:47.012567', `province` = '四川省', `city` = '乐山市', `county` = '夹江县', `town` = '木城镇', `detail` = '安福路135号' WHERE `loan_address`.`id` = 9376;
INSERT INTO `loan_address` (`id`, `created_at`, `updated_at`, `province`, `city`, `county`, `town`, `detail`) VALUES (9376, '2022-01-03 13:42:47.012567', '2022-01-03 13:42:47.012567', '四川省', '乐山市', '夹江县', '木城镇', '安福路135号');
UPDATE `loan_estate` SET `created_at` = '2022-01-03 13:42:47.012567', `updated_at` = '2022-01-03 13:42:47.012567', `customer_id` = 5826, `address_id` = 9376 WHERE `loan_estate`.`id` = 3462;
INSERT INTO `loan_estate` (`id`, `created_at`, `updated_at`, `customer_id`, `address_id`) VALUES (3462, '2022-01-03 13:42:47.012567', '2022-01-03 13:42:47.012567', 5826, 9376);
UPDATE `loan_car` SET `created_at` = '2022-01-03 19:51:20.446685', `updated_at` = '2022-01-03 23:11:48.358816', `customer_id` = 5826, `model_id` = 294, `vin_number` = '584971243883246004', `date_produced` = '2019-11-30', `value_estimated` = 510000 WHERE `loan_car`.`id` = 4686;
INSERT INTO `loan_car` (`id`, `created_at`, `updated_at`, `customer_id`, `model_id`, `vin_number`, `date_produced`, `value_estimated`) VALUES (4686, '2022-01-03 19:51:20.446685', '2022-01-03 23:11:48.358816', 5826, 294, '584971243883246004', '2019-11-30', 510000);
UPDATE `loan_car` SET `created_at` = '2022-01-03 14:33:10.708588', `updated_at` = '2022-01-03 14:33:10.708588', `customer_id` = 5826, `model_id` = 105, `vin_number` = '736277706178848616', `date_produced` = '2020-03-31', `value_estimated` = 170000 WHERE `loan_car`.`id` = 4687;
INSERT INTO `loan_car` (`id`, `created_at`, `updated_at`, `customer_id`, `model_id`, `vin_number`, `date_produced`, `value_estimated`) VALUES (4687, '2022-01-03 14:33:10.708588', '2022-01-03 14:33:10.708588', 5826, 105, '736277706178848616', '2020-03-31', 170000);
UPDATE `loan_account` SET `created_at` = '2022-01-03 18:45:09.965307', `updated_at` = '2022-01-03 18:45:09.965307', `customer_id` = 5826, `number` = '295749290455930049', `balance` = 169636 WHERE `loan_account`.`id` = 5323;
INSERT INTO `loan_account` (`id`, `created_at`, `updated_at`, `customer_id`, `number`, `balance`) VALUES (5323, '2022-01-03 18:45:09.965307', '2022-01-03 18:45:09.965307', 5826, '295749290455930049', 169636);
UPDATE `loan_address` SET `created_at` = '2022-01-03 22:58:10.117222', `updated_at` = '2022-01-03 22:58:10.117222', `province` = '四川省', `city` = '乐山市', `county` = '夹江县', `town` = '木城镇', `detail` = '安远路住友嘉馨名园69号' WHERE `loan_address`.`id` = 9377;
INSERT INTO `loan_address` (`id`, `created_at`, `updated_at`, `province`, `city`, `county`, `town`, `detail`) VALUES (9377, '2022-01-03 22:58:10.117222', '2022-01-03 22:58:10.117222', '四川省', '乐山市', '夹江县', '木城镇', '安远路住友嘉馨名园69号');
UPDATE `loan_customer` SET `created_at` = '2022-01-03 22:58:10.117222', `updated_at` = '2022-01-03 23:54:54.114763', `name` = '郑矢', `id_number` = '003445845334331028', `gender` = 'f', `birthday` = '1992-06-10', `address_id` = 9377, `job_id` = 1932, `salary` = 44000 WHERE `loan_customer`.`id` = 5827;
INSERT INTO `loan_customer` (`id`, `created_at`, `updated_at`, `name`, `id_number`, `gender`, `birthday`, `address_id`, `job_id`, `salary`) VALUES (5827, '2022-01-03 22:58:10.117222', '2022-01-03 23:54:54.114763', '郑矢', '003445845334331028', 'f', '1992-06-10', 9377, 1932, 44000);
UPDATE `loan_chattel` SET `created_at` = '2022-01-03 22:59:32.264190', `updated_at` = '2022-01-03 23:26:46.347645', `customer_id` = 5827, `type` = 'deposit', `description` = '一些信息', `value_amount` = 20000, `expired_at` = '2031-08-03' WHERE `loan_chattel`.`id` = 1716;
INSERT INTO `loan_chattel` (`id`, `created_at`, `updated_at`, `customer_id`, `type`, `description`, `value_amount`, `expired_at`) VALUES (1716, '2022-01-03 22:59:32.264190', '2022-01-03 23:26:46.347645', 5827, 'deposit', '一些信息', 20000, '2031-08-03');
UPDATE `loan_address` SET `created_at` = '2022-01-03 02:25:46.270424', `updated_at` = '2022-01-03 02:25:46.270424', `province` = '青海省', `city` = '海西蒙古族藏族自治州', `county` = '天峻县', `town` = '新源镇', `detail` = '保定路58号' WHERE `loan_address`.`id` = 9378;
INSERT INTO `loan_address` (`id`, `created_at`, `updated_at`, `province`, `city`, `county`, `town`, `detail`) VALUES (9378, '2022-01-03 02:25:46.270424', '2022-01-03 02:25:46.270424', '青海省', '海西蒙古族藏族自治州', '天峻县', '新源镇', '保定路58号');
UPDATE `loan_customer` SET `created_at` = '2022-01-03 02:25:46.270424', `updated_at` = '2022-01-03 13:24:19.582196', `name` = '杨修文', `id_number` = '785129295786756262', `gender` = 'm', `birthday` = '1988-03-22', `address_id` = 9378, `job_id` = 1933, `salary` = 12000 WHERE `loan_customer`.`id` = 5828;
INSERT INTO `loan_customer` (`id`, `created_at`, `updated_at`, `name`, `id_number`, `gender`, `birthday`, `address_id`, `job_id`, `salary`) VALUES (5828, '2022-01-03 02:25:46.270424', '2022-01-03 13:24:19.582196', '杨修文', '785129295786756262', 'm', '1988-03-22', 9378, 1933, 12000);
UPDATE `loan_address` SET `created_at` = '2022-01-03 11:47:49.378135', `updated_at` = '2022-01-03 11:47:49.378135', `province` = '湖北省', `city` = '咸宁市', `county` = '赤壁市', `town` = '沧湖开发区', `detail` = '安图路博泰新苑96号' WHERE `loan_address`.`id` = 9379;
INSERT INTO `loan_address` (`id`, `created_at`, `updated_at`, `province`, `city`, `county`, `town`, `detail`) VALUES (9379, '2022-01-03 11:47:49.378135', '2022-01-03 11:47:49.378135', '湖北省', '咸宁市', '赤壁市', '沧湖开发区', '安图路博泰新苑96号');
UPDATE `loan_estate` SET `created_at` = '2022-01-03 11:47:49.378135', `updated_at` = '2022-01-03 11:47:49.378135', `customer_id` = 5828, `address_id` = 9379 WHERE `loan_estate`.`id` = 3463;
INSERT INTO `loan_estate` (`id`, `created_at`, `updated_at`, `customer_id`, `address_id`) VALUES (3463, '2022-01-03 11:47:49.378135', '2022-01-03 11:47:49.378135', 5828, 9379);
UPDATE `loan_car` SET `created_at` = '2022-01-03 15:06:30.926477', `updated_at` = '2022-01-03 15:06:30.926477', `customer_id` = 5828, `model_id` = 22, `vin_number` = '995125497819759725', `date_produced` = '2011-11-05', `value_estimated` = 450000 WHERE `loan_car`.`id` = 4688;
INSERT INTO `loan_car` (`id`, `created_at`, `updated_at`, `customer_id`, `model_id`, `vin_number`, `date_produced`, `value_estimated`) VALUES (4688, '2022-01-03 15:06:30.926477', '2022-01-03 15:06:30.926477', 5828, 22, '995125497819759725', '2011-11-05', 450000);
UPDATE `loan_car` SET `created_at` = '2022-01-03 13:38:53.666556', `updated_at` = '2022-01-03 13:38:53.666556', `customer_id` = 5828, `model_id` = 205, `vin_number` = '742214575293282767', `date_produced` = '2020-10-27', `value_estimated` = 430000 WHERE `loan_car`.`id` = 4689;
INSERT INTO `loan_car` (`id`, `created_at`, `updated_at`, `customer_id`, `model_id`, `vin_number`, `date_produced`, `value_estimated`) VALUES (4689, '2022-01-03 13:38:53.666556', '2022-01-03 13:38:53.666556', 5828, 205, '742214575293282767', '2020-10-27', 430000);
UPDATE `loan_account` SET `created_at` = '2022-01-03 19:07:14.170759', `updated_at` = '2022-01-03 23:33:17.029851', `customer_id` = 5828, `number` = '414255691987072371', `balance` = 156019 WHERE `loan_account`.`id` = 5324;
INSERT INTO `loan_account` (`id`, `created_at`, `updated_at`, `customer_id`, `number`, `balance`) VALUES (5324, '2022-01-03 19:07:14.170759', '2022-01-03 23:33:17.029851', 5828, '414255691987072371', 156019);
UPDATE `loan_address` SET `created_at` = '2022-01-03 23:42:10.930468', `updated_at` = '2022-01-03 23:42:10.930468', `province` = '湖北省', `city` = '武汉市', `county` = '江夏区', `town` = '安山街道办事处', `detail` = '安龙路136号' WHERE `loan_address`.`id` = 9380;
INSERT INTO `loan_address` (`id`, `created_at`, `updated_at`, `province`, `city`, `county`, `town`, `detail`) VALUES (9380, '2022-01-03 23:42:10.930468', '2022-01-03 23:42:10.930468', '湖北省', '武汉市', '江夏区', '安山街道办事处', '安龙路136号');
UPDATE `loan_customer` SET `created_at` = '2022-01-03 23:42:10.930468', `updated_at` = '2022-01-03 23:42:10.930468', `name` = '马博', `id_number` = '770156070062673131', `gender` = 'f', `birthday` = '1999-04-13', `address_id` = 9380, `job_id` = 1933, `salary` = 5000 WHERE `loan_customer`.`id` = 5829;
INSERT INTO `loan_customer` (`id`, `created_at`, `updated_at`, `name`, `id_number`, `gender`, `birthday`, `address_id`, `job_id`, `salary`) VALUES (5829, '2022-01-03 23:42:10.930468', '2022-01-03 23:42:10.930468', '马博', '770156070062673131', 'f', '1999-04-13', 9380, 1933, 5000);
UPDATE `loan_chattel` SET `created_at` = '2022-01-03 23:45:17.007481', `updated_at` = '2022-01-03 23:45:17.007481', `customer_id` = 5829, `type` = 'receivable', `description` = '一些信息', `value_amount` = 50000, `expired_at` = '2020-11-04' WHERE `loan_chattel`.`id` = 1717;
INSERT INTO `loan_chattel` (`id`, `created_at`, `updated_at`, `customer_id`, `type`, `description`, `value_amount`, `expired_at`) VALUES (1717, '2022-01-03 23:45:17.007481', '2022-01-03 23:45:17.007481', 5829, 'receivable', '一些信息', 50000, '2020-11-04');
UPDATE `loan_chattel` SET `created_at` = '2022-01-03 23:57:39.985533', `updated_at` = '2022-01-03 23:57:39.985533', `customer_id` = 5829, `type` = 'receivable', `description` = '一些信息', `value_amount` = 20000, `expired_at` = '2027-11-21' WHERE `loan_chattel`.`id` = 1718;
INSERT INTO `loan_chattel` (`id`, `created_at`, `updated_at`, `customer_id`, `type`, `description`, `value_amount`, `expired_at`) VALUES (1718, '2022-01-03 23:57:39.985533', '2022-01-03 23:57:39.985533', 5829, 'receivable', '一些信息', 20000, '2027-11-21');
UPDATE `loan_address` SET `created_at` = '2022-01-03 23:58:37.962940', `updated_at` = '2022-01-03 23:58:37.962940', `province` = '湖北省', `city` = '荆门市', `county` = '沙洋县', `town` = '十里铺镇', `detail` = '安仁路54号' WHERE `loan_address`.`id` = 9381;
INSERT INTO `loan_address` (`id`, `created_at`, `updated_at`, `province`, `city`, `county`, `town`, `detail`) VALUES (9381, '2022-01-03 23:58:37.962940', '2022-01-03 23:58:37.962940', '湖北省', '荆门市', '沙洋县', '十里铺镇', '安仁路54号');
UPDATE `loan_estate` SET `created_at` = '2022-01-03 23:58:37.962940', `updated_at` = '2022-01-03 23:58:37.962940', `customer_id` = 5829, `address_id` = 9381 WHERE `loan_estate`.`id` = 3464;
INSERT INTO `loan_estate` (`id`, `created_at`, `updated_at`, `customer_id`, `address_id`) VALUES (3464, '2022-01-03 23:58:37.962940', '2022-01-03 23:58:37.962940', 5829, 9381);
UPDATE `loan_car` SET `created_at` = '2022-01-03 23:54:14.271686', `updated_at` = '2022-01-03 23:58:24.801666', `customer_id` = 5829, `model_id` = 113, `vin_number` = '841128363291695401', `date_produced` = '2015-09-17', `value_estimated` = 690000 WHERE `loan_car`.`id` = 4690;
INSERT INTO `loan_car` (`id`, `created_at`, `updated_at`, `customer_id`, `model_id`, `vin_number`, `date_produced`, `value_estimated`) VALUES (4690, '2022-01-03 23:54:14.271686', '2022-01-03 23:58:24.801666', 5829, 113, '841128363291695401', '2015-09-17', 690000);
UPDATE `loan_address` SET `created_at` = '2022-01-03 15:50:11.994314', `updated_at` = '2022-01-03 15:50:11.994314', `province` = '广西壮族自治区', `city` = '贵港市', `county` = '桂平市', `town` = '麻垌镇', `detail` = '白水路阳光翠竹苑69号' WHERE `loan_address`.`id` = 9382;
INSERT INTO `loan_address` (`id`, `created_at`, `updated_at`, `province`, `city`, `county`, `town`, `detail`) VALUES (9382, '2022-01-03 15:50:11.994314', '2022-01-03 15:50:11.994314', '广西壮族自治区', '贵港市', '桂平市', '麻垌镇', '白水路阳光翠竹苑69号');
UPDATE `loan_customer` SET `created_at` = '2022-01-03 15:50:11.994314', `updated_at` = '2022-01-03 19:34:41.584221', `name` = '乔江', `id_number` = '532688940715130037', `gender` = 'm', `birthday` = '1984-06-03', `address_id` = 9382, `job_id` = 1933, `salary` = 22000 WHERE `loan_customer`.`id` = 5830;
INSERT INTO `loan_customer` (`id`, `created_at`, `updated_at`, `name`, `id_number`, `gender`, `birthday`, `address_id`, `job_id`, `salary`) VALUES (5830, '2022-01-03 15:50:11.994314', '2022-01-03 19:34:41.584221', '乔江', '532688940715130037', 'm', '1984-06-03', 9382, 1933, 22000);
UPDATE `loan_address` SET `created_at` = '2022-01-03 22:54:11.282014', `updated_at` = '2022-01-03 22:54:11.282014', `province` = '四川省', `city` = '凉山彝族自治州', `county` = '布拖县', `town` = '包谷坪乡', `detail` = '鞍山支路真新六街坊97号' WHERE `loan_address`.`id` = 9383;
INSERT INTO `loan_address` (`id`, `created_at`, `updated_at`, `province`, `city`, `county`, `town`, `detail`) VALUES (9383, '2022-01-03 22:54:11.282014', '2022-01-03 22:54:11.282014', '四川省', '凉山彝族自治州', '布拖县', '包谷坪乡', '鞍山支路真新六街坊97号');
UPDATE `loan_estate` SET `created_at` = '2022-01-03 22:54:11.282014', `updated_at` = '2022-01-03 22:54:11.282014', `customer_id` = 5830, `address_id` = 9383 WHERE `loan_estate`.`id` = 3465;
INSERT INTO `loan_estate` (`id`, `created_at`, `updated_at`, `customer_id`, `address_id`) VALUES (3465, '2022-01-03 22:54:11.282014', '2022-01-03 22:54:11.282014', 5830, 9383);
UPDATE `loan_car` SET `created_at` = '2022-01-03 22:55:37.170028', `updated_at` = '2022-01-03 23:36:08.091989', `customer_id` = 5830, `model_id` = 100, `vin_number` = '971391306674457374', `date_produced` = '2011-10-17', `value_estimated` = 40000 WHERE `loan_car`.`id` = 4691;
INSERT INTO `loan_car` (`id`, `created_at`, `updated_at`, `customer_id`, `model_id`, `vin_number`, `date_produced`, `value_estimated`) VALUES (4691, '2022-01-03 22:55:37.170028', '2022-01-03 23:36:08.091989', 5830, 100, '971391306674457374', '2011-10-17', 40000);
UPDATE `loan_address` SET `created_at` = '2022-01-03 12:27:10.285607', `updated_at` = '2022-01-03 12:27:10.285607', `province` = '山东省', `city` = '烟台市', `county` = '莱山区', `town` = '莱山街道办事处', `detail` = '百官街溢盈河畔别墅151号' WHERE `loan_address`.`id` = 9384;
INSERT INTO `loan_address` (`id`, `created_at`, `updated_at`, `province`, `city`, `county`, `town`, `detail`) VALUES (9384, '2022-01-03 12:27:10.285607', '2022-01-03 12:27:10.285607', '山东省', '烟台市', '莱山区', '莱山街道办事处', '百官街溢盈河畔别墅151号');
UPDATE `loan_customer` SET `created_at` = '2022-01-03 12:27:10.285607', `updated_at` = '2022-01-03 17:28:48.366807', `name` = '姜旲', `id_number` = '555855332688592794', `gender` = 'f', `birthday` = '2002-08-03', `address_id` = 9384, `job_id` = 1934, `salary` = 26000 WHERE `loan_customer`.`id` = 5831;
INSERT INTO `loan_customer` (`id`, `created_at`, `updated_at`, `name`, `id_number`, `gender`, `birthday`, `address_id`, `job_id`, `salary`) VALUES (5831, '2022-01-03 12:27:10.285607', '2022-01-03 17:28:48.366807', '姜旲', '555855332688592794', 'f', '2002-08-03', 9384, 1934, 26000);
UPDATE `loan_chattel` SET `created_at` = '2022-01-03 20:28:35.425750', `updated_at` = '2022-01-03 20:28:35.425750', `customer_id` = 5831, `type` = 'check', `description` = '一些信息', `value_amount` = 20000, `expired_at` = '2027-09-08' WHERE `loan_chattel`.`id` = 1719;
INSERT INTO `loan_chattel` (`id`, `created_at`, `updated_at`, `customer_id`, `type`, `description`, `value_amount`, `expired_at`) VALUES (1719, '2022-01-03 20:28:35.425750', '2022-01-03 20:28:35.425750', 5831, 'check', '一些信息', 20000, '2027-09-08');
UPDATE `loan_account` SET `created_at` = '2022-01-03 17:28:11.118854', `updated_at` = '2022-01-03 18:26:44.022473', `customer_id` = 5831, `number` = '566862167883091314', `balance` = 20185 WHERE `loan_account`.`id` = 5325;
INSERT INTO `loan_account` (`id`, `created_at`, `updated_at`, `customer_id`, `number`, `balance`) VALUES (5325, '2022-01-03 17:28:11.118854', '2022-01-03 18:26:44.022473', 5831, '566862167883091314', 20185);
UPDATE `loan_address` SET `created_at` = '2022-01-03 11:46:38.115527', `updated_at` = '2022-01-03 11:46:38.115527', `province` = '四川省', `city` = '遂宁市', `county` = '安居区', `town` = '莲花乡', `detail` = '宝通路98号' WHERE `loan_address`.`id` = 9385;
INSERT INTO `loan_address` (`id`, `created_at`, `updated_at`, `province`, `city`, `county`, `town`, `detail`) VALUES (9385, '2022-01-03 11:46:38.115527', '2022-01-03 11:46:38.115527', '四川省', '遂宁市', '安居区', '莲花乡', '宝通路98号');
UPDATE `loan_customer` SET `created_at` = '2022-01-03 11:46:38.115527', `updated_at` = '2022-01-03 16:12:40.922495', `name` = '萧梁', `id_number` = '428203139520265071', `gender` = 'f', `birthday` = '2006-03-04', `address_id` = 9385, `job_id` = 1934, `salary` = 52000 WHERE `loan_customer`.`id` = 5832;
INSERT INTO `loan_customer` (`id`, `created_at`, `updated_at`, `name`, `id_number`, `gender`, `birthday`, `address_id`, `job_id`, `salary`) VALUES (5832, '2022-01-03 11:46:38.115527', '2022-01-03 16:12:40.922495', '萧梁', '428203139520265071', 'f', '2006-03-04', 9385, 1934, 52000);
UPDATE `loan_chattel` SET `created_at` = '2022-01-03 18:11:20.376855', `updated_at` = '2022-01-03 23:52:36.362614', `customer_id` = 5832, `type` = 'draft', `description` = '一些信息', `value_amount` = 270000, `expired_at` = '2020-02-01' WHERE `loan_chattel`.`id` = 1720;
INSERT INTO `loan_chattel` (`id`, `created_at`, `updated_at`, `customer_id`, `type`, `description`, `value_amount`, `expired_at`) VALUES (1720, '2022-01-03 18:11:20.376855', '2022-01-03 23:52:36.362614', 5832, 'draft', '一些信息', 270000, '2020-02-01');
UPDATE `loan_chattel` SET `created_at` = '2022-01-03 21:10:56.924621', `updated_at` = '2022-01-03 21:10:56.924621', `customer_id` = 5832, `type` = 'trademark', `description` = '一些信息', `value_amount` = 820000, `expired_at` = '2021-06-22' WHERE `loan_chattel`.`id` = 1721;
INSERT INTO `loan_chattel` (`id`, `created_at`, `updated_at`, `customer_id`, `type`, `description`, `value_amount`, `expired_at`) VALUES (1721, '2022-01-03 21:10:56.924621', '2022-01-03 21:10:56.924621', 5832, 'trademark', '一些信息', 820000, '2021-06-22');
UPDATE `loan_address` SET `created_at` = '2022-01-03 23:37:22.756484', `updated_at` = '2022-01-03 23:37:22.756484', `province` = '江西省', `city` = '赣州市', `county` = '安远县', `town` = '新龙乡', `detail` = '安业路住友嘉馨名园30号' WHERE `loan_address`.`id` = 9386;
INSERT INTO `loan_address` (`id`, `created_at`, `updated_at`, `province`, `city`, `county`, `town`, `detail`) VALUES (9386, '2022-01-03 23:37:22.756484', '2022-01-03 23:37:22.756484', '江西省', '赣州市', '安远县', '新龙乡', '安业路住友嘉馨名园30号');
UPDATE `loan_estate` SET `created_at` = '2022-01-03 23:37:22.756484', `updated_at` = '2022-01-03 23:37:22.756484', `customer_id` = 5832, `address_id` = 9386 WHERE `loan_estate`.`id` = 3466;
INSERT INTO `loan_estate` (`id`, `created_at`, `updated_at`, `customer_id`, `address_id`) VALUES (3466, '2022-01-03 23:37:22.756484', '2022-01-03 23:37:22.756484', 5832, 9386);
UPDATE `loan_car` SET `created_at` = '2022-01-03 23:26:29.286620', `updated_at` = '2022-01-03 23:26:29.286620', `customer_id` = 5832, `model_id` = 62, `vin_number` = '977903921773170074', `date_produced` = '2015-07-07', `value_estimated` = 360000 WHERE `loan_car`.`id` = 4692;
INSERT INTO `loan_car` (`id`, `created_at`, `updated_at`, `customer_id`, `model_id`, `vin_number`, `date_produced`, `value_estimated`) VALUES (4692, '2022-01-03 23:26:29.286620', '2022-01-03 23:26:29.286620', 5832, 62, '977903921773170074', '2015-07-07', 360000);
UPDATE `loan_account` SET `created_at` = '2022-01-03 23:37:48.082041', `updated_at` = '2022-01-03 23:52:41.241731', `customer_id` = 5832, `number` = '033372938651566015', `balance` = 34431 WHERE `loan_account`.`id` = 5326;
INSERT INTO `loan_account` (`id`, `created_at`, `updated_at`, `customer_id`, `number`, `balance`) VALUES (5326, '2022-01-03 23:37:48.082041', '2022-01-03 23:52:41.241731', 5832, '033372938651566015', 34431);
UPDATE `loan_account` SET `created_at` = '2022-01-03 17:18:56.408121', `updated_at` = '2022-01-03 17:18:56.408121', `customer_id` = 5832, `number` = '915285510368259189', `balance` = 106871 WHERE `loan_account`.`id` = 5327;
INSERT INTO `loan_account` (`id`, `created_at`, `updated_at`, `customer_id`, `number`, `balance`) VALUES (5327, '2022-01-03 17:18:56.408121', '2022-01-03 17:18:56.408121', 5832, '915285510368259189', 106871);
UPDATE `loan_address` SET `created_at` = '2022-01-03 02:45:04.641447', `updated_at` = '2022-01-03 02:45:04.641447', `province` = '辽宁省', `city` = '大连市', `county` = '旅顺口区', `town` = '光荣街道', `detail` = '保定路爱里舍花园97号' WHERE `loan_address`.`id` = 9387;
INSERT INTO `loan_address` (`id`, `created_at`, `updated_at`, `province`, `city`, `county`, `town`, `detail`) VALUES (9387, '2022-01-03 02:45:04.641447', '2022-01-03 02:45:04.641447', '辽宁省', '大连市', '旅顺口区', '光荣街道', '保定路爱里舍花园97号');
UPDATE `loan_customer` SET `created_at` = '2022-01-03 02:45:04.641447', `updated_at` = '2022-01-03 11:57:01.804571', `name` = '杨忆丹', `id_number` = '075424994266086204', `gender` = 'm', `birthday` = '1997-07-08', `address_id` = 9387, `job_id` = 1935, `salary` = 33000 WHERE `loan_customer`.`id` = 5833;
INSERT INTO `loan_customer` (`id`, `created_at`, `updated_at`, `name`, `id_number`, `gender`, `birthday`, `address_id`, `job_id`, `salary`) VALUES (5833, '2022-01-03 02:45:04.641447', '2022-01-03 11:57:01.804571', '杨忆丹', '075424994266086204', 'm', '1997-07-08', 9387, 1935, 33000);
UPDATE `loan_address` SET `created_at` = '2022-01-03 18:43:22.418859', `updated_at` = '2022-01-03 18:43:22.418859', `province` = '福建省', `city` = '厦门市', `county` = '同安区', `town` = '祥平街道', `detail` = '鞍山支路爱里舍花园198号' WHERE `loan_address`.`id` = 9388;
INSERT INTO `loan_address` (`id`, `created_at`, `updated_at`, `province`, `city`, `county`, `town`, `detail`) VALUES (9388, '2022-01-03 18:43:22.418859', '2022-01-03 18:43:22.418859', '福建省', '厦门市', '同安区', '祥平街道', '鞍山支路爱里舍花园198号');
UPDATE `loan_estate` SET `created_at` = '2022-01-03 18:43:22.418859', `updated_at` = '2022-01-03 18:43:22.418859', `customer_id` = 5833, `address_id` = 9388 WHERE `loan_estate`.`id` = 3467;
INSERT INTO `loan_estate` (`id`, `created_at`, `updated_at`, `customer_id`, `address_id`) VALUES (3467, '2022-01-03 18:43:22.418859', '2022-01-03 18:43:22.418859', 5833, 9388);
UPDATE `loan_address` SET `created_at` = '2022-01-03 04:52:18.975641', `updated_at` = '2022-01-03 04:52:18.975641', `province` = '北京市', `city` = '市辖区', `county` = '房山区', `town` = '东风街道办事处', `detail` = '白渡路真新六街坊36号' WHERE `loan_address`.`id` = 9389;
INSERT INTO `loan_address` (`id`, `created_at`, `updated_at`, `province`, `city`, `county`, `town`, `detail`) VALUES (9389, '2022-01-03 04:52:18.975641', '2022-01-03 04:52:18.975641', '北京市', '市辖区', '房山区', '东风街道办事处', '白渡路真新六街坊36号');
UPDATE `loan_customer` SET `created_at` = '2022-01-03 04:52:18.975641', `updated_at` = '2022-01-03 05:46:15.636565', `name` = '潘悦心', `id_number` = '732629024774870280', `gender` = 'm', `birthday` = '1991-06-15', `address_id` = 9389, `job_id` = 1936, `salary` = 20000 WHERE `loan_customer`.`id` = 5834;
INSERT INTO `loan_customer` (`id`, `created_at`, `updated_at`, `name`, `id_number`, `gender`, `birthday`, `address_id`, `job_id`, `salary`) VALUES (5834, '2022-01-03 04:52:18.975641', '2022-01-03 05:46:15.636565', '潘悦心', '732629024774870280', 'm', '1991-06-15', 9389, 1936, 20000);
UPDATE `loan_address` SET `created_at` = '2022-01-03 21:29:52.876291', `updated_at` = '2022-01-03 21:29:52.876291', `province` = '江西省', `city` = '抚州市', `county` = '崇仁县', `town` = '礼陂镇', `detail` = '保屯路爱里舍花园53号' WHERE `loan_address`.`id` = 9390;
INSERT INTO `loan_address` (`id`, `created_at`, `updated_at`, `province`, `city`, `county`, `town`, `detail`) VALUES (9390, '2022-01-03 21:29:52.876291', '2022-01-03 21:29:52.876291', '江西省', '抚州市', '崇仁县', '礼陂镇', '保屯路爱里舍花园53号');
UPDATE `loan_estate` SET `created_at` = '2022-01-03 21:29:52.876291', `updated_at` = '2022-01-03 21:29:52.876291', `customer_id` = 5834, `address_id` = 9390 WHERE `loan_estate`.`id` = 3468;
INSERT INTO `loan_estate` (`id`, `created_at`, `updated_at`, `customer_id`, `address_id`) VALUES (3468, '2022-01-03 21:29:52.876291', '2022-01-03 21:29:52.876291', 5834, 9390);
UPDATE `loan_car` SET `created_at` = '2022-01-03 06:04:35.623159', `updated_at` = '2022-01-03 06:04:35.623159', `customer_id` = 5834, `model_id` = 174, `vin_number` = '613112134771726171', `date_produced` = '2014-03-14', `value_estimated` = 150000 WHERE `loan_car`.`id` = 4693;
INSERT INTO `loan_car` (`id`, `created_at`, `updated_at`, `customer_id`, `model_id`, `vin_number`, `date_produced`, `value_estimated`) VALUES (4693, '2022-01-03 06:04:35.623159', '2022-01-03 06:04:35.623159', 5834, 174, '613112134771726171', '2014-03-14', 150000);
UPDATE `loan_account` SET `created_at` = '2022-01-03 15:14:03.990033', `updated_at` = '2022-01-03 15:14:03.990033', `customer_id` = 5834, `number` = '137076484194563697', `balance` = 94124 WHERE `loan_account`.`id` = 5328;
INSERT INTO `loan_account` (`id`, `created_at`, `updated_at`, `customer_id`, `number`, `balance`) VALUES (5328, '2022-01-03 15:14:03.990033', '2022-01-03 15:14:03.990033', 5834, '137076484194563697', 94124);
UPDATE `loan_loan` SET `created_at` = '2022-01-03 23:57:21.690102', `updated_at` = '2022-01-03 23:57:21.690102', `customer_id` = 5784, `type` = 'car', `amount` = 590000, `status` = 'Approving', `usage` = '买车', `payment_method` = 'equal_corpus_and_interest', `started_at` = NULL, `expired_at` = NULL, `payment_periods` = NULL WHERE `loan_loan`.`id` = 429;
INSERT INTO `loan_loan` (`id`, `created_at`, `updated_at`, `customer_id`, `type`, `amount`, `status`, `usage`, `payment_method`, `started_at`, `expired_at`, `payment_periods`) VALUES (429, '2022-01-03 23:57:21.690102', '2022-01-03 23:57:21.690102', 5784, 'car', 590000, 'Approving', '买车', 'equal_corpus_and_interest', NULL, NULL, NULL);
UPDATE `loan_carloan` SET `created_at` = '2022-01-03 23:57:21.690102', `updated_at` = '2022-01-03 23:57:21.690102', `loan_id` = 429, `car_id` = 4647 WHERE `loan_carloan`.`id` = 429;
INSERT INTO `loan_carloan` (`id`, `created_at`, `updated_at`, `loan_id`, `car_id`) VALUES (429, '2022-01-03 23:57:21.690102', '2022-01-03 23:57:21.690102', 429, 4647);
UPDATE `loan_loan` SET `created_at` = '2022-01-03 23:57:21.690102', `updated_at` = '2022-01-03 23:57:21.690102', `customer_id` = 5784, `type` = 'car', `amount` = 590000, `status` = 'Overdue', `usage` = '买车', `payment_method` = 'equal_corpus_and_interest', `started_at` = '2022-01-02', `expired_at` = '2024-01-01', `payment_periods` = 24 WHERE `loan_loan`.`id` = 429;
UPDATE `loan_loan` SET `created_at` = '2022-01-03 23:58:27.094777', `updated_at` = '2022-01-03 23:58:27.094777', `customer_id` = 5812, `type` = 'car', `amount` = 250000, `status` = 'Settled', `usage` = '买车', `payment_method` = 'equal_corpus', `started_at` = NULL, `expired_at` = NULL, `payment_periods` = NULL WHERE `loan_loan`.`id` = 430;
INSERT INTO `loan_loan` (`id`, `created_at`, `updated_at`, `customer_id`, `type`, `amount`, `status`, `usage`, `payment_method`, `started_at`, `expired_at`, `payment_periods`) VALUES (430, '2022-01-03 23:58:27.094777', '2022-01-03 23:58:27.094777', 5812, 'car', 250000, 'Settled', '买车', 'equal_corpus', NULL, NULL, NULL);
UPDATE `loan_carloan` SET `created_at` = '2022-01-03 23:58:27.094777', `updated_at` = '2022-01-03 23:58:27.094777', `loan_id` = 430, `car_id` = 4674 WHERE `loan_carloan`.`id` = 430;
INSERT INTO `loan_carloan` (`id`, `created_at`, `updated_at`, `loan_id`, `car_id`) VALUES (430, '2022-01-03 23:58:27.094777', '2022-01-03 23:58:27.094777', 430, 4674);
UPDATE `loan_loanapproval` SET `created_at` = '2022-01-03 23:59:59', `updated_at` = '2022-01-03 23:59:59', `loan_id` = 430, `approved` = TRUE, `message` = NULL WHERE `loan_loanapproval`.`id` = 340;
INSERT INTO `loan_loanapproval` (`id`, `created_at`, `updated_at`, `loan_id`, `approved`, `message`) VALUES (340, '2022-01-03 23:59:59', '2022-01-03 23:59:59', 430, TRUE, NULL);
UPDATE `loan_loan` SET `created_at` = '2022-01-03 23:58:27.094777', `updated_at` = '2022-01-03 23:59:59', `customer_id` = 5812, `type` = 'car', `amount` = 250000, `status` = 'Overdue', `usage` = '买车', `payment_method` = 'equal_corpus', `started_at` = '2022-01-02', `expired_at` = '2023-07-01', `payment_periods` = 18 WHERE `loan_loan`.`id` = 430;
UPDATE `loan_loan` SET `created_at` = '2022-01-03 14:24:17.904564', `updated_at` = '2022-01-03 14:24:17.904564', `customer_id` = 5723, `type` = 'car', `amount` = 120000, `status` = 'Overdue', `usage` = '买车', `payment_method` = 'equal_corpus', `started_at` = NULL, `expired_at` = NULL, `payment_periods` = NULL WHERE `loan_loan`.`id` = 431;
INSERT INTO `loan_loan` (`id`, `created_at`, `updated_at`, `customer_id`, `type`, `amount`, `status`, `usage`, `payment_method`, `started_at`, `expired_at`, `payment_periods`) VALUES (431, '2022-01-03 14:24:17.904564', '2022-01-03 14:24:17.904564', 5723, 'car', 120000, 'Overdue', '买车', 'equal_corpus', NULL, NULL, NULL);
UPDATE `loan_carloan` SET `created_at` = '2022-01-03 14:24:17.904564', `updated_at` = '2022-01-03 14:24:17.904564', `loan_id` = 431, `car_id` = 4604 WHERE `loan_carloan`.`id` = 431;
INSERT INTO `loan_carloan` (`id`, `created_at`, `updated_at`, `loan_id`, `car_id`) VALUES (431, '2022-01-03 14:24:17.904564', '2022-01-03 14:24:17.904564', 431, 4604);
UPDATE `loan_loanguarantee` SET `created_at` = '2022-01-03 17:31:32.696400', `updated_at` = '2022-01-03 17:31:32.696400', `loan_id` = 431, `guarantor_id` = 5742 WHERE `loan_loanguarantee`.`id` = 45;
INSERT INTO `loan_loanguarantee` (`id`, `created_at`, `updated_at`, `loan_id`, `guarantor_id`) VALUES (45, '2022-01-03 17:31:32.696400', '2022-01-03 17:31:32.696400', 431, 5742);
UPDATE `loan_loanapproval` SET `created_at` = '2022-01-03 23:59:59', `updated_at` = '2022-01-03 23:59:59', `loan_id` = 431, `approved` = TRUE, `message` = NULL WHERE `loan_loanapproval`.`id` = 341;
INSERT INTO `loan_loanapproval` (`id`, `created_at`, `updated_at`, `loan_id`, `approved`, `message`) VALUES (341, '2022-01-03 23:59:59', '2022-01-03 23:59:59', 431, TRUE, NULL);
UPDATE `loan_loan` SET `created_at` = '2022-01-03 14:24:17.904564', `updated_at` = '2022-01-03 23:59:59', `customer_id` = 5723, `type` = 'car', `amount` = 120000, `status` = 'Overdue', `usage` = '买车', `payment_method` = 'equal_corpus', `started_at` = '2022-01-03', `expired_at` = '2023-07-01', `payment_periods` = 18 WHERE `loan_loan`.`id` = 431;
UPDATE `loan_loan` SET `created_at` = '2022-01-03 21:55:00.148611', `updated_at` = '2022-01-03 21:55:00.148611', `customer_id` = 5817, `type` = 'car', `amount` = 160000, `status` = 'Overdue', `usage` = '买车', `payment_method` = 'equal_corpus', `started_at` = NULL, `expired_at` = NULL, `payment_periods` = NULL WHERE `loan_loan`.`id` = 432;
INSERT INTO `loan_loan` (`id`, `created_at`, `updated_at`, `customer_id`, `type`, `amount`, `status`, `usage`, `payment_method`, `started_at`, `expired_at`, `payment_periods`) VALUES (432, '2022-01-03 21:55:00.148611', '2022-01-03 21:55:00.148611', 5817, 'car', 160000, 'Overdue', '买车', 'equal_corpus', NULL, NULL, NULL);
UPDATE `loan_carloan` SET `created_at` = '2022-01-03 21:55:00.148611', `updated_at` = '2022-01-03 21:55:00.148611', `loan_id` = 432, `car_id` = 4678 WHERE `loan_carloan`.`id` = 432;
INSERT INTO `loan_carloan` (`id`, `created_at`, `updated_at`, `loan_id`, `car_id`) VALUES (432, '2022-01-03 21:55:00.148611', '2022-01-03 21:55:00.148611', 432, 4678);
UPDATE `loan_loanapproval` SET `created_at` = '2022-01-03 23:59:59', `updated_at` = '2022-01-03 23:59:59', `loan_id` = 432, `approved` = FALSE, `message` = '资料不足' WHERE `loan_loanapproval`.`id` = 342;
INSERT INTO `loan_loanapproval` (`id`, `created_at`, `updated_at`, `loan_id`, `approved`, `message`) VALUES (342, '2022-01-03 23:59:59', '2022-01-03 23:59:59', 432, FALSE, '资料不足');
UPDATE `loan_loanapproval` SET `created_at` = '2022-01-03 23:59:59', `updated_at` = '2022-01-03 23:59:59', `loan_id` = 432, `approved` = TRUE, `message` = NULL WHERE `loan_loanapproval`.`id` = 343;
INSERT INTO `loan_loanapproval` (`id`, `created_at`, `updated_at`, `loan_id`, `approved`, `message`) VALUES (343, '2022-01-03 23:59:59', '2022-01-03 23:59:59', 432, TRUE, NULL);
UPDATE `loan_badloan` SET `created_at` = '2022-01-04 11:02:30', `updated_at` = '2022-01-04 11:02:30', `loan_id` = 432, `message` = '客户无力还款' WHERE `loan_badloan`.`id` = 117;
INSERT INTO `loan_badloan` (`id`, `created_at`, `updated_at`, `loan_id`, `message`) VALUES (117, '2022-01-04 11:02:30', '2022-01-04 11:02:30', 432, '客户无力还款');
UPDATE `loan_loan` SET `created_at` = '2022-01-03 21:55:00.148611', `updated_at` = '2022-01-03 23:59:59', `customer_id` = 5817, `type` = 'car', `amount` = 160000, `status` = 'Overdue', `usage` = '买车', `payment_method` = 'equal_corpus', `started_at` = '2022-01-02', `expired_at` = '2023-07-01', `payment_periods` = 18 WHERE `loan_loan`.`id` = 432;
UPDATE `loan_loan` SET `created_at` = '2022-01-03 23:05:12.077980', `updated_at` = '2022-01-03 23:05:12.077980', `customer_id` = 5782, `type` = 'car', `amount` = 250000, `status` = 'Approving', `usage` = '买车', `payment_method` = 'equal_corpus_and_interest', `started_at` = NULL, `expired_at` = NULL, `payment_periods` = NULL WHERE `loan_loan`.`id` = 433;
INSERT INTO `loan_loan` (`id`, `created_at`, `updated_at`, `customer_id`, `type`, `amount`, `status`, `usage`, `payment_method`, `started_at`, `expired_at`, `payment_periods`) VALUES (433, '2022-01-03 23:05:12.077980', '2022-01-03 23:05:12.077980', 5782, 'car', 250000, 'Approving', '买车', 'equal_corpus_and_interest', NULL, NULL, NULL);
UPDATE `loan_carloan` SET `created_at` = '2022-01-03 23:05:12.077980', `updated_at` = '2022-01-03 23:05:12.077980', `loan_id` = 433, `car_id` = 4645 WHERE `loan_carloan`.`id` = 433;
INSERT INTO `loan_carloan` (`id`, `created_at`, `updated_at`, `loan_id`, `car_id`) VALUES (433, '2022-01-03 23:05:12.077980', '2022-01-03 23:05:12.077980', 433, 4645);
UPDATE `loan_loanguarantee` SET `created_at` = '2022-01-03 23:19:31.132044', `updated_at` = '2022-01-03 23:19:31.132044', `loan_id` = 433, `guarantor_id` = 5722 WHERE `loan_loanguarantee`.`id` = 46;
INSERT INTO `loan_loanguarantee` (`id`, `created_at`, `updated_at`, `loan_id`, `guarantor_id`) VALUES (46, '2022-01-03 23:19:31.132044', '2022-01-03 23:19:31.132044', 433, 5722);
UPDATE `loan_loan` SET `created_at` = '2022-01-03 23:05:12.077980', `updated_at` = '2022-01-03 23:05:12.077980', `customer_id` = 5782, `type` = 'car', `amount` = 250000, `status` = 'Overdue', `usage` = '买车', `payment_method` = 'equal_corpus_and_interest', `started_at` = '2022-01-02', `expired_at` = '2023-07-01', `payment_periods` = 18 WHERE `loan_loan`.`id` = 433;
UPDATE `loan_loan` SET `created_at` = '2022-01-03 21:11:05.621933', `updated_at` = '2022-01-03 21:11:05.621933', `customer_id` = 5826, `type` = 'car', `amount` = 260000, `status` = 'InProgress', `usage` = '买车', `payment_method` = 'equal_corpus_and_interest', `started_at` = NULL, `expired_at` = NULL, `payment_periods` = NULL WHERE `loan_loan`.`id` = 434;
INSERT INTO `loan_loan` (`id`, `created_at`, `updated_at`, `customer_id`, `type`, `amount`, `status`, `usage`, `payment_method`, `started_at`, `expired_at`, `payment_periods`) VALUES (434, '2022-01-03 21:11:05.621933', '2022-01-03 21:11:05.621933', 5826, 'car', 260000, 'InProgress', '买车', 'equal_corpus_and_interest', NULL, NULL, NULL);
UPDATE `loan_carloan` SET `created_at` = '2022-01-03 21:11:05.621933', `updated_at` = '2022-01-03 21:11:05.621933', `loan_id` = 434, `car_id` = 4686 WHERE `loan_carloan`.`id` = 434;
INSERT INTO `loan_carloan` (`id`, `created_at`, `updated_at`, `loan_id`, `car_id`) VALUES (434, '2022-01-03 21:11:05.621933', '2022-01-03 21:11:05.621933', 434, 4686);
UPDATE `loan_loanmortgage` SET `created_at` = '2022-01-03 22:27:07.754850', `updated_at` = '2022-01-03 22:27:07.754850', `loan_id` = 434, `type` = 'estate', `is_pledge` = TRUE, `car_id` = NULL, `estate_id` = 3462, `chattel_id` = NULL WHERE `loan_loanmortgage`.`id` = 67;
INSERT INTO `loan_loanmortgage` (`id`, `created_at`, `updated_at`, `loan_id`, `type`, `is_pledge`, `car_id`, `estate_id`, `chattel_id`) VALUES (67, '2022-01-03 22:27:07.754850', '2022-01-03 22:27:07.754850', 434, 'estate', TRUE, NULL, 3462, NULL);
UPDATE `loan_loanapproval` SET `created_at` = '2022-01-03 23:59:59', `updated_at` = '2022-01-03 23:59:59', `loan_id` = 434, `approved` = TRUE, `message` = NULL WHERE `loan_loanapproval`.`id` = 344;
INSERT INTO `loan_loanapproval` (`id`, `created_at`, `updated_at`, `loan_id`, `approved`, `message`) VALUES (344, '2022-01-03 23:59:59', '2022-01-03 23:59:59', 434, TRUE, NULL);
UPDATE `loan_badloan` SET `created_at` = '2022-01-04 21:10:57', `updated_at` = '2022-01-04 21:10:57', `loan_id` = 434, `message` = '客户无力还款' WHERE `loan_badloan`.`id` = 118;
INSERT INTO `loan_badloan` (`id`, `created_at`, `updated_at`, `loan_id`, `message`) VALUES (118, '2022-01-04 21:10:57', '2022-01-04 21:10:57', 434, '客户无力还款');
UPDATE `loan_loancollection` SET `created_at` = '2022-01-02 05:23:44', `updated_at` = '2022-01-02 05:23:44', `loan_id` = 434, `type` = 'judiciary', `message` = '一些催收内容', `result` = 'pay_soon', `result_detail` = '一些催收结果详情', `collect_at` = '2022-01-02' WHERE `loan_loancollection`.`id` = 268;
INSERT INTO `loan_loancollection` (`id`, `created_at`, `updated_at`, `loan_id`, `type`, `message`, `result`, `result_detail`, `collect_at`) VALUES (268, '2022-01-02 05:23:44', '2022-01-02 05:23:44', 434, 'judiciary', '一些催收内容', 'pay_soon', '一些催收结果详情', '2022-01-02');
UPDATE `loan_loancollection` SET `created_at` = '2022-01-02 10:55:44', `updated_at` = '2022-01-02 10:55:44', `loan_id` = 434, `type` = 'visit', `message` = '一些催收内容', `result` = 'other', `result_detail` = '一些催收结果详情', `collect_at` = '2022-01-02' WHERE `loan_loancollection`.`id` = 269;
INSERT INTO `loan_loancollection` (`id`, `created_at`, `updated_at`, `loan_id`, `type`, `message`, `result`, `result_detail`, `collect_at`) VALUES (269, '2022-01-02 10:55:44', '2022-01-02 10:55:44', 434, 'visit', '一些催收内容', 'other', '一些催收结果详情', '2022-01-02');
UPDATE `loan_loancollection` SET `created_at` = '2022-01-03 17:28:57', `updated_at` = '2022-01-03 17:28:57', `loan_id` = 434, `type` = 'message', `message` = '一些催收内容', `result` = 'no_response', `result_detail` = '一些催收结果详情', `collect_at` = '2022-01-03' WHERE `loan_loancollection`.`id` = 270;
INSERT INTO `loan_loancollection` (`id`, `created_at`, `updated_at`, `loan_id`, `type`, `message`, `result`, `result_detail`, `collect_at`) VALUES (270, '2022-01-03 17:28:57', '2022-01-03 17:28:57', 434, 'message', '一些催收内容', 'no_response', '一些催收结果详情', '2022-01-03');
UPDATE `loan_loancollection` SET `created_at` = '2022-01-03 02:21:59', `updated_at` = '2022-01-03 02:21:59', `loan_id` = 434, `type` = 'email', `message` = '一些催收内容', `result` = 'pay_soon', `result_detail` = '一些催收结果详情', `collect_at` = '2022-01-03' WHERE `loan_loancollection`.`id` = 271;
INSERT INTO `loan_loancollection` (`id`, `created_at`, `updated_at`, `loan_id`, `type`, `message`, `result`, `result_detail`, `collect_at`) VALUES (271, '2022-01-03 02:21:59', '2022-01-03 02:21:59', 434, 'email', '一些催收内容', 'pay_soon', '一些催收结果详情', '2022-01-03');
UPDATE `loan_loan` SET `created_at` = '2022-01-03 21:11:05.621933', `updated_at` = '2022-01-03 23:59:59', `customer_id` = 5826, `type` = 'car', `amount` = 260000, `status` = 'Overdue', `usage` = '买车', `payment_method` = 'equal_corpus_and_interest', `started_at` = '2022-01-02', `expired_at` = '2023-07-01', `payment_periods` = 18 WHERE `loan_loan`.`id` = 434;
UPDATE `loan_loan` SET `created_at` = '2022-01-03 23:53:38.571667', `updated_at` = '2022-01-03 23:53:38.571667', `customer_id` = 5796, `type` = 'car', `amount` = 410000, `status` = 'InProgress', `usage` = '买车', `payment_method` = 'equal_corpus_and_interest', `started_at` = NULL, `expired_at` = NULL, `payment_periods` = NULL WHERE `loan_loan`.`id` = 435;
INSERT INTO `loan_loan` (`id`, `created_at`, `updated_at`, `customer_id`, `type`, `amount`, `status`, `usage`, `payment_method`, `started_at`, `expired_at`, `payment_periods`) VALUES (435, '2022-01-03 23:53:38.571667', '2022-01-03 23:53:38.571667', 5796, 'car', 410000, 'InProgress', '买车', 'equal_corpus_and_interest', NULL, NULL, NULL);
UPDATE `loan_carloan` SET `created_at` = '2022-01-03 23:53:38.571667', `updated_at` = '2022-01-03 23:53:38.571667', `loan_id` = 435, `car_id` = 4657 WHERE `loan_carloan`.`id` = 435;
INSERT INTO `loan_carloan` (`id`, `created_at`, `updated_at`, `loan_id`, `car_id`) VALUES (435, '2022-01-03 23:53:38.571667', '2022-01-03 23:53:38.571667', 435, 4657);
UPDATE `loan_loanapproval` SET `created_at` = '2022-01-03 23:59:59', `updated_at` = '2022-01-03 23:59:59', `loan_id` = 435, `approved` = TRUE, `message` = NULL WHERE `loan_loanapproval`.`id` = 345;
INSERT INTO `loan_loanapproval` (`id`, `created_at`, `updated_at`, `loan_id`, `approved`, `message`) VALUES (345, '2022-01-03 23:59:59', '2022-01-03 23:59:59', 435, TRUE, NULL);
UPDATE `loan_badloan` SET `created_at` = '2022-01-04 18:46:14', `updated_at` = '2022-01-04 18:46:14', `loan_id` = 435, `message` = '客户无力还款' WHERE `loan_badloan`.`id` = 119;
INSERT INTO `loan_badloan` (`id`, `created_at`, `updated_at`, `loan_id`, `message`) VALUES (119, '2022-01-04 18:46:14', '2022-01-04 18:46:14', 435, '客户无力还款');
UPDATE `loan_loan` SET `created_at` = '2022-01-03 23:53:38.571667', `updated_at` = '2022-01-03 23:59:59', `customer_id` = 5796, `type` = 'car', `amount` = 410000, `status` = 'Overdue', `usage` = '买车', `payment_method` = 'equal_corpus_and_interest', `started_at` = '2022-01-02', `expired_at` = '2023-07-01', `payment_periods` = 18 WHERE `loan_loan`.`id` = 435;
UPDATE `loan_loan` SET `created_at` = '2022-01-03 18:31:54.594090', `updated_at` = '2022-01-03 18:31:54.594090', `customer_id` = 5775, `type` = 'car', `amount` = 310000, `status` = 'Overdue', `usage` = '买车', `payment_method` = 'equal_corpus', `started_at` = NULL, `expired_at` = NULL, `payment_periods` = NULL WHERE `loan_loan`.`id` = 436;
INSERT INTO `loan_loan` (`id`, `created_at`, `updated_at`, `customer_id`, `type`, `amount`, `status`, `usage`, `payment_method`, `started_at`, `expired_at`, `payment_periods`) VALUES (436, '2022-01-03 18:31:54.594090', '2022-01-03 18:31:54.594090', 5775, 'car', 310000, 'Overdue', '买车', 'equal_corpus', NULL, NULL, NULL);
UPDATE `loan_carloan` SET `created_at` = '2022-01-03 18:31:54.594090', `updated_at` = '2022-01-03 18:31:54.594090', `loan_id` = 436, `car_id` = 4642 WHERE `loan_carloan`.`id` = 436;
INSERT INTO `loan_carloan` (`id`, `created_at`, `updated_at`, `loan_id`, `car_id`) VALUES (436, '2022-01-03 18:31:54.594090', '2022-01-03 18:31:54.594090', 436, 4642);
UPDATE `loan_loanapproval` SET `created_at` = '2022-01-03 23:59:59', `updated_at` = '2022-01-03 23:59:59', `loan_id` = 436, `approved` = TRUE, `message` = NULL WHERE `loan_loanapproval`.`id` = 346;
INSERT INTO `loan_loanapproval` (`id`, `created_at`, `updated_at`, `loan_id`, `approved`, `message`) VALUES (346, '2022-01-03 23:59:59', '2022-01-03 23:59:59', 436, TRUE, NULL);
UPDATE `loan_loan` SET `created_at` = '2022-01-03 18:31:54.594090', `updated_at` = '2022-01-03 23:59:59', `customer_id` = 5775, `type` = 'car', `amount` = 310000, `status` = 'Overdue', `usage` = '买车', `payment_method` = 'equal_corpus', `started_at` = '2022-01-02', `expired_at` = '2024-01-01', `payment_periods` = 24 WHERE `loan_loan`.`id` = 436;
UPDATE `loan_loan` SET `created_at` = '2022-01-03 21:42:43.190469', `updated_at` = '2022-01-03 21:42:43.190469', `customer_id` = 5760, `type` = 'car', `amount` = 80000, `status` = 'Applying', `usage` = '买车', `payment_method` = 'equal_corpus_and_interest', `started_at` = NULL, `expired_at` = NULL, `payment_periods` = NULL WHERE `loan_loan`.`id` = 437;
INSERT INTO `loan_loan` (`id`, `created_at`, `updated_at`, `customer_id`, `type`, `amount`, `status`, `usage`, `payment_method`, `started_at`, `expired_at`, `payment_periods`) VALUES (437, '2022-01-03 21:42:43.190469', '2022-01-03 21:42:43.190469', 5760, 'car', 80000, 'Applying', '买车', 'equal_corpus_and_interest', NULL, NULL, NULL);
UPDATE `loan_carloan` SET `created_at` = '2022-01-03 21:42:43.190469', `updated_at` = '2022-01-03 21:42:43.190469', `loan_id` = 437, `car_id` = 4631 WHERE `loan_carloan`.`id` = 437;
INSERT INTO `loan_carloan` (`id`, `created_at`, `updated_at`, `loan_id`, `car_id`) VALUES (437, '2022-01-03 21:42:43.190469', '2022-01-03 21:42:43.190469', 437, 4631);
UPDATE `loan_badloan` SET `created_at` = '2022-01-04 14:05:31', `updated_at` = '2022-01-04 14:05:31', `loan_id` = 437, `message` = '客户无力还款' WHERE `loan_badloan`.`id` = 120;
INSERT INTO `loan_badloan` (`id`, `created_at`, `updated_at`, `loan_id`, `message`) VALUES (120, '2022-01-04 14:05:31', '2022-01-04 14:05:31', 437, '客户无力还款');
UPDATE `loan_loancollection` SET `created_at` = '2022-01-03 05:51:18', `updated_at` = '2022-01-03 05:51:18', `loan_id` = 437, `type` = 'message', `message` = '一些催收内容', `result` = 'other', `result_detail` = '一些催收结果详情', `collect_at` = '2022-01-03' WHERE `loan_loancollection`.`id` = 272;
INSERT INTO `loan_loancollection` (`id`, `created_at`, `updated_at`, `loan_id`, `type`, `message`, `result`, `result_detail`, `collect_at`) VALUES (272, '2022-01-03 05:51:18', '2022-01-03 05:51:18', 437, 'message', '一些催收内容', 'other', '一些催收结果详情', '2022-01-03');
UPDATE `loan_loancollection` SET `created_at` = '2022-01-02 17:29:33', `updated_at` = '2022-01-02 17:29:33', `loan_id` = 437, `type` = 'judiciary', `message` = '一些催收内容', `result` = 'other', `result_detail` = '一些催收结果详情', `collect_at` = '2022-01-02' WHERE `loan_loancollection`.`id` = 273;
INSERT INTO `loan_loancollection` (`id`, `created_at`, `updated_at`, `loan_id`, `type`, `message`, `result`, `result_detail`, `collect_at`) VALUES (273, '2022-01-02 17:29:33', '2022-01-02 17:29:33', 437, 'judiciary', '一些催收内容', 'other', '一些催收结果详情', '2022-01-02');
UPDATE `loan_loancollection` SET `created_at` = '2022-01-03 17:15:52', `updated_at` = '2022-01-03 17:15:52', `loan_id` = 437, `type` = 'judiciary', `message` = '一些催收内容', `result` = 'no_response', `result_detail` = '一些催收结果详情', `collect_at` = '2022-01-03' WHERE `loan_loancollection`.`id` = 274;
INSERT INTO `loan_loancollection` (`id`, `created_at`, `updated_at`, `loan_id`, `type`, `message`, `result`, `result_detail`, `collect_at`) VALUES (274, '2022-01-03 17:15:52', '2022-01-03 17:15:52', 437, 'judiciary', '一些催收内容', 'no_response', '一些催收结果详情', '2022-01-03');
UPDATE `loan_loancollection` SET `created_at` = '2022-01-03 22:38:22', `updated_at` = '2022-01-03 22:38:22', `loan_id` = 437, `type` = 'message', `message` = '一些催收内容', `result` = 'no_response', `result_detail` = '一些催收结果详情', `collect_at` = '2022-01-03' WHERE `loan_loancollection`.`id` = 275;
INSERT INTO `loan_loancollection` (`id`, `created_at`, `updated_at`, `loan_id`, `type`, `message`, `result`, `result_detail`, `collect_at`) VALUES (275, '2022-01-03 22:38:22', '2022-01-03 22:38:22', 437, 'message', '一些催收内容', 'no_response', '一些催收结果详情', '2022-01-03');
UPDATE `loan_loan` SET `created_at` = '2022-01-03 21:42:43.190469', `updated_at` = '2022-01-03 21:42:43.190469', `customer_id` = 5760, `type` = 'car', `amount` = 80000, `status` = 'Overdue', `usage` = '买车', `payment_method` = 'equal_corpus_and_interest', `started_at` = '2022-01-02', `expired_at` = '2023-07-01', `payment_periods` = 18 WHERE `loan_loan`.`id` = 437;
UPDATE `loan_loan` SET `created_at` = '2022-01-03 08:09:42.663663', `updated_at` = '2022-01-03 08:09:42.663663', `customer_id` = 5813, `type` = 'car', `amount` = 60000, `status` = 'Applying', `usage` = '买车', `payment_method` = 'equal_corpus_and_interest', `started_at` = NULL, `expired_at` = NULL, `payment_periods` = NULL WHERE `loan_loan`.`id` = 438;
INSERT INTO `loan_loan` (`id`, `created_at`, `updated_at`, `customer_id`, `type`, `amount`, `status`, `usage`, `payment_method`, `started_at`, `expired_at`, `payment_periods`) VALUES (438, '2022-01-03 08:09:42.663663', '2022-01-03 08:09:42.663663', 5813, 'car', 60000, 'Applying', '买车', 'equal_corpus_and_interest', NULL, NULL, NULL);
UPDATE `loan_carloan` SET `created_at` = '2022-01-03 08:09:42.663663', `updated_at` = '2022-01-03 08:09:42.663663', `loan_id` = 438, `car_id` = 4675 WHERE `loan_carloan`.`id` = 438;
INSERT INTO `loan_carloan` (`id`, `created_at`, `updated_at`, `loan_id`, `car_id`) VALUES (438, '2022-01-03 08:09:42.663663', '2022-01-03 08:09:42.663663', 438, 4675);
UPDATE `loan_loan` SET `created_at` = '2022-01-03 08:09:42.663663', `updated_at` = '2022-01-03 08:09:42.663663', `customer_id` = 5813, `type` = 'car', `amount` = 60000, `status` = 'Overdue', `usage` = '买车', `payment_method` = 'equal_corpus_and_interest', `started_at` = '2022-01-02', `expired_at` = '2023-07-01', `payment_periods` = 18 WHERE `loan_loan`.`id` = 438;
UPDATE `loan_loan` SET `created_at` = '2022-01-03 17:40:29.675721', `updated_at` = '2022-01-03 17:40:29.675721', `customer_id` = 5762, `type` = 'car', `amount` = 40000, `status` = 'Settled', `usage` = '买车', `payment_method` = 'equal_corpus', `started_at` = NULL, `expired_at` = NULL, `payment_periods` = NULL WHERE `loan_loan`.`id` = 439;
INSERT INTO `loan_loan` (`id`, `created_at`, `updated_at`, `customer_id`, `type`, `amount`, `status`, `usage`, `payment_method`, `started_at`, `expired_at`, `payment_periods`) VALUES (439, '2022-01-03 17:40:29.675721', '2022-01-03 17:40:29.675721', 5762, 'car', 40000, 'Settled', '买车', 'equal_corpus', NULL, NULL, NULL);
UPDATE `loan_carloan` SET `created_at` = '2022-01-03 17:40:29.675721', `updated_at` = '2022-01-03 17:40:29.675721', `loan_id` = 439, `car_id` = 4632 WHERE `loan_carloan`.`id` = 439;
INSERT INTO `loan_carloan` (`id`, `created_at`, `updated_at`, `loan_id`, `car_id`) VALUES (439, '2022-01-03 17:40:29.675721', '2022-01-03 17:40:29.675721', 439, 4632);
UPDATE `loan_loanapproval` SET `created_at` = '2022-01-03 23:59:59', `updated_at` = '2022-01-03 23:59:59', `loan_id` = 439, `approved` = TRUE, `message` = NULL WHERE `loan_loanapproval`.`id` = 347;
INSERT INTO `loan_loanapproval` (`id`, `created_at`, `updated_at`, `loan_id`, `approved`, `message`) VALUES (347, '2022-01-03 23:59:59', '2022-01-03 23:59:59', 439, TRUE, NULL);
UPDATE `loan_loan` SET `created_at` = '2022-01-03 17:40:29.675721', `updated_at` = '2022-01-03 23:59:59', `customer_id` = 5762, `type` = 'car', `amount` = 40000, `status` = 'Overdue', `usage` = '买车', `payment_method` = 'equal_corpus', `started_at` = '2022-01-02', `expired_at` = '2023-07-01', `payment_periods` = 18 WHERE `loan_loan`.`id` = 439;
UPDATE `loan_loan` SET `created_at` = '2022-01-03 17:02:48.493877', `updated_at` = '2022-01-03 17:02:48.493877', `customer_id` = 5749, `type` = 'car', `amount` = 200000, `status` = 'InProgress', `usage` = '买车', `payment_method` = 'equal_corpus', `started_at` = NULL, `expired_at` = NULL, `payment_periods` = NULL WHERE `loan_loan`.`id` = 440;
INSERT INTO `loan_loan` (`id`, `created_at`, `updated_at`, `customer_id`, `type`, `amount`, `status`, `usage`, `payment_method`, `started_at`, `expired_at`, `payment_periods`) VALUES (440, '2022-01-03 17:02:48.493877', '2022-01-03 17:02:48.493877', 5749, 'car', 200000, 'InProgress', '买车', 'equal_corpus', NULL, NULL, NULL);
UPDATE `loan_carloan` SET `created_at` = '2022-01-03 17:02:48.493877', `updated_at` = '2022-01-03 17:02:48.493877', `loan_id` = 440, `car_id` = 4620 WHERE `loan_carloan`.`id` = 440;
INSERT INTO `loan_carloan` (`id`, `created_at`, `updated_at`, `loan_id`, `car_id`) VALUES (440, '2022-01-03 17:02:48.493877', '2022-01-03 17:02:48.493877', 440, 4620);
UPDATE `loan_loanapproval` SET `created_at` = '2022-01-03 23:59:59', `updated_at` = '2022-01-03 23:59:59', `loan_id` = 440, `approved` = TRUE, `message` = NULL WHERE `loan_loanapproval`.`id` = 348;
INSERT INTO `loan_loanapproval` (`id`, `created_at`, `updated_at`, `loan_id`, `approved`, `message`) VALUES (348, '2022-01-03 23:59:59', '2022-01-03 23:59:59', 440, TRUE, NULL);
UPDATE `loan_badloan` SET `created_at` = '2022-01-04 15:28:11', `updated_at` = '2022-01-04 15:28:11', `loan_id` = 440, `message` = '客户无力还款' WHERE `loan_badloan`.`id` = 121;
INSERT INTO `loan_badloan` (`id`, `created_at`, `updated_at`, `loan_id`, `message`) VALUES (121, '2022-01-04 15:28:11', '2022-01-04 15:28:11', 440, '客户无力还款');
UPDATE `loan_loancollection` SET `created_at` = '2022-01-02 10:18:31', `updated_at` = '2022-01-02 10:18:31', `loan_id` = 440, `type` = 'judiciary', `message` = '一些催收内容', `result` = 'no_pay', `result_detail` = '一些催收结果详情', `collect_at` = '2022-01-02' WHERE `loan_loancollection`.`id` = 276;
INSERT INTO `loan_loancollection` (`id`, `created_at`, `updated_at`, `loan_id`, `type`, `message`, `result`, `result_detail`, `collect_at`) VALUES (276, '2022-01-02 10:18:31', '2022-01-02 10:18:31', 440, 'judiciary', '一些催收内容', 'no_pay', '一些催收结果详情', '2022-01-02');
UPDATE `loan_loancollection` SET `created_at` = '2022-01-02 14:52:37', `updated_at` = '2022-01-02 14:52:37', `loan_id` = 440, `type` = 'message', `message` = '一些催收内容', `result` = 'no_pay', `result_detail` = '一些催收结果详情', `collect_at` = '2022-01-02' WHERE `loan_loancollection`.`id` = 277;
INSERT INTO `loan_loancollection` (`id`, `created_at`, `updated_at`, `loan_id`, `type`, `message`, `result`, `result_detail`, `collect_at`) VALUES (277, '2022-01-02 14:52:37', '2022-01-02 14:52:37', 440, 'message', '一些催收内容', 'no_pay', '一些催收结果详情', '2022-01-02');
UPDATE `loan_loancollection` SET `created_at` = '2022-01-02 21:44:26', `updated_at` = '2022-01-02 21:44:26', `loan_id` = 440, `type` = 'judiciary', `message` = '一些催收内容', `result` = 'other', `result_detail` = '一些催收结果详情', `collect_at` = '2022-01-02' WHERE `loan_loancollection`.`id` = 278;
INSERT INTO `loan_loancollection` (`id`, `created_at`, `updated_at`, `loan_id`, `type`, `message`, `result`, `result_detail`, `collect_at`) VALUES (278, '2022-01-02 21:44:26', '2022-01-02 21:44:26', 440, 'judiciary', '一些催收内容', 'other', '一些催收结果详情', '2022-01-02');
UPDATE `loan_loancollection` SET `created_at` = '2022-01-02 15:57:28', `updated_at` = '2022-01-02 15:57:28', `loan_id` = 440, `type` = 'phone', `message` = '一些催收内容', `result` = 'other', `result_detail` = '一些催收结果详情', `collect_at` = '2022-01-02' WHERE `loan_loancollection`.`id` = 279;
INSERT INTO `loan_loancollection` (`id`, `created_at`, `updated_at`, `loan_id`, `type`, `message`, `result`, `result_detail`, `collect_at`) VALUES (279, '2022-01-02 15:57:28', '2022-01-02 15:57:28', 440, 'phone', '一些催收内容', 'other', '一些催收结果详情', '2022-01-02');
UPDATE `loan_loancollection` SET `created_at` = '2022-01-02 02:32:41', `updated_at` = '2022-01-02 02:32:41', `loan_id` = 440, `type` = 'phone', `message` = '一些催收内容', `result` = 'pay_soon', `result_detail` = '一些催收结果详情', `collect_at` = '2022-01-02' WHERE `loan_loancollection`.`id` = 280;
INSERT INTO `loan_loancollection` (`id`, `created_at`, `updated_at`, `loan_id`, `type`, `message`, `result`, `result_detail`, `collect_at`) VALUES (280, '2022-01-02 02:32:41', '2022-01-02 02:32:41', 440, 'phone', '一些催收内容', 'pay_soon', '一些催收结果详情', '2022-01-02');
UPDATE `loan_loan` SET `created_at` = '2022-01-03 17:02:48.493877', `updated_at` = '2022-01-03 23:59:59', `customer_id` = 5749, `type` = 'car', `amount` = 200000, `status` = 'Overdue', `usage` = '买车', `payment_method` = 'equal_corpus', `started_at` = '2022-01-02', `expired_at` = '2023-07-01', `payment_periods` = 18 WHERE `loan_loan`.`id` = 440;
UPDATE `loan_loan` SET `created_at` = '2022-01-03 22:35:33.293150', `updated_at` = '2022-01-03 22:35:33.293150', `customer_id` = 5794, `type` = 'car', `amount` = 350000, `status` = 'Approving', `usage` = '买车', `payment_method` = 'equal_corpus', `started_at` = NULL, `expired_at` = NULL, `payment_periods` = NULL WHERE `loan_loan`.`id` = 441;
INSERT INTO `loan_loan` (`id`, `created_at`, `updated_at`, `customer_id`, `type`, `amount`, `status`, `usage`, `payment_method`, `started_at`, `expired_at`, `payment_periods`) VALUES (441, '2022-01-03 22:35:33.293150', '2022-01-03 22:35:33.293150', 5794, 'car', 350000, 'Approving', '买车', 'equal_corpus', NULL, NULL, NULL);
UPDATE `loan_carloan` SET `created_at` = '2022-01-03 22:35:33.293150', `updated_at` = '2022-01-03 22:35:33.293150', `loan_id` = 441, `car_id` = 4656 WHERE `loan_carloan`.`id` = 441;
INSERT INTO `loan_carloan` (`id`, `created_at`, `updated_at`, `loan_id`, `car_id`) VALUES (441, '2022-01-03 22:35:33.293150', '2022-01-03 22:35:33.293150', 441, 4656);
UPDATE `loan_loanapproval` SET `created_at` = '2022-01-03 23:59:59', `updated_at` = '2022-01-03 23:59:59', `loan_id` = 441, `approved` = FALSE, `message` = '资料不足' WHERE `loan_loanapproval`.`id` = 349;
INSERT INTO `loan_loanapproval` (`id`, `created_at`, `updated_at`, `loan_id`, `approved`, `message`) VALUES (349, '2022-01-03 23:59:59', '2022-01-03 23:59:59', 441, FALSE, '资料不足');
UPDATE `loan_loan` SET `created_at` = '2022-01-03 22:35:33.293150', `updated_at` = '2022-01-03 23:59:59', `customer_id` = 5794, `type` = 'car', `amount` = 350000, `status` = 'Overdue', `usage` = '买车', `payment_method` = 'equal_corpus', `started_at` = '2022-01-02', `expired_at` = '2023-07-01', `payment_periods` = 18 WHERE `loan_loan`.`id` = 441;
UPDATE `loan_loan` SET `created_at` = '2022-01-03 20:09:14.906205', `updated_at` = '2022-01-03 20:09:14.906205', `customer_id` = 5729, `type` = 'car', `amount` = 80000, `status` = 'Applying', `usage` = '买车', `payment_method` = 'equal_corpus', `started_at` = NULL, `expired_at` = NULL, `payment_periods` = NULL WHERE `loan_loan`.`id` = 442;
INSERT INTO `loan_loan` (`id`, `created_at`, `updated_at`, `customer_id`, `type`, `amount`, `status`, `usage`, `payment_method`, `started_at`, `expired_at`, `payment_periods`) VALUES (442, '2022-01-03 20:09:14.906205', '2022-01-03 20:09:14.906205', 5729, 'car', 80000, 'Applying', '买车', 'equal_corpus', NULL, NULL, NULL);
UPDATE `loan_carloan` SET `created_at` = '2022-01-03 20:09:14.906205', `updated_at` = '2022-01-03 20:09:14.906205', `loan_id` = 442, `car_id` = 4608 WHERE `loan_carloan`.`id` = 442;
INSERT INTO `loan_carloan` (`id`, `created_at`, `updated_at`, `loan_id`, `car_id`) VALUES (442, '2022-01-03 20:09:14.906205', '2022-01-03 20:09:14.906205', 442, 4608);
UPDATE `loan_loan` SET `created_at` = '2022-01-03 20:09:14.906205', `updated_at` = '2022-01-03 20:09:14.906205', `customer_id` = 5729, `type` = 'car', `amount` = 80000, `status` = 'Overdue', `usage` = '买车', `payment_method` = 'equal_corpus', `started_at` = '2022-01-02', `expired_at` = '2023-07-01', `payment_periods` = 18 WHERE `loan_loan`.`id` = 442;UPDATE `loan_job` SET `created_at` = '2021-04-17 01:47:11.509677', `updated_at` = '2022-01-03 16:05:31.669365', `company_id` = 16, `position` = '其他实习/培训/储备职位' WHERE `loan_job`.`id` = 276;
UPDATE `loan_customer` SET `created_at` = '2018-09-23 00:38:09.362930', `updated_at` = '2022-01-03 04:55:14.688287', `name` = '江基', `id_number` = '516936876511579875', `gender` = 'f', `birthday` = '1989-02-19', `address_id` = 6201, `job_id` = 1263, `salary` = 66000 WHERE `loan_customer`.`id` = 3810;
UPDATE `loan_customer` SET `created_at` = '2017-10-18 08:32:27.175105', `updated_at` = '2022-01-03 06:55:04.927497', `name` = '乔天睿', `id_number` = '918760718601688436', `gender` = 'm', `birthday` = '1985-02-04', `address_id` = 8853, `job_id` = 1812, `salary` = 16000 WHERE `loan_customer`.`id` = 5489;
UPDATE `loan_customer` SET `created_at` = '2021-08-01 19:07:38.813393', `updated_at` = '2022-01-03 03:02:59.556499', `name` = '吴亭', `id_number` = '705872518318950176', `gender` = 'f', `birthday` = '1989-04-02', `address_id` = 5611, `job_id` = 1130, `salary` = 10000 WHERE `loan_customer`.`id` = 3431;
UPDATE `loan_customer` SET `created_at` = '2019-06-20 19:05:26.962577', `updated_at` = '2022-01-03 18:39:36.489659', `name` = '段初丹', `id_number` = '919763006690468438', `gender` = 'f', `birthday` = '1992-01-31', `address_id` = 4466, `job_id` = 880, `salary` = 73000 WHERE `loan_customer`.`id` = 2706;
UPDATE `loan_chattel` SET `created_at` = '2020-11-18 14:49:27.487632', `updated_at` = '2022-01-03 03:52:27.961809', `customer_id` = 2712, `type` = 'check', `description` = '一些信息', `value_amount` = 450000, `expired_at` = '2025-12-16' WHERE `loan_chattel`.`id` = 761;
UPDATE `loan_chattel` SET `created_at` = '2020-12-10 01:10:04.553741', `updated_at` = '2022-01-03 01:26:38.935932', `customer_id` = 4773, `type` = 'promissory_note', `description` = '一些信息', `value_amount` = 20000, `expired_at` = '2030-01-19' WHERE `loan_chattel`.`id` = 1404;
UPDATE `loan_chattel` SET `created_at` = '2021-07-30 04:14:43.480722', `updated_at` = '2022-01-03 02:11:34.614348', `customer_id` = 4124, `type` = 'promissory_note', `description` = '一些信息', `value_amount` = 20000, `expired_at` = '2027-01-23' WHERE `loan_chattel`.`id` = 1199;
UPDATE `loan_chattel` SET `created_at` = '2021-01-12 10:22:39.467972', `updated_at` = '2022-01-03 01:32:47.599570', `customer_id` = 3104, `type` = 'copyright', `description` = '一些信息', `value_amount` = 120000, `expired_at` = '2034-04-06' WHERE `loan_chattel`.`id` = 882;
UPDATE `loan_chattel` SET `created_at` = '2019-02-22 00:39:57.176684', `updated_at` = '2022-01-03 10:29:21.794741', `customer_id` = 3051, `type` = 'draft', `description` = '一些信息', `value_amount` = 330000, `expired_at` = '2025-07-25' WHERE `loan_chattel`.`id` = 860;
UPDATE `loan_car` SET `created_at` = '2021-02-14 10:36:27.346155', `updated_at` = '2022-01-03 15:21:45.539632', `customer_id` = 2346, `model_id` = 168, `vin_number` = '544898012498096294', `date_produced` = '2014-01-05', `value_estimated` = 490000 WHERE `loan_car`.`id` = 1855;
UPDATE `loan_car` SET `created_at` = '2021-10-25 22:42:07.994325', `updated_at` = '2022-01-03 18:33:54.734977', `customer_id` = 4481, `model_id` = 32, `vin_number` = '870500380700834067', `date_produced` = '2013-01-10', `value_estimated` = 260000 WHERE `loan_car`.`id` = 3621;
UPDATE `loan_car` SET `created_at` = '2020-09-23 17:48:35.324529', `updated_at` = '2022-01-03 22:13:45.433428', `customer_id` = 2923, `model_id` = 153, `vin_number` = '692708442834382177', `date_produced` = '2014-10-26', `value_estimated` = 310000 WHERE `loan_car`.`id` = 2337;
UPDATE `loan_car` SET `created_at` = '2021-12-15 06:19:37.030738', `updated_at` = '2022-01-03 22:27:37.867504', `customer_id` = 833, `model_id` = 48, `vin_number` = '774732550091699613', `date_produced` = '2020-03-22', `value_estimated` = 140000 WHERE `loan_car`.`id` = 640;
UPDATE `loan_car` SET `created_at` = '2021-11-16 09:13:49.962291', `updated_at` = '2022-01-03 13:29:26.435491', `customer_id` = 5360, `model_id` = 158, `vin_number` = '143049783076407503', `date_produced` = '2016-03-13', `value_estimated` = 320000 WHERE `loan_car`.`id` = 4317;
UPDATE `loan_car` SET `created_at` = '2021-11-21 13:52:15.310274', `updated_at` = '2022-01-03 11:49:38.191359', `customer_id` = 3572, `model_id` = 300, `vin_number` = '497539240667465420', `date_produced` = '2012-08-02', `value_estimated` = 230000 WHERE `loan_car`.`id` = 2867;
UPDATE `loan_car` SET `created_at` = '2021-02-10 08:05:53.344095', `updated_at` = '2022-01-03 08:19:41.346050', `customer_id` = 4488, `model_id` = 66, `vin_number` = '213319563222422536', `date_produced` = '2018-09-21', `value_estimated` = 150000 WHERE `loan_car`.`id` = 3626;
UPDATE `loan_car` SET `created_at` = '2021-02-01 00:13:45.562787', `updated_at` = '2022-01-03 02:21:35.090318', `customer_id` = 3243, `model_id` = 133, `vin_number` = '735465414938568640', `date_produced` = '2019-11-08', `value_estimated` = 460000 WHERE `loan_car`.`id` = 2591;
UPDATE `loan_car` SET `created_at` = '2021-12-04 14:47:45.996558', `updated_at` = '2022-01-03 03:57:04.526665', `customer_id` = 4762, `model_id` = 143, `vin_number` = '124673469700479057', `date_produced` = '2013-07-08', `value_estimated` = 590000 WHERE `loan_car`.`id` = 3847;
UPDATE `loan_car` SET `created_at` = '2020-03-31 01:58:11.318709', `updated_at` = '2022-01-03 08:05:45.708625', `customer_id` = 1798, `model_id` = 97, `vin_number` = '204603532178599305', `date_produced` = '2019-01-14', `value_estimated` = 60000 WHERE `loan_car`.`id` = 1414;
UPDATE `loan_car` SET `created_at` = '2020-10-12 17:56:25.529554', `updated_at` = '2022-01-03 21:31:32.515533', `customer_id` = 4882, `model_id` = 221, `vin_number` = '896102392187268752', `date_produced` = '2012-01-07', `value_estimated` = 230000 WHERE `loan_car`.`id` = 3935;
UPDATE `loan_car` SET `created_at` = '2021-10-28 11:12:28.066546', `updated_at` = '2022-01-03 09:42:00.172403', `customer_id` = 4784, `model_id` = 271, `vin_number` = '414550147585749403', `date_produced` = '2013-02-19', `value_estimated` = 50000 WHERE `loan_car`.`id` = 3863;
UPDATE `loan_car` SET `created_at` = '2020-06-19 03:28:31.629805', `updated_at` = '2022-01-03 22:49:52.885158', `customer_id` = 1167, `model_id` = 120, `vin_number` = '992985058611170482', `date_produced` = '2010-05-02', `value_estimated` = 190000 WHERE `loan_car`.`id` = 903;
UPDATE `loan_account` SET `created_at` = '2018-01-14 16:32:20.045179', `updated_at` = '2022-01-03 15:19:53.319028', `customer_id` = 2479, `number` = '516256789820738417', `balance` = 70897 WHERE `loan_account`.`id` = 2259;
UPDATE `loan_account` SET `created_at` = '2020-10-21 12:29:04.916768', `updated_at` = '2022-01-03 17:19:49.097629', `customer_id` = 4104, `number` = '921306035659341120', `balance` = 104954 WHERE `loan_account`.`id` = 3759;
UPDATE `loan_account` SET `created_at` = '2020-10-05 10:29:26.010680', `updated_at` = '2022-01-03 19:46:48.344225', `customer_id` = 2680, `number` = '350153512286184326', `balance` = 48927 WHERE `loan_account`.`id` = 2446;
UPDATE `loan_account` SET `created_at` = '2019-07-26 09:59:03.950241', `updated_at` = '2022-01-03 06:09:21.342311', `customer_id` = 4424, `number` = '866036043340724099', `balance` = 76487 WHERE `loan_account`.`id` = 4044;
UPDATE `loan_account` SET `created_at` = '2020-04-24 19:33:03.094388', `updated_at` = '2022-01-03 09:50:54.045716', `customer_id` = 4150, `number` = '549562833452424307', `balance` = 0 WHERE `loan_account`.`id` = 3799;
UPDATE `loan_account` SET `created_at` = '2018-12-03 12:26:03.224298', `updated_at` = '2022-01-03 14:50:55.588546', `customer_id` = 4209, `number` = '055004184605851878', `balance` = 83185 WHERE `loan_account`.`id` = 3847;
UPDATE `loan_account` SET `created_at` = '2020-04-30 12:22:33.071471', `updated_at` = '2022-01-03 00:55:47.888333', `customer_id` = 4840, `number` = '218999829161901295', `balance` = 28241 WHERE `loan_account`.`id` = 4431;
UPDATE `loan_account` SET `created_at` = '2021-04-12 16:11:26.131340', `updated_at` = '2022-01-03 04:14:11.277926', `customer_id` = 2357, `number` = '317395074669936901', `balance` = 93115 WHERE `loan_account`.`id` = 2148;
UPDATE `loan_account` SET `created_at` = '2021-10-17 06:06:26.071029', `updated_at` = '2022-01-03 01:14:58.034748', `customer_id` = 3228, `number` = '268719123677388133', `balance` = 37191 WHERE `loan_account`.`id` = 2962;
UPDATE `loan_account` SET `created_at` = '2021-11-23 07:03:20.201054', `updated_at` = '2022-01-03 15:36:43.360705', `customer_id` = 1249, `number` = '869256550665514449', `balance` = 80859 WHERE `loan_account`.`id` = 1133;
UPDATE `loan_account` SET `created_at` = '2019-05-07 13:16:07.320788', `updated_at` = '2022-01-03 07:15:45.340819', `customer_id` = 1387, `number` = '446869730265213184', `balance` = 35636 WHERE `loan_account`.`id` = 1263;
UPDATE `loan_carloan` SET `created_at` = '2018-09-28 11:34:59.051395', `updated_at` = '2022-01-03 02:19:27.499554', `loan_id` = 73, `car_id` = 2758 WHERE `loan_carloan`.`id` = 73;